2026-07-31 14:34:54 | ERROR    | Error 1100, reqId -1: Connectivity between IBKR and Trader Workstation has been lost.
2026-07-31 14:34:59 | ERROR    | Error 103, reqId 577: Duplicate order id
2026-07-31 14:34:59 | WARNING  | Canceled order: Trade(contract=Contract(secType='FUT', conId=649180671, symbol='ES', lastTradeDateOrContractMonth='20260918', multiplier='50', exchange='CME', currency='USD', localSymbol='ESU6', tradingClass='ES'), order=Order(orderId=577, clientId=10, permId=323184195, action='SELL', totalQuantity=10.0, orderType='STP LMT', lmtPrice=7509.25, auxPrice=7513.25, tif='GTC', ocaGroup='exit_576_1785520385', ocaType=1), orderStatus=OrderStatus(orderId=577, status='Cancelled', filled=0.0, remaining=10.0, avgFillPrice=0.0, permId=323184195, parentId=0, lastFillPrice=0.0, clientId=10, whyHeld='trigger', mktCapPrice=0.0), fills=[], log=[TradeLogEntry(time=datetime.datetime(2026, 7, 31, 17, 53, 5, 726494, tzinfo=datetime.timezone.utc), status='PendingSubmit', message='', errorCode=0), TradeLogEntry(time=datetime.datetime(2026, 7, 31, 17, 53, 5, 782026, tzinfo=datetime.timezone.utc), status='PreSubmitted', message='', errorCode=0), TradeLogEntry(time=datetime.datetime(2026, 7, 31, 18, 34, 59, 567332, tzinfo=datetime.timezone.utc), status='PreSubmitted', message='Modify', errorCode=0), TradeLogEntry(time=datetime.datetime(2026, 7, 31, 18, 34, 59, 579174, tzinfo=datetime.timezone.utc), status='Cancelled', message='Error 103, reqId 577: Duplicate order id', errorCode=103)], advancedError='')
2026-07-31 14:35:00 | ERROR    | Error handling fields: ['10', '573', 'ES', 'FUT', '20260918 08:30:00 US/Central', '0', '', 'CME', 'USD', 'ESU6', 'ES', 'ES', '649180671', '0.25', '50', 'ACTIVETIM,AD,ADJUST,ALERT,ALGO,ALLOC,AVGCOST,BASKET,BENCHPX,COND,CONDORDER,DAY,DEACT,DEACTDIS,DEACTEOD,GAT,GTC,GTD,GTT,HID,ICE,IOC,LIT,LMT,LTH,MIT,MKT,MTL,NGCOMB,NONALGO,OCA,PEGBENCH,SCALE,SCALERST,SNAPMID,SNAPMKT,SNAPREL,STP,STPLMT,TRAIL,TRAILLIT,TRAILLMT,TRAILMIT,WHATIF', 'CME,QBALGO', '1', '11004968', 'E-mini S&P 500', '', '202609', '', '', '', 'US/Central', '20260730:1700-20260731:1600;20260801:CLOSED;20260802:1700-20260803:1600;20260803:1700-20260804:1600;20260804:1700-20260805:1600;20260805:1700-20260806:1600', '20260731:0830-20260731:1600;20260801:CLOSED;20260802:CLOSED;20260803:0830-20260803:1600;20260804:0830-20260804:1600;20260805:0830-20260805:1600;20260805:1700-20260806:1600', '', '', '0', '2147483647', 'ES', 'IND', '67,67', '20260918', '', '1', '1', '1']
Traceback (most recent call last):
  File "C:\Python312\Lib\site-packages\ib_insync\decoder.py", line 198, in interpret
    handler(fields)
  File "C:\Python312\Lib\site-packages\ib_insync\decoder.py", line 336, in contractDetails
    self.wrapper.contractDetails(int(reqId), cd)
  File "C:\Python312\Lib\site-packages\ib_insync\wrapper.py", line 521, in contractDetails
    self._results[reqId].append(contractDetails)
    ~~~~~~~~~~~~~^^^^^^^
KeyError: 573
2026-07-31 14:35:00 | ERROR    | Error 1102, reqId -1: Connectivity between IBKR and Trader Workstation has been restored - data maintained. All data farms are connected: usfarm.nj; usfuture; usfarm; euhmds; fundfarm; ushmds; secdefnj.
2026-07-31 14:35:04 | ERROR    | Error 103, reqId 577: Duplicate order id
2026-07-31 14:35:04 | ERROR    | Error 103, reqId 577: Duplicate order id
2026-07-31 14:35:04 | ERROR    | Error 103, reqId 577: Duplicate order id
2026-07-31 14:35:04 | ERROR    | Error 103, reqId 577: Duplicate order id
2026-07-31 14:35:05 | ERROR    | Error 103, reqId 577: Duplicate order id
2026-07-31 14:35:05 | ERROR    | Error 103, reqId 577: Duplicate order id
2026-07-31 14:35:05 | ERROR    | Error 103, reqId 577: Duplicate order id
2026-07-31 14:35:05 | ERROR    | Error 103, reqId 577: Duplicate order id
2026-07-31 14:35:05 | ERROR    | Error 103, reqId 577: Duplicate order id
2026-07-31 14:35:05 | ERROR    | Error 103, reqId 577: Duplicate order id
2026-07-31 14:35:05 | ERROR    | Error 103, reqId 577: Duplicate order id
2026-07-31 14:35:05 | ERROR    | Error 103, reqId 577: Duplicate order id
2026-07-31 14:35:05 | ERROR    | Error 103, reqId 577: Duplicate order id
2026-07-31 14:35:05 | ERROR    | Error 103, reqId 577: Duplicate order id
2026-07-31 14:36:06 | ERROR    | Error 103, reqId 577: Duplicate order id
2026-07-31 14:37:05 | ERROR    | Error 103, reqId 577: Duplicate order id
2026-07-31 14:38:05 | ERROR    | Error 103, reqId 577: Duplicate order id
2026-07-31 14:39:05 | ERROR    | Error 103, reqId 577: Duplicate order id
2026-07-31 14:40:05 | ERROR    | Error 103, reqId 577: Duplicate order id
2026-07-31 14:41:05 | ERROR    | Error 103, reqId 577: Duplicate order id
2026-07-31 14:42:06 | ERROR    | Error 103, reqId 577: Duplicate order id
2026-07-31 14:43:05 | ERROR    | Error 103, reqId 577: Duplicate order id
2026-07-31 14:44:05 | ERROR    | Error 103, reqId 577: Duplicate order id
2026-07-31 14:45:05 | ERROR    | Error 103, reqId 577: Duplicate order id
2026-07-31 14:46:05 | ERROR    | Error 103, reqId 577: Duplicate order id
2026-07-31 14:47:05 | ERROR    | Error 103, reqId 577: Duplicate order id
2026-07-31 14:48:05 | ERROR    | Error 103, reqId 577: Duplicate order id
2026-07-31 14:49:05 | ERROR    | Error 103, reqId 577: Duplicate order id
2026-07-31 14:50:05 | ERROR    | Error 103, reqId 577: Duplicate order id
2026-07-31 14:51:05 | ERROR    | Error 103, reqId 577: Duplicate order id
2026-07-31 14:52:05 | ERROR    | Error 103, reqId 577: Duplicate order id
2026-07-31 14:53:06 | ERROR    | Error 103, reqId 577: Duplicate order id
2026-07-31 14:54:05 | ERROR    | Error 103, reqId 577: Duplicate order id
2026-07-31 14:55:05 | ERROR    | Error 103, reqId 577: Duplicate order id
2026-07-31 14:56:05 | ERROR    | Error 103, reqId 577: Duplicate order id
2026-07-31 14:57:05 | ERROR    | Error 103, reqId 577: Duplicate order id
2026-07-31 14:58:05 | ERROR    | Error 103, reqId 577: Duplicate order id
2026-07-31 14:59:05 | ERROR    | Error 103, reqId 577: Duplicate order id
2026-07-31 15:00:05 | ERROR    | Error 103, reqId 577: Duplicate order id
2026-07-31 15:01:05 | ERROR    | Error 103, reqId 577: Duplicate order id
2026-07-31 15:02:06 | ERROR    | Error 103, reqId 577: Duplicate order id
2026-07-31 15:03:05 | ERROR    | Error 103, reqId 577: Duplicate order id
2026-07-31 15:04:05 | ERROR    | Error 103, reqId 577: Duplicate order id
2026-07-31 15:05:05 | ERROR    | Error 103, reqId 577: Duplicate order id
2026-07-31 15:06:05 | ERROR    | Error 103, reqId 577: Duplicate order id
2026-07-31 15:07:05 | ERROR    | Error 103, reqId 577: Duplicate order id
2026-07-31 15:08:06 | ERROR    | Error 103, reqId 577: Duplicate order id
2026-07-31 15:09:05 | ERROR    | Error 103, reqId 577: Duplicate order id
2026-07-31 15:10:05 | ERROR    | Error 103, reqId 577: Duplicate order id
2026-07-31 15:11:05 | ERROR    | Error 103, reqId 577: Duplicate order id
2026-07-31 15:12:06 | ERROR    | Error 103, reqId 577: Duplicate order id
2026-07-31 15:13:05 | ERROR    | Error 103, reqId 577: Duplicate order id
2026-07-31 15:14:06 | ERROR    | Error 103, reqId 577: Duplicate order id
2026-07-31 15:15:06 | ERROR    | Error 103, reqId 577: Duplicate order id
2026-07-31 15:16:05 | ERROR    | Error 103, reqId 577: Duplicate order id
2026-07-31 15:17:05 | ERROR    | Error 103, reqId 577: Duplicate order id
2026-07-31 15:18:05 | ERROR    | Error 103, reqId 577: Duplicate order id
2026-07-31 15:19:05 | ERROR    | Error 103, reqId 577: Duplicate order id
2026-07-31 15:20:05 | ERROR    | Error 103, reqId 577: Duplicate order id
2026-07-31 15:21:05 | ERROR    | Error 103, reqId 577: Duplicate order id
2026-07-31 15:22:05 | ERROR    | Error 103, reqId 577: Duplicate order id
2026-07-31 15:23:05 | ERROR    | Error 103, reqId 577: Duplicate order id
2026-07-31 15:23:13 | ERROR    | Error 10147, reqId 578: OrderId 578 that needs to be cancelled is not found.
2026-07-31 15:23:13 | WARNING  | Canceled order: Trade(contract=Contract(secType='FUT', conId=649180671, symbol='ES', lastTradeDateOrContractMonth='20260918', multiplier='50', exchange='CME', currency='USD', localSymbol='ESU6', tradingClass='ES'), order=Order(orderId=578, clientId=10, permId=323184196, action='SELL', totalQuantity=10.0, orderType='LMT', lmtPrice=7516.0, auxPrice=0.0, tif='DAY', ocaGroup='exit_576_1785520385', ocaType=1), orderStatus=OrderStatus(orderId=578, status='Cancelled', filled=0.0, remaining=10.0, avgFillPrice=0.0, permId=323184196, parentId=0, lastFillPrice=0.0, clientId=10, whyHeld='', mktCapPrice=0.0), fills=[], log=[TradeLogEntry(time=datetime.datetime(2026, 7, 31, 17, 53, 5, 826124, tzinfo=datetime.timezone.utc), status='PendingSubmit', message='', errorCode=0), TradeLogEntry(time=datetime.datetime(2026, 7, 31, 17, 53, 5, 884399, tzinfo=datetime.timezone.utc), status='PreSubmitted', message='', errorCode=0), TradeLogEntry(time=datetime.datetime(2026, 7, 31, 17, 53, 6, 892043, tzinfo=datetime.timezone.utc), status='Submitted', message='', errorCode=0), TradeLogEntry(time=datetime.datetime(2026, 7, 31, 19, 23, 13, 11104, tzinfo=datetime.timezone.utc), status='PendingCancel', message='', errorCode=0), TradeLogEntry(time=datetime.datetime(2026, 7, 31, 19, 23, 13, 112099, tzinfo=datetime.timezone.utc), status='Cancelled', message='Error 10147, reqId 578: OrderId 578 that needs to be cancelled is not found.', errorCode=10147)], advancedError='')
: 0
  🕐 Outside session (08:12 CT) — no entries
  💰 Daily P&L: $+0.00

[2026-07-31 08:13] O:7489.25 H:7489.75 L:7488.00 C:7488.75 V:546.0
  📈 Trend: moderate_bullish (raw: strong_bullish) | 🌍 Regime: ranging
  🗺️  Grid: 0.080% | 🔺 7489.75 🔻 7488.50
  📡 RSI: 66.2 | MACD: 1.11 | ATR: 2.04
  📊 Filled: 0 | Pending: 0
  🕐 Outside session (08:13 CT) — no entries
  💰 Daily P&L: $+0.00

[2026-07-31 08:14] O:7488.50 H:7490.25 L:7488.00 C:7490.00 V:696.0
  📈 Trend: strong_bullish | 🌍 Regime: ranging
  🗺️  Grid: 0.080% | 🔺 7489.75 🔻 7488.00
  📡 RSI: 72.2 | MACD: 1.22 | ATR: 1.95
  📊 Filled: 0 | Pending: 0
  🕐 Outside session (08:14 CT) — no entries
  💰 Daily P&L: $+0.00

[2026-07-31 08:15] O:7490.00 H:7491.50 L:7490.00 C:7491.00 V:924.0
  📈 Trend: strong_bullish | 🌍 Regime: ranging
  🗺️  Grid: 0.080% | 🔺 7490.25 🔻 7488.00
  📡 RSI: 72.2 | MACD: 1.38 | ATR: 1.91
  📊 Filled: 0 | Pending: 0
  🕐 Outside session (08:15 CT) — no entries
  💰 Daily P&L: $+0.00

[2026-07-31 08:16] O:7490.75 H:7491.50 L:7490.50 C:7491.25 V:561.0
  📈 Trend: strong_bullish | 🌍 Regime: ranging
  🗺️  Grid: 0.080% | 🔺 7491.50 🔻 7490.00
  📡 RSI: 67.2 | MACD: 1.51 | ATR: 1.77
  📊 Filled: 0 | Pending: 0
  🕐 Outside session (08:16 CT) — no entries
  💰 Daily P&L: $+0.00

[2026-07-31 08:17] O:7491.25 H:7492.50 L:7490.00 C:7492.25 V:1240.0
  📈 Trend: strong_bullish | 🌍 Regime: ranging
  🗺️  Grid: 0.080% | 🔺 7491.50 🔻 7490.50
  📡 RSI: 68.3 | MACD: 1.67 | ATR: 1.86
  📊 Filled: 0 | Pending: 0
  🕐 Outside session (08:17 CT) — no entries
  💰 Daily P&L: $+0.00

[2026-07-31 08:18] O:7492.25 H:7492.25 L:7491.00 C:7491.50 V:585.0
  📈 Trend: strong_bullish | 🌍 Regime: ranging
  🗺️  Grid: 0.080% | 🔺 7492.50 🔻 7490.00
  📡 RSI: 68.3 | MACD: 1.72 | ATR: 1.86
  📊 Filled: 0 | Pending: 0
  🕐 Outside session (08:18 CT) — no entries
  💰 Daily P&L: $+0.00

[2026-07-31 08:19] O:7491.50 H:7492.75 L:7491.25 C:7492.25 V:816.0
  📈 Trend: strong_bullish | 🌍 Regime: ranging
  🗺️  Grid: 0.080% | 🔺 7492.25 🔻 7491.00
  📡 RSI: 68.3 | MACD: 1.80 | ATR: 1.82
  📊 Filled: 0 | Pending: 0
  🕐 Outside session (08:19 CT) — no entries
  💰 Daily P&L: $+0.00

[2026-07-31 08:20] O:7492.25 H:7493.00 L:7491.25 C:7492.00 V:692.0
  📈 Trend: strong_bullish | 🌍 Regime: trending_bullish
  🗺️  Grid: 0.080% | 🔺 7492.75 🔻 7491.25
  📡 RSI: 76.8 | MACD: 1.82 | ATR: 1.79
  📊 Filled: 0 | Pending: 0
  🕐 Outside session (08:20 CT) — no entries
  💰 Daily P&L: $+0.00

[2026-07-31 08:21] O:7491.50 H:7492.75 L:7491.25 C:7492.25 V:735.0
  📈 Trend: strong_bullish | 🌍 Regime: trending_bullish
  🗺️  Grid: 0.080% | 🔺 7493.00 🔻 7491.25
  📡 RSI: 74.5 | MACD: 1.83 | ATR: 1.79
  📊 Filled: 0 | Pending: 0
  🕐 Outside session (08:21 CT) — no entries
  💰 Daily P&L: $+0.00

[2026-07-31 08:22] O:7492.25 H:7494.50 L:7492.25 C:7494.25 V:1328.0
  📈 Trend: strong_bullish | 🌍 Regime: trending_bullish
  🗺️  Grid: 0.080% | 🔺 7492.75 🔻 7491.25
  📡 RSI: 77.2 | MACD: 1.98 | ATR: 1.88
  📊 Filled: 0 | Pending: 0
  🕐 Outside session (08:22 CT) — no entries
  💰 Daily P&L: $+0.00

[2026-07-31 08:23] O:7494.00 H:7495.00 L:7493.25 C:7494.50 V:1138.0
  📈 Trend: strong_bullish | 🌍 Regime: trending_bullish
  🗺️  Grid: 0.080% | 🔺 7494.50 🔻 7492.25
  📡 RSI: 75.0 | MACD: 2.10 | ATR: 1.86
  📊 Filled: 0 | Pending: 0
  🕐 Outside session (08:23 CT) — no entries
  💰 Daily P&L: $+0.00

[2026-07-31 08:24] O:7494.75 H:7495.00 L:7493.25 C:7494.75 V:824.0
  📈 Trend: strong_bullish | 🌍 Regime: trending_bullish
  🗺️  Grid: 0.080% | 🔺 7495.00 🔻 7493.25
  📡 RSI: 68.3 | MACD: 2.19 | ATR: 1.77
  📊 Filled: 0 | Pending: 0
  🕐 Outside session (08:24 CT) — no entries
  💰 Daily P&L: $+0.00

[2026-07-31 08:25] O:7495.00 H:7495.75 L:7493.75 C:7495.25 V:1616.0
  📈 Trend: strong_bullish | 🌍 Regime: trending_bullish
  🗺️  Grid: 0.080% | 🔺 7495.00 🔻 7493.25
  📡 RSI: 81.1 | MACD: 2.27 | ATR: 1.71
  📊 Filled: 0 | Pending: 0
  🕐 Outside session (08:25 CT) — no entries
  💰 Daily P&L: $+0.00

[2026-07-31 08:26] O:7495.00 H:7496.25 L:7494.75 C:7495.25 V:1017.0
  📈 Trend: strong_bullish | 🌍 Regime: trending_bullish
  🗺️  Grid: 0.080% | 🔺 7495.75 🔻 7493.75
  📡 RSI: 83.3 | MACD: 2.31 | ATR: 1.73
  📊 Filled: 0 | Pending: 0
  🕐 Outside session (08:26 CT) — no entries
  💰 Daily P&L: $+0.00

[2026-07-31 08:27] O:7495.25 H:7496.50 L:7493.00 C:7496.25 V:1488.0
  📈 Trend: strong_bullish | 🌍 Regime: trending_bullish
  🗺️  Grid: 0.080% | 🔺 7496.25 🔻 7494.75
  📡 RSI: 89.5 | MACD: 2.39 | ATR: 1.86
  📊 Filled: 0 | Pending: 0
  🕐 Outside session (08:27 CT) — no entries
  💰 Daily P&L: $+0.00

[2026-07-31 08:28] O:7496.00 H:7497.75 L:7495.75 C:7497.00 V:2459.0
  📈 Trend: strong_bullish | 🌍 Regime: trending_bullish
  🗺️  Grid: 0.080% | 🔺 7496.50 🔻 7493.00
  📡 RSI: 88.9 | MACD: 2.49 | ATR: 1.84
  📊 Filled: 0 | Pending: 0
  🕐 Outside session (08:28 CT) — no entries
  💰 Daily P&L: $+0.00

[2026-07-31 08:29] O:7496.75 H:7499.50 L:7494.50 C:7498.75 V:2731.0
  📈 Trend: strong_bullish | 🌍 Regime: trending_bullish
  🗺️  Grid: 0.080% | 🔺 7497.75 🔻 7495.75
  📡 RSI: 89.7 | MACD: 2.68 | ATR: 2.09
  📊 Filled: 0 | Pending: 0
  🕐 Outside session (08:29 CT) — no entries
  💰 Daily P&L: $+0.00

[2026-07-31 08:30] O:7498.75 H:7505.50 L:7497.75 C:7502.00 V:13535.0
  📈 Trend: strong_bullish | 🌍 Regime: trending_bullish
  🗺️  Grid: 0.080% | 🔺 7499.50 🔻 7494.50
  📡 RSI: 92.2 | MACD: 3.06 | ATR: 2.57
  📊 Filled: 0 | Pending: 0
  🕐 Outside session (08:30 CT) — no entries
  💰 Daily P&L: $+0.00

[2026-07-31 08:31] O:7502.00 H:7507.75 L:7500.00 C:7506.75 V:7767.0
  📈 Trend: strong_bullish | 🌍 Regime: trending_bullish
  🗺️  Grid: 0.080% | 🔺 7505.50 🔻 7497.75
  📡 RSI: 93.9 | MACD: 3.69 | ATR: 2.95
  📊 Filled: 0 | Pending: 0
  🕐 Outside session (08:31 CT) — no entries
  💰 Daily P&L: $+0.00

[2026-07-31 08:32] O:7506.75 H:7511.25 L:7506.25 C:7510.75 V:6073.0
  📈 Trend: strong_bullish | 🌍 Regime: trending_bullish
  🗺️  Grid: 0.080% | 🔺 7507.75 🔻 7500.00
  📡 RSI: 98.7 | MACD: 4.47 | ATR: 3.21
  📊 Filled: 0 | Pending: 0
  🕐 Outside session (08:32 CT) — no entries
  💰 Daily P&L: $+0.00

[2026-07-31 08:33] O:7510.50 H:7513.50 L:7509.00 C:7510.00 V:6552.0
  📈 Trend: strong_bullish | 🌍 Regime: trending_bullish
  🗺️  Grid: 0.080% | 🔺 7511.25 🔻 7506.25
  📡 RSI: 94.9 | MACD: 4.97 | ATR: 3.43
  📊 Filled: 0 | Pending: 0
  🕐 Outside session (08:33 CT) — no entries
  💰 Daily P&L: $+0.00

[2026-07-31 08:34] O:7509.75 H:7515.50 L:7509.50 C:7512.00 V:6115.0
  📈 Trend: strong_bullish | 🌍 Regime: trending_bullish
  🗺️  Grid: 0.080% | 🔺 7513.50 🔻 7509.00
  📡 RSI: 96.5 | MACD: 5.46 | ATR: 3.73
  📊 Filled: 0 | Pending: 0
  🕐 Outside session (08:34 CT) — no entries
  💰 Daily P&L: $+0.00

[2026-07-31 08:35] O:7512.00 H:7514.50 L:7510.25 C:7512.50 V:5984.0
  📈 Trend: strong_bullish | 🌍 Regime: trending_bullish
  🗺️  Grid: 0.080% | 🔺 7515.50 🔻 7509.50
  📡 RSI: 96.6 | MACD: 5.83 | ATR: 3.93
  📊 Filled: 0 | Pending: 0
  🕐 Outside session (08:35 CT) — no entries
  💰 Daily P&L: $+0.00

[2026-07-31 08:36] O:7512.50 H:7514.75 L:7509.25 C:7512.00 V:5473.0
  📈 Trend: strong_bullish | 🌍 Regime: trending_bullish
  🗺️  Grid: 0.080% | 🔺 7514.50 🔻 7510.25
  📡 RSI: 93.8 | MACD: 6.01 | ATR: 4.16
  📊 Filled: 0 | Pending: 0
  🕐 Outside session (08:36 CT) — no entries
  💰 Daily P&L: $+0.00

[2026-07-31 08:37] O:7511.75 H:7512.50 L:7506.00 C:7508.50 V:5819.0
  📈 Trend: strong_bullish | 🌍 Regime: trending_bullish
  🗺️  Grid: 0.080% | 🔺 7514.75 🔻 7509.25
  📡 RSI: 79.8 | MACD: 5.80 | ATR: 4.50
  📊 Filled: 0 | Pending: 0
  🕐 Outside session (08:37 CT) — no entries
  💰 Daily P&L: $+0.00

[2026-07-31 08:38] O:7508.50 H:7509.25 L:7500.75 C:7504.00 V:5915.0
  📈 Trend: strong_bullish | 🌍 Regime: trending_bullish
  🗺️  Grid: 0.080% | 🔺 7512.50 🔻 7506.00
  📡 RSI: 66.7 | MACD: 5.21 | ATR: 4.98
  📊 Filled: 0 | Pending: 0
  🕐 Outside session (08:38 CT) — no entries
  💰 Daily P&L: $+0.00

[2026-07-31 08:39] O:7504.00 H:7504.50 L:7493.00 C:7493.00 V:7355.0
  📈 Trend: strong_bullish (raw: moderate_bullish) | 🌍 Regime: trending_bullish
  🗺️  Grid: 0.091% | 🔺 7509.25 🔻 7500.75
  📡 RSI: 47.1 | MACD: 3.81 | ATR: 5.66
  📊 Filled: 0 | Pending: 0
  🕐 Outside session (08:39 CT) — no entries
  💰 Daily P&L: $+0.00

[2026-07-31 08:40] O:7493.25 H:7494.00 L:7486.75 C:7488.00 V:7972.0
  📈 Trend: strong_bullish (raw: moderate_bearish) | 🌍 Regime: trending_bearish
  🗺️  Grid: 0.097% | 🔺 7504.50 🔻 7493.00
  📡 RSI: 41.6 | MACD: 2.28 | ATR: 6.07
  📊 Filled: 0 | Pending: 0
  🕐 Outside session (08:40 CT) — no entries
  💰 Daily P&L: $+0.00

[2026-07-31 08:41] O:7487.75 H:7493.50 L:7487.00 C:7488.75 V:5086.0
  📈 Trend: moderate_bearish | 🌍 Regime: trending_bearish
  🗺️  Grid: 0.101% | 🔺 7494.00 🔻 7486.75
  📡 RSI: 41.3 | MACD: 1.11 | ATR: 6.29
  📊 Filled: 0 | Pending: 0
  🕐 Outside session (08:41 CT) — no entries
  💰 Daily P&L: $+0.00

[2026-07-31 08:42] O:7489.00 H:7489.50 L:7482.75 C:7485.25 V:5231.0
  📈 Trend: moderate_bearish (raw: strong_bearish) | 🌍 Regime: trending_bearish
  🗺️  Grid: 0.106% | 🔺 7493.50 🔻 7487.00
  📡 RSI: 37.2 | MACD: -0.10 | ATR: 6.62
  📊 Filled: 0 | Pending: 0
  🕐 Outside session (08:42 CT) — no entries
  💰 Daily P&L: $+0.00

[2026-07-31 08:43] O:7485.25 H:7488.00 L:7479.75 C:7487.00 V:6490.0
  📈 Trend: strong_bearish | 🌍 Regime: trending_bearish
  🗺️  Grid: 0.110% | 🔺 7489.50 🔻 7482.75
  📡 RSI: 37.2 | MACD: -0.91 | ATR: 6.86
  📊 Filled: 0 | Pending: 0
  🕐 Outside session (08:43 CT) — no entries
  💰 Daily P&L: $+0.00

[2026-07-31 08:44] O:7487.25 H:7489.50 L:7482.25 C:7482.75 V:5962.0
  📈 Trend: strong_bearish | 🌍 Regime: trending_bearish
  🗺️  Grid: 0.109% | 🔺 7488.00 🔻 7479.75
  📡 RSI: 29.4 | MACD: -1.87 | ATR: 6.82
  📊 Filled: 0 | Pending: 0
  🕐 Outside session (08:44 CT) — no entries
  💰 Daily P&L: $+0.00

[2026-07-31 08:45] O:7483.00 H:7487.75 L:7478.00 C:7481.25 V:8335.0
  📈 Trend: strong_bearish | 🌍 Regime: trending_bearish
  🗺️  Grid: 0.112% | 🔺 7489.50 🔻 7482.25
  📡 RSI: 20.7 | MACD: -2.72 | ATR: 6.96
  📊 Filled: 0 | Pending: 0
  💰 Daily P&L: $+0.00

[2026-07-31 08:46] O:7481.25 H:7481.75 L:7477.25 C:7480.25 V:7587.0
  📈 Trend: strong_bearish | 🌍 Regime: trending_bearish
  🗺️  Grid: 0.111% | 🔺 7487.75 🔻 7478.00
  📡 RSI: 12.3 | MACD: -3.43 | ATR: 6.93
  📊 Filled: 0 | Pending: 0
  💰 Daily P&L: $+0.00

[2026-07-31 08:47] O:7480.25 H:7482.50 L:7477.00 C:7478.00 V:6973.0
  📈 Trend: strong_bearish | 🌍 Regime: trending_bearish
  🗺️  Grid: 0.112% | 🔺 7481.75 🔻 7477.25
  📡 RSI: 11.9 | MACD: -4.14 | ATR: 7.00
  📊 Filled: 0 | Pending: 0
  💰 Daily P&L: $+0.00

[2026-07-31 08:48] O:7478.00 H:7479.00 L:7473.00 C:7476.50 V:7298.0
  📈 Trend: strong_bearish | 🌍 Regime: trending_bearish
  🗺️  Grid: 0.112% | 🔺 7482.50 🔻 7477.00
  📡 RSI: 7.2 | MACD: -4.76 | ATR: 7.00
  📊 Filled: 0 | Pending: 0
  💰 Daily P&L: $+0.00

[2026-07-31 08:49] O:7476.50 H:7477.75 L:7471.50 C:7474.25 V:8487.0
  📈 Trend: strong_bearish | 🌍 Regime: trending_bearish
  🗺️  Grid: 0.115% | 🔺 7479.00 🔻 7473.00
  📡 RSI: 5.8 | MACD: -5.37 | ATR: 7.14
  📊 Filled: 0 | Pending: 0
  💰 Daily P&L: $+0.00

[2026-07-31 08:50] O:7474.25 H:7476.00 L:7470.00 C:7471.75 V:10013.0
  📈 Trend: strong_bearish | 🌍 Regime: trending_bearish
  🗺️  Grid: 0.115% | 🔺 7477.75 🔻 7471.50
  📡 RSI: 5.5 | MACD: -5.99 | ATR: 7.18
  📊 Filled: 0 | Pending: 0
  💰 Daily P&L: $+0.00

[2026-07-31 08:51] O:7471.75 H:7478.00 L:7470.75 C:7477.50 V:8090.0
  📈 Trend: strong_bearish | 🌍 Regime: trending_bearish
  🗺️  Grid: 0.116% | 🔺 7476.00 🔻 7470.00
  📡 RSI: 17.4 | MACD: -5.94 | ATR: 7.23
  📊 Filled: 0 | Pending: 0
  💰 Daily P&L: $+0.00

[2026-07-31 08:52] O:7477.50 H:7478.25 L:7469.50 C:7471.50 V:8240.0
  📈 Trend: strong_bearish | 🌍 Regime: trending_bearish
  🗺️  Grid: 0.116% | 🔺 7478.00 🔻 7470.75
  📡 RSI: 16.8 | MACD: -6.32 | ATR: 7.25
  📊 Filled: 0 | Pending: 0
  💰 Daily P&L: $+0.00

[2026-07-31 08:53] O:7471.50 H:7473.50 L:7466.75 C:7471.00 V:9112.0
  📈 Trend: strong_bearish | 🌍 Regime: trending_bearish
  🗺️  Grid: 0.111% | 🔺 7478.25 🔻 7469.50
  📡 RSI: 21.4 | MACD: -6.59 | ATR: 6.91
  📊 Filled: 0 | Pending: 0
  💰 Daily P&L: $+0.00

[2026-07-31 08:54] O:7471.25 H:7472.25 L:7468.00 C:7471.50 V:6777.0
  📈 Trend: strong_bearish | 🌍 Regime: trending_bearish
  🗺️  Grid: 0.108% | 🔺 7473.50 🔻 7466.75
  📡 RSI: 25.7 | MACD: -6.68 | ATR: 6.70
  📊 Filled: 0 | Pending: 0
  💰 Daily P&L: $+0.00

[2026-07-31 08:55] O:7471.50 H:7475.00 L:7468.25 C:7474.00 V:7850.0
  📈 Trend: strong_bearish | 🌍 Regime: trending_bearish
  🗺️  Grid: 0.108% | 🔺 7472.25 🔻 7468.00
  📡 RSI: 29.4 | MACD: -6.47 | ATR: 6.71
  📊 Filled: 0 | Pending: 0
  💰 Daily P&L: $+0.00

[2026-07-31 08:56] O:7474.00 H:7479.75 L:7471.00 C:7479.50 V:8405.0
  📈 Trend: strong_bearish | 🌍 Regime: trending_bearish
  🗺️  Grid: 0.110% | 🔺 7475.00 🔻 7468.25
  📡 RSI: 42.4 | MACD: -5.80 | ATR: 6.86
  📊 Filled: 0 | Pending: 0
  💰 Daily P&L: $+0.00

[2026-07-31 08:57] O:7479.50 H:7479.75 L:7474.00 C:7474.75 V:6490.0
  📈 Trend: strong_bearish | 🌍 Regime: trending_bearish
  🗺️  Grid: 0.107% | 🔺 7479.75 🔻 7471.00
  📡 RSI: 35.0 | MACD: -5.59 | ATR: 6.68
  📊 Filled: 0 | Pending: 0
  💰 Daily P&L: $+0.00

[2026-07-31 08:58] O:7474.75 H:7476.00 L:7469.75 C:7470.25 V:3840.0
  📈 Trend: strong_bearish | 🌍 Regime: trending_bearish
  🗺️  Grid: 0.106% | 🔺 7479.75 🔻 7474.00
  📡 RSI: 34.8 | MACD: -5.71 | ATR: 6.61
  📊 Filled: 0 | Pending: 0
  💰 Daily P&L: $+0.00

[2026-07-31 08:59] O:7470.25 H:7473.50 L:7470.00 C:7470.75 V:2392.0
  📈 Trend: strong_bearish | 🌍 Regime: trending_bearish
  🗺️  Grid: 0.099% | 🔺 7476.00 🔻 7469.75
  📡 RSI: 36.9 | MACD: -5.71 | ATR: 6.16
  📊 Filled: 0 | Pending: 0
  💰 Daily P&L: $+0.00

[2026-07-31 09:00] O:7470.50 H:7475.25 L:7466.25 C:7469.50 V:5327.0
  📈 Trend: strong_bearish | 🌍 Regime: trending_bearish
  🗺️  Grid: 0.104% | 🔺 7473.50 🔻 7470.00
  📡 RSI: 36.6 | MACD: -5.74 | ATR: 6.48
  📊 Filled: 0 | Pending: 0
  💰 Daily P&L: $+0.00

[2026-07-31 09:01] O:7469.75 H:7470.50 L:7462.00 C:7466.50 V:6739.0
  📈 Trend: strong_bearish | 🌍 Regime: trending_bearish
  🗺️  Grid: 0.108% | 🔺 7475.25 🔻 7466.25
  📡 RSI: 36.0 | MACD: -5.94 | ATR: 6.70
  📊 Filled: 0 | Pending: 0
  💰 Daily P&L: $+0.00

[2026-07-31 09:02] O:7466.50 H:7467.25 L:7459.25 C:7462.00 V:7160.0
  📈 Trend: strong_bearish | 🌍 Regime: trending_bearish
  🗺️  Grid: 0.110% | 🔺 7470.50 🔻 7462.00
  📡 RSI: 33.5 | MACD: -6.39 | ATR: 6.84
  📊 Filled: 0 | Pending: 0
  💰 Daily P&L: $+0.00

[2026-07-31 09:03] O:7461.75 H:7462.75 L:7457.75 C:7460.75 V:7037.0
  📈 Trend: strong_bearish | 🌍 Regime: trending_bearish
  🗺️  Grid: 0.109% | 🔺 7467.25 🔻 7459.25
  📡 RSI: 34.3 | MACD: -6.76 | ATR: 6.75
  📊 Filled: 0 | Pending: 0
  💰 Daily P&L: $+0.00

[2026-07-31 09:04] O:7460.75 H:7461.00 L:7454.00 C:7454.25 V:6716.0
  📈 Trend: strong_bearish | 🌍 Regime: trending_bearish
  🗺️  Grid: 0.110% | 🔺 7462.75 🔻 7457.75
  📡 RSI: 31.4 | MACD: -7.50 | ATR: 6.82
  📊 Filled: 0 | Pending: 0
  💰 Daily P&L: $+0.00

[2026-07-31 09:05] O:7454.50 H:7457.25 L:7452.50 C:7456.50 V:7548.0
  📈 Trend: strong_bearish | 🌍 Regime: trending_bearish
  🗺️  Grid: 0.107% | 🔺 7461.00 🔻 7454.00
  📡 RSI: 25.9 | MACD: -7.81 | ATR: 6.64
  📊 Filled: 0 | Pending: 0
  💰 Daily P&L: $+0.00

[2026-07-31 09:06] O:7456.50 H:7459.00 L:7449.75 C:7450.00 V:7686.0
  📈 Trend: strong_bearish | 🌍 Regime: trending_bearish
  🗺️  Grid: 0.108% | 🔺 7457.25 🔻 7452.50
  📡 RSI: 25.6 | MACD: -8.48 | ATR: 6.68
  📊 Filled: 0 | Pending: 0
  💰 Daily P&L: $+0.00

[2026-07-31 09:07] O:7450.25 H:7450.50 L:7441.25 C:7445.25 V:8208.0
  📈 Trend: strong_bearish | 🌍 Regime: trending_bearish
  🗺️  Grid: 0.111% | 🔺 7459.00 🔻 7449.75
  📡 RSI: 23.3 | MACD: -9.30 | ATR: 6.86
  📊 Filled: 0 | Pending: 0
  💰 Daily P&L: $+0.00

[2026-07-31 09:08] O:7445.25 H:7445.75 L:7435.25 C:7440.00 V:14116.0
  📈 Trend: strong_bearish | 🌍 Regime: trending_bearish
  🗺️  Grid: 0.118% | 🔺 7450.50 🔻 7441.25
  📡 RSI: 20.3 | MACD: -10.24 | ATR: 7.30
  📊 Filled: 0 | Pending: 0
  💰 Daily P&L: $+0.00

[2026-07-31 09:09] O:7440.00 H:7443.25 L:7435.50 C:7442.75 V:11434.0
  📈 Trend: strong_bearish | 🌍 Regime: trending_bearish
  🗺️  Grid: 0.119% | 🔺 7445.75 🔻 7435.25
  📡 RSI: 20.7 | MACD: -10.65 | ATR: 7.38
  📊 Filled: 0 | Pending: 0
  💰 Daily P&L: $+0.00

[2026-07-31 09:10] O:7442.50 H:7445.25 L:7433.75 C:7435.75 V:11779.0
  📈 Trend: strong_bearish | 🌍 Regime: trending_bearish
  🗺️  Grid: 0.122% | 🔺 7443.25 🔻 7435.50
  📡 RSI: 10.0 | MACD: -11.40 | ATR: 7.57
  📊 Filled: 0 | Pending: 0
  💰 Daily P&L: $+0.00

[2026-07-31 09:11] O:7435.75 H:7440.50 L:7435.25 C:7440.25 V:7732.0
  📈 Trend: strong_bearish | 🌍 Regime: trending_bearish
  🗺️  Grid: 0.122% | 🔺 7445.25 🔻 7433.75
  📡 RSI: 18.3 | MACD: -11.51 | ATR: 7.54
  📊 Filled: 0 | Pending: 0
  💰 Daily P&L: $+0.00

[2026-07-31 09:12] O:7440.50 H:7443.00 L:7434.00 C:7434.50 V:9172.0
  📈 Trend: strong_bearish | 🌍 Regime: trending_bearish
  🗺️  Grid: 0.125% | 🔺 7440.50 🔻 7435.25
  📡 RSI: 17.9 | MACD: -11.92 | ATR: 7.73
  📊 Filled: 0 | Pending: 0
  💰 Daily P&L: $+0.00

[2026-07-31 09:13] O:7434.25 H:7436.50 L:7431.25 C:7433.25 V:7150.0
  📈 Trend: strong_bearish | 🌍 Regime: trending_bearish
  🗺️  Grid: 0.127% | 🔺 7443.00 🔻 7434.00
  📡 RSI: 16.8 | MACD: -12.20 | ATR: 7.86
  📊 Filled: 0 | Pending: 0
  💰 Daily P&L: $+0.00

[2026-07-31 09:14] O:7433.25 H:7437.50 L:7430.50 C:7435.75 V:8384.0
  📈 Trend: strong_bearish | 🌍 Regime: trending_bearish
  🗺️  Grid: 0.124% | 🔺 7436.50 🔻 7431.25
  📡 RSI: 20.8 | MACD: -12.08 | ATR: 7.71
  📊 Filled: 0 | Pending: 0
  💰 Daily P&L: $+0.00

[2026-07-31 09:15] O:7435.50 H:7440.25 L:7431.50 C:7434.00 V:11555.0
  📈 Trend: strong_bearish | 🌍 Regime: trending_bearish
  🗺️  Grid: 0.125% | 🔺 7437.50 🔻 7430.50
  📡 RSI: 21.2 | MACD: -11.99 | ATR: 7.73
  📊 Filled: 0 | Pending: 0
  💰 Daily P&L: $+0.00

[2026-07-31 09:16] O:7434.25 H:7434.25 L:7427.50 C:7432.00 V:10289.0
  📈 Trend: strong_bearish | 🌍 Regime: trending_bearish
  🗺️  Grid: 0.123% | 🔺 7440.25 🔻 7431.50
  📡 RSI: 22.2 | MACD: -11.95 | ATR: 7.64
  📊 Filled: 0 | Pending: 0
  💰 Daily P&L: $+0.00

[2026-07-31 09:17] O:7432.25 H:7440.75 L:7432.25 C:7436.25 V:8953.0
  📈 Trend: strong_bearish | 🌍 Regime: trending_bearish
  🗺️  Grid: 0.128% | 🔺 7434.25 🔻 7427.50
  📡 RSI: 28.5 | MACD: -11.44 | ATR: 7.91
  📊 Filled: 0 | Pending: 0
  💰 Daily P&L: $+0.00

[2026-07-31 09:18] O:7436.50 H:7445.00 L:7436.00 C:7444.75 V:7951.0
  📈 Trend: strong_bearish | 🌍 Regime: trending_bearish
  🗺️  Grid: 0.130% | 🔺 7440.75 🔻 7432.25
  📡 RSI: 41.9 | MACD: -10.23 | ATR: 8.05
  📊 Filled: 0 | Pending: 0
  💰 Daily P&L: $+0.00

[2026-07-31 09:19] O:7444.50 H:7446.00 L:7436.25 C:7436.75 V:9310.0
  📈 Trend: strong_bearish | 🌍 Regime: trending_bearish
  🗺️  Grid: 0.136% | 🔺 7445.00 🔻 7436.00
  📡 RSI: 34.7 | MACD: -9.80 | ATR: 8.41
  📊 Filled: 0 | Pending: 0
  💰 Daily P&L: $+0.00

[2026-07-31 09:20] O:7436.50 H:7445.75 L:7434.50 C:7443.50 V:6849.0
  📈 Trend: strong_bearish | 🌍 Regime: trending_bearish
  🗺️  Grid: 0.138% | 🔺 7446.00 🔻 7436.25
  📡 RSI: 45.0 | MACD: -8.82 | ATR: 8.55
  📊 Filled: 0 | Pending: 0
  💰 Daily P&L: $+0.00

[2026-07-31 09:21] O:7443.25 H:7445.00 L:7438.75 C:7444.00 V:6617.0
  📈 Trend: strong_bearish | 🌍 Regime: trending_bearish
  🗺️  Grid: 0.134% | 🔺 7445.75 🔻 7434.50
  📡 RSI: 49.0 | MACD: -7.91 | ATR: 8.34
  📊 Filled: 0 | Pending: 0
  💰 Daily P&L: $+0.00

[2026-07-31 09:22] O:7443.75 H:7451.25 L:7443.50 C:7450.75 V:6411.0
  📈 Trend: strong_bearish | 🌍 Regime: trending_bearish
  🗺️  Grid: 0.131% | 🔺 7445.00 🔻 7438.75
  📡 RSI: 58.6 | MACD: -6.56 | ATR: 8.14
  📊 Filled: 0 | Pending: 0
  💰 Daily P&L: $+0.00

[2026-07-31 09:23] O:7450.50 H:7452.00 L:7447.00 C:7450.25 V:6335.0
  📈 Trend: strong_bearish | 🌍 Regime: trending_bearish
  🗺️  Grid: 0.128% | 🔺 7451.25 🔻 7443.50
  📡 RSI: 56.2 | MACD: -5.48 | ATR: 7.95
  📊 Filled: 0 | Pending: 0
  💰 Daily P&L: $+0.00

[2026-07-31 09:24] O:7450.25 H:7450.25 L:7440.25 C:7446.00 V:6500.0
  📈 Trend: strong_bearish | 🌍 Regime: trending_bearish
  🗺️  Grid: 0.126% | 🔺 7452.00 🔻 7447.00
  📡 RSI: 59.0 | MACD: -4.90 | ATR: 7.84
  📊 Filled: 0 | Pending: 0
  💰 Daily P&L: $+0.00

[2026-07-31 09:25] O:7446.00 H:7450.25 L:7444.50 C:7447.75 V:5337.0
  📈 Trend: strong_bearish | 🌍 Regime: trending_bearish
  🗺️  Grid: 0.127% | 🔺 7450.25 🔻 7440.25
  📡 RSI: 56.9 | MACD: -4.26 | ATR: 7.88
  📊 Filled: 0 | Pending: 0
  💰 Daily P&L: $+0.00

[2026-07-31 09:26] O:7447.75 H:7450.00 L:7445.50 C:7448.50 V:4808.0
  📈 Trend: strong_bearish (raw: moderate_bearish) | 🌍 Regime: trending_bearish
  🗺️  Grid: 0.122% | 🔺 7450.25 🔻 7444.50
  📡 RSI: 64.1 | MACD: -3.64 | ATR: 7.55
  📊 Filled: 0 | Pending: 0
  💰 Daily P&L: $+0.00

[2026-07-31 09:27] O:7448.75 H:7452.75 L:7443.50 C:7452.50 V:4332.0
  📈 Trend: moderate_bearish | 🌍 Regime: trending_bearish
  🗺️  Grid: 0.126% | 🔺 7450.00 🔻 7445.50
  📡 RSI: 68.4 | MACD: -2.80 | ATR: 7.84
  📊 Filled: 0 | Pending: 0
  💰 Daily P&L: $+0.00

[2026-07-31 09:28] O:7452.50 H:7456.25 L:7450.75 C:7455.75 V:5524.0
  📈 Trend: moderate_bearish | 🌍 Regime: trending_bearish
  🗺️  Grid: 0.124% | 🔺 7452.75 🔻 7443.50
  📡 RSI: 68.9 | MACD: -1.85 | ATR: 7.73
  📊 Filled: 0 | Pending: 0
  💰 Daily P&L: $+0.00

[2026-07-31 09:29] O:7455.75 H:7456.50 L:7451.25 C:7456.00 V:4249.0
  📈 Trend: moderate_bearish | 🌍 Regime: trending_bearish
  🗺️  Grid: 0.120% | 🔺 7456.25 🔻 7450.75
  📡 RSI: 71.4 | MACD: -1.06 | ATR: 7.48
  📊 Filled: 0 | Pending: 0
  💰 Daily P&L: $+0.00

[2026-07-31 09:30] O:7456.00 H:7457.50 L:7452.00 C:7454.50 V:4284.0
  📈 Trend: moderate_bearish | 🌍 Regime: trending_bearish
  🗺️  Grid: 0.119% | 🔺 7456.50 🔻 7451.25
  📡 RSI: 72.1 | MACD: -0.55 | ATR: 7.39
  📊 Filled: 0 | Pending: 0
  💰 Daily P&L: $+0.00

[2026-07-31 09:31] O:7454.50 H:7460.25 L:7454.25 C:7458.25 V:4661.0
  📈 Trend: moderate_bearish (raw: moderate_bullish) | 🌍 Regime: trending_bullish
  🗺️  Grid: 0.116% | 🔺 7457.50 🔻 7452.00
  📡 RSI: 71.8 | MACD: 0.15 | ATR: 7.20
  📊 Filled: 0 | Pending: 0
  💰 Daily P&L: $+0.00

[2026-07-31 09:32] O:7458.25 H:7459.75 L:7454.50 C:7459.75 V:3786.0
  📈 Trend: moderate_bullish | 🌍 Regime: trending_bullish
  🗺️  Grid: 0.111% | 🔺 7460.25 🔻 7454.25
  📡 RSI: 67.2 | MACD: 0.82 | ATR: 6.93
  📊 Filled: 0 | Pending: 0
  💰 Daily P&L: $+0.00

[2026-07-31 09:33] O:7459.75 H:7462.00 L:7456.50 C:7456.75 V:4251.0
  📈 Trend: moderate_bullish | 🌍 Regime: trending_bullish
  🗺️  Grid: 0.107% | 🔺 7459.75 🔻 7454.50
  📡 RSI: 76.0 | MACD: 1.09 | ATR: 6.62
  📊 Filled: 0 | Pending: 0
  💰 Daily P&L: $+0.00

[2026-07-31 09:34] O:7456.75 H:7458.50 L:7455.00 C:7456.00 V:4671.0
  📈 Trend: moderate_bullish | 🌍 Regime: trending_bullish
  🗺️  Grid: 0.098% | 🔺 7462.00 🔻 7456.50
  📡 RSI: 69.2 | MACD: 1.24 | ATR: 6.07
  📊 Filled: 0 | Pending: 0
  💰 Daily P&L: $+0.00

[2026-07-31 09:35] O:7456.00 H:7463.25 L:7455.75 C:7463.00 V:4444.0
  📈 Trend: moderate_bullish | 🌍 Regime: trending_bullish
  🗺️  Grid: 0.099% | 🔺 7458.50 🔻 7455.00
  📡 RSI: 74.4 | MACD: 1.89 | ATR: 6.16
  📊 Filled: 0 | Pending: 0
  💰 Daily P&L: $+0.00

[2026-07-31 09:36] O:7463.00 H:7464.00 L:7460.50 C:7463.00 V:3510.0
  📈 Trend: moderate_bullish | 🌍 Regime: trending_bullish
  🗺️  Grid: 0.094% | 🔺 7463.25 🔻 7455.75
  📡 RSI: 69.0 | MACD: 2.39 | ATR: 5.86
  📊 Filled: 0 | Pending: 0
  💰 Daily P&L: $+0.00

[2026-07-31 09:37] O:7463.00 H:7465.50 L:7461.25 C:7463.50 V:5146.0
  📈 Trend: moderate_bullish | 🌍 Regime: trending_bullish
  🗺️  Grid: 0.093% | 🔺 7464.00 🔻 7460.50
  📡 RSI: 70.5 | MACD: 2.79 | ATR: 5.80
  📊 Filled: 0 | Pending: 0
  💰 Daily P&L: $+0.00

[2026-07-31 09:38] O:7463.50 H:7465.00 L:7461.50 C:7462.00 V:3145.0
  📈 Trend: moderate_bullish | 🌍 Regime: trending_bullish
  🗺️  Grid: 0.086% | 🔺 7465.50 🔻 7461.25
  📡 RSI: 77.1 | MACD: 2.95 | ATR: 5.34
  📊 Filled: 0 | Pending: 0
  💰 Daily P&L: $+0.00

[2026-07-31 09:39] O:7462.00 H:7465.25 L:7461.50 C:7463.75 V:2478.0
  📈 Trend: moderate_bullish | 🌍 Regime: trending_bullish
  🗺️  Grid: 0.084% | 🔺 7465.00 🔻 7461.50
  📡 RSI: 77.1 | MACD: 3.18 | ATR: 5.20
  📊 Filled: 0 | Pending: 0
  💰 Daily P&L: $+0.00

[2026-07-31 09:40] O:7463.75 H:7467.75 L:7463.50 C:7466.50 V:3853.0
  📈 Trend: moderate_bullish (raw: strong_bullish) | 🌍 Regime: trending_bullish
  🗺️  Grid: 0.083% | 🔺 7465.25 🔻 7461.50
  📡 RSI: 78.6 | MACD: 3.55 | ATR: 5.18
  📊 Filled: 0 | Pending: 0
  💰 Daily P&L: $+0.00

[2026-07-31 09:41] O:7466.75 H:7467.50 L:7461.75 C:7462.25 V:4292.0
  📈 Trend: strong_bullish | 🌍 Regime: trending_bullish
  🗺️  Grid: 0.080% | 🔺 7467.75 🔻 7463.50
  📡 RSI: 65.4 | MACD: 3.45 | ATR: 4.93
  📊 Filled: 0 | Pending: 0
  💰 Daily P&L: $+0.00

[2026-07-31 09:42] O:7462.25 H:7462.25 L:7457.00 C:7461.00 V:6469.0
  📈 Trend: strong_bullish | 🌍 Regime: trending_bullish
  🗺️  Grid: 0.080% | 🔺 7467.50 🔻 7461.75
  📡 RSI: 58.8 | MACD: 3.24 | ATR: 4.91
  📊 Filled: 0 | Pending: 0
  💰 Daily P&L: $+0.00

[2026-07-31 09:43] O:7461.25 H:7465.50 L:7459.00 C:7465.00 V:4354.0
  📈 Trend: strong_bullish | 🌍 Regime: trending_bullish
  🗺️  Grid: 0.080% | 🔺 7462.25 🔻 7457.00
  📡 RSI: 63.4 | MACD: 3.36 | ATR: 5.00
  📊 Filled: 0 | Pending: 0
  💰 Daily P&L: $+0.00

[2026-07-31 09:44] O:7465.25 H:7468.25 L:7465.25 C:7467.50 V:3680.0
  📈 Trend: strong_bullish | 🌍 Regime: trending_bullish
  🗺️  Grid: 0.080% | 🔺 7465.50 🔻 7459.00
  📡 RSI: 68.8 | MACD: 3.61 | ATR: 4.84
  📊 Filled: 0 | Pending: 0
  💰 Daily P&L: $+0.00

[2026-07-31 09:45] O:7467.50 H:7471.75 L:7466.00 C:7467.25 V:8787.0
  📈 Trend: strong_bullish | 🌍 Regime: trending_bullish
  🗺️  Grid: 0.080% | 🔺 7468.25 🔻 7465.25
  📡 RSI: 64.5 | MACD: 3.74 | ATR: 4.82
  📊 Filled: 0 | Pending: 0
  💰 Daily P&L: $+0.00

[2026-07-31 09:46] O:7467.50 H:7474.25 L:7466.25 C:7470.00 V:5684.0
  📈 Trend: strong_bullish | 🌍 Regime: trending_bullish
  🗺️  Grid: 0.081% | 🔺 7471.75 🔻 7466.00
  📡 RSI: 65.9 | MACD: 4.03 | ATR: 5.02
  📊 Filled: 0 | Pending: 0
  💰 Daily P&L: $+0.00

[2026-07-31 09:47] O:7470.00 H:7471.00 L:7466.75 C:7469.75 V:3661.0
  📈 Trend: strong_bullish | 🌍 Regime: trending_bullish
  🗺️  Grid: 0.080% | 🔺 7474.25 🔻 7466.25
  📡 RSI: 72.0 | MACD: 4.18 | ATR: 4.93
  📊 Filled: 0 | Pending: 0
  💰 Daily P&L: $+0.00

[2026-07-31 09:48] O:7470.00 H:7473.75 L:7468.75 C:7473.75 V:3098.0
  📈 Trend: strong_bullish | 🌍 Regime: trending_bullish
  🗺️  Grid: 0.081% | 🔺 7471.00 🔻 7466.75
  📡 RSI: 77.1 | MACD: 4.58 | ATR: 5.04
  📊 Filled: 0 | Pending: 0
  💰 Daily P&L: $+0.00

[2026-07-31 09:49] O:7473.75 H:7476.50 L:7472.00 C:7475.75 V:4650.0
  📈 Trend: strong_bullish | 🌍 Regime: trending_bullish
  🗺️  Grid: 0.080% | 🔺 7473.75 🔻 7468.75
  📡 RSI: 73.0 | MACD: 4.99 | ATR: 4.82
  📊 Filled: 0 | Pending: 0
  💰 Daily P&L: $+0.00

[2026-07-31 09:50] O:7475.75 H:7477.50 L:7474.50 C:7475.75 V:3984.0
  📈 Trend: strong_bullish | 🌍 Regime: trending_bullish
  🗺️  Grid: 0.080% | 🔺 7476.50 🔻 7472.00
  📡 RSI: 73.0 | MACD: 5.26 | ATR: 4.79
  📊 Filled: 0 | Pending: 0
  💰 Daily P&L: $+0.00

[2026-07-31 09:51] O:7475.75 H:7479.25 L:7475.75 C:7478.50 V:3960.0
  📈 Trend: strong_bullish | 🌍 Regime: trending_bullish
  🗺️  Grid: 0.080% | 🔺 7477.50 🔻 7474.50
  📡 RSI: 75.0 | MACD: 5.63 | ATR: 4.73
  📊 Filled: 0 | Pending: 0
  💰 Daily P&L: $+0.00

[2026-07-31 09:52] O:7478.25 H:7480.00 L:7476.00 C:7479.00 V:3334.0
  📈 Trend: strong_bullish | 🌍 Regime: trending_bullish
  🗺️  Grid: 0.080% | 🔺 7479.25 🔻 7475.75
  📡 RSI: 79.3 | MACD: 5.90 | ATR: 4.77
  📊 Filled: 0 | Pending: 0
  💰 Daily P&L: $+0.00

[2026-07-31 09:53] O:7478.75 H:7481.25 L:7477.50 C:7480.00 V:3537.0
  📈 Trend: strong_bullish | 🌍 Regime: trending_bullish
  🗺️  Grid: 0.080% | 🔺 7480.00 🔻 7476.00
  📡 RSI: 78.8 | MACD: 6.12 | ATR: 4.77
  📊 Filled: 0 | Pending: 0
  💰 Daily P&L: $+0.00

[2026-07-31 09:54] O:7480.00 H:7480.50 L:7472.00 C:7473.50 V:4657.0
  📈 Trend: strong_bullish | 🌍 Regime: trending_bullish
  🗺️  Grid: 0.081% | 🔺 7481.25 🔻 7477.50
  📡 RSI: 60.9 | MACD: 5.70 | ATR: 5.07
  📊 Filled: 0 | Pending: 0
  💰 Daily P&L: $+0.00

[2026-07-31 09:55] O:7473.50 H:7474.00 L:7468.75 C:7470.00 V:4252.0
  📈 Trend: strong_bullish (raw: moderate_bullish) | 🌍 Regime: trending_bullish
  🗺️  Grid: 0.081% | 🔺 7480.50 🔻 7472.00
  📡 RSI: 62.4 | MACD: 5.03 | ATR: 5.04
  📊 Filled: 0 | Pending: 0
  💰 Daily P&L: $+0.00

[2026-07-31 09:56] O:7470.00 H:7477.25 L:7466.50 C:7476.00 V:5084.0
  📈 Trend: moderate_bullish | 🌍 Regime: trending_bullish
  🗺️  Grid: 0.087% | 🔺 7474.00 🔻 7468.75
  📡 RSI: 70.8 | MACD: 4.93 | ATR: 5.43
  📊 Filled: 0 | Pending: 0
  💰 Daily P&L: $+0.00

[2026-07-31 09:57] O:7476.00 H:7478.50 L:7474.75 C:7475.50 V:3471.0
  📈 Trend: moderate_bullish | 🌍 Regime: trending_bullish
  🗺️  Grid: 0.084% | 🔺 7477.25 🔻 7466.50
  📡 RSI: 66.2 | MACD: 4.75 | ATR: 5.23
  📊 Filled: 0 | Pending: 0
  💰 Daily P&L: $+0.00

[2026-07-31 09:58] O:7475.75 H:7478.25 L:7472.00 C:7478.00 V:4087.0
  📈 Trend: moderate_bullish | 🌍 Regime: trending_bullish
  🗺️  Grid: 0.087% | 🔺 7478.50 🔻 7474.75
  📡 RSI: 66.2 | MACD: 4.76 | ATR: 5.45
  📊 Filled: 0 | Pending: 0
  💰 Daily P&L: $+0.00

[2026-07-31 09:59] O:7478.00 H:7478.25 L:7473.50 C:7477.00 V:3542.0
  📈 Trend: moderate_bullish | 🌍 Regime: trending_bullish
  🗺️  Grid: 0.086% | 🔺 7478.25 🔻 7472.00
  📡 RSI: 64.7 | MACD: 4.63 | ATR: 5.38
  📊 Filled: 0 | Pending: 0
  💰 Daily P&L: $+0.00

[2026-07-31 10:00] O:7477.00 H:7478.75 L:7473.00 C:7473.50 V:3247.0
  📈 Trend: moderate_bullish | 🌍 Regime: trending_bullish
  🗺️  Grid: 0.084% | 🔺 7478.25 🔻 7473.50
  📡 RSI: 55.1 | MACD: 4.20 | ATR: 5.21
  📊 Filled: 0 | Pending: 0
  💰 Daily P&L: $+0.00

[2026-07-31 10:01] O:7473.50 H:7475.75 L:7472.25 C:7473.00 V:3705.0
  📈 Trend: moderate_bullish | 🌍 Regime: trending_bullish
  🗺️  Grid: 0.083% | 🔺 7478.75 🔻 7473.00
  📡 RSI: 54.7 | MACD: 3.77 | ATR: 5.16
  📊 Filled: 0 | Pending: 0
  💰 Daily P&L: $+0.00

[2026-07-31 10:02] O:7473.25 H:7476.50 L:7471.75 C:7474.00 V:3394.0
  📈 Trend: moderate_bullish | 🌍 Regime: trending_bullish
  🗺️  Grid: 0.083% | 🔺 7475.75 🔻 7472.25
  📡 RSI: 50.4 | MACD: 3.47 | ATR: 5.14
  📊 Filled: 0 | Pending: 0
  💰 Daily P&L: $+0.00

[2026-07-31 10:03] O:7473.75 H:7475.50 L:7469.00 C:7471.25 V:3325.0
  📈 Trend: moderate_bullish | 🌍 Regime: trending_bullish
  🗺️  Grid: 0.085% | 🔺 7476.50 🔻 7471.75
  📡 RSI: 43.0 | MACD: 2.98 | ATR: 5.29
  📊 Filled: 0 | Pending: 0
  💰 Daily P&L: $+0.00

[2026-07-31 10:04] O:7471.00 H:7477.50 L:7470.50 C:7476.75 V:3297.0
  📈 Trend: moderate_bullish | 🌍 Regime: trending_bullish
  🗺️  Grid: 0.089% | 🔺 7475.50 🔻 7469.00
  📡 RSI: 51.3 | MACD: 3.00 | ATR: 5.57
  📊 Filled: 0 | Pending: 0
  💰 Daily P&L: $+0.00

[2026-07-31 10:05] O:7476.75 H:7479.75 L:7475.25 C:7475.50 V:2770.0
  📈 Trend: moderate_bullish | 🌍 Regime: trending_bullish
  🗺️  Grid: 0.091% | 🔺 7477.50 🔻 7470.50
  📡 RSI: 45.8 | MACD: 2.88 | ATR: 5.64
  📊 Filled: 0 | Pending: 0
  💰 Daily P&L: $+0.00

[2026-07-31 10:06] O:7475.50 H:7478.50 L:7473.50 C:7473.75 V:2507.0
  📈 Trend: moderate_bullish | 🌍 Regime: trending_bullish
  🗺️  Grid: 0.092% | 🔺 7479.75 🔻 7475.25
  📡 RSI: 43.0 | MACD: 2.62 | ATR: 5.71
  📊 Filled: 0 | Pending: 0
  💰 Daily P&L: $+0.00

[2026-07-31 10:07] O:7473.75 H:7474.75 L:7470.00 C:7473.25 V:3096.0
  📈 Trend: moderate_bullish (raw: moderate_bearish) | 🌍 Regime: trending_bearish
  🗺️  Grid: 0.093% | 🔺 7478.50 🔻 7473.50
  📡 RSI: 40.8 | MACD: 2.34 | ATR: 5.79
  📊 Filled: 0 | Pending: 0
  💰 Daily P&L: $+0.00

[2026-07-31 10:08] O:7473.25 H:7474.25 L:7470.00 C:7470.25 V:3218.0
  📈 Trend: moderate_bearish | 🌍 Regime: trending_bearish
  🗺️  Grid: 0.088% | 🔺 7474.75 🔻 7470.00
  📡 RSI: 45.1 | MACD: 1.85 | ATR: 5.48
  📊 Filled: 0 | Pending: 0
  💰 Daily P&L: $+0.00

[2026-07-31 10:09] O:7470.50 H:7471.50 L:7466.00 C:7470.00 V:4104.0
  📈 Trend: moderate_bearish | 🌍 Regime: trending_bearish
  🗺️  Grid: 0.088% | 🔺 7474.25 🔻 7470.00
  📡 RSI: 50.0 | MACD: 1.43 | ATR: 5.50
  📊 Filled: 0 | Pending: 0
  💰 Daily P&L: $+0.00

[2026-07-31 10:10] O:7470.00 H:7472.25 L:7467.00 C:7470.00 V:3629.0
  📈 Trend: moderate_bearish | 🌍 Regime: trending_bearish
  🗺️  Grid: 0.082% | 🔺 7471.50 🔻 7466.00
  📡 RSI: 37.5 | MACD: 1.09 | ATR: 5.11
  📊 Filled: 0 | Pending: 0
  💰 Daily P&L: $+0.00

[2026-07-31 10:11] O:7470.00 H:7470.75 L:7463.75 C:7465.25 V:4237.0
  📈 Trend: moderate_bearish | 🌍 Regime: trending_bearish
  🗺️  Grid: 0.086% | 🔺 7472.25 🔻 7467.00
  📡 RSI: 31.9 | MACD: 0.43 | ATR: 5.34
  📊 Filled: 0 | Pending: 0
  💰 Daily P&L: $+0.00

[2026-07-31 10:12] O:7465.00 H:7471.25 L:7462.50 C:7470.25 V:5030.0
  📈 Trend: moderate_bearish | 🌍 Regime: trending_bearish
  🗺️  Grid: 0.089% | 🔺 7470.75 🔻 7463.75
  📡 RSI: 37.4 | MACD: 0.30 | ATR: 5.52
  📊 Filled: 0 | Pending: 0
  💰 Daily P&L: $+0.00

[2026-07-31 10:13] O:7470.25 H:7473.75 L:7467.50 C:7473.50 V:3742.0
  📈 Trend: moderate_bearish | 🌍 Regime: trending_bearish
  🗺️  Grid: 0.090% | 🔺 7471.25 🔻 7462.50
  📡 RSI: 44.7 | MACD: 0.46 | ATR: 5.62
  📊 Filled: 0 | Pending: 0
  💰 Daily P&L: $+0.00

[2026-07-31 10:14] O:7473.50 H:7476.75 L:7472.25 C:7473.25 V:3407.0
  📈 Trend: moderate_bearish (raw: moderate_bullish) | 🌍 Regime: trending_bullish
  🗺️  Grid: 0.089% | 🔺 7473.75 🔻 7467.50
  📡 RSI: 49.6 | MACD: 0.56 | ATR: 5.54
  📊 Filled: 0 | Pending: 0
  💰 Daily P&L: $+0.00

[2026-07-31 10:15] O:7473.00 H:7482.50 L:7472.50 C:7476.25 V:10212.0
  📈 Trend: moderate_bullish | 🌍 Regime: trending_bullish
  🗺️  Grid: 0.096% | 🔺 7476.75 🔻 7472.25
  📡 RSI: 55.0 | MACD: 0.87 | ATR: 6.00
  📊 Filled: 0 | Pending: 0
  💰 Daily P&L: $+0.00

[2026-07-31 10:16] O:7476.25 H:7477.00 L:7469.00 C:7471.00 V:5025.0
  📈 Trend: moderate_bullish (raw: moderate_bearish) | 🌍 Regime: trending_bearish
  🗺️  Grid: 0.100% | 🔺 7482.50 🔻 7472.50
  📡 RSI: 45.9 | MACD: 0.68 | ATR: 6.23
  📊 Filled: 0 | Pending: 0
  💰 Daily P&L: $+0.00

[2026-07-31 10:17] O:7471.25 H:7471.75 L:7466.75 C:7468.50 V:2843.0
  📈 Trend: moderate_bearish | 🌍 Regime: trending_bearish
  🗺️  Grid: 0.098% | 🔺 7477.00 🔻 7469.00
  📡 RSI: 46.2 | MACD: 0.33 | ATR: 6.12
  📊 Filled: 0 | Pending: 0
  💰 Daily P&L: $+0.00

[2026-07-31 10:18] O:7468.75 H:7470.75 L:7466.50 C:7470.00 V:2887.0
  📈 Trend: moderate_bearish | 🌍 Regime: trending_bearish
  🗺️  Grid: 0.095% | 🔺 7471.75 🔻 7466.75
  📡 RSI: 39.5 | MACD: 0.17 | ATR: 5.93
  📊 Filled: 0 | Pending: 0
  💰 Daily P&L: $+0.00

[2026-07-31 10:19] O:7470.00 H:7472.50 L:7468.75 C:7471.00 V:2766.0
  📈 Trend: moderate_bearish | 🌍 Regime: trending_bearish
  🗺️  Grid: 0.094% | 🔺 7470.75 🔻 7466.50
  📡 RSI: 43.0 | MACD: 0.12 | ATR: 5.88
  📊 Filled: 0 | Pending: 0
  💰 Daily P&L: $+0.00

[2026-07-31 10:20] O:7471.00 H:7473.50 L:7467.75 C:7468.50 V:2578.0
  📈 Trend: moderate_bearish (raw: strong_bearish) | 🌍 Regime: ranging
  🗺️  Grid: 0.095% | 🔺 7472.50 🔻 7468.75
  📡 RSI: 42.0 | MACD: -0.11 | ATR: 5.93
  📊 Filled: 0 | Pending: 0
  🔲 Regime: RANGING | Range pos: 47% | RSI: 42.0
  💰 Daily P&L: $+0.00

[2026-07-31 10:21] O:7468.75 H:7471.75 L:7466.00 C:7466.50 V:2425.0
  📈 Trend: strong_bearish | 🌍 Regime: ranging
  🗺️  Grid: 0.096% | 🔺 7473.50 🔻 7467.75
  📡 RSI: 40.1 | MACD: -0.46 | ATR: 6.00
  📊 Filled: 0 | Pending: 0
  🔲 Regime: RANGING | Range pos: 44% | RSI: 40.1
  💰 Daily P&L: $+0.00

[2026-07-31 10:22] O:7466.75 H:7468.75 L:7463.75 C:7465.25 V:2523.0
  📈 Trend: strong_bearish | 🌍 Regime: ranging
  🗺️  Grid: 0.097% | 🔺 7471.75 🔻 7466.00
  📡 RSI: 42.3 | MACD: -0.82 | ATR: 6.05
  📊 Filled: 0 | Pending: 0
  🔲 Regime: RANGING | Range pos: 43% | RSI: 42.3
  💰 Daily P&L: $+0.00

[2026-07-31 10:23] O:7465.25 H:7467.00 L:7463.75 C:7465.25 V:2378.0
  📈 Trend: strong_bearish | 🌍 Regime: ranging
  🗺️  Grid: 0.095% | 🔺 7468.75 🔻 7463.75
  📡 RSI: 42.6 | MACD: -1.10 | ATR: 5.89
  📊 Filled: 0 | Pending: 0
  🔲 Regime: RANGING | Range pos: 43% | RSI: 42.6
  💰 Daily P&L: $+0.00

[2026-07-31 10:24] O:7465.50 H:7465.75 L:7461.75 C:7462.00 V:2950.0
  📈 Trend: strong_bearish | 🌍 Regime: ranging
  🗺️  Grid: 0.093% | 🔺 7467.00 🔻 7463.75
  📡 RSI: 38.7 | MACD: -1.56 | ATR: 5.80
  📊 Filled: 0 | Pending: 0
  🔲 Regime: RANGING | Range pos: 39% | RSI: 38.7
  💰 Daily P&L: $+0.00

[2026-07-31 10:25] O:7462.00 H:7464.00 L:7459.25 C:7459.75 V:3858.0
  📈 Trend: strong_bearish | 🌍 Regime: ranging
  🗺️  Grid: 0.091% | 🔺 7465.75 🔻 7461.75
  📡 RSI: 41.7 | MACD: -2.09 | ATR: 5.64
  📊 Filled: 0 | Pending: 0
  🔲 Regime: RANGING | Range pos: 37% | RSI: 41.7
  💰 Daily P&L: $+0.00

[2026-07-31 10:26] O:7459.75 H:7461.25 L:7453.25 C:7455.00 V:4468.0
  📈 Trend: strong_bearish | 🌍 Regime: ranging
  🗺️  Grid: 0.090% | 🔺 7464.00 🔻 7459.25
  📡 RSI: 26.7 | MACD: -2.85 | ATR: 5.59
  📊 Filled: 0 | Pending: 0
  🔲 Regime: RANGING | Range pos: 31% | RSI: 26.7
  💰 Daily P&L: $+0.00

[2026-07-31 10:27] O:7455.00 H:7456.75 L:7453.00 C:7453.50 V:3996.0
  📈 Trend: strong_bearish | 🌍 Regime: trending_bearish
  🗺️  Grid: 0.087% | 🔺 7461.25 🔻 7453.25
  📡 RSI: 17.7 | MACD: -3.54 | ATR: 5.41
  📊 Filled: 0 | Pending: 0
  💰 Daily P&L: $+0.00

[2026-07-31 10:28] O:7453.75 H:7457.50 L:7452.50 C:7456.75 V:3279.0
  📈 Trend: strong_bearish | 🌍 Regime: trending_bearish
  🗺️  Grid: 0.088% | 🔺 7456.75 🔻 7453.00
  📡 RSI: 25.7 | MACD: -3.78 | ATR: 5.45
  📊 Filled: 0 | Pending: 0
  💰 Daily P&L: $+0.00

[2026-07-31 10:29] O:7456.50 H:7458.00 L:7452.50 C:7454.50 V:4630.0
  📈 Trend: strong_bearish | 🌍 Regime: trending_bearish
  🗺️  Grid: 0.083% | 🔺 7457.50 🔻 7452.50
  📡 RSI: 17.3 | MACD: -4.10 | ATR: 5.12
  📊 Filled: 0 | Pending: 0
  💰 Daily P&L: $+0.00

[2026-07-31 10:30] O:7454.75 H:7457.00 L:7451.50 C:7453.50 V:4348.0
  📈 Trend: strong_bearish | 🌍 Regime: trending_bearish
  🗺️  Grid: 0.080% | 🔺 7458.00 🔻 7452.50
  📡 RSI: 19.8 | MACD: -4.39 | ATR: 4.95
  📊 Filled: 0 | Pending: 0
  💰 Daily P&L: $+0.00

[2026-07-31 10:31] O:7453.50 H:7458.25 L:7452.50 C:7454.75 V:4325.0
  📈 Trend: strong_bearish | 🌍 Regime: trending_bearish
  🗺️  Grid: 0.080% | 🔺 7457.00 🔻 7451.50
  📡 RSI: 25.2 | MACD: -4.47 | ATR: 5.00
  📊 Filled: 0 | Pending: 0
  💰 Daily P&L: $+0.00

[2026-07-31 10:32] O:7454.75 H:7455.50 L:7452.75 C:7455.25 V:3268.0
  📈 Trend: strong_bearish | 🌍 Regime: trending_bearish
  🗺️  Grid: 0.080% | 🔺 7458.25 🔻 7452.50
  📡 RSI: 22.4 | MACD: -4.43 | ATR: 4.89
  📊 Filled: 0 | Pending: 0
  💰 Daily P&L: $+0.00

[2026-07-31 10:33] O:7455.00 H:7456.50 L:7452.00 C:7454.50 V:4965.0
  📈 Trend: strong_bearish | 🌍 Regime: trending_bearish
  🗺️  Grid: 0.080% | 🔺 7455.50 🔻 7452.75
  📡 RSI: 18.9 | MACD: -4.42 | ATR: 4.95
  📊 Filled: 0 | Pending: 0
  💰 Daily P&L: $+0.00

[2026-07-31 10:34] O:7454.50 H:7459.00 L:7449.25 C:7459.00 V:5284.0
  📈 Trend: strong_bearish | 🌍 Regime: trending_bearish
  🗺️  Grid: 0.084% | 🔺 7456.50 🔻 7452.00
  📡 RSI: 33.3 | MACD: -4.00 | ATR: 5.23
  📊 Filled: 0 | Pending: 0
  💰 Daily P&L: $+0.00

[2026-07-31 10:35] O:7459.00 H:7463.75 L:7458.50 C:7461.75 V:5316.0
  📈 Trend: strong_bearish | 🌍 Regime: trending_bearish
  🗺️  Grid: 0.084% | 🔺 7459.00 🔻 7449.25
  📡 RSI: 41.9 | MACD: -3.40 | ATR: 5.20
  📊 Filled: 0 | Pending: 0
  💰 Daily P&L: $+0.00

[2026-07-31 10:36] O:7462.00 H:7466.50 L:7461.50 C:7464.25 V:3362.0
  📈 Trend: strong_bearish | 🌍 Regime: trending_bearish
  🗺️  Grid: 0.084% | 🔺 7463.75 🔻 7458.50
  📡 RSI: 48.4 | MACD: -2.70 | ATR: 5.20
  📊 Filled: 0 | Pending: 0
  💰 Daily P&L: $+0.00

[2026-07-31 10:37] O:7464.25 H:7469.25 L:7464.25 C:7469.00 V:2818.0
  📈 Trend: strong_bearish | 🌍 Regime: trending_bearish
  🗺️  Grid: 0.085% | 🔺 7466.50 🔻 7461.50
  📡 RSI: 55.3 | MACD: -1.73 | ATR: 5.32
  📊 Filled: 0 | Pending: 0
  💰 Daily P&L: $+0.00

[2026-07-31 10:38] O:7469.00 H:7475.25 L:7469.00 C:7473.25 V:3913.0
  📈 Trend: strong_bearish (raw: moderate_bearish) | 🌍 Regime: trending_bearish
  🗺️  Grid: 0.088% | 🔺 7469.25 🔻 7464.25
  📡 RSI: 65.5 | MACD: -0.62 | ATR: 5.48
  📊 Filled: 0 | Pending: 0
  💰 Daily P&L: $+0.00

[2026-07-31 10:39] O:7473.25 H:7475.25 L:7471.75 C:7472.25 V:3224.0
  📈 Trend: strong_bearish (raw: moderate_bullish) | 🌍 Regime: trending_bullish
  🗺️  Grid: 0.087% | 🔺 7475.25 🔻 7469.00
  📡 RSI: 67.9 | MACD: 0.18 | ATR: 5.39
  📊 Filled: 0 | Pending: 0
  💰 Daily P&L: $+0.00

[2026-07-31 10:40] O:7472.50 H:7475.25 L:7471.25 C:7472.50 V:2809.0
  📈 Trend: moderate_bullish | 🌍 Regime: trending_bullish
  🗺️  Grid: 0.082% | 🔺 7475.25 🔻 7471.75
  📡 RSI: 78.7 | MACD: 0.82 | ATR: 5.11
  📊 Filled: 0 | Pending: 0
  💰 Daily P&L: $+0.00

[2026-07-31 10:41] O:7472.50 H:7472.75 L:7463.25 C:7463.75 V:5240.0
  📈 Trend: moderate_bullish (raw: strong_bearish) | 🌍 Regime: trending_bearish
  🗺️  Grid: 0.089% | 🔺 7475.25 🔻 7471.25
  📡 RSI: 63.6 | MACD: 0.62 | ATR: 5.52
  📊 Filled: 0 | Pending: 0
  💰 Daily P&L: $+0.00

[2026-07-31 10:42] O:7463.75 H:7465.50 L:7461.75 C:7463.50 V:3125.0
  📈 Trend: strong_bearish | 🌍 Regime: trending_bearish
  🗺️  Grid: 0.087% | 🔺 7472.75 🔻 7463.25
  📡 RSI: 59.7 | MACD: 0.43 | ATR: 5.43
  📊 Filled: 0 | Pending: 0
  💰 Daily P&L: $+0.00

[2026-07-31 10:43] O:7463.50 H:7467.25 L:7461.25 C:7467.00 V:2525.0
  📈 Trend: strong_bearish (raw: moderate_bullish) | 🌍 Regime: ranging
  🗺️  Grid: 0.088% | 🔺 7465.50 🔻 7461.75
  📡 RSI: 67.4 | MACD: 0.56 | ATR: 5.46
  📊 Filled: 0 | Pending: 0
  🔲 Regime: RANGING | Range pos: 45% | RSI: 67.4
  💰 Daily P&L: $+0.00

[2026-07-31 10:44] O:7466.75 H:7470.25 L:7465.75 C:7470.00 V:2052.0
  📈 Trend: moderate_bullish | 🌍 Regime: ranging
  🗺️  Grid: 0.087% | 🔺 7467.25 🔻 7461.25
  📡 RSI: 71.7 | MACD: 0.89 | ATR: 5.39
  📊 Filled: 0 | Pending: 0
  🔲 Regime: RANGING | Range pos: 48% | RSI: 71.7
  💰 Daily P&L: $+0.00

[2026-07-31 10:45] O:7470.00 H:7471.50 L:7466.00 C:7469.00 V:2873.0
  📈 Trend: moderate_bullish | 🌍 Regime: ranging
  🗺️  Grid: 0.086% | 🔺 7470.25 🔻 7465.75
  📡 RSI: 68.9 | MACD: 1.07 | ATR: 5.38
  📊 Filled: 0 | Pending: 0
  🔲 Regime: RANGING | Range pos: 47% | RSI: 68.9
  💰 Daily P&L: $+0.00

[2026-07-31 10:46] O:7469.00 H:7471.25 L:7467.75 C:7468.00 V:2891.0
  📈 Trend: moderate_bullish | 🌍 Regime: ranging
  🗺️  Grid: 0.087% | 🔺 7471.50 🔻 7466.00
  📡 RSI: 66.7 | MACD: 1.11 | ATR: 5.43
  📊 Filled: 0 | Pending: 0
  🔲 Regime: RANGING | Range pos: 46% | RSI: 66.7
  💰 Daily P&L: $+0.00

[2026-07-31 10:47] O:7468.25 H:7470.25 L:7463.00 C:7464.75 V:4094.0
  📈 Trend: moderate_bullish | 🌍 Regime: ranging
  🗺️  Grid: 0.090% | 🔺 7471.25 🔻 7467.75
  📡 RSI: 62.6 | MACD: 0.87 | ATR: 5.62
  📊 Filled: 0 | Pending: 0
  🔲 Regime: RANGING | Range pos: 42% | RSI: 62.6
  💰 Daily P&L: $+0.00

[2026-07-31 10:48] O:7464.75 H:7468.00 L:7462.75 C:7467.50 V:2550.0
  📈 Trend: moderate_bullish | 🌍 Regime: ranging
  🗺️  Grid: 0.085% | 🔺 7470.25 🔻 7463.00
  📡 RSI: 60.9 | MACD: 0.89 | ATR: 5.30
  📊 Filled: 0 | Pending: 0
  🔲 Regime: RANGING | Range pos: 45% | RSI: 60.9
  💰 Daily P&L: $+0.00

[2026-07-31 10:49] O:7467.50 H:7468.75 L:7464.25 C:7466.00 V:2574.0
  📈 Trend: moderate_bullish | 🌍 Regime: ranging
  🗺️  Grid: 0.084% | 🔺 7468.00 🔻 7462.75
  📡 RSI: 55.6 | MACD: 0.78 | ATR: 5.25
  📊 Filled: 0 | Pending: 0
  🔲 Regime: RANGING | Range pos: 44% | RSI: 55.6
  💰 Daily P&L: $+0.00

[2026-07-31 10:50] O:7466.00 H:7472.25 L:7464.75 C:7471.25 V:3156.0
  📈 Trend: moderate_bullish | 🌍 Regime: ranging
  🗺️  Grid: 0.087% | 🔺 7468.75 🔻 7464.25
  📡 RSI: 58.6 | MACD: 1.10 | ATR: 5.43
  📊 Filled: 0 | Pending: 0
  🔲 Regime: RANGING | Range pos: 50% | RSI: 58.6
  💰 Daily P&L: $+0.00

[2026-07-31 10:51] O:7471.25 H:7476.75 L:7471.00 C:7476.50 V:4806.0
  📈 Trend: moderate_bullish | 🌍 Regime: ranging
  🗺️  Grid: 0.088% | 🔺 7472.25 🔻 7464.75
  📡 RSI: 59.1 | MACD: 1.76 | ATR: 5.48
  📊 Filled: 0 | Pending: 0
  🔲 Regime: RANGING | Range pos: 56% | RSI: 59.1
  💰 Daily P&L: $+0.00

[2026-07-31 10:52] O:7476.50 H:7480.00 L:7473.25 C:7479.00 V:3974.0
  📈 Trend: moderate_bullish (raw: strong_bullish) | 🌍 Regime: ranging
  🗺️  Grid: 0.089% | 🔺 7476.75 🔻 7471.00
  📡 RSI: 57.3 | MACD: 2.46 | ATR: 5.52
  📊 Filled: 0 | Pending: 0
  🔲 Regime: RANGING | Range pos: 59% | RSI: 57.3
  💰 Daily P&L: $+0.00

[2026-07-31 10:53] O:7479.00 H:7479.75 L:7474.75 C:7476.75 V:2366.0
  📈 Trend: strong_bullish | 🌍 Regime: ranging
  🗺️  Grid: 0.090% | 🔺 7480.00 🔻 7473.25
  📡 RSI: 55.6 | MACD: 2.79 | ATR: 5.62
  📊 Filled: 0 | Pending: 0
  🔲 Regime: RANGING | Range pos: 56% | RSI: 55.6
  💰 Daily P&L: $+0.00

[2026-07-31 10:54] O:7477.00 H:7481.00 L:7476.00 C:7479.50 V:2416.0
  📈 Trend: strong_bullish | 🌍 Regime: ranging
  🗺️  Grid: 0.091% | 🔺 7479.75 🔻 7474.75
  📡 RSI: 58.1 | MACD: 3.24 | ATR: 5.70
  📊 Filled: 0 | Pending: 0
  🔲 Regime: RANGING | Range pos: 59% | RSI: 58.1
  💰 Daily P&L: $+0.00

[2026-07-31 10:55] O:7479.50 H:7480.50 L:7477.00 C:7478.25 V:2432.0
  📈 Trend: strong_bullish | 🌍 Regime: ranging
  🗺️  Grid: 0.085% | 🔺 7481.00 🔻 7476.00
  📡 RSI: 70.4 | MACD: 3.46 | ATR: 5.27
  📊 Filled: 0 | Pending: 0
  🔲 Regime: RANGING | Range pos: 58% | RSI: 70.4
  💰 Daily P&L: $+0.00

[2026-07-31 10:56] O:7478.50 H:7480.25 L:7478.00 C:7479.25 V:1585.0
  📈 Trend: strong_bullish | 🌍 Regime: ranging
  🗺️  Grid: 0.083% | 🔺 7480.50 🔻 7477.00
  📡 RSI: 71.7 | MACD: 3.67 | ATR: 5.16
  📊 Filled: 0 | Pending: 0
  🔲 Regime: RANGING | Range pos: 59% | RSI: 71.7
  💰 Daily P&L: $+0.00

[2026-07-31 10:57] O:7479.50 H:7482.75 L:7479.25 C:7481.75 V:2181.0
  📈 Trend: strong_bullish | 🌍 Regime: ranging
  🗺️  Grid: 0.080% | 🔺 7480.25 🔻 7478.00
  📡 RSI: 70.9 | MACD: 3.99 | ATR: 4.98
  📊 Filled: 0 | Pending: 0
  🔲 Regime: RANGING | Range pos: 62% | RSI: 70.9
  💰 Daily P&L: $+0.00

[2026-07-31 10:58] O:7481.75 H:7485.00 L:7481.25 C:7481.75 V:3690.0
  📈 Trend: strong_bullish | 🌍 Regime: ranging
  🗺️  Grid: 0.080% | 🔺 7482.75 🔻 7479.25
  📡 RSI: 68.2 | MACD: 4.20 | ATR: 4.93
  📊 Filled: 0 | Pending: 0
  🔲 Regime: RANGING | Range pos: 62% | RSI: 68.2
  💰 Daily P&L: $+0.00

[2026-07-31 10:59] O:7481.75 H:7483.25 L:7479.00 C:7482.50 V:2557.0
  📈 Trend: strong_bullish | 🌍 Regime: trending_bullish
  🗺️  Grid: 0.080% | 🔺 7485.00 🔻 7481.25
  📡 RSI: 71.1 | MACD: 4.38 | ATR: 4.84
  📊 Filled: 0 | Pending: 0
  💰 Daily P&L: $+0.00

[2026-07-31 11:00] O:7482.50 H:7485.50 L:7480.50 C:7485.25 V:2876.0
  📈 Trend: strong_bullish | 🌍 Regime: trending_bullish
  🗺️  Grid: 0.080% | 🔺 7483.25 🔻 7479.00
  📡 RSI: 75.6 | MACD: 4.68 | ATR: 4.95
  📊 Filled: 0 | Pending: 0
  💰 Daily P&L: $+0.00

[2026-07-31 11:01] O:7485.00 H:7487.00 L:7483.75 C:7483.75 V:3791.0
  📈 Trend: strong_bullish | 🌍 Regime: trending_bullish
  🗺️  Grid: 0.080% | 🔺 7485.50 🔻 7480.50
  📡 RSI: 79.7 | MACD: 4.75 | ATR: 4.66
  📊 Filled: 0 | Pending: 0
  💰 Daily P&L: $+0.00

[2026-07-31 11:02] O:7484.00 H:7485.50 L:7481.00 C:7482.75 V:2292.0
  📈 Trend: strong_bullish | 🌍 Regime: trending_bullish
  🗺️  Grid: 0.080% | 🔺 7487.00 🔻 7483.75
  📡 RSI: 75.2 | MACD: 4.67 | ATR: 4.61
  📊 Filled: 0 | Pending: 0
  💰 Daily P&L: $+0.00

[2026-07-31 11:03] O:7483.00 H:7484.00 L:7482.00 C:7483.25 V:1802.0
  📈 Trend: strong_bullish | 🌍 Regime: trending_bullish
  🗺️  Grid: 0.080% | 🔺 7485.50 🔻 7481.00
  📡 RSI: 79.5 | MACD: 4.59 | ATR: 4.43
  📊 Filled: 0 | Pending: 0
  💰 Daily P&L: $+0.00

[2026-07-31 11:04] O:7483.50 H:7486.00 L:7482.75 C:7483.75 V:2190.0
  📈 Trend: strong_bullish | 🌍 Regime: trending_bullish
  🗺️  Grid: 0.080% | 🔺 7484.00 🔻 7482.00
  📡 RSI: 75.5 | MACD: 4.52 | ATR: 4.12
  📊 Filled: 0 | Pending: 0
  💰 Daily P&L: $+0.00

[2026-07-31 11:05] O:7483.75 H:7485.25 L:7481.00 C:7481.00 V:2290.0
  📈 Trend: strong_bullish (raw: moderate_bullish) | 🌍 Regime: trending_bullish
  🗺️  Grid: 0.080% | 🔺 7486.00 🔻 7482.75
  📡 RSI: 60.2 | MACD: 4.19 | ATR: 4.02
  📊 Filled: 0 | Pending: 0
  💰 Daily P&L: $+0.00

[2026-07-31 11:06] O:7481.00 H:7481.75 L:7477.75 C:7479.75 V:3390.0
  📈 Trend: moderate_bullish | 🌍 Regime: trending_bullish
  🗺️  Grid: 0.080% | 🔺 7485.25 🔻 7481.00
  📡 RSI: 51.8 | MACD: 3.78 | ATR: 3.82
  📊 Filled: 0 | Pending: 0
  💰 Daily P&L: $+0.00

[2026-07-31 11:07] O:7479.75 H:7480.25 L:7475.75 C:7477.75 V:2894.0
  📈 Trend: moderate_bullish | 🌍 Regime: trending_bullish
  🗺️  Grid: 0.080% | 🔺 7481.75 🔻 7477.75
  📡 RSI: 52.4 | MACD: 3.27 | ATR: 3.79
  📊 Filled: 0 | Pending: 0
  💰 Daily P&L: $+0.00

[2026-07-31 11:08] O:7477.75 H:7482.00 L:7477.75 C:7481.75 V:2036.0
  📈 Trend: moderate_bullish | 🌍 Regime: trending_bullish
  🗺️  Grid: 0.080% | 🔺 7480.25 🔻 7475.75
  📡 RSI: 55.2 | MACD: 3.14 | ATR: 3.73
  📊 Filled: 0 | Pending: 0
  💰 Daily P&L: $+0.00

[2026-07-31 11:09] O:7481.75 H:7482.75 L:7481.00 C:7481.75 V:1631.0
  📈 Trend: moderate_bullish | 🌍 Regime: trending_bullish
  🗺️  Grid: 0.080% | 🔺 7482.00 🔻 7477.75
  📡 RSI: 58.5 | MACD: 3.01 | ATR: 3.61
  📊 Filled: 0 | Pending: 0
  💰 Daily P&L: $+0.00

[2026-07-31 11:10] O:7481.50 H:7483.50 L:7481.25 C:7483.25 V:1301.0
  📈 Trend: moderate_bullish | 🌍 Regime: trending_bullish
  🗺️  Grid: 0.080% | 🔺 7482.75 🔻 7481.00
  📡 RSI: 59.5 | MACD: 2.99 | ATR: 3.61
  📊 Filled: 0 | Pending: 0
  💰 Daily P&L: $+0.00

[2026-07-31 11:11] O:7483.25 H:7487.25 L:7482.50 C:7486.25 V:3768.0
  📈 Trend: moderate_bullish | 🌍 Regime: trending_bullish
  🗺️  Grid: 0.080% | 🔺 7483.50 🔻 7481.25
  📡 RSI: 60.5 | MACD: 3.18 | ATR: 3.70
  📊 Filled: 0 | Pending: 0
  💰 Daily P&L: $+0.00

[2026-07-31 11:12] O:7486.25 H:7487.25 L:7484.00 C:7485.00 V:2225.0
  📈 Trend: moderate_bullish | 🌍 Regime: trending_bullish
  🗺️  Grid: 0.080% | 🔺 7487.25 🔻 7482.50
  📡 RSI: 57.1 | MACD: 3.19 | ATR: 3.66
  📊 Filled: 0 | Pending: 0
  💰 Daily P&L: $+0.00

[2026-07-31 11:13] O:7485.25 H:7487.75 L:7484.50 C:7487.50 V:1562.0
  📈 Trend: moderate_bullish | 🌍 Regime: trending_bullish
  🗺️  Grid: 0.080% | 🔺 7487.25 🔻 7484.00
  📡 RSI: 60.2 | MACD: 3.36 | ATR: 3.59
  📊 Filled: 0 | Pending: 0
  💰 Daily P&L: $+0.00

[2026-07-31 11:14] O:7487.50 H:7488.00 L:7484.50 C:7486.75 V:1829.0
  📈 Trend: moderate_bullish (raw: strong_bullish) | 🌍 Regime: ranging
  🗺️  Grid: 0.080% | 🔺 7487.75 🔻 7484.50
  📡 RSI: 53.3 | MACD: 3.40 | ATR: 3.48
  📊 Filled: 0 | Pending: 0
  🔲 Regime: RANGING | Range pos: 67% | RSI: 53.3
  💰 Daily P&L: $+0.00

[2026-07-31 11:15] O:7486.75 H:7487.50 L:7479.50 C:7480.25 V:3083.0
  📈 Trend: moderate_bullish | 🌍 Regime: trending_bullish
  🗺️  Grid: 0.080% | 🔺 7488.00 🔻 7484.50
  📡 RSI: 43.6 | MACD: 2.87 | ATR: 3.82
  📊 Filled: 0 | Pending: 0
  💰 Daily P&L: $+0.00

[2026-07-31 11:16] O:7480.25 H:7483.50 L:7479.00 C:7483.00 V:2073.0
  📈 Trend: moderate_bullish (raw: strong_bullish) | 🌍 Regime: ranging
  🗺️  Grid: 0.080% | 🔺 7487.50 🔻 7479.50
  📡 RSI: 50.4 | MACD: 2.65 | ATR: 3.82
  📊 Filled: 0 | Pending: 0
  🔲 Regime: RANGING | Range pos: 63% | RSI: 50.4
  💰 Daily P&L: $+0.00

[2026-07-31 11:17] O:7483.00 H:7485.25 L:7481.50 C:7484.50 V:1846.0
  📈 Trend: strong_bullish | 🌍 Regime: ranging
  🗺️  Grid: 0.080% | 🔺 7483.50 🔻 7479.00
  📡 RSI: 52.1 | MACD: 2.56 | ATR: 3.95
  📊 Filled: 0 | Pending: 0
  🔲 Regime: RANGING | Range pos: 65% | RSI: 52.1
  💰 Daily P&L: $+0.00

[2026-07-31 11:18] O:7484.50 H:7485.25 L:7482.25 C:7485.00 V:1414.0
  📈 Trend: strong_bullish | 🌍 Regime: ranging
  🗺️  Grid: 0.080% | 🔺 7485.25 🔻 7481.50
  📡 RSI: 52.1 | MACD: 2.50 | ATR: 3.93
  📊 Filled: 0 | Pending: 0
  🔲 Regime: RANGING | Range pos: 65% | RSI: 52.1
  💰 Daily P&L: $+0.00

[2026-07-31 11:19] O:7485.25 H:7486.00 L:7483.00 C:7484.50 V:1280.0
  📈 Trend: strong_bullish (raw: moderate_bullish) | 🌍 Regime: ranging
  🗺️  Grid: 0.080% | 🔺 7485.25 🔻 7482.25
  📡 RSI: 56.2 | MACD: 2.39 | ATR: 3.84
  📊 Filled: 0 | Pending: 0
  🔲 Regime: RANGING | Range pos: 65% | RSI: 56.2
  💰 Daily P&L: $+0.00

[2026-07-31 11:20] O:7484.50 H:7488.00 L:7483.50 C:7488.00 V:1846.0
  📈 Trend: strong_bullish | 🌍 Regime: ranging
  🗺️  Grid: 0.080% | 🔺 7486.00 🔻 7483.00
  📡 RSI: 63.6 | MACD: 2.55 | ATR: 3.88
  📊 Filled: 0 | Pending: 0
  🔲 Regime: RANGING | Range pos: 69% | RSI: 63.6
  💰 Daily P&L: $+0.00

[2026-07-31 11:21] O:7488.00 H:7489.25 L:7487.00 C:7488.75 V:2057.0
  📈 Trend: strong_bullish | 🌍 Regime: ranging
  🗺️  Grid: 0.080% | 🔺 7488.00 🔻 7483.50
  📡 RSI: 69.0 | MACD: 2.71 | ATR: 3.71
  📊 Filled: 0 | Pending: 0
  🔲 Regime: RANGING | Range pos: 70% | RSI: 69.0
  💰 Daily P&L: $+0.00

[2026-07-31 11:22] O:7488.75 H:7490.75 L:7488.00 C:7490.00 V:2253.0
  📈 Trend: strong_bullish | 🌍 Regime: ranging
  🗺️  Grid: 0.080% | 🔺 7489.25 🔻 7487.00
  📡 RSI: 65.7 | MACD: 2.90 | ATR: 3.61
  📊 Filled: 0 | Pending: 0
  🔲 Regime: RANGING | Range pos: 71% | RSI: 65.7
  💰 Daily P&L: $+0.00

[2026-07-31 11:23] O:7490.00 H:7492.25 L:7489.75 C:7491.75 V:2783.0
  📈 Trend: strong_bullish | 🌍 Regime: ranging
  🗺️  Grid: 0.080% | 🔺 7490.75 🔻 7488.00
  📡 RSI: 67.9 | MACD: 3.16 | ATR: 3.66
  📊 Filled: 0 | Pending: 0
  🔲 Regime: RANGING | Range pos: 73% | RSI: 67.9
  💰 Daily P&L: $+0.00

[2026-07-31 11:24] O:7492.00 H:7496.00 L:7492.00 C:7494.50 V:3461.0
  📈 Trend: strong_bullish | 🌍 Regime: ranging
  🗺️  Grid: 0.080% | 🔺 7492.25 🔻 7489.75
  📡 RSI: 69.2 | MACD: 3.54 | ATR: 3.80
  📊 Filled: 0 | Pending: 0
  🔲 Regime: RANGING | Range pos: 76% | RSI: 69.2
  💰 Daily P&L: $+0.00

[2026-07-31 11:25] O:7494.75 H:7495.00 L:7490.00 C:7491.25 V:3246.0
  📈 Trend: strong_bullish | 🌍 Regime: ranging
  🗺️  Grid: 0.080% | 🔺 7496.00 🔻 7492.00
  📡 RSI: 58.5 | MACD: 3.54 | ATR: 3.82
  📊 Filled: 0 | Pending: 0
  🔲 Regime: RANGING | Range pos: 72% | RSI: 58.5
  💰 Daily P&L: $+0.00

[2026-07-31 11:26] O:7491.00 H:7492.50 L:7489.75 C:7491.75 V:2773.0
  📈 Trend: strong_bullish | 🌍 Regime: ranging
  🗺️  Grid: 0.080% | 🔺 7495.00 🔻 7490.00
  📡 RSI: 61.7 | MACD: 3.54 | ATR: 3.79
  📊 Filled: 0 | Pending: 0
  🔲 Regime: RANGING | Range pos: 73% | RSI: 61.7
  💰 Daily P&L: $+0.00

[2026-07-31 11:27] O:7491.75 H:7493.50 L:7490.25 C:7490.25 V:1507.0
  📈 Trend: strong_bullish | 🌍 Regime: ranging
  🗺️  Grid: 0.080% | 🔺 7492.50 🔻 7489.75
  📡 RSI: 55.0 | MACD: 3.39 | ATR: 3.79
  📊 Filled: 0 | Pending: 0
  🔲 Regime: RANGING | Range pos: 71% | RSI: 55.0
  💰 Daily P&L: $+0.00

[2026-07-31 11:28] O:7490.50 H:7493.50 L:7489.50 C:7492.75 V:1567.0
  📈 Trend: strong_bullish | 🌍 Regime: ranging
  🗺️  Grid: 0.080% | 🔺 7493.50 🔻 7490.25
  📡 RSI: 60.2 | MACD: 3.42 | ATR: 3.82
  📊 Filled: 0 | Pending: 0
  🔲 Regime: RANGING | Range pos: 74% | RSI: 60.2
  💰 Daily P&L: $+0.00

[2026-07-31 11:29] O:7493.00 H:7496.00 L:7492.75 C:7496.00 V:1758.0
  📈 Trend: strong_bullish | 🌍 Regime: ranging
  🗺️  Grid: 0.080% | 🔺 7493.50 🔻 7489.50
  📡 RSI: 80.0 | MACD: 3.67 | ATR: 3.48
  📊 Filled: 0 | Pending: 0
  🔲 Regime: RANGING | Range pos: 78% | RSI: 80.0
  🚫 Raw trend blocks RANGING SHORT | raw: strong_bullish
  💰 Daily P&L: $+0.00

[2026-07-31 11:30] O:7496.00 H:7499.00 L:7495.00 C:7495.50 V:3632.0
  📈 Trend: strong_bullish | 🌍 Regime: ranging
  🗺️  Grid: 0.080% | 🔺 7496.00 🔻 7492.75
  📡 RSI: 76.0 | MACD: 3.78 | ATR: 3.45
  📊 Filled: 0 | Pending: 0
  🔲 Regime: RANGING | Range pos: 77% | RSI: 76.0
  🚫 Raw trend blocks RANGING SHORT | raw: strong_bullish
  💰 Daily P&L: $+0.00

[2026-07-31 11:31] O:7495.50 H:7499.25 L:7493.50 C:7499.25 V:3512.0
  📈 Trend: strong_bullish | 🌍 Regime: ranging
  🗺️  Grid: 0.080% | 🔺 7499.00 🔻 7495.00
  📡 RSI: 78.1 | MACD: 4.13 | ATR: 3.59
  📊 Filled: 0 | Pending: 0
  🔲 Regime: RANGING | Range pos: 82% | RSI: 78.1
  🚫 Raw trend blocks RANGING SHORT | raw: strong_bullish
  💰 Daily P&L: $+0.00

[2026-07-31 11:32] O:7499.25 H:7499.75 L:7497.50 C:7498.00 V:2080.0
  📈 Trend: strong_bullish | 🌍 Regime: ranging
  🗺️  Grid: 0.080% | 🔺 7499.25 🔻 7493.50
  📡 RSI: 74.1 | MACD: 4.25 | ATR: 3.54
  📊 Filled: 0 | Pending: 0
  🔲 Regime: RANGING | Range pos: 80% | RSI: 74.1
  🚫 Raw trend blocks RANGING SHORT | raw: strong_bullish
  💰 Daily P&L: $+0.00

[2026-07-31 11:33] O:7498.00 H:7499.75 L:7496.75 C:7499.50 V:2326.0
  📈 Trend: strong_bullish | 🌍 Regime: ranging
  🗺️  Grid: 0.080% | 🔺 7499.75 🔻 7497.50
  📡 RSI: 76.8 | MACD: 4.42 | ATR: 3.54
  📊 Filled: 0 | Pending: 0
  🔲 Regime: RANGING | Range pos: 82% | RSI: 76.8
  🚫 Raw trend blocks RANGING SHORT | raw: strong_bullish
  💰 Daily P&L: $+0.00

[2026-07-31 11:34] O:7499.50 H:7499.50 L:7498.00 C:7499.50 V:1624.0
  📈 Trend: strong_bullish | 🌍 Regime: ranging
  🗺️  Grid: 0.080% | 🔺 7499.75 🔻 7496.75
  📡 RSI: 73.5 | MACD: 4.50 | ATR: 3.32
  📊 Filled: 0 | Pending: 0
  🔲 Regime: RANGING | Range pos: 82% | RSI: 73.5
  🚫 Raw trend blocks RANGING SHORT | raw: strong_bullish
  💰 Daily P&L: $+0.00

[2026-07-31 11:35] O:7499.25 H:7501.00 L:7498.50 C:7500.50 V:2982.0
  📈 Trend: strong_bullish | 🌍 Regime: ranging
  🗺️  Grid: 0.080% | 🔺 7499.50 🔻 7498.00
  📡 RSI: 73.7 | MACD: 4.59 | ATR: 3.34
  📊 Filled: 0 | Pending: 0
  🔲 Regime: RANGING | Range pos: 83% | RSI: 73.7
  🚫 Raw trend blocks RANGING SHORT | raw: strong_bullish
  💰 Daily P&L: $+0.00

[2026-07-31 11:36] O:7500.50 H:7500.75 L:7496.50 C:7496.75 V:2107.0
  📈 Trend: strong_bullish | 🌍 Regime: ranging
  🗺️  Grid: 0.080% | 🔺 7501.00 🔻 7498.50
  📡 RSI: 62.4 | MACD: 4.31 | ATR: 3.45
  📊 Filled: 0 | Pending: 0
  🔲 Regime: RANGING | Range pos: 79% | RSI: 62.4
  💰 Daily P&L: $+0.00

[2026-07-31 11:37] O:7496.75 H:7498.50 L:7496.50 C:7497.50 V:1870.0
  📈 Trend: strong_bullish | 🌍 Regime: ranging
  🗺️  Grid: 0.080% | 🔺 7500.75 🔻 7496.50
  📡 RSI: 61.0 | MACD: 4.10 | ATR: 3.41
  📊 Filled: 0 | Pending: 0
  🔲 Regime: RANGING | Range pos: 80% | RSI: 61.0
  💰 Daily P&L: $+0.00

[2026-07-31 11:38] O:7497.75 H:7497.75 L:7494.50 C:7495.75 V:2789.0
  📈 Trend: strong_bullish | 🌍 Regime: ranging
  🗺️  Grid: 0.080% | 🔺 7498.50 🔻 7496.50
  📡 RSI: 52.5 | MACD: 3.76 | ATR: 3.34
  📊 Filled: 0 | Pending: 0
  🔲 Regime: RANGING | Range pos: 78% | RSI: 52.5
  💰 Daily P&L: $+0.00

[2026-07-31 11:39] O:7495.75 H:7497.75 L:7495.50 C:7497.00 V:1538.0
  📈 Trend: strong_bullish | 🌍 Regime: ranging
  🗺️  Grid: 0.080% | 🔺 7497.75 🔻 7494.50
  📡 RSI: 62.4 | MACD: 3.54 | ATR: 3.14
  📊 Filled: 0 | Pending: 0
  🔲 Regime: RANGING | Range pos: 79% | RSI: 62.4
  💰 Daily P&L: $+0.00

[2026-07-31 11:40] O:7496.75 H:7499.25 L:7496.75 C:7498.50 V:1668.0
  📈 Trend: strong_bullish | 🌍 Regime: ranging
  🗺️  Grid: 0.080% | 🔺 7497.75 🔻 7495.50
  📡 RSI: 63.9 | MACD: 3.45 | ATR: 3.12
  📊 Filled: 0 | Pending: 0
  🔲 Regime: RANGING | Range pos: 81% | RSI: 63.9
  💰 Daily P&L: $+0.00

[2026-07-31 11:41] O:7498.50 H:7498.75 L:7494.00 C:7494.00 V:2083.0
  📈 Trend: strong_bullish | 🌍 Regime: ranging
  🗺️  Grid: 0.080% | 🔺 7499.25 🔻 7496.75
  📡 RSI: 56.9 | MACD: 2.98 | ATR: 3.23
  📊 Filled: 0 | Pending: 0
  🔲 Regime: RANGING | Range pos: 76% | RSI: 56.9
  💰 Daily P&L: $+0.00

[2026-07-31 11:42] O:7494.00 H:7496.00 L:7492.50 C:7495.25 V:3073.0
  📈 Trend: strong_bullish | 🌍 Regime: ranging
  🗺️  Grid: 0.080% | 🔺 7498.75 🔻 7494.00
  📡 RSI: 54.8 | MACD: 2.68 | ATR: 3.20
  📊 Filled: 0 | Pending: 0
  🔲 Regime: RANGING | Range pos: 77% | RSI: 54.8
  💰 Daily P&L: $+0.00

[2026-07-31 11:43] O:7495.25 H:7496.25 L:7493.50 C:7494.25 V:2440.0
  📈 Trend: strong_bullish (raw: moderate_bullish) | 🌍 Regime: ranging
  🗺️  Grid: 0.080% | 🔺 7496.00 🔻 7492.50
  📡 RSI: 46.3 | MACD: 2.33 | ATR: 3.16
  📊 Filled: 0 | Pending: 0
  🔲 Regime: RANGING | Range pos: 76% | RSI: 46.3
  💰 Daily P&L: $+0.00

[2026-07-31 11:44] O:7494.25 H:7495.00 L:7492.75 C:7493.50 V:1853.0
  📈 Trend: strong_bullish | 🌍 Regime: ranging
  🗺️  Grid: 0.080% | 🔺 7496.25 🔻 7493.50
  📡 RSI: 45.8 | MACD: 1.97 | ATR: 3.04
  📊 Filled: 0 | Pending: 0
  🔲 Regime: RANGING | Range pos: 75% | RSI: 45.8
  💰 Daily P&L: $+0.00

[2026-07-31 11:45] O:7493.50 H:7495.50 L:7491.25 C:7494.00 V:2248.0
  📈 Trend: strong_bullish | 🌍 Regime: ranging
  🗺️  Grid: 0.080% | 🔺 7495.00 🔻 7492.75
  📡 RSI: 37.3 | MACD: 1.71 | ATR: 2.93
  📊 Filled: 0 | Pending: 0
  🔲 Regime: RANGING | Range pos: 76% | RSI: 37.3
  💰 Daily P&L: $+0.00

[2026-07-31 11:46] O:7494.00 H:7497.50 L:7492.50 C:7497.50 V:1860.0
  📈 Trend: strong_bullish | 🌍 Regime: ranging
  🗺️  Grid: 0.080% | 🔺 7495.50 🔻 7491.25
  📡 RSI: 48.9 | MACD: 1.76 | ATR: 3.12
  📊 Filled: 0 | Pending: 0
  🔲 Regime: RANGING | Range pos: 80% | RSI: 48.9
  💰 Daily P&L: $+0.00

[2026-07-31 11:47] O:7497.50 H:7497.75 L:7496.00 C:7496.75 V:1362.0
  📈 Trend: strong_bullish | 🌍 Regime: ranging
  🗺️  Grid: 0.080% | 🔺 7497.50 🔻 7492.50
  📡 RSI: 43.8 | MACD: 1.72 | ATR: 3.04
  📊 Filled: 0 | Pending: 0
  🔲 Regime: RANGING | Range pos: 79% | RSI: 43.8
  💰 Daily P&L: $+0.00

[2026-07-31 11:48] O:7496.75 H:7497.00 L:7495.25 C:7496.50 V:2054.0
  📈 Trend: strong_bullish | 🌍 Regime: ranging
  🗺️  Grid: 0.080% | 🔺 7497.75 🔻 7496.00
  📡 RSI: 43.3 | MACD: 1.65 | ATR: 3.05
  📊 Filled: 0 | Pending: 0
  🔲 Regime: RANGING | Range pos: 78% | RSI: 43.3
  💰 Daily P&L: $+0.00

[2026-07-31 11:49] O:7496.25 H:7497.25 L:7494.50 C:7497.00 V:2074.0
  📈 Trend: strong_bullish | 🌍 Regime: ranging
  🗺️  Grid: 0.080% | 🔺 7497.00 🔻 7495.25
  📡 RSI: 42.0 | MACD: 1.62 | ATR: 3.07
  📊 Filled: 0 | Pending: 0
  🔲 Regime: RANGING | Range pos: 79% | RSI: 42.0
  💰 Daily P&L: $+0.00

[2026-07-31 11:50] O:7497.25 H:7499.25 L:7495.75 C:7498.25 V:2110.0
  📈 Trend: strong_bullish (raw: moderate_bullish) | 🌍 Regime: ranging
  🗺️  Grid: 0.080% | 🔺 7497.25 🔻 7494.50
  📡 RSI: 53.8 | MACD: 1.68 | ATR: 3.02
  📊 Filled: 0 | Pending: 0
  🔲 Regime: RANGING | Range pos: 80% | RSI: 53.8
  💰 Daily P&L: $+0.00

[2026-07-31 11:51] O:7498.25 H:7503.00 L:7497.50 C:7499.50 V:2845.0
  📈 Trend: strong_bullish | 🌍 Regime: ranging
  🗺️  Grid: 0.080% | 🔺 7499.25 🔻 7495.75
  📡 RSI: 55.0 | MACD: 1.80 | ATR: 3.27
  📊 Filled: 0 | Pending: 0
  🔲 Regime: RANGING | Range pos: 82% | RSI: 55.0
  💰 Daily P&L: $+0.00

[2026-07-31 11:52] O:7499.75 H:7500.00 L:7498.50 C:7499.00 V:1395.0
  📈 Trend: strong_bullish (raw: moderate_bullish) | 🌍 Regime: ranging
  🗺️  Grid: 0.080% | 🔺 7503.00 🔻 7497.50
  📡 RSI: 58.7 | MACD: 1.84 | ATR: 3.14
  📊 Filled: 0 | Pending: 0
  🔲 Regime: RANGING | Range pos: 81% | RSI: 58.7
  💰 Daily P&L: $+0.00

[2026-07-31 11:53] O:7499.00 H:7500.00 L:7498.25 C:7499.75 V:1306.0
  📈 Trend: strong_bullish | 🌍 Regime: ranging
  🗺️  Grid: 0.080% | 🔺 7500.00 🔻 7498.50
  📡 RSI: 57.5 | MACD: 1.90 | ATR: 3.11
  📊 Filled: 0 | Pending: 0
  🔲 Regime: RANGING | Range pos: 82% | RSI: 57.5
  💰 Daily P&L: $+0.00

[2026-07-31 11:54] O:7499.75 H:7501.00 L:7497.00 C:7497.50 V:1488.0
  📈 Trend: strong_bullish (raw: moderate_bullish) | 🌍 Regime: ranging
  🗺️  Grid: 0.080% | 🔺 7500.00 🔻 7498.25
  📡 RSI: 47.4 | MACD: 1.76 | ATR: 3.21
  📊 Filled: 0 | Pending: 0
  🔲 Regime: RANGING | Range pos: 80% | RSI: 47.4
  💰 Daily P&L: $+0.00

[2026-07-31 11:55] O:7497.50 H:7499.25 L:7497.00 C:7498.25 V:1826.0
  📈 Trend: strong_bullish | 🌍 Regime: ranging
  🗺️  Grid: 0.080% | 🔺 7501.00 🔻 7497.00
  📡 RSI: 63.9 | MACD: 1.68 | ATR: 3.04
  📊 Filled: 0 | Pending: 0
  🔲 Regime: RANGING | Range pos: 80% | RSI: 63.9
  💰 Daily P&L: $+0.00

[2026-07-31 11:56] O:7498.50 H:7499.75 L:7497.25 C:7498.25 V:1436.0
  📈 Trend: strong_bullish | 🌍 Regime: ranging
  🗺️  Grid: 0.080% | 🔺 7499.25 🔻 7497.00
  📡 RSI: 60.7 | MACD: 1.60 | ATR: 2.96
  📊 Filled: 0 | Pending: 0
  🔲 Regime: RANGING | Range pos: 80% | RSI: 60.7
  💰 Daily P&L: $+0.00

[2026-07-31 11:57] O:7498.50 H:7500.50 L:7498.25 C:7500.00 V:1220.0
  📈 Trend: strong_bullish | 🌍 Regime: ranging
  🗺️  Grid: 0.080% | 🔺 7499.75 🔻 7497.25
  📡 RSI: 69.5 | MACD: 1.66 | ATR: 2.93
  📊 Filled: 0 | Pending: 0
  🔲 Regime: RANGING | Range pos: 82% | RSI: 69.5
  💰 Daily P&L: $+0.00

[2026-07-31 11:58] O:7500.25 H:7500.25 L:7499.25 C:7499.25 V:1249.0
  📈 Trend: strong_bullish | 🌍 Regime: ranging
  🗺️  Grid: 0.080% | 🔺 7500.50 🔻 7498.25
  📡 RSI: 69.5 | MACD: 1.63 | ATR: 2.84
  📊 Filled: 0 | Pending: 0
  🔲 Regime: RANGING | Range pos: 82% | RSI: 69.5
  💰 Daily P&L: $+0.00

[2026-07-31 11:59] O:7499.25 H:7499.50 L:7497.50 C:7497.50 V:1443.0
  📈 Trend: strong_bullish (raw: moderate_bullish) | 🌍 Regime: ranging
  🗺️  Grid: 0.080% | 🔺 7500.25 🔻 7499.25
  📡 RSI: 60.9 | MACD: 1.45 | ATR: 2.68
  📊 Filled: 0 | Pending: 0
  🔲 Regime: RANGING | Range pos: 80% | RSI: 60.9
  💰 Daily P&L: $+0.00

[2026-07-31 12:00] O:7497.50 H:7500.00 L:7496.50 C:7500.00 V:2160.0
  📈 Trend: strong_bullish | 🌍 Regime: ranging
  🗺️  Grid: 0.080% | 🔺 7499.50 🔻 7497.50
  📡 RSI: 58.3 | MACD: 1.48 | ATR: 2.57
  📊 Filled: 0 | Pending: 0
  🔲 Regime: RANGING | Range pos: 82% | RSI: 58.3
  💰 Daily P&L: $+0.00

[2026-07-31 12:01] O:7500.00 H:7503.75 L:7499.50 C:7503.25 V:2785.0
  📈 Trend: strong_bullish | 🌍 Regime: ranging
  🗺️  Grid: 0.080% | 🔺 7500.00 🔻 7496.50
  📡 RSI: 68.6 | MACD: 1.76 | ATR: 2.75
  📊 Filled: 0 | Pending: 0
  🔲 Regime: RANGING | Range pos: 86% | RSI: 68.6
  💰 Daily P&L: $+0.00

[2026-07-31 12:02] O:7503.25 H:7503.75 L:7502.50 C:7503.00 V:1542.0
  📈 Trend: strong_bullish | 🌍 Regime: ranging
  🗺️  Grid: 0.080% | 🔺 7503.75 🔻 7499.50
  📡 RSI: 68.6 | MACD: 1.93 | ATR: 2.71
  📊 Filled: 0 | Pending: 0
  🔲 Regime: RANGING | Range pos: 86% | RSI: 68.6
  💰 Daily P&L: $+0.00

[2026-07-31 12:03] O:7503.25 H:7505.00 L:7502.75 C:7504.25 V:1780.0
  📈 Trend: strong_bullish | 🌍 Regime: ranging
  🗺️  Grid: 0.080% | 🔺 7503.75 🔻 7502.50
  📡 RSI: 69.9 | MACD: 2.15 | ATR: 2.68
  📊 Filled: 0 | Pending: 0
  🔲 Regime: RANGING | Range pos: 87% | RSI: 69.9
  💰 Daily P&L: $+0.00

[2026-07-31 12:04] O:7504.50 H:7504.50 L:7502.25 C:7502.25 V:1440.0
  📈 Trend: strong_bullish | 🌍 Regime: ranging
  🗺️  Grid: 0.080% | 🔺 7505.00 🔻 7502.75
  📡 RSI: 60.5 | MACD: 2.13 | ATR: 2.59
  📊 Filled: 0 | Pending: 0
  🔲 Regime: RANGING | Range pos: 85% | RSI: 60.5
  💰 Daily P&L: $+0.00

[2026-07-31 12:05] O:7502.25 H:7504.50 L:7501.50 C:7503.25 V:1453.0
  📈 Trend: strong_bullish | 🌍 Regime: ranging
  🗺️  Grid: 0.080% | 🔺 7504.50 🔻 7502.25
  📡 RSI: 60.0 | MACD: 2.17 | ATR: 2.41
  📊 Filled: 0 | Pending: 0
  🔲 Regime: RANGING | Range pos: 86% | RSI: 60.0
  💰 Daily P&L: $+0.00

[2026-07-31 12:06] O:7503.25 H:7503.50 L:7500.00 C:7500.50 V:2154.0
  📈 Trend: strong_bullish | 🌍 Regime: ranging
  🗺️  Grid: 0.080% | 🔺 7504.50 🔻 7501.50
  📡 RSI: 53.6 | MACD: 1.96 | ATR: 2.55
  📊 Filled: 0 | Pending: 0
  🔲 Regime: RANGING | Range pos: 83% | RSI: 53.6
  💰 Daily P&L: $+0.00

[2026-07-31 12:07] O:7500.50 H:7500.75 L:7497.50 C:7497.50 V:2174.0
  📈 Trend: strong_bullish | 🌍 Regime: ranging
  🗺️  Grid: 0.080% | 🔺 7503.50 🔻 7500.00
  📡 RSI: 45.2 | MACD: 1.53 | ATR: 2.66
  📊 Filled: 0 | Pending: 0
  🔲 Regime: RANGING | Range pos: 80% | RSI: 45.2
  💰 Daily P&L: $+0.00

[2026-07-31 12:08] O:7497.50 H:7499.50 L:7497.00 C:7499.00 V:1542.0
  📈 Trend: strong_bullish | 🌍 Regime: ranging
  🗺️  Grid: 0.080% | 🔺 7500.75 🔻 7497.50
  📡 RSI: 53.3 | MACD: 1.30 | ATR: 2.55
  📊 Filled: 0 | Pending: 0
  🔲 Regime: RANGING | Range pos: 81% | RSI: 53.3
  💰 Daily P&L: $+0.00

[2026-07-31 12:09] O:7499.00 H:7500.50 L:7498.75 C:7499.75 V:1163.0
  📈 Trend: strong_bullish | 🌍 Regime: ranging
  🗺️  Grid: 0.080% | 🔺 7499.50 🔻 7497.00
  📡 RSI: 53.3 | MACD: 1.17 | ATR: 2.52
  📊 Filled: 0 | Pending: 0
  🔲 Regime: RANGING | Range pos: 82% | RSI: 53.3
  💰 Daily P&L: $+0.00

[2026-07-31 12:10] O:7499.75 H:7502.00 L:7497.75 C:7500.75 V:1614.0
  📈 Trend: strong_bullish | 🌍 Regime: ranging
  🗺️  Grid: 0.080% | 🔺 7500.50 🔻 7498.75
  📡 RSI: 55.3 | MACD: 1.13 | ATR: 2.64
  📊 Filled: 0 | Pending: 0
  🔲 Regime: RANGING | Range pos: 83% | RSI: 55.3
  💰 Daily P&L: $+0.00

[2026-07-31 12:11] O:7501.00 H:7503.75 L:7501.00 C:7503.50 V:1246.0
  📈 Trend: strong_bullish | 🌍 Regime: ranging
  🗺️  Grid: 0.080% | 🔺 7502.00 🔻 7497.75
  📡 RSI: 57.1 | MACD: 1.30 | ATR: 2.70
  📊 Filled: 0 | Pending: 0
  🔲 Regime: RANGING | Range pos: 86% | RSI: 57.1
  💰 Daily P&L: $+0.00

[2026-07-31 12:12] O:7503.75 H:7504.50 L:7503.25 C:7503.50 V:1368.0
  📈 Trend: strong_bullish | 🌍 Regime: ranging
  🗺️  Grid: 0.080% | 🔺 7503.75 🔻 7501.00
  📡 RSI: 58.9 | MACD: 1.42 | ATR: 2.71
  📊 Filled: 0 | Pending: 0
  🔲 Regime: RANGING | Range pos: 86% | RSI: 58.9
  💰 Daily P&L: $+0.00

[2026-07-31 12:13] O:7503.75 H:7504.25 L:7503.25 C:7503.50 V:759.0
  📈 Trend: strong_bullish | 🌍 Regime: trending_bullish
  🗺️  Grid: 0.080% | 🔺 7504.50 🔻 7503.25
  📡 RSI: 63.6 | MACD: 1.50 | ATR: 2.64
  📊 Filled: 0 | Pending: 0
  💰 Daily P&L: $+0.00

[2026-07-31 12:14] O:7503.25 H:7504.75 L:7502.25 C:7504.00 V:1323.0
  📈 Trend: strong_bullish | 🌍 Regime: trending_bullish
  🗺️  Grid: 0.080% | 🔺 7504.25 🔻 7503.25
  📡 RSI: 60.0 | MACD: 1.59 | ATR: 2.57
  📊 Filled: 0 | Pending: 0
  💰 Daily P&L: $+0.00

[2026-07-31 12:15] O:7504.00 H:7506.50 L:7503.25 C:7505.50 V:2305.0
  📈 Trend: strong_bullish | 🌍 Regime: trending_bullish
  🗺️  Grid: 0.080% | 🔺 7504.75 🔻 7502.25
  📡 RSI: 56.2 | MACD: 1.75 | ATR: 2.50
  📊 Filled: 0 | Pending: 0
  💰 Daily P&L: $+0.00

[2026-07-31 12:16] O:7505.75 H:7507.00 L:7504.25 C:7505.00 V:1492.0
  📈 Trend: strong_bullish | 🌍 Regime: trending_bullish
  🗺️  Grid: 0.080% | 🔺 7506.50 🔻 7503.25
  📡 RSI: 55.4 | MACD: 1.83 | ATR: 2.61
  📊 Filled: 0 | Pending: 0
  💰 Daily P&L: $+0.00

[2026-07-31 12:17] O:7505.00 H:7505.00 L:7502.75 C:7503.25 V:1345.0
  📈 Trend: strong_bullish | 🌍 Regime: trending_bullish
  🗺️  Grid: 0.080% | 🔺 7507.00 🔻 7504.25
  📡 RSI: 47.4 | MACD: 1.72 | ATR: 2.61
  📊 Filled: 0 | Pending: 0
  💰 Daily P&L: $+0.00

[2026-07-31 12:18] O:7503.25 H:7505.25 L:7502.75 C:7504.25 V:1164.0
  📈 Trend: strong_bullish | 🌍 Regime: trending_bullish
  🗺️  Grid: 0.080% | 🔺 7505.00 🔻 7502.75
  📡 RSI: 55.6 | MACD: 1.70 | ATR: 2.62
  📊 Filled: 0 | Pending: 0
  💰 Daily P&L: $+0.00

[2026-07-31 12:19] O:7504.50 H:7506.75 L:7504.25 C:7506.25 V:964.0
  📈 Trend: strong_bullish | 🌍 Regime: trending_bullish
  🗺️  Grid: 0.080% | 🔺 7505.25 🔻 7502.75
  📡 RSI: 57.9 | MACD: 1.82 | ATR: 2.59
  📊 Filled: 0 | Pending: 0
  💰 Daily P&L: $+0.00

[2026-07-31 12:20] O:7506.25 H:7508.00 L:7506.00 C:7507.25 V:1376.0
  📈 Trend: strong_bullish | 🌍 Regime: trending_bullish
  🗺️  Grid: 0.080% | 🔺 7506.75 🔻 7504.25
  📡 RSI: 69.6 | MACD: 1.98 | ATR: 2.48
  📊 Filled: 0 | Pending: 0
  💰 Daily P&L: $+0.00

[2026-07-31 12:21] O:7507.25 H:7507.50 L:7505.25 C:7505.50 V:1387.0
  📈 Trend: strong_bullish | 🌍 Regime: trending_bullish
  🗺️  Grid: 0.080% | 🔺 7508.00 🔻 7506.00
  📡 RSI: 75.0 | MACD: 1.94 | ATR: 2.41
  📊 Filled: 0 | Pending: 0
  💰 Daily P&L: $+0.00

[2026-07-31 12:22] O:7505.25 H:7505.75 L:7503.50 C:7505.75 V:1518.0
  📈 Trend: strong_bullish | 🌍 Regime: trending_bullish
  🗺️  Grid: 0.080% | 🔺 7507.50 🔻 7505.25
  📡 RSI: 72.9 | MACD: 1.91 | ATR: 2.39
  📊 Filled: 0 | Pending: 0
  💰 Daily P&L: $+0.00

[2026-07-31 12:23] O:7505.75 H:7508.25 L:7505.50 C:7508.25 V:1163.0
  📈 Trend: strong_bullish | 🌍 Regime: trending_bullish
  🗺️  Grid: 0.080% | 🔺 7505.75 🔻 7503.50
  📡 RSI: 75.8 | MACD: 2.06 | ATR: 2.46
  📊 Filled: 0 | Pending: 0
  💰 Daily P&L: $+0.00

[2026-07-31 12:24] O:7508.25 H:7513.00 L:7508.00 C:7512.25 V:4129.0
  📈 Trend: strong_bullish | 🌍 Regime: trending_bullish
  🗺️  Grid: 0.080% | 🔺 7508.25 🔻 7505.50
  📡 RSI: 79.5 | MACD: 2.47 | ATR: 2.52
  📊 Filled: 0 | Pending: 0
  💰 Daily P&L: $+0.00

[2026-07-31 12:25] O:7512.00 H:7513.00 L:7511.00 C:7512.50 V:3074.0
  📈 Trend: strong_bullish | 🌍 Regime: trending_bullish
  🗺️  Grid: 0.080% | 🔺 7513.00 🔻 7508.00
  📡 RSI: 76.5 | MACD: 2.79 | ATR: 2.45
  📊 Filled: 0 | Pending: 0
  💰 Daily P&L: $+0.00

[2026-07-31 12:26] O:7512.50 H:7513.50 L:7510.75 C:7513.50 V:2303.0
  📈 Trend: strong_bullish | 🌍 Regime: trending_bullish
  🗺️  Grid: 0.080% | 🔺 7513.00 🔻 7511.00
  📡 RSI: 77.8 | MACD: 3.08 | ATR: 2.55
  📊 Filled: 0 | Pending: 0
  💰 Daily P&L: $+0.00

[2026-07-31 12:27] O:7513.50 H:7516.00 L:7512.00 C:7512.25 V:5451.0
  📈 Trend: strong_bullish | 🌍 Regime: trending_bullish
  🗺️  Grid: 0.080% | 🔺 7513.50 🔻 7510.75
  📡 RSI: 72.7 | MACD: 3.18 | ATR: 2.77
  📊 Filled: 0 | Pending: 0
  💰 Daily P&L: $+0.00

[2026-07-31 12:28] O:7512.50 H:7515.00 L:7512.25 C:7513.50 V:2417.0
  📈 Trend: strong_bullish | 🌍 Regime: trending_bullish
  🗺️  Grid: 0.080% | 🔺 7516.00 🔻 7512.00
  📡 RSI: 73.8 | MACD: 3.32 | ATR: 2.79
  📊 Filled: 0 | Pending: 0
  💰 Daily P&L: $+0.00

[2026-07-31 12:29] O:7513.25 H:7515.75 L:7513.25 C:7514.75 V:2785.0
  📈 Trend: strong_bullish | 🌍 Regime: trending_bullish
  🗺️  Grid: 0.080% | 🔺 7515.00 🔻 7512.25
  📡 RSI: 73.4 | MACD: 3.49 | ATR: 2.73
  📊 Filled: 0 | Pending: 0
  💰 Daily P&L: $+0.00

[2026-07-31 12:30] O:7514.75 H:7515.00 L:7513.00 C:7513.75 V:2205.0
  📈 Trend: strong_bullish | 🌍 Regime: trending_bullish
  🗺️  Grid: 0.080% | 🔺 7515.75 🔻 7513.25
  📡 RSI: 71.6 | MACD: 3.51 | ATR: 2.68
  📊 Filled: 0 | Pending: 0
  💰 Daily P&L: $+0.00

[2026-07-31 12:31] O:7513.50 H:7515.00 L:7513.50 C:7514.00 V:2120.0
  📈 Trend: strong_bullish | 🌍 Regime: trending_bullish
  🗺️  Grid: 0.080% | 🔺 7515.00 🔻 7513.00
  📡 RSI: 78.7 | MACD: 3.50 | ATR: 2.62
  📊 Filled: 0 | Pending: 0
  💰 Daily P&L: $+0.00

[2026-07-31 12:32] O:7514.00 H:7514.75 L:7512.25 C:7513.50 V:1777.0
  📈 Trend: strong_bullish | 🌍 Regime: trending_bullish
  🗺️  Grid: 0.080% | 🔺 7515.00 🔻 7513.50
  📡 RSI: 75.3 | MACD: 3.41 | ATR: 2.62
  📊 Filled: 0 | Pending: 0
  💰 Daily P&L: $+0.00

[2026-07-31 12:33] O:7513.25 H:7516.00 L:7513.00 C:7516.00 V:1836.0
  📈 Trend: strong_bullish | 🌍 Regime: trending_bullish
  🗺️  Grid: 0.080% | 🔺 7514.75 🔻 7512.25
  📡 RSI: 76.0 | MACD: 3.50 | ATR: 2.66
  📊 Filled: 0 | Pending: 0
  💰 Daily P&L: $+0.00

[2026-07-31 12:34] O:7516.00 H:7516.25 L:7515.00 C:7515.50 V:2081.0
  📈 Trend: strong_bullish | 🌍 Regime: trending_bullish
  🗺️  Grid: 0.080% | 🔺 7516.00 🔻 7513.00
  📡 RSI: 72.6 | MACD: 3.50 | ATR: 2.61
  📊 Filled: 0 | Pending: 0
  💰 Daily P&L: $+0.00

[2026-07-31 12:35] O:7515.25 H:7516.50 L:7514.00 C:7515.75 V:1887.0
  📈 Trend: strong_bullish | 🌍 Regime: trending_bullish
  🗺️  Grid: 0.080% | 🔺 7516.25 🔻 7515.00
  📡 RSI: 80.6 | MACD: 3.47 | ATR: 2.62
  📊 Filled: 0 | Pending: 0
  💰 Daily P&L: $+0.00

[2026-07-31 12:36] O:7515.50 H:7517.00 L:7514.50 C:7515.25 V:2171.0
  📈 Trend: strong_bullish | 🌍 Regime: trending_bullish
  🗺️  Grid: 0.080% | 🔺 7516.50 🔻 7514.00
  📡 RSI: 77.9 | MACD: 3.37 | ATR: 2.64
  📊 Filled: 0 | Pending: 0
  💰 Daily P&L: $+0.00

[2026-07-31 12:37] O:7515.25 H:7516.75 L:7515.00 C:7516.00 V:1423.0
  📈 Trend: strong_bullish | 🌍 Regime: trending_bullish
  🗺️  Grid: 0.080% | 🔺 7517.00 🔻 7514.50
  📡 RSI: 75.4 | MACD: 3.31 | ATR: 2.57
  📊 Filled: 0 | Pending: 0
  💰 Daily P&L: $+0.00

[2026-07-31 12:38] O:7516.00 H:7516.50 L:7511.75 C:7512.25 V:2621.0
  📈 Trend: strong_bullish | 🌍 Regime: trending_bullish
  🗺️  Grid: 0.080% | 🔺 7516.75 🔻 7515.00
  📡 RSI: 50.0 | MACD: 2.93 | ATR: 2.55
  📊 Filled: 0 | Pending: 0
  💰 Daily P&L: $+0.00

[2026-07-31 12:39] O:7512.00 H:7512.00 L:7509.00 C:7509.50 V:3523.0
  📈 Trend: strong_bullish | 🌍 Regime: trending_bullish
  🗺️  Grid: 0.080% | 🔺 7516.50 🔻 7511.75
  📡 RSI: 41.4 | MACD: 2.38 | ATR: 2.64
  📊 Filled: 0 | Pending: 0
  💰 Daily P&L: $+0.00

[2026-07-31 12:40] O:7509.25 H:7512.00 L:7509.00 C:7510.75 V:2361.0
  📈 Trend: strong_bullish | 🌍 Regime: trending_bullish
  🗺️  Grid: 0.080% | 🔺 7512.00 🔻 7509.00
  📡 RSI: 42.3 | MACD: 2.02 | ATR: 2.66
  📊 Filled: 0 | Pending: 0
  💰 Daily P&L: $+0.00

[2026-07-31 12:41] O:7510.75 H:7511.00 L:7509.00 C:7510.00 V:1994.0
  📈 Trend: strong_bullish | 🌍 Regime: trending_bullish
  🗺️  Grid: 0.080% | 🔺 7512.00 🔻 7509.00
  📡 RSI: 43.5 | MACD: 1.66 | ATR: 2.52
  📊 Filled: 0 | Pending: 0
  💰 Daily P&L: $+0.00

[2026-07-31 12:42] O:7510.00 H:7510.00 L:7507.50 C:7508.50 V:2275.0
  📈 Trend: strong_bullish | 🌍 Regime: trending_bullish
  🗺️  Grid: 0.080% | 🔺 7511.00 🔻 7509.00
  📡 RSI: 35.7 | MACD: 1.23 | ATR: 2.50
  📊 Filled: 0 | Pending: 0
  💰 Daily P&L: $+0.00

[2026-07-31 12:43] O:7508.50 H:7510.00 L:7508.50 C:7510.00 V:1510.0
  📈 Trend: strong_bullish (raw: moderate_bullish) | 🌍 Regime: trending_bullish
  🗺️  Grid: 0.080% | 🔺 7510.00 🔻 7507.50
  📡 RSI: 36.6 | MACD: 1.01 | ATR: 2.43
  📊 Filled: 0 | Pending: 0
  💰 Daily P&L: $+0.00

[2026-07-31 12:44] O:7509.75 H:7511.00 L:7509.25 C:7510.00 V:1377.0
  📈 Trend: moderate_bullish | 🌍 Regime: trending_bullish
  🗺️  Grid: 0.080% | 🔺 7510.00 🔻 7508.50
  📡 RSI: 38.8 | MACD: 0.82 | ATR: 2.41
  📊 Filled: 0 | Pending: 0
  💰 Daily P&L: $+0.00

[2026-07-31 12:45] O:7510.00 H:7511.50 L:7509.25 C:7509.50 V:1911.0
  📈 Trend: moderate_bullish | 🌍 Regime: trending_bullish
  🗺️  Grid: 0.080% | 🔺 7511.00 🔻 7509.25
  📡 RSI: 36.8 | MACD: 0.62 | ATR: 2.46
  📊 Filled: 0 | Pending: 0
  💰 Daily P&L: $+0.00

[2026-07-31 12:46] O:7509.25 H:7513.00 L:7509.25 C:7511.50 V:1413.0
  📈 Trend: moderate_bullish | 🌍 Regime: trending_bullish
  🗺️  Grid: 0.080% | 🔺 7511.50 🔻 7509.25
  📡 RSI: 44.6 | MACD: 0.62 | ATR: 2.55
  📊 Filled: 0 | Pending: 0
  💰 Daily P&L: $+0.00

[2026-07-31 12:47] O:7511.50 H:7512.00 L:7506.25 C:7506.50 V:2562.0
  📈 Trend: moderate_bullish | 🌍 Regime: trending_bullish
  🗺️  Grid: 0.080% | 🔺 7513.00 🔻 7509.25
  📡 RSI: 27.4 | MACD: 0.21 | ATR: 2.75
  📊 Filled: 0 | Pending: 0
  💰 Daily P&L: $+0.00

[2026-07-31 12:48] O:7506.50 H:7507.00 L:7504.50 C:7505.75 V:2899.0
  📈 Trend: moderate_bullish | 🌍 Regime: trending_bullish
  🗺️  Grid: 0.080% | 🔺 7512.00 🔻 7506.25
  📡 RSI: 27.1 | MACD: -0.17 | ATR: 2.84
  📊 Filled: 0 | Pending: 0
  💰 Daily P&L: $+0.00

[2026-07-31 12:49] O:7505.75 H:7506.25 L:7503.75 C:7504.50 V:1861.0
  📈 Trend: moderate_bullish | 🌍 Regime: trending_bullish
  🗺️  Grid: 0.080% | 🔺 7507.00 🔻 7504.50
  📡 RSI: 24.7 | MACD: -0.57 | ATR: 2.84
  📊 Filled: 0 | Pending: 0
  💰 Daily P&L: $+0.00

[2026-07-31 12:50] O:7504.25 H:7505.75 L:7503.25 C:7505.25 V:2038.0
  📈 Trend: moderate_bullish | 🌍 Regime: trending_bullish
  🗺️  Grid: 0.080% | 🔺 7506.25 🔻 7503.75
  📡 RSI: 27.8 | MACD: -0.81 | ATR: 2.84
  📊 Filled: 0 | Pending: 0
  💰 Daily P&L: $+0.00

[2026-07-31 12:51] O:7505.50 H:7507.25 L:7504.25 C:7507.25 V:2141.0
  📈 Trend: moderate_bullish | 🌍 Regime: trending_bullish
  🗺️  Grid: 0.080% | 🔺 7505.75 🔻 7503.25
  📡 RSI: 31.6 | MACD: -0.83 | ATR: 2.93
  📊 Filled: 0 | Pending: 0
  📤 Limit BUY 10 @ 7507.25 submitted (ID: 576)
  ⬆️ LONG ORDER @ 7507.25 | Size: 1.00 | SL: 7501.50 | TP: 7516.00 [10cts]
     Reason: Grid Long (moderate_bullish, RSI: 31.6)
  🔬 SHADOW [long trending]: 🟥 ROBUST WOULD BLOCK (1 filter)
       MACD=BLOCK (-0.83 vs -0.81, Δ-0.02) | 5m=PASS (1m=moderate_bullish, 5m=sideways)
     ⏳ Order 576 PENDING - awaiting fill confirmation
  💰 Daily P&L: $+0.00
  📋 Order 576 status: Submitted
  ✅ Fill: BOT 3.0 @ 7507.25
  📋 Order 576 status: Submitted
  ✅ Fill: BOT 1.0 @ 7507.25
  📋 Order 576 status: Submitted
  ✅ Fill: BOT 3.0 @ 7507.25
  📋 Order 576 status: Submitted
  ✅ Fill: BOT 3.0 @ 7507.25
  📋 Order 576 status: Filled
  📤 Stop-Limit SELL 10 @ stop:7499.25 / lmt:7495.25 submitted (ID: 577) [OCA:exit_576_1785520385]
  📋 Order 577 status: PreSubmitted
  📤 Limit SELL 10 @ 7516.00 submitted (ID: 578) [OCA:exit_576_1785520385]
  📋 Order 578 status: PreSubmitted
  ✅ FILL CONFIRMED: LONG @ 7507.25 (order 576)
     📊 Bracket placed: SL #577 @ 7499.25 | TP #578 @ 7516.00
     Trail activates @ +7.5 pts

[2026-07-31 12:52] O:7507.50 H:7510.00 L:7507.00 C:7507.50 V:2172.0
  📈 Trend: moderate_bullish | 🌍 Regime: trending_bullish
  🗺️  Grid: 0.080% | 🔺 7507.25 🔻 7504.25
  📡 RSI: 38.3 | MACD: -0.82 | ATR: 2.80
  📊 Filled: 1 | Pending: 0
  📍 LONG @ 7507.25 | SL: 7499.25 | TP: 7516.00 | P&L: $+125.00 | +7.5 to trail
  💰 Daily P&L: $+0.00
  📋 Order 578 status: Submitted

[2026-07-31 12:53] O:7507.50 H:7508.75 L:7506.50 C:7506.75 V:1164.0
  📈 Trend: moderate_bullish | 🌍 Regime: trending_bullish
  🗺️  Grid: 0.080% | 🔺 7510.00 🔻 7507.00
  📡 RSI: 42.5 | MACD: -0.86 | ATR: 2.73
  📊 Filled: 1 | Pending: 0
  📍 LONG @ 7507.25 | SL: 7499.25 | TP: 7516.00 | P&L: $-250.00 | +4.8 to trail
  💰 Daily P&L: $+0.00

[2026-07-31 12:54] O:7506.75 H:7508.25 L:7506.75 C:7507.25 V:1376.0
  📈 Trend: moderate_bullish | 🌍 Regime: trending_bullish
  🗺️  Grid: 0.080% | 🔺 7508.75 🔻 7506.50
  📡 RSI: 40.0 | MACD: -0.85 | ATR: 2.62
  📊 Filled: 1 | Pending: 0
  📍 LONG @ 7507.25 | SL: 7499.25 | TP: 7516.00 | P&L: $+0.00 | +4.8 to trail
  💰 Daily P&L: $+0.00

[2026-07-31 12:55] O:7507.25 H:7508.50 L:7507.00 C:7507.25 V:1295.0
  📈 Trend: moderate_bullish | 🌍 Regime: trending_bullish
  🗺️  Grid: 0.080% | 🔺 7508.25 🔻 7506.75
  📡 RSI: 41.8 | MACD: -0.82 | ATR: 2.59
  📊 Filled: 1 | Pending: 0
  📍 LONG @ 7507.25 | SL: 7499.25 | TP: 7516.00 | P&L: $+0.00 | +4.8 to trail
  💰 Daily P&L: $+0.00

[2026-07-31 12:56] O:7507.50 H:7509.25 L:7507.50 C:7508.25 V:1039.0
  📈 Trend: moderate_bullish | 🌍 Regime: trending_bullish
  🗺️  Grid: 0.080% | 🔺 7508.50 🔻 7507.00
  📡 RSI: 49.2 | MACD: -0.72 | ATR: 2.55
  📊 Filled: 1 | Pending: 0
  📍 LONG @ 7507.25 | SL: 7499.25 | TP: 7516.00 | P&L: $+500.00 | +4.8 to trail
  💰 Daily P&L: $+0.00

[2026-07-31 12:57] O:7508.00 H:7508.75 L:7506.75 C:7508.75 V:1410.0
  📈 Trend: moderate_bullish (raw: strong_bearish) | 🌍 Regime: trending_bearish
  🗺️  Grid: 0.080% | 🔺 7509.25 🔻 7507.50
  📡 RSI: 45.9 | MACD: -0.58 | ATR: 2.59
  📊 Filled: 1 | Pending: 0
  📍 LONG @ 7507.25 | SL: 7499.25 | TP: 7516.00 | P&L: $+750.00 | +4.8 to trail
  💰 Daily P&L: $+0.00

[2026-07-31 12:58] O:7508.50 H:7509.00 L:7507.50 C:7508.00 V:1113.0
  📈 Trend: strong_bearish | 🌍 Regime: trending_bearish
  🗺️  Grid: 0.080% | 🔺 7508.75 🔻 7506.75
  📡 RSI: 43.8 | MACD: -0.53 | ATR: 2.57
  📊 Filled: 1 | Pending: 0
  📍 LONG @ 7507.25 | SL: 7499.25 | TP: 7516.00 | P&L: $+375.00 | +4.8 to trail
  💰 Daily P&L: $+0.00

[2026-07-31 12:59] O:7507.75 H:7507.75 L:7505.50 C:7506.00 V:1562.0
  📈 Trend: strong_bearish | 🌍 Regime: trending_bearish
  🗺️  Grid: 0.080% | 🔺 7509.00 🔻 7507.50
  📡 RSI: 40.0 | MACD: -0.65 | ATR: 2.59
  📊 Filled: 1 | Pending: 0
  📍 LONG @ 7507.25 | SL: 7499.25 | TP: 7516.00 | P&L: $-625.00 | +4.8 to trail
  💰 Daily P&L: $+0.00

[2026-07-31 13:00] O:7505.75 H:7509.50 L:7504.25 C:7509.00 V:3100.0
  📈 Trend: strong_bearish (raw: moderate_bearish) | 🌍 Regime: trending_bearish
  🗺️  Grid: 0.080% | 🔺 7507.75 🔻 7505.50
  📡 RSI: 43.2 | MACD: -0.49 | ATR: 2.70
  📊 Filled: 1 | Pending: 0
  📍 LONG @ 7507.25 | SL: 7499.25 | TP: 7516.00 | P&L: $+875.00 | +4.8 to trail
  💰 Daily P&L: $+0.00

[2026-07-31 13:01] O:7509.25 H:7512.00 L:7509.00 C:7510.50 V:2140.0
  📈 Trend: strong_bearish (raw: moderate_bullish) | 🌍 Regime: ranging
  🗺️  Grid: 0.080% | 🔺 7509.50 🔻 7504.25
  📡 RSI: 63.3 | MACD: -0.24 | ATR: 2.50
  📊 Filled: 1 | Pending: 0
  📍 LONG @ 7507.25 | SL: 7499.25 | TP: 7516.00 | P&L: $+1,625.00 | +4.8 to trail
  💰 Daily P&L: $+0.00

[2026-07-31 13:02] O:7510.75 H:7511.00 L:7509.00 C:7509.75 V:1708.0
  📈 Trend: strong_bearish (raw: moderate_bearish) | 🌍 Regime: ranging
  🗺️  Grid: 0.080% | 🔺 7512.00 🔻 7509.00
  📡 RSI: 63.3 | MACD: -0.10 | ATR: 2.46
  📊 Filled: 1 | Pending: 0
  📍 LONG @ 7507.25 | SL: 7499.25 | TP: 7516.00 | P&L: $+1,250.00 | +2.8 to trail
  💰 Daily P&L: $+0.00

[2026-07-31 13:03] O:7509.75 H:7510.75 L:7508.25 C:7508.75 V:1335.0
  📈 Trend: moderate_bearish | 🌍 Regime: ranging
  🗺️  Grid: 0.080% | 🔺 7511.00 🔻 7509.00
  📡 RSI: 64.4 | MACD: -0.08 | ATR: 2.46
  📊 Filled: 1 | Pending: 0
  📍 LONG @ 7507.25 | SL: 7499.25 | TP: 7516.00 | P&L: $+750.00 | +2.8 to trail
  💰 Daily P&L: $+0.00

[2026-07-31 13:04] O:7508.75 H:7510.00 L:7508.00 C:7508.00 V:1232.0
  📈 Trend: moderate_bearish | 🌍 Regime: ranging
  🗺️  Grid: 0.080% | 🔺 7510.75 🔻 7508.25
  📡 RSI: 59.3 | MACD: -0.11 | ATR: 2.43
  📊 Filled: 1 | Pending: 0
  📍 LONG @ 7507.25 | SL: 7499.25 | TP: 7516.00 | P&L: $+375.00 | +2.8 to trail
  💰 Daily P&L: $+0.00

[2026-07-31 13:05] O:7508.25 H:7508.50 L:7505.75 C:7507.75 V:1597.0
  📈 Trend: moderate_bearish | 🌍 Regime: ranging
  🗺️  Grid: 0.080% | 🔺 7510.00 🔻 7508.00
  📡 RSI: 51.9 | MACD: -0.16 | ATR: 2.41
  📊 Filled: 1 | Pending: 0
  📍 LONG @ 7507.25 | SL: 7499.25 | TP: 7516.00 | P&L: $+250.00 | +2.8 to trail
  💰 Daily P&L: $+0.00

[2026-07-31 13:06] O:7508.00 H:7512.00 L:7508.00 C:7511.00 V:2019.0
  📈 Trend: moderate_bearish (raw: strong_bullish) | 🌍 Regime: ranging
  🗺️  Grid: 0.080% | 🔺 7508.50 🔻 7505.75
  📡 RSI: 60.9 | MACD: 0.07 | ATR: 2.50
  📊 Filled: 1 | Pending: 0
  📍 LONG @ 7507.25 | SL: 7499.25 | TP: 7516.00 | P&L: $+1,875.00 | +2.8 to trail
  💰 Daily P&L: $+0.00

[2026-07-31 13:07] O:7511.00 H:7511.50 L:7509.50 C:7510.25 V:1419.0
  📈 Trend: strong_bullish | 🌍 Regime: ranging
  🗺️  Grid: 0.080% | 🔺 7512.00 🔻 7508.00
  📡 RSI: 60.9 | MACD: 0.18 | ATR: 2.48
  📊 Filled: 1 | Pending: 0
  📍 LONG @ 7507.25 | SL: 7499.25 | TP: 7516.00 | P&L: $+1,500.00 | +2.8 to trail
  💰 Daily P&L: $+0.00

[2026-07-31 13:08] O:7510.00 H:7511.50 L:7509.25 C:7510.75 V:1082.0
  📈 Trend: strong_bullish | 🌍 Regime: ranging
  🗺️  Grid: 0.080% | 🔺 7511.50 🔻 7509.50
  📡 RSI: 60.9 | MACD: 0.31 | ATR: 2.54
  📊 Filled: 1 | Pending: 0
  📍 LONG @ 7507.25 | SL: 7499.25 | TP: 7516.00 | P&L: $+1,750.00 | +2.8 to trail
  💰 Daily P&L: $+0.00

[2026-07-31 13:09] O:7510.75 H:7511.00 L:7510.25 C:7510.50 V:921.0
  📈 Trend: strong_bullish | 🌍 Regime: ranging
  🗺️  Grid: 0.080% | 🔺 7511.50 🔻 7509.25
  📡 RSI: 60.0 | MACD: 0.39 | ATR: 2.48
  📊 Filled: 1 | Pending: 0
  📍 LONG @ 7507.25 | SL: 7499.25 | TP: 7516.00 | P&L: $+1,625.00 | +2.8 to trail
  💰 Daily P&L: $+0.00

[2026-07-31 13:10] O:7510.50 H:7512.00 L:7509.75 C:7510.00 V:1241.0
  📈 Trend: strong_bullish | 🌍 Regime: ranging
  🗺️  Grid: 0.080% | 🔺 7511.00 🔻 7510.25
  📡 RSI: 55.6 | MACD: 0.40 | ATR: 2.50
  📊 Filled: 1 | Pending: 0
  📍 LONG @ 7507.25 | SL: 7499.25 | TP: 7516.00 | P&L: $+1,375.00 | +2.8 to trail
  💰 Daily P&L: $+0.00

[2026-07-31 13:11] O:7509.75 H:7510.00 L:7507.00 C:7507.75 V:1640.0
  📈 Trend: strong_bullish | 🌍 Regime: ranging
  🗺️  Grid: 0.080% | 🔺 7512.00 🔻 7509.75
  📡 RSI: 47.1 | MACD: 0.23 | ATR: 2.57
  📊 Filled: 1 | Pending: 0
  📍 LONG @ 7507.25 | SL: 7499.25 | TP: 7516.00 | P&L: $+250.00 | +2.8 to trail
  💰 Daily P&L: $+0.00

[2026-07-31 13:12] O:7507.75 H:7509.00 L:7506.75 C:7507.00 V:1614.0
  📈 Trend: strong_bullish (raw: moderate_bullish) | 🌍 Regime: ranging
  🗺️  Grid: 0.080% | 🔺 7510.00 🔻 7507.00
  📡 RSI: 47.1 | MACD: 0.03 | ATR: 2.62
  📊 Filled: 1 | Pending: 0
  📍 LONG @ 7507.25 | SL: 7499.25 | TP: 7516.00 | P&L: $-125.00 | +2.8 to trail
  💰 Daily P&L: $+0.00

[2026-07-31 13:13] O:7507.25 H:7509.00 L:7506.50 C:7508.75 V:1349.0
  📈 Trend: moderate_bullish | 🌍 Regime: ranging
  🗺️  Grid: 0.080% | 🔺 7509.00 🔻 7506.75
  📡 RSI: 58.0 | MACD: 0.02 | ATR: 2.62
  📊 Filled: 1 | Pending: 0
  📍 LONG @ 7507.25 | SL: 7499.25 | TP: 7516.00 | P&L: $+750.00 | +2.8 to trail
  💰 Daily P&L: $+0.00

[2026-07-31 13:14] O:7508.50 H:7510.25 L:7507.50 C:7508.50 V:1464.0
  📈 Trend: moderate_bullish | 🌍 Regime: ranging
  🗺️  Grid: 0.080% | 🔺 7509.00 🔻 7506.50
  📡 RSI: 48.3 | MACD: -0.01 | ATR: 2.45
  📊 Filled: 1 | Pending: 0
  📍 LONG @ 7507.25 | SL: 7499.25 | TP: 7516.00 | P&L: $+625.00 | +2.8 to trail
  💰 Daily P&L: $+0.00

[2026-07-31 13:15] O:7508.50 H:7510.50 L:7508.00 C:7510.00 V:1490.0
  📈 Trend: moderate_bullish (raw: strong_bullish) | 🌍 Regime: ranging
  🗺️  Grid: 0.080% | 🔺 7510.25 🔻 7507.50
  📡 RSI: 48.3 | MACD: 0.08 | ATR: 2.41
  📊 Filled: 1 | Pending: 0
  📍 LONG @ 7507.25 | SL: 7499.25 | TP: 7516.00 | P&L: $+1,375.00 | +2.8 to trail
  💰 Daily P&L: $+0.00

[2026-07-31 13:16] O:7510.00 H:7511.50 L:7509.50 C:7510.75 V:1399.0
  📈 Trend: strong_bullish | 🌍 Regime: ranging
  🗺️  Grid: 0.080% | 🔺 7510.50 🔻 7508.00
  📡 RSI: 53.4 | MACD: 0.21 | ATR: 2.41
  📊 Filled: 1 | Pending: 0
  📍 LONG @ 7507.25 | SL: 7499.25 | TP: 7516.00 | P&L: $+1,750.00 | +2.8 to trail
  💰 Daily P&L: $+0.00

[2026-07-31 13:17] O:7511.00 H:7512.50 L:7510.00 C:7511.50 V:1282.0
  📈 Trend: strong_bullish | 🌍 Regime: ranging
  🗺️  Grid: 0.080% | 🔺 7511.50 🔻 7509.50
  📡 RSI: 59.6 | MACD: 0.38 | ATR: 2.41
  📊 Filled: 1 | Pending: 0
  📍 LONG @ 7507.25 | SL: 7499.25 | TP: 7516.00 | P&L: $+2,125.00 | +2.8 to trail
  💰 Daily P&L: $+0.00

[2026-07-31 13:18] O:7511.50 H:7514.25 L:7511.25 C:7513.50 V:1709.0
  📈 Trend: strong_bullish | 🌍 Regime: ranging
  🗺️  Grid: 0.080% | 🔺 7512.50 🔻 7510.00
  📡 RSI: 67.7 | MACD: 0.66 | ATR: 2.48
  📊 Filled: 1 | Pending: 0
  📍 LONG @ 7507.25 | SL: 7499.25 | TP: 7516.00 | P&L: $+3,125.00 | +2.2 to trail
  💰 Daily P&L: $+0.00

[2026-07-31 13:19] O:7513.50 H:7514.50 L:7512.25 C:7512.50 V:1311.0
  📈 Trend: strong_bullish | 🌍 Regime: ranging
  🗺️  Grid: 0.080% | 🔺 7514.25 🔻 7511.25
  📡 RSI: 64.6 | MACD: 0.79 | ATR: 2.45
  📊 Filled: 1 | Pending: 0
  📍 LONG @ 7507.25 | SL: 7499.25 | TP: 7516.00 | P&L: $+2,625.00 | +0.5 to trail
  💰 Daily P&L: $+0.00

[2026-07-31 13:20] O:7512.50 H:7514.75 L:7512.00 C:7513.50 V:1874.0
  📈 Trend: strong_bullish | 🌍 Regime: ranging
  🗺️  Grid: 0.080% | 🔺 7514.50 🔻 7512.25
  📡 RSI: 58.9 | MACD: 0.97 | ATR: 2.34
  📊 Filled: 1 | Pending: 0
  📍 LONG @ 7507.25 | SL: 7499.25 | TP: 7516.00 | P&L: $+3,125.00 | +0.2 to trail
  📋 Order 577 status: Cancelled
  ⚠️ Stop order 577 modification sent but not confirmed — stop may be delayed
  ⚠️ Trail activation failed — IBKR did not confirm stop move. Will retry next bar.
  💰 Daily P&L: $+0.00

[2026-07-31 13:21] O:7513.25 H:7515.75 L:7512.75 C:7514.25 V:1520.0
  📈 Trend: strong_bullish | 🌍 Regime: ranging
  🗺️  Grid: 0.080% | 🔺 7514.75 🔻 7512.00
  📡 RSI: 64.3 | MACD: 1.15 | ATR: 2.41
  📊 Filled: 1 | Pending: 0
  📍 LONG @ 7507.25 | SL: 7499.25 | TP: 7516.00 | P&L: $+3,500.00
  ⚠️ Failed to modify order 577: 
  ⚠️ Trail activation failed — IBKR did not confirm stop move. Will retry next bar.
  💰 Daily P&L: $+0.00

[2026-07-31 13:22] O:7514.25 H:7515.25 L:7513.25 C:7514.50 V:1622.0
  📈 Trend: strong_bullish | 🌍 Regime: ranging
  🗺️  Grid: 0.080% | 🔺 7515.75 🔻 7512.75
  📡 RSI: 63.6 | MACD: 1.31 | ATR: 2.39
  📊 Filled: 1 | Pending: 0
  📍 LONG @ 7507.25 | SL: 7499.25 | TP: 7516.00 | P&L: $+3,625.00
  ⚠️ Failed to modify order 577: 
  ⚠️ Trail activation failed — IBKR did not confirm stop move. Will retry next bar.
  💰 Daily P&L: $+0.00

[2026-07-31 13:23] O:7514.50 H:7515.50 L:7514.00 C:7514.50 V:1557.0
  📈 Trend: strong_bullish | 🌍 Regime: ranging
  🗺️  Grid: 0.080% | 🔺 7515.25 🔻 7513.25
  📡 RSI: 64.8 | MACD: 1.41 | ATR: 2.45
  📊 Filled: 1 | Pending: 0
  📍 LONG @ 7507.25 | SL: 7499.25 | TP: 7516.00 | P&L: $+3,625.00
  ⚠️ Failed to modify order 577: 
  ⚠️ Trail activation failed — IBKR did not confirm stop move. Will retry next bar.
  💰 Daily P&L: $+0.00

[2026-07-31 13:24] O:7514.50 H:7516.00 L:7514.25 C:7515.25 V:1586.0
  📈 Trend: strong_bullish | 🌍 Regime: ranging
  🗺️  Grid: 0.080% | 🔺 7515.50 🔻 7514.00
  📡 RSI: 69.1 | MACD: 1.54 | ATR: 2.41
  📊 Filled: 1 | Pending: 0
  📍 LONG @ 7507.25 | SL: 7499.25 | TP: 7516.00 | P&L: $+4,000.00
  ⚠️ Failed to modify order 577: 
  ⚠️ Trail activation failed — IBKR did not confirm stop move. Will retry next bar.
  💰 Daily P&L: $+0.00

[2026-07-31 13:25] O:7515.25 H:7515.50 L:7512.00 C:7512.75 V:1920.0
  📈 Trend: strong_bullish | 🌍 Regime: ranging
  🗺️  Grid: 0.080% | 🔺 7516.00 🔻 7514.25
  📡 RSI: 67.9 | MACD: 1.42 | ATR: 2.45
  📊 Filled: 1 | Pending: 0
  📍 LONG @ 7507.25 | SL: 7499.25 | TP: 7516.00 | P&L: $+2,750.00
  ⚠️ Failed to modify order 577: 
  ⚠️ Trail activation failed — IBKR did not confirm stop move. Will retry next bar.
  💰 Daily P&L: $+0.00

[2026-07-31 13:26] O:7512.50 H:7513.00 L:7511.50 C:7511.50 V:1280.0
  📈 Trend: strong_bullish | 🌍 Regime: ranging
  🗺️  Grid: 0.080% | 🔺 7515.50 🔻 7512.00
  📡 RSI: 65.5 | MACD: 1.21 | ATR: 2.39
  📊 Filled: 1 | Pending: 0
  📍 LONG @ 7507.25 | SL: 7499.25 | TP: 7516.00 | P&L: $+2,125.00
  ⚠️ Failed to modify order 577: 
  ⚠️ Trail activation failed — IBKR did not confirm stop move. Will retry next bar.
  💰 Daily P&L: $+0.00

[2026-07-31 13:27] O:7511.50 H:7512.50 L:7510.75 C:7512.00 V:1369.0
  📈 Trend: strong_bullish | 🌍 Regime: ranging
  🗺️  Grid: 0.080% | 🔺 7513.00 🔻 7511.50
  📡 RSI: 62.3 | MACD: 1.07 | ATR: 2.34
  📊 Filled: 1 | Pending: 0
  📍 LONG @ 7507.25 | SL: 7499.25 | TP: 7516.00 | P&L: $+2,375.00
  ⚠️ Failed to modify order 577: 
  ⚠️ Trail activation failed — IBKR did not confirm stop move. Will retry next bar.
  💰 Daily P&L: $+0.00

[2026-07-31 13:28] O:7512.00 H:7513.00 L:7511.25 C:7512.00 V:1131.0
  📈 Trend: strong_bullish | 🌍 Regime: ranging
  🗺️  Grid: 0.080% | 🔺 7512.50 🔻 7510.75
  📡 RSI: 63.5 | MACD: 0.95 | ATR: 2.27
  📊 Filled: 1 | Pending: 0
  📍 LONG @ 7507.25 | SL: 7499.25 | TP: 7516.00 | P&L: $+2,375.00
  ⚠️ Failed to modify order 577: 
  ⚠️ Trail activation failed — IBKR did not confirm stop move. Will retry next bar.
  💰 Daily P&L: $+0.00

[2026-07-31 13:29] O:7511.75 H:7513.50 L:7511.75 C:7512.00 V:980.0
  📈 Trend: strong_bullish | 🌍 Regime: ranging
  🗺️  Grid: 0.080% | 🔺 7513.00 🔻 7511.25
  📡 RSI: 58.7 | MACD: 0.85 | ATR: 2.21
  📊 Filled: 1 | Pending: 0
  📍 LONG @ 7507.25 | SL: 7499.25 | TP: 7516.00 | P&L: $+2,375.00
  ⚠️ Failed to modify order 577: 
  ⚠️ Trail activation failed — IBKR did not confirm stop move. Will retry next bar.
  💰 Daily P&L: $+0.00

[2026-07-31 13:30] O:7512.00 H:7514.25 L:7512.00 C:7514.00 V:1311.0
  📈 Trend: strong_bullish | 🌍 Regime: ranging
  🗺️  Grid: 0.080% | 🔺 7513.50 🔻 7511.75
  📡 RSI: 62.7 | MACD: 0.92 | ATR: 2.23
  📊 Filled: 1 | Pending: 0
  📍 LONG @ 7507.25 | SL: 7499.25 | TP: 7516.00 | P&L: $+3,375.00
  ⚠️ Failed to modify order 577: 
  ⚠️ Trail activation failed — IBKR did not confirm stop move. Will retry next bar.
  💰 Daily P&L: $+0.00

[2026-07-31 13:31] O:7514.00 H:7514.00 L:7512.50 C:7514.00 V:1171.0
  📈 Trend: strong_bullish | 🌍 Regime: ranging
  🗺️  Grid: 0.080% | 🔺 7514.25 🔻 7512.00
  📡 RSI: 60.4 | MACD: 0.96 | ATR: 2.16
  📊 Filled: 1 | Pending: 0
  📍 LONG @ 7507.25 | SL: 7499.25 | TP: 7516.00 | P&L: $+3,375.00
  ⚠️ Failed to modify order 577: 
  ⚠️ Trail activation failed — IBKR did not confirm stop move. Will retry next bar.
  💰 Daily P&L: $+0.00

[2026-07-31 13:32] O:7514.00 H:7514.50 L:7513.25 C:7514.00 V:1299.0
  📈 Trend: strong_bullish | 🌍 Regime: ranging
  🗺️  Grid: 0.080% | 🔺 7514.00 🔻 7512.50
  📡 RSI: 52.5 | MACD: 0.98 | ATR: 2.04
  📊 Filled: 1 | Pending: 0
  📍 LONG @ 7507.25 | SL: 7499.25 | TP: 7516.00 | P&L: $+3,375.00
  ⚠️ Failed to modify order 577: 
  ⚠️ Trail activation failed — IBKR did not confirm stop move. Will retry next bar.
  💰 Daily P&L: $+0.00

[2026-07-31 13:33] O:7513.75 H:7513.75 L:7512.00 C:7512.75 V:916.0
  📈 Trend: strong_bullish | 🌍 Regime: ranging
  🗺️  Grid: 0.080% | 🔺 7514.50 🔻 7513.25
  📡 RSI: 51.2 | MACD: 0.89 | ATR: 2.02
  📊 Filled: 1 | Pending: 0
  📍 LONG @ 7507.25 | SL: 7499.25 | TP: 7516.00 | P&L: $+2,750.00
  ⚠️ Failed to modify order 577: 
  ⚠️ Trail activation failed — IBKR did not confirm stop move. Will retry next bar.
  💰 Daily P&L: $+0.00

[2026-07-31 13:34] O:7512.75 H:7514.00 L:7512.25 C:7512.50 V:717.0
  📈 Trend: strong_bullish | 🌍 Regime: ranging
  🗺️  Grid: 0.080% | 🔺 7513.75 🔻 7512.00
  📡 RSI: 44.7 | MACD: 0.78 | ATR: 1.95
  📊 Filled: 1 | Pending: 0
  📍 LONG @ 7507.25 | SL: 7499.25 | TP: 7516.00 | P&L: $+2,625.00
  ⚠️ Failed to modify order 577: 
  ⚠️ Trail activation failed — IBKR did not confirm stop move. Will retry next bar.
  💰 Daily P&L: $+0.00

[2026-07-31 13:35] O:7512.50 H:7512.50 L:7508.50 C:7511.25 V:2313.0
  📈 Trend: strong_bullish | 🌍 Regime: ranging
  🗺️  Grid: 0.080% | 🔺 7514.00 🔻 7512.25
  📡 RSI: 35.0 | MACD: 0.60 | ATR: 2.02
  📊 Filled: 1 | Pending: 0
  📍 LONG @ 7507.25 | SL: 7499.25 | TP: 7516.00 | P&L: $+2,000.00
  ⚠️ Failed to modify order 577: 
  ⚠️ Trail activation failed — IBKR did not confirm stop move. Will retry next bar.
  💰 Daily P&L: $+0.00

[2026-07-31 13:36] O:7511.25 H:7512.75 L:7511.00 C:7511.50 V:1057.0
  📈 Trend: strong_bullish (raw: moderate_bullish) | 🌍 Regime: ranging
  🗺️  Grid: 0.080% | 🔺 7512.50 🔻 7508.50
  📡 RSI: 35.0 | MACD: 0.46 | ATR: 2.00
  📊 Filled: 1 | Pending: 0
  📍 LONG @ 7507.25 | SL: 7499.25 | TP: 7516.00 | P&L: $+2,125.00
  ⚠️ Failed to modify order 577: 
  ⚠️ Trail activation failed — IBKR did not confirm stop move. Will retry next bar.
  💰 Daily P&L: $+0.00

[2026-07-31 13:37] O:7511.25 H:7511.25 L:7509.50 C:7510.50 V:1755.0
  📈 Trend: moderate_bullish | 🌍 Regime: ranging
  🗺️  Grid: 0.080% | 🔺 7512.75 🔻 7511.00
  📡 RSI: 31.8 | MACD: 0.27 | ATR: 2.04
  📊 Filled: 1 | Pending: 0
  📍 LONG @ 7507.25 | SL: 7499.25 | TP: 7516.00 | P&L: $+1,625.00
  ⚠️ Failed to modify order 577: 
  ⚠️ Trail activation failed — IBKR did not confirm stop move. Will retry next bar.
  💰 Daily P&L: $+0.00

[2026-07-31 13:38] O:7510.50 H:7511.25 L:7510.25 C:7510.75 V:1029.0
  📈 Trend: moderate_bullish | 🌍 Regime: ranging
  🗺️  Grid: 0.080% | 🔺 7511.25 🔻 7509.50
  📡 RSI: 28.6 | MACD: 0.14 | ATR: 1.98
  📊 Filled: 1 | Pending: 0
  📍 LONG @ 7507.25 | SL: 7499.25 | TP: 7516.00 | P&L: $+1,750.00
  ⚠️ Failed to modify order 577: 
  ⚠️ Trail activation failed — IBKR did not confirm stop move. Will retry next bar.
  💰 Daily P&L: $+0.00

[2026-07-31 13:39] O:7510.50 H:7511.00 L:7509.50 C:7509.75 V:891.0
  📈 Trend: moderate_bullish | 🌍 Regime: ranging
  🗺️  Grid: 0.080% | 🔺 7511.25 🔻 7510.25
  📡 RSI: 33.3 | MACD: -0.05 | ATR: 1.84
  📊 Filled: 1 | Pending: 0
  📍 LONG @ 7507.25 | SL: 7499.25 | TP: 7516.00 | P&L: $+1,250.00
  ⚠️ Failed to modify order 577: 
  ⚠️ Trail activation failed — IBKR did not confirm stop move. Will retry next bar.
  💰 Daily P&L: $+0.00

[2026-07-31 13:40] O:7509.75 H:7510.50 L:7508.00 C:7510.00 V:1779.0
  📈 Trend: moderate_bullish | 🌍 Regime: ranging
  🗺️  Grid: 0.080% | 🔺 7511.00 🔻 7509.50
  📡 RSI: 40.6 | MACD: -0.17 | ATR: 1.91
  📊 Filled: 1 | Pending: 0
  📍 LONG @ 7507.25 | SL: 7499.25 | TP: 7516.00 | P&L: $+1,375.00
  ⚠️ Failed to modify order 577: 
  ⚠️ Trail activation failed — IBKR did not confirm stop move. Will retry next bar.
  💰 Daily P&L: $+0.00

[2026-07-31 13:41] O:7510.00 H:7512.50 L:7509.75 C:7510.75 V:2326.0
  📈 Trend: moderate_bullish | 🌍 Regime: ranging
  🗺️  Grid: 0.080% | 🔺 7510.50 🔻 7508.00
  📡 RSI: 42.4 | MACD: -0.21 | ATR: 1.98
  📊 Filled: 1 | Pending: 0
  📍 LONG @ 7507.25 | SL: 7499.25 | TP: 7516.00 | P&L: $+1,750.00
  ⚠️ Failed to modify order 577: 
  ⚠️ Trail activation failed — IBKR did not confirm stop move. Will retry next bar.
  💰 Daily P&L: $+0.00

[2026-07-31 13:42] O:7511.00 H:7513.25 L:7510.25 C:7513.00 V:1116.0
  📈 Trend: moderate_bullish | 🌍 Regime: ranging
  🗺️  Grid: 0.080% | 🔺 7512.50 🔻 7509.75
  📡 RSI: 54.8 | MACD: -0.06 | ATR: 2.07
  📊 Filled: 1 | Pending: 0
  📍 LONG @ 7507.25 | SL: 7499.25 | TP: 7516.00 | P&L: $+2,875.00
  ⚠️ Failed to modify order 577: 
  ⚠️ Trail activation failed — IBKR did not confirm stop move. Will retry next bar.
  💰 Daily P&L: $+0.00

[2026-07-31 13:43] O:7513.00 H:7513.25 L:7512.25 C:7512.50 V:658.0
  📈 Trend: moderate_bullish | 🌍 Regime: ranging
  🗺️  Grid: 0.080% | 🔺 7513.25 🔻 7510.25
  📡 RSI: 52.3 | MACD: 0.03 | ATR: 2.02
  📊 Filled: 1 | Pending: 0
  📍 LONG @ 7507.25 | SL: 7499.25 | TP: 7516.00 | P&L: $+2,625.00
  ⚠️ Failed to modify order 577: 
  ⚠️ Trail activation failed — IBKR did not confirm stop move. Will retry next bar.
  💰 Daily P&L: $+0.00

[2026-07-31 13:44] O:7512.25 H:7513.00 L:7511.50 C:7512.00 V:814.0
  📈 Trend: moderate_bullish | 🌍 Regime: ranging
  🗺️  Grid: 0.080% | 🔺 7513.25 🔻 7512.25
  📡 RSI: 39.5 | MACD: 0.05 | ATR: 1.96
  📊 Filled: 1 | Pending: 0
  📍 LONG @ 7507.25 | SL: 7499.25 | TP: 7516.00 | P&L: $+2,375.00
  ⚠️ Failed to modify order 577: 
  ⚠️ Trail activation failed — IBKR did not confirm stop move. Will retry next bar.
  💰 Daily P&L: $+0.00

[2026-07-31 13:45] O:7512.25 H:7514.00 L:7511.75 C:7513.25 V:1157.0
  📈 Trend: moderate_bullish (raw: strong_bullish) | 🌍 Regime: ranging
  🗺️  Grid: 0.080% | 🔺 7513.00 🔻 7511.50
  📡 RSI: 46.5 | MACD: 0.17 | ATR: 2.02
  📊 Filled: 1 | Pending: 0
  📍 LONG @ 7507.25 | SL: 7499.25 | TP: 7516.00 | P&L: $+3,000.00
  ⚠️ Failed to modify order 577: 
  ⚠️ Trail activation failed — IBKR did not confirm stop move. Will retry next bar.
  💰 Daily P&L: $+0.00

[2026-07-31 13:46] O:7513.50 H:7513.75 L:7511.00 C:7511.25 V:1221.0
  📈 Trend: moderate_bullish | 🌍 Regime: ranging
  🗺️  Grid: 0.080% | 🔺 7514.00 🔻 7511.75
  📡 RSI: 39.2 | MACD: 0.10 | ATR: 2.12
  📊 Filled: 1 | Pending: 0
  📍 LONG @ 7507.25 | SL: 7499.25 | TP: 7516.00 | P&L: $+2,000.00
  ⚠️ Failed to modify order 577: 
  ⚠️ Trail activation failed — IBKR did not confirm stop move. Will retry next bar.
  💰 Daily P&L: $+0.00

[2026-07-31 13:47] O:7511.00 H:7512.50 L:7510.50 C:7512.50 V:919.0
  📈 Trend: moderate_bullish (raw: strong_bullish) | 🌍 Regime: ranging
  🗺️  Grid: 0.080% | 🔺 7513.75 🔻 7511.00
  📡 RSI: 49.0 | MACD: 0.14 | ATR: 2.12
  📊 Filled: 1 | Pending: 0
  📍 LONG @ 7507.25 | SL: 7499.25 | TP: 7516.00 | P&L: $+2,625.00
  ⚠️ Failed to modify order 577: 
  ⚠️ Trail activation failed — IBKR did not confirm stop move. Will retry next bar.
  💰 Daily P&L: $+0.00

[2026-07-31 13:48] O:7512.50 H:7513.50 L:7511.50 C:7513.50 V:1025.0
  📈 Trend: strong_bullish | 🌍 Regime: ranging
  🗺️  Grid: 0.080% | 🔺 7512.50 🔻 7510.50
  📡 RSI: 53.7 | MACD: 0.25 | ATR: 2.14
  📊 Filled: 1 | Pending: 0
  📍 LONG @ 7507.25 | SL: 7499.25 | TP: 7516.00 | P&L: $+3,125.00
  ⚠️ Failed to modify order 577: 
  ⚠️ Trail activation failed — IBKR did not confirm stop move. Will retry next bar.
  💰 Daily P&L: $+0.00

[2026-07-31 13:49] O:7513.25 H:7515.00 L:7513.00 C:7514.50 V:1079.0
  📈 Trend: strong_bullish | 🌍 Regime: ranging
  🗺️  Grid: 0.080% | 🔺 7513.50 🔻 7511.50
  📡 RSI: 62.3 | MACD: 0.42 | ATR: 2.00
  📊 Filled: 1 | Pending: 0
  📍 LONG @ 7507.25 | SL: 7499.25 | TP: 7516.00 | P&L: $+3,625.00
  ⚠️ Failed to modify order 577: 
  ⚠️ Trail activation failed — IBKR did not confirm stop move. Will retry next bar.
  💰 Daily P&L: $+0.00

[2026-07-31 13:50] O:7514.50 H:7516.75 L:7514.25 C:7516.25 V:1903.0
  📈 Trend: strong_bullish | 🌍 Regime: ranging
  🗺️  Grid: 0.080% | 🔺 7515.00 🔻 7513.00
  📡 RSI: 66.1 | MACD: 0.68 | ATR: 2.05
  📊 Filled: 1 | Pending: 0
  📍 LONG @ 7507.25 | SL: 7499.25 | TP: 7516.00 | P&L: $+4,500.00
  ⚠️ Failed to modify order 577: 
  ⚠️ Trail activation failed — IBKR did not confirm stop move. Will retry next bar.
  💰 Daily P&L: $+0.00

[2026-07-31 13:51] O:7516.25 H:7516.50 L:7514.75 C:7515.50 V:1359.0
  📈 Trend: strong_bullish | 🌍 Regime: ranging
  🗺️  Grid: 0.080% | 🔺 7516.75 🔻 7514.25
  📡 RSI: 67.2 | MACD: 0.82 | ATR: 2.04
  📊 Filled: 1 | Pending: 0
  📍 LONG @ 7507.25 | SL: 7499.25 | TP: 7516.00 | P&L: $+4,125.00
  ⚠️ Failed to modify order 577: 
  ⚠️ Trail activation failed — IBKR did not confirm stop move. Will retry next bar.
  💰 Daily P&L: $+0.00

[2026-07-31 13:52] O:7515.50 H:7516.00 L:7514.00 C:7514.50 V:1164.0
  📈 Trend: strong_bullish | 🌍 Regime: ranging
  🗺️  Grid: 0.080% | 🔺 7516.50 🔻 7514.75
  📡 RSI: 62.3 | MACD: 0.84 | ATR: 2.11
  📊 Filled: 1 | Pending: 0
  📍 LONG @ 7507.25 | SL: 7499.25 | TP: 7516.00 | P&L: $+3,625.00
  ⚠️ Failed to modify order 577: 
  ⚠️ Trail activation failed — IBKR did not confirm stop move. Will retry next bar.
  💰 Daily P&L: $+0.00

[2026-07-31 13:53] O:7514.75 H:7515.25 L:7514.00 C:7514.75 V:994.0
  📈 Trend: strong_bullish | 🌍 Regime: ranging
  🗺️  Grid: 0.080% | 🔺 7516.00 🔻 7514.00
  📡 RSI: 67.2 | MACD: 0.87 | ATR: 2.09
  📊 Filled: 1 | Pending: 0
  📍 LONG @ 7507.25 | SL: 7499.25 | TP: 7516.00 | P&L: $+3,750.00
  ⚠️ Failed to modify order 577: 
  ⚠️ Trail activation failed — IBKR did not confirm stop move. Will retry next bar.
  💰 Daily P&L: $+0.00

[2026-07-31 13:54] O:7514.50 H:7514.75 L:7513.25 C:7513.75 V:1081.0
  📈 Trend: strong_bullish | 🌍 Regime: ranging
  🗺️  Grid: 0.080% | 🔺 7515.25 🔻 7514.00
  📡 RSI: 62.3 | MACD: 0.80 | ATR: 2.02
  📊 Filled: 1 | Pending: 0
  📍 LONG @ 7507.25 | SL: 7499.25 | TP: 7516.00 | P&L: $+3,250.00
  ⚠️ Failed to modify order 577: 
  ⚠️ Trail activation failed — IBKR did not confirm stop move. Will retry next bar.
  💰 Daily P&L: $+0.00

[2026-07-31 13:55] O:7514.00 H:7515.25 L:7512.00 C:7512.00 V:1330.0
  📈 Trend: strong_bullish | 🌍 Regime: ranging
  🗺️  Grid: 0.080% | 🔺 7514.75 🔻 7513.25
  📡 RSI: 53.8 | MACD: 0.60 | ATR: 2.05
  📊 Filled: 1 | Pending: 0
  📍 LONG @ 7507.25 | SL: 7499.25 | TP: 7516.00 | P&L: $+2,375.00
  ⚠️ Failed to modify order 577: 
  ⚠️ Trail activation failed — IBKR did not confirm stop move. Will retry next bar.
  💰 Daily P&L: $+0.00

[2026-07-31 13:56] O:7512.00 H:7513.25 L:7511.50 C:7513.00 V:1726.0
  📈 Trend: strong_bullish | 🌍 Regime: ranging
  🗺️  Grid: 0.080% | 🔺 7515.25 🔻 7512.00
  📡 RSI: 50.0 | MACD: 0.51 | ATR: 1.96
  📊 Filled: 1 | Pending: 0
  📍 LONG @ 7507.25 | SL: 7499.25 | TP: 7516.00 | P&L: $+2,875.00
  ⚠️ Failed to modify order 577: 
  ⚠️ Trail activation failed — IBKR did not confirm stop move. Will retry next bar.
  💰 Daily P&L: $+0.00

[2026-07-31 13:57] O:7512.75 H:7513.00 L:7510.00 C:7512.00 V:1772.0
  📈 Trend: strong_bullish | 🌍 Regime: ranging
  🗺️  Grid: 0.080% | 🔺 7513.25 🔻 7511.50
  📡 RSI: 48.4 | MACD: 0.36 | ATR: 2.11
  📊 Filled: 1 | Pending: 0
  📍 LONG @ 7507.25 | SL: 7499.25 | TP: 7516.00 | P&L: $+2,375.00
  ⚠️ Failed to modify order 577: 
  ⚠️ Trail activation failed — IBKR did not confirm stop move. Will retry next bar.
  💰 Daily P&L: $+0.00

[2026-07-31 13:58] O:7512.00 H:7512.75 L:7511.50 C:7512.50 V:908.0
  📈 Trend: strong_bullish | 🌍 Regime: ranging
  🗺️  Grid: 0.080% | 🔺 7513.00 🔻 7510.00
  📡 RSI: 51.6 | MACD: 0.27 | ATR: 2.09
  📊 Filled: 1 | Pending: 0
  📍 LONG @ 7507.25 | SL: 7499.25 | TP: 7516.00 | P&L: $+2,625.00
  ⚠️ Failed to modify order 577: 
  ⚠️ Trail activation failed — IBKR did not confirm stop move. Will retry next bar.
  💰 Daily P&L: $+0.00

[2026-07-31 13:59] O:7512.25 H:7513.50 L:7510.75 C:7513.00 V:1873.0
  📈 Trend: strong_bullish | 🌍 Regime: ranging
  🗺️  Grid: 0.080% | 🔺 7512.75 🔻 7511.50
  📡 RSI: 49.2 | MACD: 0.24 | ATR: 2.12
  📊 Filled: 1 | Pending: 0
  📍 LONG @ 7507.25 | SL: 7499.25 | TP: 7516.00 | P&L: $+2,875.00
  ⚠️ Failed to modify order 577: 
  ⚠️ Trail activation failed — IBKR did not confirm stop move. Will retry next bar.
  💰 Daily P&L: $+0.00

[2026-07-31 14:00] O:7512.75 H:7517.25 L:7512.50 C:7515.50 V:3176.0
  📈 Trend: strong_bullish | 🌍 Regime: ranging
  🗺️  Grid: 0.080% | 🔺 7513.50 🔻 7510.75
  📡 RSI: 63.9 | MACD: 0.42 | ATR: 2.27
  📊 Filled: 1 | Pending: 0
  📍 LONG @ 7507.25 | SL: 7499.25 | TP: 7516.00 | P&L: $+4,125.00
  ⚠️ Failed to modify order 577: 
  ⚠️ Trail activation failed — IBKR did not confirm stop move. Will retry next bar.
  💰 Daily P&L: $+0.00

[2026-07-31 14:01] O:7515.75 H:7516.00 L:7513.00 C:7514.00 V:2127.0
  📈 Trend: strong_bullish | 🌍 Regime: ranging
  🗺️  Grid: 0.080% | 🔺 7517.25 🔻 7512.50
  📡 RSI: 54.8 | MACD: 0.43 | ATR: 2.34
  📊 Filled: 1 | Pending: 0
  📍 LONG @ 7507.25 | SL: 7499.25 | TP: 7516.00 | P&L: $+3,375.00
  ⚠️ Failed to modify order 577: 
  ⚠️ Trail activation failed — IBKR did not confirm stop move. Will retry next bar.
  💰 Daily P&L: $+0.00

[2026-07-31 14:02] O:7514.00 H:7515.00 L:7513.00 C:7513.25 V:1995.0
  📈 Trend: strong_bullish | 🌍 Regime: ranging
  🗺️  Grid: 0.080% | 🔺 7516.00 🔻 7513.00
  📡 RSI: 49.2 | MACD: 0.37 | ATR: 2.34
  📊 Filled: 1 | Pending: 0
  📍 LONG @ 7507.25 | SL: 7499.25 | TP: 7516.00 | P&L: $+3,000.00
  ⚠️ Failed to modify order 577: 
  ⚠️ Trail activation failed — IBKR did not confirm stop move. Will retry next bar.
  💰 Daily P&L: $+0.00

[2026-07-31 14:03] O:7513.00 H:7513.75 L:7511.50 C:7511.50 V:1453.0
  📈 Trend: strong_bullish (raw: moderate_bullish) | 🌍 Regime: ranging
  🗺️  Grid: 0.080% | 🔺 7515.00 🔻 7513.00
  📡 RSI: 40.6 | MACD: 0.19 | ATR: 2.36
  📊 Filled: 1 | Pending: 0
  📍 LONG @ 7507.25 | SL: 7499.25 | TP: 7516.00 | P&L: $+2,125.00
  ⚠️ Failed to modify order 577: 
  ⚠️ Trail activation failed — IBKR did not confirm stop move. Will retry next bar.
  💰 Daily P&L: $+0.00

[2026-07-31 14:04] O:7511.50 H:7511.75 L:7510.00 C:7510.50 V:1394.0
  📈 Trend: moderate_bullish | 🌍 Regime: ranging
  🗺️  Grid: 0.080% | 🔺 7513.75 🔻 7511.50
  📡 RSI: 31.1 | MACD: -0.04 | ATR: 2.30
  📊 Filled: 1 | Pending: 0
  📍 LONG @ 7507.25 | SL: 7499.25 | TP: 7516.00 | P&L: $+1,625.00
  ⚠️ Failed to modify order 577: 
  ⚠️ Trail activation failed — IBKR did not confirm stop move. Will retry next bar.
  💰 Daily P&L: $+0.00

[2026-07-31 14:05] O:7510.75 H:7512.25 L:7509.00 C:7511.75 V:2690.0
  📈 Trend: moderate_bullish (raw: strong_bullish) | 🌍 Regime: ranging
  🗺️  Grid: 0.080% | 🔺 7511.75 🔻 7510.00
  📡 RSI: 38.1 | MACD: -0.12 | ATR: 2.41
  📊 Filled: 1 | Pending: 0
  📍 LONG @ 7507.25 | SL: 7499.25 | TP: 7516.00 | P&L: $+2,250.00
  ⚠️ Failed to modify order 577: 
  ⚠️ Trail activation failed — IBKR did not confirm stop move. Will retry next bar.
  💰 Daily P&L: $+0.00

[2026-07-31 14:06] O:7512.00 H:7512.00 L:7510.00 C:7510.75 V:974.0
  📈 Trend: moderate_bullish | 🌍 Regime: ranging
  🗺️  Grid: 0.080% | 🔺 7512.25 🔻 7509.00
  📡 RSI: 38.1 | MACD: -0.26 | ATR: 2.41
  📊 Filled: 1 | Pending: 0
  📍 LONG @ 7507.25 | SL: 7499.25 | TP: 7516.00 | P&L: $+1,750.00
  ⚠️ Failed to modify order 577: 
  ⚠️ Trail activation failed — IBKR did not confirm stop move. Will retry next bar.
  💰 Daily P&L: $+0.00

[2026-07-31 14:07] O:7510.50 H:7511.75 L:7509.50 C:7511.75 V:1467.0
  📈 Trend: moderate_bullish | 🌍 Regime: ranging
  🗺️  Grid: 0.080% | 🔺 7512.00 🔻 7510.00
  📡 RSI: 40.9 | MACD: -0.29 | ATR: 2.48
  📊 Filled: 1 | Pending: 0
  📍 LONG @ 7507.25 | SL: 7499.25 | TP: 7516.00 | P&L: $+2,250.00
  ⚠️ Failed to modify order 577: 
  ⚠️ Trail activation failed — IBKR did not confirm stop move. Will retry next bar.
  💰 Daily P&L: $+0.00

[2026-07-31 14:08] O:7511.75 H:7513.25 L:7511.25 C:7513.25 V:1746.0
  📈 Trend: moderate_bullish | 🌍 Regime: ranging
  🗺️  Grid: 0.080% | 🔺 7511.75 🔻 7509.50
  📡 RSI: 48.5 | MACD: -0.19 | ATR: 2.52
  📊 Filled: 1 | Pending: 0
  📍 LONG @ 7507.25 | SL: 7499.25 | TP: 7516.00 | P&L: $+3,000.00
  ⚠️ Failed to modify order 577: 
  ⚠️ Trail activation failed — IBKR did not confirm stop move. Will retry next bar.
  💰 Daily P&L: $+0.00

[2026-07-31 14:09] O:7513.00 H:7514.00 L:7512.50 C:7513.25 V:1577.0
  📈 Trend: moderate_bullish | 🌍 Regime: ranging
  🗺️  Grid: 0.080% | 🔺 7513.25 🔻 7511.25
  📡 RSI: 54.1 | MACD: -0.10 | ATR: 2.39
  📊 Filled: 1 | Pending: 0
  📍 LONG @ 7507.25 | SL: 7499.25 | TP: 7516.00 | P&L: $+3,000.00
  ⚠️ Failed to modify order 577: 
  ⚠️ Trail activation failed — IBKR did not confirm stop move. Will retry next bar.
  💰 Daily P&L: $+0.00

[2026-07-31 14:10] O:7513.00 H:7515.75 L:7512.75 C:7514.75 V:1677.0
  📈 Trend: moderate_bullish (raw: strong_bullish) | 🌍 Regime: ranging
  🗺️  Grid: 0.080% | 🔺 7514.00 🔻 7512.50
  📡 RSI: 55.6 | MACD: 0.08 | ATR: 2.48
  📊 Filled: 1 | Pending: 0
  📍 LONG @ 7507.25 | SL: 7499.25 | TP: 7516.00 | P&L: $+3,750.00
  ⚠️ Failed to modify order 577: 
  ⚠️ Trail activation failed — IBKR did not confirm stop move. Will retry next bar.
  💰 Daily P&L: $+0.00

[2026-07-31 14:11] O:7514.75 H:7515.25 L:7513.25 C:7513.75 V:1051.0
  📈 Trend: strong_bullish | 🌍 Regime: ranging
  🗺️  Grid: 0.080% | 🔺 7515.75 🔻 7512.75
  📡 RSI: 55.6 | MACD: 0.14 | ATR: 2.41
  📊 Filled: 1 | Pending: 0
  📍 LONG @ 7507.25 | SL: 7499.25 | TP: 7516.00 | P&L: $+3,250.00
  ⚠️ Failed to modify order 577: 
  ⚠️ Trail activation failed — IBKR did not confirm stop move. Will retry next bar.
  💰 Daily P&L: $+0.00

[2026-07-31 14:12] O:7513.75 H:7517.00 L:7512.50 C:7516.25 V:1750.0
  📈 Trend: strong_bullish | 🌍 Regime: ranging
  🗺️  Grid: 0.080% | 🔺 7515.25 🔻 7513.25
  📡 RSI: 60.6 | MACD: 0.39 | ATR: 2.64
  📊 Filled: 1 | Pending: 0
  📍 LONG @ 7507.25 | SL: 7499.25 | TP: 7516.00 | P&L: $+4,500.00
  ⚠️ Failed to modify order 577: 
  ⚠️ Trail activation failed — IBKR did not confirm stop move. Will retry next bar.
  💰 Daily P&L: $+0.00

[2026-07-31 14:13] O:7516.25 H:7516.50 L:7515.25 C:7515.75 V:1437.0
  📈 Trend: strong_bullish | 🌍 Regime: ranging
  🗺️  Grid: 0.080% | 🔺 7517.00 🔻 7512.50
  📡 RSI: 57.7 | MACD: 0.54 | ATR: 2.54
  📊 Filled: 1 | Pending: 0
  📍 LONG @ 7507.25 | SL: 7499.25 | TP: 7516.00 | P&L: $+4,250.00
  ⚠️ Failed to modify order 577: 
  ⚠️ Trail activation failed — IBKR did not confirm stop move. Will retry next bar.
  💰 Daily P&L: $+0.00

[2026-07-31 14:14] O:7516.00 H:7516.25 L:7514.50 C:7514.75 V:1002.0
  📈 Trend: strong_bullish | 🌍 Regime: ranging
  🗺️  Grid: 0.080% | 🔺 7516.50 🔻 7515.25
  📡 RSI: 47.7 | MACD: 0.57 | ATR: 2.32
  📊 Filled: 1 | Pending: 0
  📍 LONG @ 7507.25 | SL: 7499.25 | TP: 7516.00 | P&L: $+3,750.00
  ⚠️ Failed to modify order 577: 
  ⚠️ Trail activation failed — IBKR did not confirm stop move. Will retry next bar.
  💰 Daily P&L: $+0.00

[2026-07-31 14:15] O:7514.75 H:7517.00 L:7514.25 C:7516.50 V:1745.0
  📈 Trend: strong_bullish | 🌍 Regime: ranging
  🗺️  Grid: 0.080% | 🔺 7516.25 🔻 7514.50
  📡 RSI: 57.6 | MACD: 0.73 | ATR: 2.30
  📊 Filled: 1 | Pending: 0
  📍 LONG @ 7507.25 | SL: 7499.25 | TP: 7516.00 | P&L: $+4,625.00
  ⚠️ Failed to modify order 577: 
  ⚠️ Trail activation failed — IBKR did not confirm stop move. Will retry next bar.
  💰 Daily P&L: $+0.00

[2026-07-31 14:16] O:7516.75 H:7517.75 L:7515.75 C:7517.50 V:1837.0
  📈 Trend: strong_bullish | 🌍 Regime: ranging
  🗺️  Grid: 0.080% | 🔺 7517.00 🔻 7514.25
  📡 RSI: 62.7 | MACD: 0.93 | ATR: 2.30
  📊 Filled: 1 | Pending: 0
  📍 LONG @ 7507.25 | SL: 7499.25 | TP: 7516.00 | P&L: $+5,125.00
  ⚠️ Failed to modify order 577: 
  ⚠️ Trail activation failed — IBKR did not confirm stop move. Will retry next bar.
  💰 Daily P&L: $+0.00

[2026-07-31 14:17] O:7517.25 H:7521.75 L:7517.00 C:7521.75 V:4967.0
  📈 Trend: strong_bullish | 🌍 Regime: ranging
  🗺️  Grid: 0.080% | 🔺 7517.75 🔻 7515.75
  📡 RSI: 76.6 | MACD: 1.41 | ATR: 2.48
  📊 Filled: 1 | Pending: 0
  📍 LONG @ 7507.25 | SL: 7499.25 | TP: 7516.00 | P&L: $+7,250.00
  ⚠️ Failed to modify order 577: 
  ⚠️ Trail activation failed — IBKR did not confirm stop move. Will retry next bar.
  💰 Daily P&L: $+0.00

[2026-07-31 14:18] O:7521.50 H:7524.50 L:7521.50 C:7524.00 V:4540.0
  📈 Trend: strong_bullish | 🌍 Regime: ranging
  🗺️  Grid: 0.080% | 🔺 7521.75 🔻 7517.00
  📡 RSI: 82.9 | MACD: 1.95 | ATR: 2.57
  📊 Filled: 1 | Pending: 0
  📍 LONG @ 7507.25 | SL: 7499.25 | TP: 7516.00 | P&L: $+8,375.00
  ⚠️ Failed to modify order 577: 
  ⚠️ Trail activation failed — IBKR did not confirm stop move. Will retry next bar.
  💰 Daily P&L: $+0.00

[2026-07-31 14:19] O:7524.00 H:7527.00 L:7524.00 C:7526.75 V:4228.0
  📈 Trend: strong_bullish | 🌍 Regime: ranging
  🗺️  Grid: 0.080% | 🔺 7524.50 🔻 7521.50
  📡 RSI: 84.1 | MACD: 2.57 | ATR: 2.55
  📊 Filled: 1 | Pending: 0
  📍 LONG @ 7507.25 | SL: 7499.25 | TP: 7516.00 | P&L: $+9,750.00
  ⚠️ Failed to modify order 577: 
  ⚠️ Trail activation failed — IBKR did not confirm stop move. Will retry next bar.
  💰 Daily P&L: $+0.00

[2026-07-31 14:20] O:7526.75 H:7527.50 L:7525.50 C:7527.25 V:3507.0
  📈 Trend: strong_bullish | 🌍 Regime: ranging
  🗺️  Grid: 0.080% | 🔺 7527.00 🔻 7524.00
  📡 RSI: 88.4 | MACD: 3.07 | ATR: 2.55
  📊 Filled: 1 | Pending: 0
  📍 LONG @ 7507.25 | SL: 7499.25 | TP: 7516.00 | P&L: $+10,000.00
  ⚠️ Failed to modify order 577: 
  ⚠️ Trail activation failed — IBKR did not confirm stop move. Will retry next bar.
  💰 Daily P&L: $+0.00

[2026-07-31 14:21] O:7527.25 H:7529.00 L:7527.00 C:7528.75 V:3464.0
  📈 Trend: strong_bullish | 🌍 Regime: ranging
  🗺️  Grid: 0.080% | 🔺 7527.50 🔻 7525.50
  📡 RSI: 88.6 | MACD: 3.54 | ATR: 2.54
  📊 Filled: 1 | Pending: 0
  📍 LONG @ 7507.25 | SL: 7499.25 | TP: 7516.00 | P&L: $+10,750.00
  ⚠️ Failed to modify order 577: 
  ⚠️ Trail activation failed — IBKR did not confirm stop move. Will retry next bar.
  💰 Daily P&L: $+0.00

[2026-07-31 14:22] O:7528.75 H:7531.00 L:7528.50 C:7529.00 V:4381.0
  📈 Trend: strong_bullish | 🌍 Regime: ranging
  🗺️  Grid: 0.080% | 🔺 7529.00 🔻 7527.00
  📡 RSI: 88.0 | MACD: 3.89 | ATR: 2.57
  📊 Filled: 1 | Pending: 0
  📍 LONG @ 7507.25 | SL: 7499.25 | TP: 7516.00 | P&L: $+10,875.00
  ⚠️ Failed to modify order 577: 
  ⚠️ Trail activation failed — IBKR did not confirm stop move. Will retry next bar.
  💰 Daily P&L: $+0.00
→ Real-time bars cancelled
  ❌ Cancelling 1 open orders...
  📋 Order 578 status: PendingCancel
  ❌ Cancel request sent for order 578
  📋 Order 578 status: Cancelled
✓ Disconnected from IBKR
