2026-07-09 21:32:48 | ERROR    | Error 1100, reqId -1: Connectivity between IBKR and Trader Workstation has been lost.
2026-07-09 21:33:03 | ERROR    | Error handling fields: ['10', '531', 'ES', 'FUT', '20260918 08:30:00 US/Central', '0', '', 'CME', 'USD', 'ESU6', 'ES', 'ES', '649180671', '0.25', '50', 'ACTIVETIM,AD,ADJUST,ALERT,ALGO,ALLOC,AVGCOST,BASKET,BENCHPX,COND,CONDORDER,DAY,DEACT,DEACTDIS,DEACTEOD,GAT,GTC,GTD,GTT,HID,ICE,IOC,LIT,LMT,LTH,MIT,MKT,MTL,NGCOMB,NONALGO,OCA,PEGBENCH,SCALE,SCALERST,SNAPMID,SNAPMKT,SNAPREL,STP,STPLMT,TRAIL,TRAILLIT,TRAILLMT,TRAILMIT,WHATIF', 'CME,QBALGO', '1', '11004968', 'E-mini S&P 500', '', '202609', '', '', '', 'US/Central', '20260708:1700-20260709:1600;20260709:1700-20260710:1600;20260711:CLOSED;20260712:1700-20260713:1600;20260713:1700-20260714:1600;20260714:1700-20260715:1600', '20260709:0830-20260709:1600;20260710:0830-20260710:1600;20260711:CLOSED;20260712:CLOSED;20260713:0830-20260713:1600;20260714:0830-20260714:1600;20260714:1700-20260715:1600', '', '', '0', '2147483647', 'ES', 'IND', '67,67', '20260918', '', '1', '1', '1']
Traceback (most recent call last):
  File "C:\Python312\Lib\site-packages\ib_insync\decoder.py", line 198, in interpret
    handler(fields)
  File "C:\Python312\Lib\site-packages\ib_insync\decoder.py", line 336, in contractDetails
    self.wrapper.contractDetails(int(reqId), cd)
  File "C:\Python312\Lib\site-packages\ib_insync\wrapper.py", line 521, in contractDetails
    self._results[reqId].append(contractDetails)
    ~~~~~~~~~~~~~^^^^^^^
KeyError: 531
2026-07-09 21:33:03 | ERROR    | Error 1102, reqId -1: Connectivity between IBKR and Trader Workstation has been restored - data maintained. All data farms are connected: usfarm.nj; usfuture; usfarm; euhmds; fundfarm; ushmds; secdefnj.
6-07-09 07:57] O:7545.00 H:7545.50 L:7544.25 C:7545.50 V:161.0
  📈 Trend: strong_bearish | 🌍 Regime: trending_bearish
  🗺️  Grid: 0.080% | 🔺 7546.25 🔻 7545.00
  📡 RSI: 39.0 | MACD: -1.00 | ATR: 1.59
  📊 Filled: 0 | Pending: 0
  🕐 Outside session (07:57 CT) — no entries
  💰 Daily P&L: $+0.00

[2026-07-09 07:58] O:7545.25 H:7545.25 L:7544.00 C:7544.50 V:207.0
  📈 Trend: strong_bearish | 🌍 Regime: trending_bearish
  🗺️  Grid: 0.080% | 🔺 7545.50 🔻 7544.25
  📡 RSI: 39.0 | MACD: -1.07 | ATR: 1.59
  📊 Filled: 0 | Pending: 0
  🕐 Outside session (07:58 CT) — no entries
  💰 Daily P&L: $+0.00

[2026-07-09 07:59] O:7544.50 H:7544.75 L:7543.75 C:7544.50 V:366.0
  📈 Trend: strong_bearish | 🌍 Regime: trending_bearish
  🗺️  Grid: 0.080% | 🔺 7545.25 🔻 7544.00
  📡 RSI: 48.5 | MACD: -1.12 | ATR: 1.48
  📊 Filled: 0 | Pending: 0
  🕐 Outside session (07:59 CT) — no entries
  💰 Daily P&L: $+0.00

[2026-07-09 08:00] O:7544.75 H:7545.25 L:7544.25 C:7544.50 V:408.0
  📈 Trend: strong_bearish | 🌍 Regime: trending_bearish
  🗺️  Grid: 0.080% | 🔺 7544.75 🔻 7543.75
  📡 RSI: 45.2 | MACD: -1.14 | ATR: 1.41
  📊 Filled: 0 | Pending: 0
  🕐 Outside session (08:00 CT) — no entries
  💰 Daily P&L: $+0.00

[2026-07-09 08:01] O:7544.50 H:7547.00 L:7544.25 C:7547.00 V:401.0
  📈 Trend: strong_bearish (raw: moderate_bearish) | 🌍 Regime: trending_bearish
  🗺️  Grid: 0.080% | 🔺 7545.25 🔻 7544.25
  📡 RSI: 52.8 | MACD: -0.94 | ATR: 1.41
  📊 Filled: 0 | Pending: 0
  🕐 Outside session (08:01 CT) — no entries
  💰 Daily P&L: $+0.00

[2026-07-09 08:02] O:7546.75 H:7547.50 L:7546.25 C:7547.25 V:338.0
  📈 Trend: moderate_bearish | 🌍 Regime: trending_bearish
  🗺️  Grid: 0.080% | 🔺 7547.00 🔻 7544.25
  📡 RSI: 55.6 | MACD: -0.76 | ATR: 1.38
  📊 Filled: 0 | Pending: 0
  🕐 Outside session (08:02 CT) — no entries
  💰 Daily P&L: $+0.00

[2026-07-09 08:03] O:7547.25 H:7548.00 L:7546.00 C:7546.75 V:394.0
  📈 Trend: moderate_bearish | 🌍 Regime: trending_bearish
  🗺️  Grid: 0.080% | 🔺 7547.50 🔻 7546.25
  📡 RSI: 54.1 | MACD: -0.64 | ATR: 1.38
  📊 Filled: 0 | Pending: 0
  🕐 Outside session (08:03 CT) — no entries
  💰 Daily P&L: $+0.00

[2026-07-09 08:04] O:7546.75 H:7548.25 L:7546.50 C:7548.25 V:382.0
  📈 Trend: moderate_bearish (raw: moderate_bullish) | 🌍 Regime: trending_bullish
  🗺️  Grid: 0.080% | 🔺 7548.00 🔻 7546.00
  📡 RSI: 59.5 | MACD: -0.43 | ATR: 1.45
  📊 Filled: 0 | Pending: 0
  🕐 Outside session (08:04 CT) — no entries
  💰 Daily P&L: $+0.00

[2026-07-09 08:05] O:7548.25 H:7548.50 L:7546.75 C:7547.25 V:356.0
  📈 Trend: moderate_bullish | 🌍 Regime: trending_bullish
  🗺️  Grid: 0.080% | 🔺 7548.25 🔻 7546.50
  📡 RSI: 58.1 | MACD: -0.33 | ATR: 1.41
  📊 Filled: 0 | Pending: 0
  🕐 Outside session (08:05 CT) — no entries
  💰 Daily P&L: $+0.00

[2026-07-09 08:06] O:7547.00 H:7547.50 L:7546.00 C:7547.50 V:289.0
  📈 Trend: moderate_bullish | 🌍 Regime: trending_bullish
  🗺️  Grid: 0.080% | 🔺 7548.50 🔻 7546.75
  📡 RSI: 57.1 | MACD: -0.24 | ATR: 1.45
  📊 Filled: 0 | Pending: 0
  🕐 Outside session (08:06 CT) — no entries
  💰 Daily P&L: $+0.00

[2026-07-09 08:07] O:7547.50 H:7548.50 L:7546.00 C:7546.00 V:468.0
  📈 Trend: moderate_bullish (raw: moderate_bearish) | 🌍 Regime: ranging
  🗺️  Grid: 0.080% | 🔺 7547.50 🔻 7546.00
  📡 RSI: 47.8 | MACD: -0.28 | ATR: 1.54
  📊 Filled: 0 | Pending: 0
  🕐 Outside session (08:07 CT) — no entries
  💰 Daily P&L: $+0.00

[2026-07-09 08:08] O:7546.00 H:7548.00 L:7546.00 C:7546.75 V:417.0
  📈 Trend: moderate_bullish | 🌍 Regime: ranging
  🗺️  Grid: 0.080% | 🔺 7548.50 🔻 7546.00
  📡 RSI: 53.2 | MACD: -0.25 | ATR: 1.61
  📊 Filled: 0 | Pending: 0
  🕐 Outside session (08:08 CT) — no entries
  💰 Daily P&L: $+0.00

[2026-07-09 08:09] O:7546.75 H:7548.00 L:7546.25 C:7548.00 V:371.0
  📈 Trend: moderate_bullish | 🌍 Regime: ranging
  🗺️  Grid: 0.080% | 🔺 7548.00 🔻 7546.00
  📡 RSI: 56.0 | MACD: -0.12 | ATR: 1.68
  📊 Filled: 0 | Pending: 0
  🕐 Outside session (08:09 CT) — no entries
  💰 Daily P&L: $+0.00

[2026-07-09 08:10] O:7548.00 H:7548.00 L:7546.50 C:7547.25 V:572.0
  📈 Trend: moderate_bullish | 🌍 Regime: ranging
  🗺️  Grid: 0.080% | 🔺 7548.00 🔻 7546.25
  📡 RSI: 59.6 | MACD: -0.08 | ATR: 1.68
  📊 Filled: 0 | Pending: 0
  🕐 Outside session (08:10 CT) — no entries
  💰 Daily P&L: $+0.00

[2026-07-09 08:11] O:7547.25 H:7547.25 L:7546.00 C:7547.25 V:303.0
  📈 Trend: moderate_bullish | 🌍 Regime: ranging
  🗺️  Grid: 0.080% | 🔺 7548.00 🔻 7546.50
  📡 RSI: 57.8 | MACD: -0.04 | ATR: 1.68
  📊 Filled: 0 | Pending: 0
  🕐 Outside session (08:11 CT) — no entries
  💰 Daily P&L: $+0.00

[2026-07-09 08:12] O:7547.50 H:7547.75 L:7546.75 C:7547.00 V:304.0
  📈 Trend: moderate_bullish | 🌍 Regime: ranging
  🗺️  Grid: 0.080% | 🔺 7547.25 🔻 7546.00
  📡 RSI: 61.9 | MACD: -0.04 | ATR: 1.64
  📊 Filled: 0 | Pending: 0
  🕐 Outside session (08:12 CT) — no entries
  💰 Daily P&L: $+0.00

[2026-07-09 08:13] O:7547.25 H:7548.00 L:7546.25 C:7546.75 V:345.0
  📈 Trend: moderate_bullish | 🌍 Regime: ranging
  🗺️  Grid: 0.080% | 🔺 7547.75 🔻 7546.75
  📡 RSI: 60.5 | MACD: -0.05 | ATR: 1.70
  📊 Filled: 0 | Pending: 0
  🕐 Outside session (08:13 CT) — no entries
  💰 Daily P&L: $+0.00

[2026-07-09 08:14] O:7547.00 H:7547.50 L:7546.25 C:7547.25 V:302.0
  📈 Trend: moderate_bullish | 🌍 Regime: ranging
  🗺️  Grid: 0.080% | 🔺 7548.00 🔻 7546.25
  📡 RSI: 62.2 | MACD: -0.02 | ATR: 1.71
  📊 Filled: 0 | Pending: 0
  🕐 Outside session (08:14 CT) — no entries
  💰 Daily P&L: $+0.00

[2026-07-09 08:15] O:7547.50 H:7547.75 L:7545.50 C:7545.50 V:407.0
  📈 Trend: moderate_bullish | 🌍 Regime: ranging
  🗺️  Grid: 0.080% | 🔺 7547.50 🔻 7546.25
  📡 RSI: 42.9 | MACD: -0.14 | ATR: 1.68
  📊 Filled: 0 | Pending: 0
  🕐 Outside session (08:15 CT) — no entries
  💰 Daily P&L: $+0.00

[2026-07-09 08:16] O:7545.50 H:7546.25 L:7545.00 C:7546.25 V:383.0
  📈 Trend: moderate_bullish | 🌍 Regime: ranging
  🗺️  Grid: 0.080% | 🔺 7547.75 🔻 7545.50
  📡 RSI: 45.5 | MACD: -0.17 | ATR: 1.68
  📊 Filled: 0 | Pending: 0
  🕐 Outside session (08:16 CT) — no entries
  💰 Daily P&L: $+0.00

[2026-07-09 08:17] O:7546.25 H:7549.25 L:7546.25 C:7547.75 V:802.0
  📈 Trend: moderate_bullish | 🌍 Regime: ranging
  🗺️  Grid: 0.080% | 🔺 7546.25 🔻 7545.00
  📡 RSI: 54.2 | MACD: -0.07 | ATR: 1.75
  📊 Filled: 0 | Pending: 0
  🕐 Outside session (08:17 CT) — no entries
  💰 Daily P&L: $+0.00

[2026-07-09 08:18] O:7547.50 H:7547.50 L:7545.25 C:7546.50 V:570.0
  📈 Trend: moderate_bullish | 🌍 Regime: ranging
  🗺️  Grid: 0.080% | 🔺 7549.25 🔻 7546.25
  📡 RSI: 42.6 | MACD: -0.09 | ATR: 1.80
  📊 Filled: 0 | Pending: 0
  🕐 Outside session (08:18 CT) — no entries
  💰 Daily P&L: $+0.00

[2026-07-09 08:19] O:7546.25 H:7547.00 L:7546.00 C:7546.75 V:233.0
  📈 Trend: moderate_bullish | 🌍 Regime: ranging
  🗺️  Grid: 0.080% | 🔺 7547.50 🔻 7545.25
  📡 RSI: 47.7 | MACD: -0.09 | ATR: 1.75
  📊 Filled: 0 | Pending: 0
  🕐 Outside session (08:19 CT) — no entries
  💰 Daily P&L: $+0.00

[2026-07-09 08:20] O:7546.75 H:7547.25 L:7545.00 C:7546.75 V:501.0
  📈 Trend: moderate_bullish (raw: moderate_bearish) | 🌍 Regime: ranging
  🗺️  Grid: 0.080% | 🔺 7547.00 🔻 7546.00
  📡 RSI: 46.5 | MACD: -0.09 | ATR: 1.80
  📊 Filled: 0 | Pending: 0
  🕐 Outside session (08:20 CT) — no entries
  💰 Daily P&L: $+0.00

[2026-07-09 08:21] O:7546.75 H:7547.25 L:7546.50 C:7547.00 V:227.0
  📈 Trend: moderate_bearish | 🌍 Regime: ranging
  🗺️  Grid: 0.080% | 🔺 7547.25 🔻 7545.00
  📡 RSI: 55.3 | MACD: -0.06 | ATR: 1.68
  📊 Filled: 0 | Pending: 0
  🕐 Outside session (08:21 CT) — no entries
  💰 Daily P&L: $+0.00

[2026-07-09 08:22] O:7547.00 H:7548.00 L:7546.50 C:7547.75 V:324.0
  📈 Trend: moderate_bearish (raw: strong_bullish) | 🌍 Regime: ranging
  🗺️  Grid: 0.080% | 🔺 7547.25 🔻 7546.50
  📡 RSI: 55.3 | MACD: 0.02 | ATR: 1.64
  📊 Filled: 0 | Pending: 0
  🕐 Outside session (08:22 CT) — no entries
  💰 Daily P&L: $+0.00

[2026-07-09 08:23] O:7548.00 H:7548.75 L:7546.25 C:7547.75 V:623.0
  📈 Trend: moderate_bearish (raw: moderate_bullish) | 🌍 Regime: ranging
  🗺️  Grid: 0.080% | 🔺 7548.00 🔻 7546.50
  📡 RSI: 48.5 | MACD: 0.08 | ATR: 1.70
  📊 Filled: 0 | Pending: 0
  🕐 Outside session (08:23 CT) — no entries
  💰 Daily P&L: $+0.00

[2026-07-09 08:24] O:7547.75 H:7548.75 L:7547.50 C:7548.75 V:609.0
  📈 Trend: moderate_bearish (raw: strong_bullish) | 🌍 Regime: ranging
  🗺️  Grid: 0.080% | 🔺 7548.75 🔻 7546.25
  📡 RSI: 58.8 | MACD: 0.21 | ATR: 1.68
  📊 Filled: 0 | Pending: 0
  🕐 Outside session (08:24 CT) — no entries
  💰 Daily P&L: $+0.00

[2026-07-09 08:25] O:7548.75 H:7550.25 L:7548.00 C:7548.00 V:1330.0
  📈 Trend: strong_bullish | 🌍 Regime: ranging
  🗺️  Grid: 0.080% | 🔺 7548.75 🔻 7547.50
  📡 RSI: 54.1 | MACD: 0.24 | ATR: 1.75
  📊 Filled: 0 | Pending: 0
  🕐 Outside session (08:25 CT) — no entries
  💰 Daily P&L: $+0.00

[2026-07-09 08:26] O:7548.00 H:7548.50 L:7547.50 C:7548.50 V:690.0
  📈 Trend: strong_bullish | 🌍 Regime: ranging
  🗺️  Grid: 0.080% | 🔺 7550.25 🔻 7548.00
  📡 RSI: 57.9 | MACD: 0.31 | ATR: 1.75
  📊 Filled: 0 | Pending: 0
  🕐 Outside session (08:26 CT) — no entries
  💰 Daily P&L: $+0.00

[2026-07-09 08:27] O:7548.75 H:7550.50 L:7547.75 C:7550.25 V:906.0
  📈 Trend: strong_bullish | 🌍 Regime: ranging
  🗺️  Grid: 0.080% | 🔺 7548.50 🔻 7547.50
  📡 RSI: 65.9 | MACD: 0.50 | ATR: 1.82
  📊 Filled: 0 | Pending: 0
  🕐 Outside session (08:27 CT) — no entries
  💰 Daily P&L: $+0.00

[2026-07-09 08:28] O:7550.25 H:7550.25 L:7546.00 C:7547.00 V:1364.0
  📈 Trend: strong_bullish | 🌍 Regime: ranging
  🗺️  Grid: 0.080% | 🔺 7550.50 🔻 7547.75
  📡 RSI: 49.1 | MACD: 0.38 | ATR: 2.04
  📊 Filled: 0 | Pending: 0
  🕐 Outside session (08:28 CT) — no entries
  💰 Daily P&L: $+0.00

[2026-07-09 08:29] O:7547.25 H:7548.00 L:7544.50 C:7546.50 V:2125.0
  📈 Trend: strong_bullish | 🌍 Regime: ranging
  🗺️  Grid: 0.080% | 🔺 7550.25 🔻 7546.00
  📡 RSI: 54.0 | MACD: 0.25 | ATR: 2.12
  📊 Filled: 0 | Pending: 0
  🕐 Outside session (08:29 CT) — no entries
  💰 Daily P&L: $+0.00

[2026-07-09 08:30] O:7546.75 H:7547.75 L:7537.50 C:7538.25 V:12332.0
  📈 Trend: strong_bullish (raw: moderate_bullish) | 🌍 Regime: ranging
  🗺️  Grid: 0.080% | 🔺 7548.00 🔻 7544.50
  📡 RSI: 30.0 | MACD: -0.52 | ATR: 2.77
  📊 Filled: 0 | Pending: 0
  🕐 Outside session (08:30 CT) — no entries
  💰 Daily P&L: $+0.00

[2026-07-09 08:31] O:7538.25 H:7539.00 L:7532.25 C:7532.25 V:8023.0
  📈 Trend: strong_bullish (raw: strong_bearish) | 🌍 Regime: ranging
  🗺️  Grid: 0.080% | 🔺 7547.75 🔻 7537.50
  📡 RSI: 18.4 | MACD: -1.60 | ATR: 3.04
  📊 Filled: 0 | Pending: 0
  🕐 Outside session (08:31 CT) — no entries
  💰 Daily P&L: $+0.00

[2026-07-09 08:32] O:7532.25 H:7535.25 L:7530.25 C:7535.25 V:7443.0
  📈 Trend: strong_bearish | 🌍 Regime: ranging
  🗺️  Grid: 0.080% | 🔺 7539.00 🔻 7532.25
  📡 RSI: 28.6 | MACD: -2.18 | ATR: 3.21
  📊 Filled: 0 | Pending: 0
  🕐 Outside session (08:32 CT) — no entries
  💰 Daily P&L: $+0.00

[2026-07-09 08:33] O:7535.25 H:7539.75 L:7534.50 C:7539.25 V:5412.0
  📈 Trend: strong_bearish | 🌍 Regime: ranging
  🗺️  Grid: 0.080% | 🔺 7535.25 🔻 7530.25
  📡 RSI: 37.5 | MACD: -2.29 | ATR: 3.52
  📊 Filled: 0 | Pending: 0
  🕐 Outside session (08:33 CT) — no entries
  💰 Daily P&L: $+0.00

[2026-07-09 08:34] O:7539.25 H:7548.75 L:7539.00 C:7547.25 V:7205.0
  📈 Trend: strong_bearish (raw: moderate_bullish) | 🌍 Regime: ranging
  🗺️  Grid: 0.080% | 🔺 7539.75 🔻 7534.50
  📡 RSI: 50.7 | MACD: -1.72 | ATR: 4.05
  📊 Filled: 0 | Pending: 0
  🕐 Outside session (08:34 CT) — no entries
  💰 Daily P&L: $+0.00

[2026-07-09 08:35] O:7547.25 H:7553.50 L:7544.75 C:7552.00 V:7327.0
  📈 Trend: moderate_bullish | 🌍 Regime: ranging
  🗺️  Grid: 0.080% | 🔺 7548.75 🔻 7539.00
  📡 RSI: 55.9 | MACD: -0.87 | ATR: 4.62
  📊 Filled: 0 | Pending: 0
  🕐 Outside session (08:35 CT) — no entries
  💰 Daily P&L: $+0.00

[2026-07-09 08:36] O:7552.00 H:7553.25 L:7550.00 C:7551.75 V:3702.0
  📈 Trend: moderate_bullish | 🌍 Regime: ranging
  🗺️  Grid: 0.080% | 🔺 7553.50 🔻 7544.75
  📡 RSI: 54.8 | MACD: -0.21 | ATR: 4.75
  📊 Filled: 0 | Pending: 0
  🕐 Outside session (08:36 CT) — no entries
  💰 Daily P&L: $+0.00

[2026-07-09 08:37] O:7551.75 H:7554.25 L:7550.25 C:7553.00 V:3680.0
  📈 Trend: moderate_bullish (raw: strong_bullish) | 🌍 Regime: ranging
  🗺️  Grid: 0.080% | 🔺 7553.25 🔻 7550.00
  📡 RSI: 56.1 | MACD: 0.40 | ATR: 4.86
  📊 Filled: 0 | Pending: 0
  🕐 Outside session (08:37 CT) — no entries
  💰 Daily P&L: $+0.00

[2026-07-09 08:38] O:7553.00 H:7557.25 L:7552.00 C:7554.25 V:4559.0
  📈 Trend: strong_bullish | 🌍 Regime: ranging
  🗺️  Grid: 0.082% | 🔺 7554.25 🔻 7550.25
  📡 RSI: 56.3 | MACD: 0.98 | ATR: 5.14
  📊 Filled: 0 | Pending: 0
  🕐 Outside session (08:38 CT) — no entries
  💰 Daily P&L: $+0.00

[2026-07-09 08:39] O:7554.50 H:7555.75 L:7552.75 C:7555.25 V:4185.0
  📈 Trend: strong_bullish | 🌍 Regime: ranging
  🗺️  Grid: 0.083% | 🔺 7557.25 🔻 7552.00
  📡 RSI: 58.3 | MACD: 1.50 | ATR: 5.20
  📊 Filled: 0 | Pending: 0
  🕐 Outside session (08:39 CT) — no entries
  💰 Daily P&L: $+0.00

[2026-07-09 08:40] O:7555.00 H:7556.50 L:7548.50 C:7549.00 V:5876.0
  📈 Trend: strong_bullish | 🌍 Regime: ranging
  🗺️  Grid: 0.091% | 🔺 7555.75 🔻 7552.75
  📡 RSI: 50.5 | MACD: 1.39 | ATR: 5.70
  📊 Filled: 0 | Pending: 0
  🕐 Outside session (08:40 CT) — no entries
  💰 Daily P&L: $+0.00

[2026-07-09 08:41] O:7549.00 H:7553.50 L:7548.75 C:7553.25 V:3390.0
  📈 Trend: strong_bullish | 🌍 Regime: ranging
  🗺️  Grid: 0.093% | 🔺 7556.50 🔻 7548.50
  📡 RSI: 52.9 | MACD: 1.63 | ATR: 5.84
  📊 Filled: 0 | Pending: 0
  🕐 Outside session (08:41 CT) — no entries
  💰 Daily P&L: $+0.00

[2026-07-09 08:42] O:7553.00 H:7558.50 L:7553.00 C:7557.50 V:4716.0
  📈 Trend: strong_bullish | 🌍 Regime: ranging
  🗺️  Grid: 0.094% | 🔺 7553.50 🔻 7548.75
  📡 RSI: 59.9 | MACD: 2.14 | ATR: 5.93
  📊 Filled: 0 | Pending: 0
  🕐 Outside session (08:42 CT) — no entries
  💰 Daily P&L: $+0.00

[2026-07-09 08:43] O:7557.50 H:7558.00 L:7555.25 C:7557.50 V:3565.0
  📈 Trend: strong_bullish | 🌍 Regime: ranging
  🗺️  Grid: 0.093% | 🔺 7558.50 🔻 7553.00
  📡 RSI: 60.5 | MACD: 2.51 | ATR: 5.88
  📊 Filled: 0 | Pending: 0
  🕐 Outside session (08:43 CT) — no entries
  💰 Daily P&L: $+0.00

[2026-07-09 08:44] O:7557.50 H:7559.25 L:7555.50 C:7558.00 V:2445.0
  📈 Trend: strong_bullish | 🌍 Regime: ranging
  🗺️  Grid: 0.086% | 🔺 7558.00 🔻 7555.25
  📡 RSI: 72.1 | MACD: 2.82 | ATR: 5.41
  📊 Filled: 0 | Pending: 0
  🕐 Outside session (08:44 CT) — no entries
  💰 Daily P&L: $+0.00

[2026-07-09 08:45] O:7558.00 H:7561.50 L:7557.75 C:7561.00 V:3582.0
  📈 Trend: strong_bullish | 🌍 Regime: ranging
  🗺️  Grid: 0.082% | 🔺 7559.25 🔻 7555.50
  📡 RSI: 84.4 | MACD: 3.26 | ATR: 5.20
  📊 Filled: 0 | Pending: 0
  🔲 Regime: RANGING | Range pos: 98% | RSI: 84.4
  🚫 Raw trend blocks RANGING SHORT | raw: strong_bullish
  💰 Daily P&L: $+0.00

[2026-07-09 08:46] O:7561.00 H:7562.00 L:7558.25 C:7560.25 V:5257.0
  📈 Trend: strong_bullish | 🌍 Regime: ranging
  🗺️  Grid: 0.081% | 🔺 7561.50 🔻 7557.75
  📡 RSI: 81.6 | MACD: 3.51 | ATR: 5.11
  📊 Filled: 0 | Pending: 0
  🔲 Regime: RANGING | Range pos: 94% | RSI: 81.6
  🚫 Raw trend blocks RANGING SHORT | raw: strong_bullish
  💰 Daily P&L: $+0.00

[2026-07-09 08:47] O:7560.00 H:7561.50 L:7559.25 C:7560.25 V:2593.0
  📈 Trend: strong_bullish | 🌍 Regime: ranging
  🗺️  Grid: 0.080% | 🔺 7562.00 🔻 7558.25
  📡 RSI: 79.6 | MACD: 3.67 | ATR: 4.89
  📊 Filled: 0 | Pending: 0
  🔲 Regime: RANGING | Range pos: 94% | RSI: 79.6
  🚫 Raw trend blocks RANGING SHORT | raw: strong_bullish
  💰 Daily P&L: $+0.00

[2026-07-09 08:48] O:7560.00 H:7560.00 L:7553.25 C:7554.00 V:3908.0
  📈 Trend: strong_bullish | 🌍 Regime: ranging
  🗺️  Grid: 0.080% | 🔺 7561.50 🔻 7559.25
  📡 RSI: 60.0 | MACD: 3.25 | ATR: 4.70
  📊 Filled: 0 | Pending: 0
  🔲 Regime: RANGING | Range pos: 75% | RSI: 60.0
  💰 Daily P&L: $+0.00

[2026-07-09 08:49] O:7554.25 H:7555.75 L:7551.50 C:7555.25 V:3297.0
  📈 Trend: strong_bullish | 🌍 Regime: trending_bullish
  🗺️  Grid: 0.080% | 🔺 7560.00 🔻 7553.25
  📡 RSI: 55.4 | MACD: 2.99 | ATR: 4.38
  📊 Filled: 0 | Pending: 0
  💰 Daily P&L: $+0.00

[2026-07-09 08:50] O:7555.00 H:7555.75 L:7552.00 C:7552.75 V:2598.0
  📈 Trend: strong_bullish | 🌍 Regime: trending_bullish
  🗺️  Grid: 0.080% | 🔺 7555.75 🔻 7551.50
  📡 RSI: 51.5 | MACD: 2.55 | ATR: 4.41
  📊 Filled: 0 | Pending: 0
  💰 Daily P&L: $+0.00

[2026-07-09 08:51] O:7552.75 H:7560.00 L:7552.00 C:7559.50 V:3649.0
  📈 Trend: strong_bullish | 🌍 Regime: trending_bullish
  🗺️  Grid: 0.080% | 🔺 7555.75 🔻 7552.00
  📡 RSI: 58.6 | MACD: 2.71 | ATR: 4.70
  📊 Filled: 0 | Pending: 0
  💰 Daily P&L: $+0.00

[2026-07-09 08:52] O:7559.50 H:7562.50 L:7559.25 C:7562.25 V:3621.0
  📈 Trend: strong_bullish | 🌍 Regime: trending_bullish
  🗺️  Grid: 0.080% | 🔺 7560.00 🔻 7552.00
  📡 RSI: 60.1 | MACD: 3.03 | ATR: 4.55
  📊 Filled: 0 | Pending: 0
  💰 Daily P&L: $+0.00

[2026-07-09 08:53] O:7562.25 H:7564.25 L:7561.25 C:7563.75 V:2806.0
  📈 Trend: strong_bullish | 🌍 Regime: trending_bullish
  🗺️  Grid: 0.080% | 🔺 7562.50 🔻 7559.25
  📡 RSI: 60.6 | MACD: 3.36 | ATR: 4.55
  📊 Filled: 0 | Pending: 0
  💰 Daily P&L: $+0.00

[2026-07-09 08:54] O:7564.00 H:7565.25 L:7563.00 C:7563.75 V:3002.0
  📈 Trend: strong_bullish | 🌍 Regime: trending_bullish
  🗺️  Grid: 0.080% | 🔺 7564.25 🔻 7561.25
  📡 RSI: 71.9 | MACD: 3.59 | ATR: 4.14
  📊 Filled: 0 | Pending: 0
  💰 Daily P&L: $+0.00

[2026-07-09 08:55] O:7564.00 H:7566.25 L:7562.50 C:7566.25 V:3455.0
  📈 Trend: strong_bullish | 🌍 Regime: trending_bullish
  🗺️  Grid: 0.080% | 🔺 7565.25 🔻 7563.00
  📡 RSI: 70.3 | MACD: 3.92 | ATR: 4.07
  📊 Filled: 0 | Pending: 0
  💰 Daily P&L: $+0.00

[2026-07-09 08:56] O:7566.25 H:7566.50 L:7563.25 C:7564.00 V:2791.0
  📈 Trend: strong_bullish | 🌍 Regime: trending_bullish
  🗺️  Grid: 0.080% | 🔺 7566.25 🔻 7562.50
  📡 RSI: 60.8 | MACD: 3.96 | ATR: 3.91
  📊 Filled: 0 | Pending: 0
  💰 Daily P&L: $+0.00

[2026-07-09 08:57] O:7563.75 H:7565.25 L:7562.00 C:7563.00 V:3302.0
  📈 Trend: strong_bullish | 🌍 Regime: trending_bullish
  🗺️  Grid: 0.080% | 🔺 7566.50 🔻 7563.25
  📡 RSI: 58.9 | MACD: 3.86 | ATR: 3.95
  📊 Filled: 0 | Pending: 0
  💰 Daily P&L: $+0.00

[2026-07-09 08:58] O:7563.00 H:7564.75 L:7562.50 C:7563.25 V:2006.0
  📈 Trend: strong_bullish | 🌍 Regime: trending_bullish
  🗺️  Grid: 0.080% | 🔺 7565.25 🔻 7562.00
  📡 RSI: 58.5 | MACD: 3.76 | ATR: 3.84
  📊 Filled: 0 | Pending: 0
  💰 Daily P&L: $+0.00

[2026-07-09 08:59] O:7563.50 H:7563.50 L:7559.50 C:7561.00 V:2515.0
  📈 Trend: strong_bullish | 🌍 Regime: trending_bullish
  🗺️  Grid: 0.080% | 🔺 7564.75 🔻 7562.50
  📡 RSI: 50.0 | MACD: 3.46 | ATR: 3.86
  📊 Filled: 0 | Pending: 0
  💰 Daily P&L: $+0.00

[2026-07-09 09:00] O:7561.25 H:7563.25 L:7559.25 C:7562.25 V:3737.0
  📈 Trend: strong_bullish | 🌍 Regime: trending_bullish
  🗺️  Grid: 0.080% | 🔺 7563.50 🔻 7559.50
  📡 RSI: 53.3 | MACD: 3.29 | ATR: 3.88
  📊 Filled: 0 | Pending: 0
  💰 Daily P&L: $+0.00

[2026-07-09 09:01] O:7562.25 H:7564.50 L:7562.00 C:7563.25 V:2727.0
  📈 Trend: strong_bullish | 🌍 Regime: trending_bullish
  🗺️  Grid: 0.080% | 🔺 7563.25 🔻 7559.25
  📡 RSI: 54.8 | MACD: 3.19 | ATR: 3.89
  📊 Filled: 0 | Pending: 0
  💰 Daily P&L: $+0.00

[2026-07-09 09:02] O:7563.50 H:7563.50 L:7561.25 C:7561.50 V:2540.0
  📈 Trend: strong_bullish | 🌍 Regime: trending_bullish
  🗺️  Grid: 0.080% | 🔺 7564.50 🔻 7562.00
  📡 RSI: 63.9 | MACD: 2.94 | ATR: 3.55
  📊 Filled: 0 | Pending: 0
  💰 Daily P&L: $+0.00

[2026-07-09 09:03] O:7561.75 H:7563.50 L:7559.75 C:7563.50 V:2846.0
  📈 Trend: strong_bullish | 🌍 Regime: trending_bullish
  🗺️  Grid: 0.080% | 🔺 7563.50 🔻 7561.25
  📡 RSI: 64.9 | MACD: 2.87 | ATR: 3.52
  📊 Filled: 0 | Pending: 0
  💰 Daily P&L: $+0.00

[2026-07-09 09:04] O:7563.50 H:7563.50 L:7561.00 C:7561.00 V:1864.0
  📈 Trend: strong_bullish (raw: moderate_bullish) | 🌍 Regime: trending_bullish
  🗺️  Grid: 0.080% | 🔺 7563.50 🔻 7559.75
  📡 RSI: 64.9 | MACD: 2.59 | ATR: 3.43
  📊 Filled: 0 | Pending: 0
  💰 Daily P&L: $+0.00

[2026-07-09 09:05] O:7561.25 H:7562.50 L:7560.25 C:7560.50 V:1881.0
  📈 Trend: strong_bullish | 🌍 Regime: trending_bullish
  🗺️  Grid: 0.080% | 🔺 7563.50 🔻 7561.00
  📡 RSI: 52.3 | MACD: 2.29 | ATR: 3.02
  📊 Filled: 0 | Pending: 0
  💰 Daily P&L: $+0.00

[2026-07-09 09:06] O:7560.25 H:7562.75 L:7557.25 C:7557.50 V:2911.0
  📈 Trend: strong_bullish (raw: moderate_bullish) | 🌍 Regime: trending_bullish
  🗺️  Grid: 0.080% | 🔺 7562.50 🔻 7560.25
  📡 RSI: 39.1 | MACD: 1.80 | ATR: 3.18
  📊 Filled: 0 | Pending: 0
  💰 Daily P&L: $+0.00

[2026-07-09 09:07] O:7557.75 H:7558.50 L:7554.75 C:7555.25 V:4216.0
  📈 Trend: strong_bullish | 🌍 Regime: ranging
  🗺️  Grid: 0.080% | 🔺 7562.75 🔻 7557.25
  📡 RSI: 31.1 | MACD: 1.21 | ATR: 3.23
  📊 Filled: 0 | Pending: 0
  🔲 Regime: RANGING | Range pos: 69% | RSI: 31.1
  💰 Daily P&L: $+0.00

[2026-07-09 09:08] O:7555.50 H:7558.25 L:7554.50 C:7556.00 V:2286.0
  📈 Trend: strong_bullish | 🌍 Regime: ranging
  🗺️  Grid: 0.080% | 🔺 7558.50 🔻 7554.75
  📡 RSI: 33.3 | MACD: 0.79 | ATR: 3.34
  📊 Filled: 0 | Pending: 0
  🔲 Regime: RANGING | Range pos: 71% | RSI: 33.3
  💰 Daily P&L: $+0.00

[2026-07-09 09:09] O:7556.00 H:7557.75 L:7553.50 C:7553.75 V:2160.0
  📈 Trend: strong_bullish | 🌍 Regime: ranging
  🗺️  Grid: 0.080% | 🔺 7558.25 🔻 7554.50
  📡 RSI: 22.8 | MACD: 0.28 | ATR: 3.38
  📊 Filled: 0 | Pending: 0
  🔲 Regime: RANGING | Range pos: 65% | RSI: 22.8
  💰 Daily P&L: $+0.00

[2026-07-09 09:10] O:7553.50 H:7554.00 L:7549.75 C:7550.00 V:3469.0
  📈 Trend: strong_bullish (raw: moderate_bullish) | 🌍 Regime: ranging
  🗺️  Grid: 0.080% | 🔺 7557.75 🔻 7553.50
  📡 RSI: 21.4 | MACD: -0.43 | ATR: 3.45
  📊 Filled: 0 | Pending: 0
  🔲 Regime: RANGING | Range pos: 54% | RSI: 21.4
  💰 Daily P&L: $+0.00

[2026-07-09 09:11] O:7550.25 H:7551.75 L:7547.00 C:7548.50 V:4103.0
  📈 Trend: moderate_bullish | 🌍 Regime: trending_bullish
  🗺️  Grid: 0.080% | 🔺 7554.00 🔻 7549.75
  📡 RSI: 21.0 | MACD: -1.09 | ATR: 3.55
  📊 Filled: 0 | Pending: 0
  💰 Daily P&L: $+0.00

[2026-07-09 09:12] O:7548.25 H:7550.50 L:7546.25 C:7548.25 V:3481.0
  📈 Trend: moderate_bullish | 🌍 Regime: trending_bullish
  🗺️  Grid: 0.080% | 🔺 7551.75 🔻 7547.00
  📡 RSI: 20.0 | MACD: -1.62 | ATR: 3.70
  📊 Filled: 0 | Pending: 0
  💰 Daily P&L: $+0.00

[2026-07-09 09:13] O:7548.25 H:7551.00 L:7547.25 C:7549.75 V:3301.0
  📈 Trend: moderate_bullish | 🌍 Regime: trending_bullish
  🗺️  Grid: 0.080% | 🔺 7550.50 🔻 7546.25
  📡 RSI: 26.8 | MACD: -1.90 | ATR: 3.68
  📊 Filled: 0 | Pending: 0
  💰 Daily P&L: $+0.00

[2026-07-09 09:14] O:7550.00 H:7552.00 L:7549.25 C:7549.25 V:2998.0
  📈 Trend: moderate_bullish | 🌍 Regime: trending_bullish
  🗺️  Grid: 0.080% | 🔺 7551.00 🔻 7547.25
  📡 RSI: 22.3 | MACD: -2.14 | ATR: 3.59
  📊 Filled: 0 | Pending: 0
  💰 Daily P&L: $+0.00

[2026-07-09 09:15] O:7549.50 H:7549.50 L:7536.75 C:7536.75 V:6943.0
  📈 Trend: moderate_bullish | 🌍 Regime: trending_bullish
  🗺️  Grid: 0.080% | 🔺 7552.00 🔻 7549.25
  📡 RSI: 12.1 | MACD: -3.29 | ATR: 4.32
  📊 Filled: 0 | Pending: 0
  💰 Daily P&L: $+0.00

[2026-07-09 09:16] O:7536.75 H:7540.00 L:7533.25 C:7539.75 V:7348.0
  📈 Trend: moderate_bullish | 🌍 Regime: trending_bullish
  🗺️  Grid: 0.080% | 🔺 7549.50 🔻 7536.75
  📡 RSI: 20.0 | MACD: -3.92 | ATR: 4.64
  📊 Filled: 0 | Pending: 0
  💰 Daily P&L: $+0.00

[2026-07-09 09:17] O:7539.50 H:7542.50 L:7536.50 C:7537.25 V:5903.0
  📈 Trend: moderate_bullish | 🌍 Regime: trending_bullish
  🗺️  Grid: 0.080% | 🔺 7540.00 🔻 7533.25
  📡 RSI: 14.3 | MACD: -4.57 | ATR: 4.80
  📊 Filled: 0 | Pending: 0
  💰 Daily P&L: $+0.00

[2026-07-09 09:18] O:7537.25 H:7538.75 L:7534.25 C:7538.75 V:4536.0
  📈 Trend: moderate_bullish (raw: strong_bearish) | 🌍 Regime: ranging
  🗺️  Grid: 0.080% | 🔺 7542.50 🔻 7536.50
  📡 RSI: 18.9 | MACD: -4.91 | ATR: 4.95
  📊 Filled: 0 | Pending: 0
  🔲 Regime: RANGING | Range pos: 23% | RSI: 18.9
  🚫 Raw trend blocks RANGING LONG | raw: strong_bearish
  💰 Daily P&L: $+0.00

[2026-07-09 09:19] O:7538.75 H:7539.75 L:7532.75 C:7536.50 V:4353.0
  📈 Trend: strong_bearish | 🌍 Regime: ranging
  🗺️  Grid: 0.084% | 🔺 7538.75 🔻 7534.25
  📡 RSI: 18.0 | MACD: -5.29 | ATR: 5.29
  📊 Filled: 0 | Pending: 0
  🔲 Regime: RANGING | Range pos: 17% | RSI: 18.0
  🚫 Raw trend blocks RANGING LONG | raw: strong_bearish
  💰 Daily P&L: $+0.00

[2026-07-09 09:20] O:7536.50 H:7538.25 L:7531.50 C:7532.50 V:5595.0
  📈 Trend: strong_bearish | 🌍 Regime: ranging
  🗺️  Grid: 0.086% | 🔺 7539.75 🔻 7532.75
  📡 RSI: 17.5 | MACD: -5.86 | ATR: 5.38
  📊 Filled: 0 | Pending: 0
  🔲 Regime: RANGING | Range pos: 6% | RSI: 17.5
  🚫 Raw trend blocks RANGING LONG | raw: strong_bearish
  💰 Daily P&L: $+0.00

[2026-07-09 09:21] O:7532.50 H:7535.25 L:7529.50 C:7534.00 V:5285.0
  📈 Trend: strong_bearish | 🌍 Regime: ranging
  🗺️  Grid: 0.088% | 🔺 7538.25 🔻 7531.50
  📡 RSI: 21.9 | MACD: -6.11 | ATR: 5.52
  📊 Filled: 0 | Pending: 0
  🔲 Regime: RANGING | Range pos: 12% | RSI: 21.9
  🚫 Raw trend blocks RANGING LONG | raw: strong_bearish
  💰 Daily P&L: $+0.00

[2026-07-09 09:22] O:7534.00 H:7536.75 L:7532.75 C:7535.50 V:4746.0
  📈 Trend: strong_bearish | 🌍 Regime: ranging
  🗺️  Grid: 0.088% | 🔺 7535.25 🔻 7529.50
  📡 RSI: 23.4 | MACD: -6.12 | ATR: 5.54
  📊 Filled: 0 | Pending: 0
  🔲 Regime: RANGING | Range pos: 16% | RSI: 23.4
  🚫 Raw trend blocks RANGING LONG | raw: strong_bearish
  💰 Daily P&L: $+0.00

[2026-07-09 09:23] O:7535.50 H:7539.50 L:7534.75 C:7538.00 V:4629.0
  📈 Trend: strong_bearish | 🌍 Regime: ranging
  🗺️  Grid: 0.089% | 🔺 7536.75 🔻 7532.75
  📡 RSI: 29.7 | MACD: -5.86 | ATR: 5.57
  📊 Filled: 0 | Pending: 0
  🔲 Regime: RANGING | Range pos: 23% | RSI: 29.7
  🚫 Raw trend blocks RANGING LONG | raw: strong_bearish
  💰 Daily P&L: $+0.00

[2026-07-09 09:24] O:7538.00 H:7543.50 L:7537.00 C:7543.00 V:4432.0
  📈 Trend: strong_bearish | 🌍 Regime: trending_bearish
  🗺️  Grid: 0.091% | 🔺 7539.50 🔻 7534.75
  📡 RSI: 41.2 | MACD: -5.19 | ATR: 5.73
  📊 Filled: 0 | Pending: 0
  💰 Daily P&L: $+0.00

[2026-07-09 09:25] O:7543.25 H:7546.50 L:7542.00 C:7544.25 V:5295.0
  📈 Trend: strong_bearish (raw: moderate_bearish) | 🌍 Regime: ranging
  🗺️  Grid: 0.091% | 🔺 7543.50 🔻 7537.00
  📡 RSI: 44.7 | MACD: -4.50 | ATR: 5.71
  📊 Filled: 0 | Pending: 0
  🔲 Regime: RANGING | Range pos: 40% | RSI: 44.7
  💰 Daily P&L: $+0.00

[2026-07-09 09:26] O:7544.50 H:7544.50 L:7541.25 C:7543.50 V:2876.0
  📈 Trend: moderate_bearish | 🌍 Regime: trending_bearish
  🗺️  Grid: 0.090% | 🔺 7546.50 🔻 7542.00
  📡 RSI: 44.1 | MACD: -3.98 | ATR: 5.64
  📊 Filled: 0 | Pending: 0
  💰 Daily P&L: $+0.00

[2026-07-09 09:27] O:7543.50 H:7552.00 L:7543.00 C:7551.00 V:4687.0
  📈 Trend: moderate_bearish | 🌍 Regime: trending_bearish
  🗺️  Grid: 0.096% | 🔺 7544.50 🔻 7541.25
  📡 RSI: 51.4 | MACD: -2.92 | ATR: 6.02
  📊 Filled: 0 | Pending: 0
  💰 Daily P&L: $+0.00

[2026-07-09 09:28] O:7551.00 H:7555.50 L:7549.50 C:7555.50 V:4290.0
  📈 Trend: moderate_bearish (raw: moderate_bullish) | 🌍 Regime: ranging
  🗺️  Grid: 0.099% | 🔺 7552.00 🔻 7543.00
  📡 RSI: 56.2 | MACD: -1.70 | ATR: 6.25
  📊 Filled: 0 | Pending: 0
  🔲 Regime: RANGING | Range pos: 70% | RSI: 56.2
  💰 Daily P&L: $+0.00

[2026-07-09 09:29] O:7555.50 H:7555.75 L:7551.75 C:7552.75 V:4499.0
  📈 Trend: moderate_bullish | 🌍 Regime: trending_bullish
  🗺️  Grid: 0.089% | 🔺 7555.50 🔻 7549.50
  📡 RSI: 69.8 | MACD: -0.94 | ATR: 5.62
  📊 Filled: 0 | Pending: 0
  💰 Daily P&L: $+0.00

[2026-07-09 09:30] O:7552.75 H:7555.00 L:7550.25 C:7551.75 V:4348.0
  📈 Trend: moderate_bullish | 🌍 Regime: trending_bullish
  🗺️  Grid: 0.087% | 🔺 7555.75 🔻 7551.75
  📡 RSI: 65.6 | MACD: -0.42 | ATR: 5.48
  📊 Filled: 0 | Pending: 0
  💰 Daily P&L: $+0.00

[2026-07-09 09:31] O:7551.50 H:7552.50 L:7545.00 C:7545.50 V:4564.0
  📈 Trend: moderate_bullish (raw: moderate_bearish) | 🌍 Regime: ranging
  🗺️  Grid: 0.089% | 🔺 7555.00 🔻 7550.25
  📡 RSI: 59.8 | MACD: -0.50 | ATR: 5.59
  📊 Filled: 0 | Pending: 0
  🔲 Regime: RANGING | Range pos: 43% | RSI: 59.8
  💰 Daily P&L: $+0.00

[2026-07-09 09:32] O:7545.50 H:7550.00 L:7544.75 C:7550.00 V:3523.0
  📈 Trend: moderate_bullish | 🌍 Regime: ranging
  🗺️  Grid: 0.090% | 🔺 7552.50 🔻 7545.00
  📡 RSI: 62.4 | MACD: -0.20 | ATR: 5.64
  📊 Filled: 0 | Pending: 0
  🔲 Regime: RANGING | Range pos: 55% | RSI: 62.4
  💰 Daily P&L: $+0.00

[2026-07-09 09:33] O:7549.75 H:7552.25 L:7548.50 C:7550.25 V:2243.0
  📈 Trend: moderate_bullish (raw: strong_bullish) | 🌍 Regime: ranging
  🗺️  Grid: 0.086% | 🔺 7550.00 🔻 7544.75
  📡 RSI: 65.9 | MACD: 0.05 | ATR: 5.41
  📊 Filled: 0 | Pending: 0
  🔲 Regime: RANGING | Range pos: 56% | RSI: 65.9
  💰 Daily P&L: $+0.00

[2026-07-09 09:34] O:7550.00 H:7550.75 L:7547.50 C:7550.50 V:2255.0
  📈 Trend: strong_bullish | 🌍 Regime: ranging
  🗺️  Grid: 0.082% | 🔺 7552.25 🔻 7548.50
  📡 RSI: 72.8 | MACD: 0.27 | ATR: 5.16
  📊 Filled: 0 | Pending: 0
  🔲 Regime: RANGING | Range pos: 57% | RSI: 72.8
  💰 Daily P&L: $+0.00

[2026-07-09 09:35] O:7550.50 H:7556.50 L:7549.25 C:7554.75 V:3132.0
  📈 Trend: strong_bullish | 🌍 Regime: ranging
  🗺️  Grid: 0.084% | 🔺 7550.75 🔻 7547.50
  📡 RSI: 74.6 | MACD: 0.78 | ATR: 5.27
  📊 Filled: 0 | Pending: 0
  🔲 Regime: RANGING | Range pos: 68% | RSI: 74.6
  💰 Daily P&L: $+0.00

[2026-07-09 09:36] O:7554.75 H:7555.75 L:7553.50 C:7555.50 V:2183.0
  📈 Trend: strong_bullish | 🌍 Regime: ranging
  🗺️  Grid: 0.082% | 🔺 7556.50 🔻 7549.25
  📡 RSI: 74.1 | MACD: 1.23 | ATR: 5.14
  📊 Filled: 0 | Pending: 0
  🔲 Regime: RANGING | Range pos: 70% | RSI: 74.1
  🚫 Raw trend blocks RANGING SHORT | raw: strong_bullish
  💰 Daily P&L: $+0.00

[2026-07-09 09:37] O:7555.50 H:7555.50 L:7550.50 C:7553.50 V:2116.0
  📈 Trend: strong_bullish | 🌍 Regime: ranging
  🗺️  Grid: 0.082% | 🔺 7555.75 🔻 7553.50
  📡 RSI: 68.9 | MACD: 1.41 | ATR: 5.16
  📊 Filled: 0 | Pending: 0
  🔲 Regime: RANGING | Range pos: 65% | RSI: 68.9
  💰 Daily P&L: $+0.00

[2026-07-09 09:38] O:7553.25 H:7554.00 L:7551.00 C:7554.00 V:1458.0
  📈 Trend: strong_bullish | 🌍 Regime: ranging
  🗺️  Grid: 0.080% | 🔺 7555.50 🔻 7550.50
  📡 RSI: 65.1 | MACD: 1.57 | ATR: 4.91
  📊 Filled: 0 | Pending: 0
  🔲 Regime: RANGING | Range pos: 66% | RSI: 65.1
  💰 Daily P&L: $+0.00

[2026-07-09 09:39] O:7554.00 H:7559.00 L:7553.50 C:7558.25 V:2475.0
  📈 Trend: strong_bullish | 🌍 Regime: ranging
  🗺️  Grid: 0.080% | 🔺 7554.00 🔻 7551.00
  📡 RSI: 67.7 | MACD: 2.02 | ATR: 4.98
  📊 Filled: 0 | Pending: 0
  🔲 Regime: RANGING | Range pos: 78% | RSI: 67.7
  💰 Daily P&L: $+0.00

[2026-07-09 09:40] O:7558.00 H:7559.00 L:7556.00 C:7558.00 V:2751.0
  📈 Trend: strong_bullish | 🌍 Regime: ranging
  🗺️  Grid: 0.080% | 🔺 7559.00 🔻 7553.50
  📡 RSI: 68.6 | MACD: 2.33 | ATR: 4.96
  📊 Filled: 0 | Pending: 0
  🔲 Regime: RANGING | Range pos: 77% | RSI: 68.6
  💰 Daily P&L: $+0.00

[2026-07-09 09:41] O:7558.00 H:7558.25 L:7555.00 C:7557.25 V:1936.0
  📈 Trend: strong_bullish | 🌍 Regime: ranging
  🗺️  Grid: 0.080% | 🔺 7559.00 🔻 7556.00
  📡 RSI: 59.7 | MACD: 2.49 | ATR: 4.55
  📊 Filled: 0 | Pending: 0
  🔲 Regime: RANGING | Range pos: 75% | RSI: 59.7
  💰 Daily P&L: $+0.00

[2026-07-09 09:42] O:7557.25 H:7559.00 L:7556.50 C:7558.50 V:1698.0
  📈 Trend: strong_bullish | 🌍 Regime: ranging
  🗺️  Grid: 0.080% | 🔺 7558.25 🔻 7555.00
  📡 RSI: 55.2 | MACD: 2.68 | ATR: 4.30
  📊 Filled: 0 | Pending: 0
  🔲 Regime: RANGING | Range pos: 78% | RSI: 55.2
  💰 Daily P&L: $+0.00

[2026-07-09 09:43] O:7558.50 H:7558.75 L:7555.50 C:7555.75 V:1687.0
  📈 Trend: strong_bullish | 🌍 Regime: ranging
  🗺️  Grid: 0.080% | 🔺 7559.00 🔻 7556.50
  📡 RSI: 55.2 | MACD: 2.58 | ATR: 4.25
  📊 Filled: 0 | Pending: 0
  🔲 Regime: RANGING | Range pos: 71% | RSI: 55.2
  💰 Daily P&L: $+0.00

[2026-07-09 09:44] O:7555.75 H:7555.75 L:7552.25 C:7553.00 V:2541.0
  📈 Trend: strong_bullish | 🌍 Regime: ranging
  🗺️  Grid: 0.080% | 🔺 7558.75 🔻 7555.50
  📡 RSI: 52.0 | MACD: 2.26 | ATR: 4.16
  📊 Filled: 0 | Pending: 0
  🔲 Regime: RANGING | Range pos: 64% | RSI: 52.0
  💰 Daily P&L: $+0.00

[2026-07-09 09:45] O:7553.25 H:7555.75 L:7552.50 C:7554.50 V:2060.0
  📈 Trend: strong_bullish | 🌍 Regime: trending_bullish
  🗺️  Grid: 0.080% | 🔺 7555.75 🔻 7552.25
  📡 RSI: 67.3 | MACD: 2.10 | ATR: 3.86
  📊 Filled: 0 | Pending: 0
  💰 Daily P&L: $+0.00

[2026-07-09 09:46] O:7554.75 H:7558.25 L:7554.75 C:7556.75 V:1791.0
  📈 Trend: strong_bullish | 🌍 Regime: trending_bullish
  🗺️  Grid: 0.080% | 🔺 7555.75 🔻 7552.50
  📡 RSI: 64.2 | MACD: 2.12 | ATR: 3.75
  📊 Filled: 0 | Pending: 0
  💰 Daily P&L: $+0.00

[2026-07-09 09:47] O:7556.75 H:7557.25 L:7552.75 C:7554.50 V:2255.0
  📈 Trend: strong_bullish (raw: moderate_bullish) | 🌍 Regime: ranging
  🗺️  Grid: 0.080% | 🔺 7558.25 🔻 7554.75
  📡 RSI: 58.3 | MACD: 1.94 | ATR: 3.80
  📊 Filled: 0 | Pending: 0
  🔲 Regime: RANGING | Range pos: 68% | RSI: 58.3
  💰 Daily P&L: $+0.00

[2026-07-09 09:48] O:7554.75 H:7555.75 L:7554.00 C:7555.00 V:1720.0
  📈 Trend: strong_bullish | 🌍 Regime: trending_bullish
  🗺️  Grid: 0.080% | 🔺 7557.25 🔻 7552.75
  📡 RSI: 58.7 | MACD: 1.82 | ATR: 3.70
  📊 Filled: 0 | Pending: 0
  💰 Daily P&L: $+0.00

[2026-07-09 09:49] O:7555.00 H:7556.75 L:7554.25 C:7554.75 V:1813.0
  📈 Trend: strong_bullish | 🌍 Regime: ranging
  🗺️  Grid: 0.080% | 🔺 7555.75 🔻 7554.00
  📡 RSI: 50.0 | MACD: 1.68 | ATR: 3.36
  📊 Filled: 0 | Pending: 0
  🔲 Regime: RANGING | Range pos: 68% | RSI: 50.0
  💰 Daily P&L: $+0.00

[2026-07-09 09:50] O:7554.75 H:7554.75 L:7550.25 C:7553.50 V:3436.0
  📈 Trend: strong_bullish | 🌍 Regime: trending_bullish
  🗺️  Grid: 0.080% | 🔺 7556.75 🔻 7554.25
  📡 RSI: 45.6 | MACD: 1.45 | ATR: 3.52
  📊 Filled: 0 | Pending: 0
  💰 Daily P&L: $+0.00

[2026-07-09 09:51] O:7553.75 H:7554.25 L:7550.75 C:7552.25 V:1851.0
  📈 Trend: strong_bullish | 🌍 Regime: trending_bullish
  🗺️  Grid: 0.080% | 🔺 7554.75 🔻 7550.25
  📡 RSI: 47.1 | MACD: 1.16 | ATR: 3.41
  📊 Filled: 0 | Pending: 0
  💰 Daily P&L: $+0.00

[2026-07-09 09:52] O:7552.25 H:7553.00 L:7548.25 C:7549.25 V:3106.0
  📈 Trend: strong_bullish (raw: moderate_bullish) | 🌍 Regime: trending_bullish
  🗺️  Grid: 0.080% | 🔺 7554.25 🔻 7550.75
  📡 RSI: 40.2 | MACD: 0.68 | ATR: 3.54
  📊 Filled: 0 | Pending: 0
  💰 Daily P&L: $+0.00

[2026-07-09 09:53] O:7549.00 H:7550.50 L:7546.75 C:7550.25 V:3228.0
  📈 Trend: moderate_bullish | 🌍 Regime: trending_bullish
  🗺️  Grid: 0.080% | 🔺 7553.00 🔻 7548.25
  📡 RSI: 31.0 | MACD: 0.37 | ATR: 3.41
  📊 Filled: 0 | Pending: 0
  💰 Daily P&L: $+0.00

[2026-07-09 09:54] O:7550.50 H:7554.50 L:7548.25 C:7554.00 V:2701.0
  📈 Trend: moderate_bullish | 🌍 Regime: trending_bullish
  🗺️  Grid: 0.080% | 🔺 7550.50 🔻 7546.75
  📡 RSI: 41.8 | MACD: 0.43 | ATR: 3.64
  📊 Filled: 0 | Pending: 0
  💰 Daily P&L: $+0.00

[2026-07-09 09:55] O:7554.00 H:7557.25 L:7554.00 C:7556.25 V:2524.0
  📈 Trend: moderate_bullish (raw: strong_bullish) | 🌍 Regime: trending_bullish
  🗺️  Grid: 0.080% | 🔺 7554.50 🔻 7548.25
  📡 RSI: 48.1 | MACD: 0.64 | ATR: 3.64
  📊 Filled: 0 | Pending: 0
  💰 Daily P&L: $+0.00

[2026-07-09 09:56] O:7556.25 H:7557.00 L:7554.75 C:7555.50 V:1868.0
  📈 Trend: strong_bullish | 🌍 Regime: trending_bullish
  🗺️  Grid: 0.080% | 🔺 7557.25 🔻 7554.00
  📡 RSI: 44.1 | MACD: 0.75 | ATR: 3.62
  📊 Filled: 0 | Pending: 0
  💰 Daily P&L: $+0.00

[2026-07-09 09:57] O:7555.50 H:7558.50 L:7555.00 C:7558.50 V:2263.0
  📈 Trend: strong_bullish | 🌍 Regime: trending_bullish
  🗺️  Grid: 0.080% | 🔺 7557.00 🔻 7554.75
  📡 RSI: 55.3 | MACD: 1.06 | ATR: 3.64
  📊 Filled: 0 | Pending: 0
  💰 Daily P&L: $+0.00

[2026-07-09 09:58] O:7558.50 H:7563.75 L:7558.50 C:7560.50 V:4227.0
  📈 Trend: strong_bullish | 🌍 Regime: trending_bullish
  🗺️  Grid: 0.080% | 🔺 7558.50 🔻 7555.00
  📡 RSI: 65.0 | MACD: 1.45 | ATR: 3.77
  📊 Filled: 0 | Pending: 0
  💰 Daily P&L: $+0.00

[2026-07-09 09:59] O:7560.50 H:7562.50 L:7560.25 C:7562.00 V:2650.0
  📈 Trend: strong_bullish | 🌍 Regime: trending_bullish
  🗺️  Grid: 0.080% | 🔺 7563.75 🔻 7558.50
  📡 RSI: 65.0 | MACD: 1.86 | ATR: 3.70
  📊 Filled: 0 | Pending: 0
  💰 Daily P&L: $+0.00

[2026-07-09 10:00] O:7562.00 H:7563.75 L:7561.25 C:7562.50 V:3215.0
  📈 Trend: strong_bullish | 🌍 Regime: ranging
  🗺️  Grid: 0.080% | 🔺 7562.50 🔻 7560.25
  📡 RSI: 62.4 | MACD: 2.20 | ATR: 3.61
  📊 Filled: 0 | Pending: 0
  🔲 Regime: RANGING | Range pos: 89% | RSI: 62.4
  💰 Daily P&L: $+0.00

[2026-07-09 10:01] O:7562.50 H:7563.50 L:7560.75 C:7563.50 V:2488.0
  📈 Trend: strong_bullish | 🌍 Regime: ranging
  🗺️  Grid: 0.080% | 🔺 7563.75 🔻 7561.25
  📡 RSI: 70.5 | MACD: 2.52 | ATR: 3.48
  📊 Filled: 0 | Pending: 0
  🔲 Regime: RANGING | Range pos: 92% | RSI: 70.5
  🚫 Raw trend blocks RANGING SHORT | raw: strong_bullish
  💰 Daily P&L: $+0.00

[2026-07-09 10:02] O:7563.50 H:7564.25 L:7560.50 C:7561.00 V:2458.0
  📈 Trend: strong_bullish | 🌍 Regime: ranging
  🗺️  Grid: 0.080% | 🔺 7563.50 🔻 7560.75
  📡 RSI: 62.5 | MACD: 2.55 | ATR: 3.62
  📊 Filled: 0 | Pending: 0
  🔲 Regime: RANGING | Range pos: 85% | RSI: 62.5
  💰 Daily P&L: $+0.00

[2026-07-09 10:03] O:7561.00 H:7563.25 L:7560.50 C:7562.75 V:1822.0
  📈 Trend: strong_bullish | 🌍 Regime: ranging
  🗺️  Grid: 0.080% | 🔺 7564.25 🔻 7560.50
  📡 RSI: 65.7 | MACD: 2.67 | ATR: 3.64
  📊 Filled: 0 | Pending: 0
  🔲 Regime: RANGING | Range pos: 90% | RSI: 65.7
  💰 Daily P&L: $+0.00

[2026-07-09 10:04] O:7563.00 H:7563.75 L:7562.25 C:7563.25 V:1642.0
  📈 Trend: strong_bullish | 🌍 Regime: ranging
  🗺️  Grid: 0.080% | 🔺 7563.25 🔻 7560.50
  📡 RSI: 69.7 | MACD: 2.78 | ATR: 3.43
  📊 Filled: 0 | Pending: 0
  🔲 Regime: RANGING | Range pos: 91% | RSI: 69.7
  💰 Daily P&L: $+0.00

[2026-07-09 10:05] O:7563.50 H:7564.75 L:7563.00 C:7564.00 V:2339.0
  📈 Trend: strong_bullish | 🌍 Regime: ranging
  🗺️  Grid: 0.080% | 🔺 7563.75 🔻 7562.25
  📡 RSI: 74.2 | MACD: 2.90 | ATR: 3.30
  📊 Filled: 0 | Pending: 0
  🔲 Regime: RANGING | Range pos: 93% | RSI: 74.2
  🚫 Raw trend blocks RANGING SHORT | raw: strong_bullish
  💰 Daily P&L: $+0.00

[2026-07-09 10:06] O:7564.00 H:7569.50 L:7564.00 C:7568.75 V:3834.0
  📈 Trend: strong_bullish | 🌍 Regime: ranging
  🗺️  Grid: 0.080% | 🔺 7564.75 🔻 7563.00
  📡 RSI: 87.5 | MACD: 3.33 | ATR: 3.36
  📊 Filled: 0 | Pending: 0
  🔲 Regime: RANGING | Range pos: 98% | RSI: 87.5
  🚫 Raw trend blocks RANGING SHORT | raw: strong_bullish
  💰 Daily P&L: $+0.00

[2026-07-09 10:07] O:7568.50 H:7569.50 L:7566.25 C:7567.75 V:3898.0
  📈 Trend: strong_bullish | 🌍 Regime: ranging
  🗺️  Grid: 0.080% | 🔺 7569.50 🔻 7564.00
  📡 RSI: 83.7 | MACD: 3.56 | ATR: 3.32
  📊 Filled: 0 | Pending: 0
  🔲 Regime: RANGING | Range pos: 96% | RSI: 83.7
  🚫 Raw trend blocks RANGING SHORT | raw: strong_bullish
  💰 Daily P&L: $+0.00

[2026-07-09 10:08] O:7567.75 H:7569.75 L:7566.50 C:7568.50 V:2303.0
  📈 Trend: strong_bullish | 🌍 Regime: ranging
  🗺️  Grid: 0.080% | 🔺 7569.50 🔻 7566.25
  📡 RSI: 81.5 | MACD: 3.75 | ATR: 3.11
  📊 Filled: 0 | Pending: 0
  🔲 Regime: RANGING | Range pos: 97% | RSI: 81.5
  🚫 Raw trend blocks RANGING SHORT | raw: strong_bullish
  💰 Daily P&L: $+0.00

[2026-07-09 10:09] O:7568.50 H:7570.25 L:7568.25 C:7569.75 V:2440.0
  📈 Trend: strong_bullish | 🌍 Regime: ranging
  🗺️  Grid: 0.080% | 🔺 7569.75 🔻 7566.50
  📡 RSI: 80.7 | MACD: 3.96 | ATR: 3.02
  📊 Filled: 0 | Pending: 0
  🔲 Regime: RANGING | Range pos: 99% | RSI: 80.7
  🚫 Raw trend blocks RANGING SHORT | raw: strong_bullish
  💰 Daily P&L: $+0.00

[2026-07-09 10:10] O:7569.75 H:7570.75 L:7568.50 C:7568.75 V:2584.0
  📈 Trend: strong_bullish | 🌍 Regime: ranging
  🗺️  Grid: 0.080% | 🔺 7570.25 🔻 7568.25
  📡 RSI: 79.8 | MACD: 4.00 | ATR: 3.02
  📊 Filled: 0 | Pending: 0
  🔲 Regime: RANGING | Range pos: 95% | RSI: 79.8
  🚫 Raw trend blocks RANGING SHORT | raw: strong_bullish
  💰 Daily P&L: $+0.00

[2026-07-09 10:11] O:7568.50 H:7568.50 L:7566.25 C:7566.75 V:2609.0
  📈 Trend: strong_bullish | 🌍 Regime: ranging
  🗺️  Grid: 0.080% | 🔺 7570.75 🔻 7568.50
  📡 RSI: 69.4 | MACD: 3.83 | ATR: 2.95
  📊 Filled: 0 | Pending: 0
  🔲 Regime: RANGING | Range pos: 90% | RSI: 69.4
  💰 Daily P&L: $+0.00

[2026-07-09 10:12] O:7566.75 H:7567.50 L:7565.75 C:7566.75 V:1835.0
  📈 Trend: strong_bullish | 🌍 Regime: ranging
  🗺️  Grid: 0.080% | 🔺 7568.50 🔻 7566.25
  📡 RSI: 66.2 | MACD: 3.65 | ATR: 2.70
  📊 Filled: 0 | Pending: 0
  🔲 Regime: RANGING | Range pos: 90% | RSI: 66.2
  💰 Daily P&L: $+0.00

[2026-07-09 10:13] O:7566.50 H:7568.75 L:7565.75 C:7567.25 V:1886.0
  📈 Trend: strong_bullish | 🌍 Regime: ranging
  🗺️  Grid: 0.080% | 🔺 7567.50 🔻 7565.75
  📡 RSI: 64.4 | MACD: 3.50 | ATR: 2.75
  📊 Filled: 0 | Pending: 0
  🔲 Regime: RANGING | Range pos: 92% | RSI: 64.4
  💰 Daily P&L: $+0.00

[2026-07-09 10:14] O:7567.25 H:7568.00 L:7566.25 C:7566.75 V:1882.0
  📈 Trend: strong_bullish | 🌍 Regime: ranging
  🗺️  Grid: 0.080% | 🔺 7568.75 🔻 7565.75
  📡 RSI: 61.6 | MACD: 3.31 | ATR: 2.70
  📊 Filled: 0 | Pending: 0
  🔲 Regime: RANGING | Range pos: 90% | RSI: 61.6
  💰 Daily P&L: $+0.00

[2026-07-09 10:15] O:7566.75 H:7570.75 L:7566.25 C:7569.75 V:2612.0
  📈 Trend: strong_bullish | 🌍 Regime: ranging
  🗺️  Grid: 0.080% | 🔺 7568.00 🔻 7566.25
  📡 RSI: 65.4 | MACD: 3.36 | ATR: 2.82
  📊 Filled: 0 | Pending: 0
  🔲 Regime: RANGING | Range pos: 98% | RSI: 65.4
  💰 Daily P&L: $+0.00

[2026-07-09 10:16] O:7569.75 H:7569.75 L:7567.75 C:7568.00 V:2208.0
  📈 Trend: strong_bullish | 🌍 Regime: ranging
  🗺️  Grid: 0.080% | 🔺 7570.75 🔻 7566.25
  📡 RSI: 67.9 | MACD: 3.22 | ATR: 2.70
  📊 Filled: 0 | Pending: 0
  🔲 Regime: RANGING | Range pos: 93% | RSI: 67.9
  💰 Daily P&L: $+0.00

[2026-07-09 10:17] O:7568.00 H:7568.25 L:7565.50 C:7566.25 V:2386.0
  📈 Trend: strong_bullish | 🌍 Regime: ranging
  🗺️  Grid: 0.080% | 🔺 7569.75 🔻 7567.75
  📡 RSI: 59.0 | MACD: 2.94 | ATR: 2.70
  📊 Filled: 0 | Pending: 0
  🔲 Regime: RANGING | Range pos: 89% | RSI: 59.0
  💰 Daily P&L: $+0.00

[2026-07-09 10:18] O:7566.50 H:7567.00 L:7564.50 C:7565.50 V:2430.0
  📈 Trend: strong_bullish | 🌍 Regime: ranging
  🗺️  Grid: 0.080% | 🔺 7568.25 🔻 7565.50
  📡 RSI: 55.7 | MACD: 2.62 | ATR: 2.77
  📊 Filled: 0 | Pending: 0
  🔲 Regime: RANGING | Range pos: 87% | RSI: 55.7
  💰 Daily P&L: $+0.00

[2026-07-09 10:19] O:7565.75 H:7567.25 L:7565.25 C:7567.00 V:1746.0
  📈 Trend: strong_bullish | 🌍 Regime: ranging
  🗺️  Grid: 0.080% | 🔺 7567.00 🔻 7564.50
  📡 RSI: 57.3 | MACD: 2.47 | ATR: 2.79
  📊 Filled: 0 | Pending: 0
  🔲 Regime: RANGING | Range pos: 91% | RSI: 57.3
  💰 Daily P&L: $+0.00

[2026-07-09 10:20] O:7567.25 H:7568.75 L:7566.75 C:7568.00 V:2008.0
  📈 Trend: strong_bullish | 🌍 Regime: ranging
  🗺️  Grid: 0.080% | 🔺 7567.25 🔻 7565.25
  📡 RSI: 47.8 | MACD: 2.39 | ATR: 2.54
  📊 Filled: 0 | Pending: 0
  🔲 Regime: RANGING | Range pos: 93% | RSI: 47.8
  💰 Daily P&L: $+0.00

[2026-07-09 10:21] O:7568.25 H:7569.75 L:7567.75 C:7569.00 V:2273.0
  📈 Trend: strong_bullish | 🌍 Regime: ranging
  🗺️  Grid: 0.080% | 🔺 7568.75 🔻 7566.75
  📡 RSI: 53.7 | MACD: 2.39 | ATR: 2.45
  📊 Filled: 0 | Pending: 0
  🔲 Regime: RANGING | Range pos: 96% | RSI: 53.7
  💰 Daily P&L: $+0.00

[2026-07-09 10:22] O:7569.25 H:7573.50 L:7568.25 C:7572.25 V:3564.0
  📈 Trend: strong_bullish | 🌍 Regime: ranging
  🗺️  Grid: 0.080% | 🔺 7569.75 🔻 7567.75
  📡 RSI: 59.7 | MACD: 2.62 | ATR: 2.59
  📊 Filled: 0 | Pending: 0
  🔲 Regime: RANGING | Range pos: 97% | RSI: 59.7
  💰 Daily P&L: $+0.00

[2026-07-09 10:23] O:7572.50 H:7573.25 L:7572.25 C:7572.75 V:2648.0
  📈 Trend: strong_bullish | 🌍 Regime: ranging
  🗺️  Grid: 0.080% | 🔺 7573.50 🔻 7568.25
  📡 RSI: 58.1 | MACD: 2.81 | ATR: 2.52
  📊 Filled: 0 | Pending: 0
  🔲 Regime: RANGING | Range pos: 98% | RSI: 58.1
  💰 Daily P&L: $+0.00

[2026-07-09 10:24] O:7572.75 H:7574.75 L:7572.50 C:7574.00 V:2696.0
  📈 Trend: strong_bullish | 🌍 Regime: ranging
  🗺️  Grid: 0.080% | 🔺 7573.25 🔻 7572.25
  📡 RSI: 64.0 | MACD: 3.03 | ATR: 2.52
  📊 Filled: 0 | Pending: 0
  🔲 Regime: RANGING | Range pos: 98% | RSI: 64.0
  💰 Daily P&L: $+0.00

[2026-07-09 10:25] O:7574.25 H:7574.50 L:7572.50 C:7573.25 V:2697.0
  📈 Trend: strong_bullish | 🌍 Regime: ranging
  🗺️  Grid: 0.080% | 🔺 7574.75 🔻 7572.50
  📡 RSI: 68.6 | MACD: 3.10 | ATR: 2.48
  📊 Filled: 0 | Pending: 0
  🔲 Regime: RANGING | Range pos: 97% | RSI: 68.6
  💰 Daily P&L: $+0.00

[2026-07-09 10:26] O:7573.25 H:7574.25 L:7573.25 C:7574.00 V:1800.0
  📈 Trend: strong_bullish | 🌍 Regime: ranging
  🗺️  Grid: 0.080% | 🔺 7574.50 🔻 7572.50
  📡 RSI: 69.9 | MACD: 3.18 | ATR: 2.43
  📊 Filled: 0 | Pending: 0
  🔲 Regime: RANGING | Range pos: 98% | RSI: 69.9
  💰 Daily P&L: $+0.00

[2026-07-09 10:27] O:7574.00 H:7575.00 L:7572.50 C:7574.00 V:2393.0
  📈 Trend: strong_bullish | 🌍 Regime: ranging
  🗺️  Grid: 0.080% | 🔺 7574.25 🔻 7573.25
  📡 RSI: 69.0 | MACD: 3.21 | ATR: 2.39
  📊 Filled: 0 | Pending: 0
  🔲 Regime: RANGING | Range pos: 98% | RSI: 69.0
  💰 Daily P&L: $+0.00

[2026-07-09 10:28] O:7574.00 H:7574.50 L:7572.25 C:7573.00 V:1685.0
  📈 Trend: strong_bullish | 🌍 Regime: ranging
  🗺️  Grid: 0.080% | 🔺 7575.00 🔻 7572.50
  📡 RSI: 67.1 | MACD: 3.12 | ATR: 2.43
  📊 Filled: 0 | Pending: 0
  🔲 Regime: RANGING | Range pos: 96% | RSI: 67.1
  💰 Daily P&L: $+0.00

[2026-07-09 10:29] O:7573.25 H:7574.00 L:7572.50 C:7572.75 V:1478.0
  📈 Trend: strong_bullish | 🌍 Regime: ranging
  🗺️  Grid: 0.080% | 🔺 7574.50 🔻 7572.25
  📡 RSI: 59.7 | MACD: 2.99 | ATR: 2.21
  📊 Filled: 0 | Pending: 0
  🔲 Regime: RANGING | Range pos: 95% | RSI: 59.7
  💰 Daily P&L: $+0.00

[2026-07-09 10:30] O:7573.00 H:7573.25 L:7571.25 C:7571.75 V:2078.0
  📈 Trend: strong_bullish | 🌍 Regime: ranging
  🗺️  Grid: 0.080% | 🔺 7574.00 🔻 7572.50
  📡 RSI: 62.7 | MACD: 2.77 | ATR: 2.21
  📊 Filled: 0 | Pending: 0
  🔲 Regime: RANGING | Range pos: 93% | RSI: 62.7
  💰 Daily P&L: $+0.00

[2026-07-09 10:31] O:7571.75 H:7572.75 L:7571.50 C:7571.75 V:1515.0
  📈 Trend: strong_bullish | 🌍 Regime: ranging
  🗺️  Grid: 0.080% | 🔺 7573.25 🔻 7571.25
  📡 RSI: 71.2 | MACD: 2.57 | ATR: 2.11
  📊 Filled: 0 | Pending: 0
  🔲 Regime: RANGING | Range pos: 93% | RSI: 71.2
  🚫 Raw trend blocks RANGING SHORT | raw: strong_bullish
  💰 Daily P&L: $+0.00

[2026-07-09 10:32] O:7571.75 H:7572.00 L:7570.25 C:7570.25 V:2146.0
  📈 Trend: strong_bullish | 🌍 Regime: ranging
  🗺️  Grid: 0.080% | 🔺 7572.75 🔻 7571.50
  📡 RSI: 67.3 | MACD: 2.27 | ATR: 2.05
  📊 Filled: 0 | Pending: 0
  🔲 Regime: RANGING | Range pos: 90% | RSI: 67.3
  💰 Daily P&L: $+0.00

[2026-07-09 10:33] O:7570.25 H:7571.75 L:7570.00 C:7571.00 V:1343.0
  📈 Trend: strong_bullish | 🌍 Regime: ranging
  🗺️  Grid: 0.080% | 🔺 7572.00 🔻 7570.25
  📡 RSI: 65.4 | MACD: 2.06 | ATR: 2.04
  📊 Filled: 0 | Pending: 0
  🔲 Regime: RANGING | Range pos: 91% | RSI: 65.4
  💰 Daily P&L: $+0.00

[2026-07-09 10:34] O:7571.00 H:7572.00 L:7569.75 C:7571.00 V:2615.0
  📈 Trend: strong_bullish | 🌍 Regime: ranging
  🗺️  Grid: 0.080% | 🔺 7571.75 🔻 7570.00
  📡 RSI: 62.5 | MACD: 1.88 | ATR: 2.05
  📊 Filled: 0 | Pending: 0
  🔲 Regime: RANGING | Range pos: 91% | RSI: 62.5
  💰 Daily P&L: $+0.00

[2026-07-09 10:35] O:7570.75 H:7573.00 L:7570.25 C:7572.00 V:1898.0
  📈 Trend: strong_bullish | 🌍 Regime: ranging
  🗺️  Grid: 0.080% | 🔺 7572.00 🔻 7569.75
  📡 RSI: 62.5 | MACD: 1.79 | ATR: 2.11
  📊 Filled: 0 | Pending: 0
  🔲 Regime: RANGING | Range pos: 93% | RSI: 62.5
  💰 Daily P&L: $+0.00

[2026-07-09 10:36] O:7572.00 H:7573.00 L:7571.25 C:7571.75 V:1497.0
  📈 Trend: strong_bullish | 🌍 Regime: ranging
  🗺️  Grid: 0.080% | 🔺 7573.00 🔻 7570.25
  📡 RSI: 47.2 | MACD: 1.69 | ATR: 1.86
  📊 Filled: 0 | Pending: 0
  🔲 Regime: RANGING | Range pos: 93% | RSI: 47.2
  💰 Daily P&L: $+0.00

[2026-07-09 10:37] O:7572.00 H:7572.50 L:7571.75 C:7572.25 V:797.0
  📈 Trend: strong_bullish | 🌍 Regime: ranging
  🗺️  Grid: 0.080% | 🔺 7573.00 🔻 7571.25
  📡 RSI: 47.2 | MACD: 1.62 | ATR: 1.84
  📊 Filled: 0 | Pending: 0
  🔲 Regime: RANGING | Range pos: 94% | RSI: 47.2
  💰 Daily P&L: $+0.00

[2026-07-09 10:38] O:7572.25 H:7574.00 L:7572.00 C:7573.75 V:1377.0
  📈 Trend: strong_bullish | 🌍 Regime: ranging
  🗺️  Grid: 0.080% | 🔺 7572.50 🔻 7571.75
  📡 RSI: 48.6 | MACD: 1.67 | ATR: 1.82
  📊 Filled: 0 | Pending: 0
  🔲 Regime: RANGING | Range pos: 97% | RSI: 48.6
  💰 Daily P&L: $+0.00

[2026-07-09 10:39] O:7574.00 H:7574.00 L:7572.75 C:7573.75 V:1018.0
  📈 Trend: strong_bullish | 🌍 Regime: ranging
  🗺️  Grid: 0.080% | 🔺 7574.00 🔻 7572.00
  📡 RSI: 52.9 | MACD: 1.69 | ATR: 1.77
  📊 Filled: 0 | Pending: 0
  🔲 Regime: RANGING | Range pos: 97% | RSI: 52.9
  💰 Daily P&L: $+0.00

[2026-07-09 10:40] O:7574.00 H:7575.00 L:7573.00 C:7574.25 V:1850.0
  📈 Trend: strong_bullish | 🌍 Regime: ranging
  🗺️  Grid: 0.080% | 🔺 7574.00 🔻 7572.75
  📡 RSI: 51.5 | MACD: 1.73 | ATR: 1.84
  📊 Filled: 0 | Pending: 0
  🔲 Regime: RANGING | Range pos: 98% | RSI: 51.5
  💰 Daily P&L: $+0.00

[2026-07-09 10:41] O:7574.00 H:7577.00 L:7573.25 C:7576.50 V:3458.0
  📈 Trend: strong_bullish | 🌍 Regime: ranging
  🗺️  Grid: 0.080% | 🔺 7575.00 🔻 7573.00
  📡 RSI: 61.9 | MACD: 1.92 | ATR: 1.93
  📊 Filled: 0 | Pending: 0
  🔲 Regime: RANGING | Range pos: 99% | RSI: 61.9
  💰 Daily P&L: $+0.00

[2026-07-09 10:42] O:7576.50 H:7577.50 L:7575.75 C:7576.50 V:2174.0
  📈 Trend: strong_bullish | 🌍 Regime: ranging
  🗺️  Grid: 0.080% | 🔺 7577.00 🔻 7573.25
  📡 RSI: 68.4 | MACD: 2.05 | ATR: 1.89
  📊 Filled: 0 | Pending: 0
  🔲 Regime: RANGING | Range pos: 98% | RSI: 68.4
  💰 Daily P&L: $+0.00

[2026-07-09 10:43] O:7576.75 H:7577.75 L:7575.75 C:7575.75 V:2972.0
  📈 Trend: strong_bullish | 🌍 Regime: ranging
  🗺️  Grid: 0.080% | 🔺 7577.50 🔻 7575.75
  📡 RSI: 65.0 | MACD: 2.06 | ATR: 1.93
  📊 Filled: 0 | Pending: 0
  🔲 Regime: RANGING | Range pos: 96% | RSI: 65.0
  💰 Daily P&L: $+0.00

[2026-07-09 10:44] O:7575.75 H:7577.50 L:7575.75 C:7576.25 V:1160.0
  📈 Trend: strong_bullish | 🌍 Regime: ranging
  🗺️  Grid: 0.080% | 🔺 7577.75 🔻 7575.75
  📡 RSI: 73.7 | MACD: 2.09 | ATR: 1.91
  📊 Filled: 0 | Pending: 0
  🔲 Regime: RANGING | Range pos: 97% | RSI: 73.7
  🚫 Raw trend blocks RANGING SHORT | raw: strong_bullish
  💰 Daily P&L: $+0.00

[2026-07-09 10:45] O:7576.50 H:7578.00 L:7576.50 C:7577.25 V:2419.0
  📈 Trend: strong_bullish | 🌍 Regime: ranging
  🗺️  Grid: 0.080% | 🔺 7577.50 🔻 7575.75
  📡 RSI: 76.2 | MACD: 2.17 | ATR: 1.95
  📊 Filled: 0 | Pending: 0
  🔲 Regime: RANGING | Range pos: 98% | RSI: 76.2
  🚫 Raw trend blocks RANGING SHORT | raw: strong_bullish
  💰 Daily P&L: $+0.00

[2026-07-09 10:46] O:7577.25 H:7577.50 L:7575.00 C:7576.00 V:1919.0
  📈 Trend: strong_bullish | 🌍 Regime: ranging
  🗺️  Grid: 0.080% | 🔺 7578.00 🔻 7576.50
  📡 RSI: 78.0 | MACD: 2.10 | ATR: 2.00
  📊 Filled: 0 | Pending: 0
  🔲 Regime: RANGING | Range pos: 96% | RSI: 78.0
  🚫 Raw trend blocks RANGING SHORT | raw: strong_bullish
  💰 Daily P&L: $+0.00

[2026-07-09 10:47] O:7576.00 H:7576.00 L:7574.50 C:7575.00 V:1569.0
  📈 Trend: strong_bullish | 🌍 Regime: ranging
  🗺️  Grid: 0.080% | 🔺 7577.50 🔻 7575.00
  📡 RSI: 69.0 | MACD: 1.95 | ATR: 1.98
  📊 Filled: 0 | Pending: 0
  🔲 Regime: RANGING | Range pos: 94% | RSI: 69.0
  💰 Daily P&L: $+0.00

[2026-07-09 10:48] O:7575.00 H:7576.00 L:7574.25 C:7576.00 V:1172.0
  📈 Trend: strong_bullish | 🌍 Regime: ranging
  🗺️  Grid: 0.080% | 🔺 7576.00 🔻 7574.50
  📡 RSI: 71.7 | MACD: 1.89 | ATR: 1.95
  📊 Filled: 0 | Pending: 0
  🔲 Regime: RANGING | Range pos: 96% | RSI: 71.7
  🚫 Raw trend blocks RANGING SHORT | raw: strong_bullish
  💰 Daily P&L: $+0.00

[2026-07-09 10:49] O:7576.00 H:7577.25 L:7576.00 C:7577.00 V:1069.0
  📈 Trend: strong_bullish | 🌍 Regime: ranging
  🗺️  Grid: 0.080% | 🔺 7576.00 🔻 7574.25
  📡 RSI: 71.7 | MACD: 1.90 | ATR: 1.84
  📊 Filled: 0 | Pending: 0
  🔲 Regime: RANGING | Range pos: 98% | RSI: 71.7
  🚫 Raw trend blocks RANGING SHORT | raw: strong_bullish
  💰 Daily P&L: $+0.00

[2026-07-09 10:50] O:7577.00 H:7577.50 L:7575.25 C:7575.50 V:1698.0
  📈 Trend: strong_bullish | 🌍 Regime: ranging
  🗺️  Grid: 0.080% | 🔺 7577.25 🔻 7576.00
  📡 RSI: 64.7 | MACD: 1.76 | ATR: 1.88
  📊 Filled: 0 | Pending: 0
  🔲 Regime: RANGING | Range pos: 95% | RSI: 64.7
  💰 Daily P&L: $+0.00

[2026-07-09 10:51] O:7575.75 H:7576.25 L:7575.25 C:7575.75 V:1057.0
  📈 Trend: strong_bullish | 🌍 Regime: ranging
  🗺️  Grid: 0.080% | 🔺 7577.50 🔻 7575.25
  📡 RSI: 64.0 | MACD: 1.66 | ATR: 1.89
  📊 Filled: 0 | Pending: 0
  🔲 Regime: RANGING | Range pos: 95% | RSI: 64.0
  💰 Daily P&L: $+0.00

[2026-07-09 10:52] O:7575.75 H:7576.00 L:7574.75 C:7575.00 V:1109.0
  📈 Trend: strong_bullish | 🌍 Regime: ranging
  🗺️  Grid: 0.080% | 🔺 7576.25 🔻 7575.25
  📡 RSI: 55.3 | MACD: 1.50 | ATR: 1.84
  📊 Filled: 0 | Pending: 0
  🔲 Regime: RANGING | Range pos: 94% | RSI: 55.3
  💰 Daily P&L: $+0.00

[2026-07-09 10:53] O:7574.75 H:7576.75 L:7574.75 C:7575.00 V:1186.0
  📈 Trend: strong_bullish | 🌍 Regime: ranging
  🗺️  Grid: 0.080% | 🔺 7576.00 🔻 7574.75
  📡 RSI: 55.3 | MACD: 1.36 | ATR: 1.89
  📊 Filled: 0 | Pending: 0
  🔲 Regime: RANGING | Range pos: 94% | RSI: 55.3
  💰 Daily P&L: $+0.00

[2026-07-09 10:54] O:7575.00 H:7575.50 L:7573.75 C:7574.50 V:1548.0
  📈 Trend: strong_bullish | 🌍 Regime: ranging
  🗺️  Grid: 0.080% | 🔺 7576.75 🔻 7574.75
  📡 RSI: 51.1 | MACD: 1.19 | ATR: 1.88
  📊 Filled: 0 | Pending: 0
  🔲 Regime: RANGING | Range pos: 93% | RSI: 51.1
  💰 Daily P&L: $+0.00

[2026-07-09 10:55] O:7574.50 H:7576.25 L:7574.25 C:7574.75 V:1261.0
  📈 Trend: strong_bullish | 🌍 Regime: ranging
  🗺️  Grid: 0.080% | 🔺 7575.50 🔻 7573.75
  📡 RSI: 41.0 | MACD: 1.06 | ATR: 1.75
  📊 Filled: 0 | Pending: 0
  🔲 Regime: RANGING | Range pos: 93% | RSI: 41.0
  💰 Daily P&L: $+0.00

[2026-07-09 10:56] O:7574.50 H:7575.25 L:7573.75 C:7574.50 V:969.0
  📈 Trend: strong_bullish | 🌍 Regime: ranging
  🗺️  Grid: 0.080% | 🔺 7576.25 🔻 7574.25
  📡 RSI: 40.0 | MACD: 0.93 | ATR: 1.73
  📊 Filled: 0 | Pending: 0
  🔲 Regime: RANGING | Range pos: 93% | RSI: 40.0
  💰 Daily P&L: $+0.00

[2026-07-09 10:57] O:7574.50 H:7575.00 L:7573.25 C:7574.25 V:1406.0
  📈 Trend: strong_bullish | 🌍 Regime: ranging
  🗺️  Grid: 0.080% | 🔺 7575.25 🔻 7573.75
  📡 RSI: 42.1 | MACD: 0.80 | ATR: 1.71
  📊 Filled: 0 | Pending: 0
  🔲 Regime: RANGING | Range pos: 92% | RSI: 42.1
  💰 Daily P&L: $+0.00

[2026-07-09 10:58] O:7574.25 H:7575.25 L:7574.00 C:7574.50 V:889.0
  📈 Trend: strong_bullish | 🌍 Regime: ranging
  🗺️  Grid: 0.080% | 🔺 7575.00 🔻 7573.25
  📡 RSI: 40.5 | MACD: 0.71 | ATR: 1.68
  📊 Filled: 0 | Pending: 0
  🔲 Regime: RANGING | Range pos: 93% | RSI: 40.5
  💰 Daily P&L: $+0.00

[2026-07-09 10:59] O:7574.50 H:7575.25 L:7573.25 C:7573.75 V:1072.0
  📈 Trend: strong_bullish (raw: moderate_bullish) | 🌍 Regime: ranging
  🗺️  Grid: 0.080% | 🔺 7575.25 🔻 7574.00
  📡 RSI: 30.6 | MACD: 0.57 | ATR: 1.70
  📊 Filled: 0 | Pending: 0
  🔲 Regime: RANGING | Range pos: 91% | RSI: 30.6
  💰 Daily P&L: $+0.00

[2026-07-09 11:00] O:7573.75 H:7575.75 L:7573.75 C:7575.25 V:1636.0
  📈 Trend: moderate_bullish | 🌍 Regime: trending_bullish
  🗺️  Grid: 0.080% | 🔺 7575.25 🔻 7573.25
  📡 RSI: 45.9 | MACD: 0.57 | ATR: 1.66
  📊 Filled: 0 | Pending: 0
  💰 Daily P&L: $+0.00

[2026-07-09 11:01] O:7575.50 H:7578.75 L:7575.50 C:7578.25 V:2508.0
  📈 Trend: moderate_bullish (raw: strong_bullish) | 🌍 Regime: trending_bullish
  🗺️  Grid: 0.080% | 🔺 7575.75 🔻 7573.75
  📡 RSI: 64.4 | MACD: 0.80 | ATR: 1.80
  📊 Filled: 0 | Pending: 0
  💰 Daily P&L: $+0.00

[2026-07-09 11:02] O:7578.00 H:7578.75 L:7577.25 C:7578.50 V:1390.0
  📈 Trend: strong_bullish | 🌍 Regime: trending_bullish
  🗺️  Grid: 0.080% | 🔺 7578.75 🔻 7575.50
  📡 RSI: 61.9 | MACD: 1.00 | ATR: 1.79
  📊 Filled: 0 | Pending: 0
  💰 Daily P&L: $+0.00

[2026-07-09 11:03] O:7578.75 H:7579.75 L:7578.50 C:7578.75 V:1506.0
  📈 Trend: strong_bullish | 🌍 Regime: trending_bullish
  🗺️  Grid: 0.080% | 🔺 7578.75 🔻 7577.25
  📡 RSI: 59.0 | MACD: 1.16 | ATR: 1.79
  📊 Filled: 0 | Pending: 0
  💰 Daily P&L: $+0.00

[2026-07-09 11:04] O:7578.75 H:7579.50 L:7578.00 C:7578.50 V:1176.0
  📈 Trend: strong_bullish | 🌍 Regime: trending_bullish
  🗺️  Grid: 0.080% | 🔺 7579.75 🔻 7578.50
  📡 RSI: 67.6 | MACD: 1.25 | ATR: 1.73
  📊 Filled: 0 | Pending: 0
  💰 Daily P&L: $+0.00

[2026-07-09 11:05] O:7578.75 H:7581.00 L:7578.75 C:7580.50 V:2493.0
  📈 Trend: strong_bullish | 🌍 Regime: trending_bullish
  🗺️  Grid: 0.080% | 🔺 7579.50 🔻 7578.00
  📡 RSI: 73.2 | MACD: 1.47 | ATR: 1.84
  📊 Filled: 0 | Pending: 0
  💰 Daily P&L: $+0.00

[2026-07-09 11:06] O:7580.50 H:7581.00 L:7579.50 C:7579.75 V:1095.0
  📈 Trend: strong_bullish | 🌍 Regime: trending_bullish
  🗺️  Grid: 0.080% | 🔺 7581.00 🔻 7578.75
  📡 RSI: 73.2 | MACD: 1.57 | ATR: 1.86
  📊 Filled: 0 | Pending: 0
  💰 Daily P&L: $+0.00

[2026-07-09 11:07] O:7579.75 H:7581.25 L:7579.25 C:7580.75 V:1714.0
  📈 Trend: strong_bullish | 🌍 Regime: trending_bullish
  🗺️  Grid: 0.080% | 🔺 7581.00 🔻 7579.50
  📡 RSI: 75.6 | MACD: 1.70 | ATR: 1.86
  📊 Filled: 0 | Pending: 0
  💰 Daily P&L: $+0.00

[2026-07-09 11:08] O:7580.75 H:7581.25 L:7580.00 C:7580.25 V:1188.0
  📈 Trend: strong_bullish | 🌍 Regime: trending_bullish
  🗺️  Grid: 0.080% | 🔺 7581.25 🔻 7579.25
  📡 RSI: 75.6 | MACD: 1.75 | ATR: 1.82
  📊 Filled: 0 | Pending: 0
  💰 Daily P&L: $+0.00

[2026-07-09 11:09] O:7580.50 H:7580.75 L:7579.50 C:7579.75 V:861.0
  📈 Trend: strong_bullish | 🌍 Regime: trending_bullish
  🗺️  Grid: 0.080% | 🔺 7581.25 🔻 7580.00
  📡 RSI: 71.7 | MACD: 1.73 | ATR: 1.77
  📊 Filled: 0 | Pending: 0
  💰 Daily P&L: $+0.00

[2026-07-09 11:10] O:7579.50 H:7580.75 L:7579.00 C:7579.50 V:1248.0
  📈 Trend: strong_bullish | 🌍 Regime: trending_bullish
  🗺️  Grid: 0.080% | 🔺 7580.75 🔻 7579.50
  📡 RSI: 71.7 | MACD: 1.67 | ATR: 1.79
  📊 Filled: 0 | Pending: 0
  💰 Daily P&L: $+0.00

[2026-07-09 11:11] O:7579.50 H:7580.25 L:7579.00 C:7579.75 V:972.0
  📈 Trend: strong_bullish | 🌍 Regime: trending_bullish
  🗺️  Grid: 0.080% | 🔺 7580.75 🔻 7579.00
  📡 RSI: 73.9 | MACD: 1.63 | ATR: 1.75
  📊 Filled: 0 | Pending: 0
  💰 Daily P&L: $+0.00

[2026-07-09 11:12] O:7579.75 H:7580.00 L:7579.25 C:7579.50 V:666.0
  📈 Trend: strong_bullish | 🌍 Regime: trending_bullish
  🗺️  Grid: 0.080% | 🔺 7580.25 🔻 7579.00
  📡 RSI: 71.7 | MACD: 1.55 | ATR: 1.71
  📊 Filled: 0 | Pending: 0
  💰 Daily P&L: $+0.00

[2026-07-09 11:13] O:7579.50 H:7580.75 L:7579.50 C:7580.00 V:632.0
  📈 Trend: strong_bullish | 🌍 Regime: trending_bullish
  🗺️  Grid: 0.080% | 🔺 7580.00 🔻 7579.25
  📡 RSI: 77.8 | MACD: 1.52 | ATR: 1.66
  📊 Filled: 0 | Pending: 0
  💰 Daily P&L: $+0.00

[2026-07-09 11:14] O:7580.25 H:7580.75 L:7579.75 C:7580.75 V:688.0
  📈 Trend: strong_bullish | 🌍 Regime: trending_bullish
  🗺️  Grid: 0.080% | 🔺 7580.75 🔻 7579.50
  📡 RSI: 76.2 | MACD: 1.53 | ATR: 1.59
  📊 Filled: 0 | Pending: 0
  💰 Daily P&L: $+0.00

[2026-07-09 11:15] O:7580.75 H:7581.75 L:7580.00 C:7581.50 V:1298.0
  📈 Trend: strong_bullish | 🌍 Regime: trending_bullish
  🗺️  Grid: 0.080% | 🔺 7580.75 🔻 7579.75
  📡 RSI: 69.7 | MACD: 1.59 | ATR: 1.46
  📊 Filled: 0 | Pending: 0
  💰 Daily P&L: $+0.00

[2026-07-09 11:16] O:7581.50 H:7582.00 L:7581.00 C:7581.50 V:861.0
  📈 Trend: strong_bullish | 🌍 Regime: trending_bullish
  🗺️  Grid: 0.080% | 🔺 7581.75 🔻 7580.00
  📡 RSI: 68.8 | MACD: 1.61 | ATR: 1.43
  📊 Filled: 0 | Pending: 0
  💰 Daily P&L: $+0.00

[2026-07-09 11:17] O:7581.50 H:7581.50 L:7579.75 C:7581.25 V:1454.0
  📈 Trend: strong_bullish | 🌍 Regime: trending_bullish
  🗺️  Grid: 0.080% | 🔺 7582.00 🔻 7581.00
  📡 RSI: 65.6 | MACD: 1.59 | ATR: 1.46
  📊 Filled: 0 | Pending: 0
  💰 Daily P&L: $+0.00

[2026-07-09 11:18] O:7581.00 H:7581.25 L:7579.25 C:7580.00 V:811.0
  📈 Trend: strong_bullish | 🌍 Regime: trending_bullish
  🗺️  Grid: 0.080% | 🔺 7581.50 🔻 7579.75
  📡 RSI: 58.3 | MACD: 1.46 | ATR: 1.50
  📊 Filled: 0 | Pending: 0
  💰 Daily P&L: $+0.00

[2026-07-09 11:19] O:7579.75 H:7581.00 L:7579.75 C:7580.75 V:603.0
  📈 Trend: strong_bullish | 🌍 Regime: trending_bullish
  🗺️  Grid: 0.080% | 🔺 7581.25 🔻 7579.25
  📡 RSI: 51.6 | MACD: 1.40 | ATR: 1.41
  📊 Filled: 0 | Pending: 0
  💰 Daily P&L: $+0.00

[2026-07-09 11:20] O:7580.75 H:7581.50 L:7579.75 C:7579.75 V:782.0
  📈 Trend: strong_bullish | 🌍 Regime: trending_bullish
  🗺️  Grid: 0.080% | 🔺 7581.00 🔻 7579.75
  📡 RSI: 50.0 | MACD: 1.25 | ATR: 1.43
  📊 Filled: 0 | Pending: 0
  💰 Daily P&L: $+0.00

[2026-07-09 11:21] O:7580.00 H:7581.75 L:7580.00 C:7581.50 V:593.0
  📈 Trend: strong_bullish | 🌍 Regime: trending_bullish
  🗺️  Grid: 0.080% | 🔺 7581.50 🔻 7579.75
  📡 RSI: 54.3 | MACD: 1.27 | ATR: 1.43
  📊 Filled: 0 | Pending: 0
  💰 Daily P&L: $+0.00

[2026-07-09 11:22] O:7581.50 H:7582.50 L:7580.75 C:7582.00 V:1229.0
  📈 Trend: strong_bullish | 🌍 Regime: trending_bullish
  🗺️  Grid: 0.080% | 🔺 7581.75 🔻 7580.00
  📡 RSI: 60.0 | MACD: 1.30 | ATR: 1.46
  📊 Filled: 0 | Pending: 0
  💰 Daily P&L: $+0.00

[2026-07-09 11:23] O:7582.25 H:7583.50 L:7582.00 C:7582.75 V:1335.0
  📈 Trend: strong_bullish | 🌍 Regime: trending_bullish
  🗺️  Grid: 0.080% | 🔺 7582.50 🔻 7580.75
  📡 RSI: 66.7 | MACD: 1.38 | ATR: 1.48
  📊 Filled: 0 | Pending: 0
  💰 Daily P&L: $+0.00

[2026-07-09 11:24] O:7583.00 H:7583.50 L:7582.25 C:7583.25 V:1027.0
  📈 Trend: strong_bullish | 🌍 Regime: trending_bullish
  🗺️  Grid: 0.080% | 🔺 7583.50 🔻 7582.00
  📡 RSI: 70.3 | MACD: 1.46 | ATR: 1.45
  📊 Filled: 0 | Pending: 0
  💰 Daily P&L: $+0.00

[2026-07-09 11:25] O:7583.00 H:7583.25 L:7582.25 C:7582.50 V:1003.0
  📈 Trend: strong_bullish | 🌍 Regime: trending_bullish
  🗺️  Grid: 0.080% | 🔺 7583.50 🔻 7582.25
  📡 RSI: 64.1 | MACD: 1.44 | ATR: 1.43
  📊 Filled: 0 | Pending: 0
  💰 Daily P&L: $+0.00

[2026-07-09 11:26] O:7582.50 H:7583.25 L:7581.75 C:7582.25 V:1066.0
  📈 Trend: strong_bullish | 🌍 Regime: trending_bullish
  🗺️  Grid: 0.080% | 🔺 7583.25 🔻 7582.25
  📡 RSI: 64.1 | MACD: 1.40 | ATR: 1.48
  📊 Filled: 0 | Pending: 0
  💰 Daily P&L: $+0.00

[2026-07-09 11:27] O:7582.00 H:7583.00 L:7582.00 C:7582.75 V:674.0
  📈 Trend: strong_bullish | 🌍 Regime: trending_bullish
  🗺️  Grid: 0.080% | 🔺 7583.25 🔻 7581.75
  📡 RSI: 64.1 | MACD: 1.39 | ATR: 1.46
  📊 Filled: 0 | Pending: 0
  💰 Daily P&L: $+0.00

[2026-07-09 11:28] O:7582.75 H:7583.00 L:7581.00 C:7581.75 V:917.0
  📈 Trend: strong_bullish | 🌍 Regime: trending_bullish
  🗺️  Grid: 0.080% | 🔺 7583.00 🔻 7582.00
  📡 RSI: 55.0 | MACD: 1.28 | ATR: 1.54
  📊 Filled: 0 | Pending: 0
  💰 Daily P&L: $+0.00

[2026-07-09 11:29] O:7581.75 H:7582.00 L:7581.00 C:7581.50 V:938.0
  📈 Trend: strong_bullish | 🌍 Regime: trending_bullish
  🗺️  Grid: 0.080% | 🔺 7583.00 🔻 7581.00
  📡 RSI: 50.0 | MACD: 1.16 | ATR: 1.48
  📊 Filled: 0 | Pending: 0
  💰 Daily P&L: $+0.00

[2026-07-09 11:30] O:7581.75 H:7583.25 L:7581.50 C:7582.75 V:1132.0
  📈 Trend: strong_bullish | 🌍 Regime: trending_bullish
  🗺️  Grid: 0.080% | 🔺 7582.00 🔻 7581.00
  📡 RSI: 55.8 | MACD: 1.16 | ATR: 1.54
  📊 Filled: 0 | Pending: 0
  💰 Daily P&L: $+0.00

[2026-07-09 11:31] O:7582.75 H:7583.50 L:7582.25 C:7583.25 V:1001.0
  📈 Trend: strong_bullish | 🌍 Regime: trending_bullish
  🗺️  Grid: 0.080% | 🔺 7583.25 🔻 7581.50
  📡 RSI: 59.1 | MACD: 1.18 | ATR: 1.50
  📊 Filled: 0 | Pending: 0
  💰 Daily P&L: $+0.00

[2026-07-09 11:32] O:7583.25 H:7584.25 L:7583.00 C:7583.50 V:1305.0
  📈 Trend: strong_bullish | 🌍 Regime: trending_bullish
  🗺️  Grid: 0.080% | 🔺 7583.50 🔻 7582.25
  📡 RSI: 67.5 | MACD: 1.20 | ATR: 1.45
  📊 Filled: 0 | Pending: 0
  💰 Daily P&L: $+0.00

[2026-07-09 11:33] O:7583.25 H:7583.50 L:7582.25 C:7583.25 V:934.0
  📈 Trend: strong_bullish | 🌍 Regime: trending_bullish
  🗺️  Grid: 0.080% | 🔺 7584.25 🔻 7583.00
  📡 RSI: 63.2 | MACD: 1.19 | ATR: 1.45
  📊 Filled: 0 | Pending: 0
  💰 Daily P&L: $+0.00

[2026-07-09 11:34] O:7583.25 H:7583.25 L:7579.75 C:7580.00 V:1667.0
  📈 Trend: strong_bullish (raw: moderate_bullish) | 🌍 Regime: trending_bullish
  🗺️  Grid: 0.080% | 🔺 7583.50 🔻 7582.25
  📡 RSI: 51.1 | MACD: 0.91 | ATR: 1.57
  📊 Filled: 0 | Pending: 0
  💰 Daily P&L: $+0.00

[2026-07-09 11:35] O:7580.00 H:7580.50 L:7578.75 C:7579.50 V:1370.0
  📈 Trend: moderate_bullish | 🌍 Regime: trending_bullish
  🗺️  Grid: 0.080% | 🔺 7583.25 🔻 7579.75
  📡 RSI: 40.5 | MACD: 0.63 | ATR: 1.55
  📊 Filled: 0 | Pending: 0
  💰 Daily P&L: $+0.00

[2026-07-09 11:36] O:7579.25 H:7580.25 L:7578.50 C:7579.25 V:1451.0
  📈 Trend: moderate_bullish | 🌍 Regime: trending_bullish
  🗺️  Grid: 0.080% | 🔺 7580.50 🔻 7578.75
  📡 RSI: 36.6 | MACD: 0.39 | ATR: 1.55
  📊 Filled: 0 | Pending: 0
  💰 Daily P&L: $+0.00

[2026-07-09 11:37] O:7579.00 H:7580.75 L:7578.50 C:7579.75 V:1382.0
  📈 Trend: moderate_bullish | 🌍 Regime: trending_bullish
  🗺️  Grid: 0.080% | 🔺 7580.25 🔻 7578.50
  📡 RSI: 35.0 | MACD: 0.24 | ATR: 1.61
  📊 Filled: 0 | Pending: 0
  💰 Daily P&L: $+0.00

[2026-07-09 11:38] O:7579.75 H:7580.25 L:7579.50 C:7580.25 V:1747.0
  📈 Trend: moderate_bullish | 🌍 Regime: trending_bullish
  🗺️  Grid: 0.080% | 🔺 7580.75 🔻 7578.50
  📡 RSI: 35.0 | MACD: 0.16 | ATR: 1.57
  📊 Filled: 0 | Pending: 0
  💰 Daily P&L: $+0.00

[2026-07-09 11:39] O:7580.25 H:7581.25 L:7579.50 C:7581.25 V:1196.0
  📈 Trend: moderate_bullish (raw: strong_bullish) | 🌍 Regime: trending_bullish
  🗺️  Grid: 0.080% | 🔺 7580.25 🔻 7579.50
  📡 RSI: 43.9 | MACD: 0.17 | ATR: 1.62
  📊 Filled: 0 | Pending: 0
  💰 Daily P&L: $+0.00

[2026-07-09 11:40] O:7581.25 H:7583.00 L:7581.25 C:7582.50 V:1647.0
  📈 Trend: strong_bullish | 🌍 Regime: trending_bullish
  🗺️  Grid: 0.080% | 🔺 7581.25 🔻 7579.50
  📡 RSI: 51.1 | MACD: 0.28 | ATR: 1.64
  📊 Filled: 0 | Pending: 0
  💰 Daily P&L: $+0.00

[2026-07-09 11:41] O:7582.50 H:7582.75 L:7581.50 C:7582.50 V:679.0
  📈 Trend: strong_bullish | 🌍 Regime: trending_bullish
  🗺️  Grid: 0.080% | 🔺 7583.00 🔻 7581.25
  📡 RSI: 48.8 | MACD: 0.36 | ATR: 1.66
  📊 Filled: 0 | Pending: 0
  💰 Daily P&L: $+0.00

[2026-07-09 11:42] O:7582.75 H:7583.25 L:7582.00 C:7582.25 V:735.0
  📈 Trend: strong_bullish (raw: moderate_bullish) | 🌍 Regime: trending_bullish
  🗺️  Grid: 0.080% | 🔺 7582.75 🔻 7581.50
  📡 RSI: 52.5 | MACD: 0.40 | ATR: 1.61
  📊 Filled: 0 | Pending: 0
  💰 Daily P&L: $+0.00

[2026-07-09 11:43] O:7582.25 H:7582.50 L:7581.25 C:7582.25 V:756.0
  📈 Trend: moderate_bullish | 🌍 Regime: trending_bullish
  🗺️  Grid: 0.080% | 🔺 7583.25 🔻 7582.00
  📡 RSI: 53.8 | MACD: 0.42 | ATR: 1.62
  📊 Filled: 0 | Pending: 0
  💰 Daily P&L: $+0.00

[2026-07-09 11:44] O:7582.25 H:7582.75 L:7581.50 C:7582.00 V:717.0
  📈 Trend: moderate_bullish | 🌍 Regime: trending_bullish
  🗺️  Grid: 0.080% | 🔺 7582.50 🔻 7581.25
  📡 RSI: 45.7 | MACD: 0.42 | ATR: 1.59
  📊 Filled: 0 | Pending: 0
  💰 Daily P&L: $+0.00

[2026-07-09 11:45] O:7582.25 H:7582.75 L:7581.50 C:7581.50 V:540.0
  📈 Trend: moderate_bullish | 🌍 Regime: trending_bullish
  🗺️  Grid: 0.080% | 🔺 7582.75 🔻 7581.50
  📡 RSI: 40.0 | MACD: 0.37 | ATR: 1.59
  📊 Filled: 0 | Pending: 0
  💰 Daily P&L: $+0.00

[2026-07-09 11:46] O:7581.75 H:7582.50 L:7580.25 C:7580.25 V:979.0
  📈 Trend: moderate_bullish | 🌍 Regime: trending_bullish
  🗺️  Grid: 0.080% | 🔺 7582.75 🔻 7581.50
  📡 RSI: 33.3 | MACD: 0.23 | ATR: 1.66
  📊 Filled: 0 | Pending: 0
  💰 Daily P&L: $+0.00

[2026-07-09 11:47] O:7580.25 H:7581.25 L:7579.00 C:7579.25 V:1177.0
  📈 Trend: moderate_bullish | 🌍 Regime: trending_bullish
  🗺️  Grid: 0.080% | 🔺 7582.50 🔻 7580.25
  📡 RSI: 31.0 | MACD: 0.04 | ATR: 1.73
  📊 Filled: 0 | Pending: 0
  💰 Daily P&L: $+0.00

[2026-07-09 11:48] O:7579.25 H:7580.25 L:7578.75 C:7579.50 V:1112.0
  📈 Trend: moderate_bullish | 🌍 Regime: trending_bullish
  🗺️  Grid: 0.080% | 🔺 7581.25 🔻 7579.00
  📡 RSI: 46.7 | MACD: -0.09 | ATR: 1.59
  📊 Filled: 0 | Pending: 0
  💰 Daily P&L: $+0.00

[2026-07-09 11:49] O:7579.25 H:7580.25 L:7578.50 C:7580.25 V:705.0
  📈 Trend: moderate_bullish | 🌍 Regime: trending_bullish
  🗺️  Grid: 0.080% | 🔺 7580.25 🔻 7578.75
  📡 RSI: 54.8 | MACD: -0.14 | ATR: 1.59
  📊 Filled: 0 | Pending: 0
  💰 Daily P&L: $+0.00

[2026-07-09 11:50] O:7580.00 H:7580.50 L:7579.50 C:7580.25 V:749.0
  📈 Trend: moderate_bullish | 🌍 Regime: trending_bullish
  🗺️  Grid: 0.080% | 🔺 7580.25 🔻 7578.50
  📡 RSI: 56.7 | MACD: -0.17 | ATR: 1.54
  📊 Filled: 0 | Pending: 0
  💰 Daily P&L: $+0.00

[2026-07-09 11:51] O:7580.50 H:7581.25 L:7580.25 C:7580.50 V:782.0
  📈 Trend: moderate_bullish | 🌍 Regime: trending_bullish
  🗺️  Grid: 0.080% | 🔺 7580.50 🔻 7579.50
  📡 RSI: 55.2 | MACD: -0.17 | ATR: 1.45
  📊 Filled: 0 | Pending: 0
  💰 Daily P&L: $+0.00

[2026-07-09 11:52] O:7580.25 H:7580.50 L:7579.25 C:7580.25 V:719.0
  📈 Trend: moderate_bullish (raw: strong_bearish) | 🌍 Regime: ranging
  🗺️  Grid: 0.080% | 🔺 7581.25 🔻 7580.25
  📡 RSI: 50.0 | MACD: -0.19 | ATR: 1.48
  📊 Filled: 0 | Pending: 0
  🔲 Regime: RANGING | Range pos: 93% | RSI: 50.0
  💰 Daily P&L: $+0.00

[2026-07-09 11:53] O:7580.25 H:7580.75 L:7579.75 C:7580.00 V:738.0
  📈 Trend: strong_bearish | 🌍 Regime: ranging
  🗺️  Grid: 0.080% | 🔺 7580.50 🔻 7579.25
  📡 RSI: 40.0 | MACD: -0.22 | ATR: 1.43
  📊 Filled: 0 | Pending: 0
  🔲 Regime: RANGING | Range pos: 92% | RSI: 40.0
  💰 Daily P&L: $+0.00

[2026-07-09 11:54] O:7580.00 H:7580.25 L:7578.75 C:7579.25 V:1102.0
  📈 Trend: strong_bearish | 🌍 Regime: trending_bearish
  🗺️  Grid: 0.080% | 🔺 7580.75 🔻 7579.75
  📡 RSI: 21.7 | MACD: -0.31 | ATR: 1.41
  📊 Filled: 0 | Pending: 0
  💰 Daily P&L: $+0.00

[2026-07-09 11:55] O:7579.25 H:7579.50 L:7578.50 C:7579.00 V:669.0
  📈 Trend: strong_bearish | 🌍 Regime: trending_bearish
  🗺️  Grid: 0.080% | 🔺 7580.25 🔻 7578.75
  📡 RSI: 20.8 | MACD: -0.39 | ATR: 1.39
  📊 Filled: 0 | Pending: 0
  💰 Daily P&L: $+0.00

[2026-07-09 11:56] O:7578.75 H:7580.00 L:7578.75 C:7579.75 V:664.0
  📈 Trend: strong_bearish | 🌍 Regime: trending_bearish
  🗺️  Grid: 0.080% | 🔺 7579.50 🔻 7578.50
  📡 RSI: 30.8 | MACD: -0.39 | ATR: 1.39
  📊 Filled: 0 | Pending: 0
  💰 Daily P&L: $+0.00

[2026-07-09 11:57] O:7579.50 H:7580.00 L:7577.50 C:7578.75 V:1263.0
  📈 Trend: strong_bearish | 🌍 Regime: trending_bearish
  🗺️  Grid: 0.080% | 🔺 7580.00 🔻 7578.75
  📡 RSI: 26.7 | MACD: -0.47 | ATR: 1.48
  📊 Filled: 0 | Pending: 0
  💰 Daily P&L: $+0.00

[2026-07-09 11:58] O:7578.50 H:7579.50 L:7577.75 C:7579.50 V:1203.0
  📈 Trend: strong_bearish | 🌍 Regime: trending_bearish
  🗺️  Grid: 0.080% | 🔺 7580.00 🔻 7577.50
  📡 RSI: 34.4 | MACD: -0.46 | ATR: 1.52
  📊 Filled: 0 | Pending: 0
  💰 Daily P&L: $+0.00

[2026-07-09 11:59] O:7579.25 H:7580.25 L:7579.00 C:7579.50 V:768.0
  📈 Trend: strong_bearish | 🌍 Regime: trending_bearish
  🗺️  Grid: 0.080% | 🔺 7579.50 🔻 7577.75
  📡 RSI: 36.7 | MACD: -0.45 | ATR: 1.52
  📊 Filled: 0 | Pending: 0
  💰 Daily P&L: $+0.00

[2026-07-09 12:00] O:7579.75 H:7582.50 L:7579.50 C:7582.50 V:1444.0
  📈 Trend: strong_bearish (raw: moderate_bearish) | 🌍 Regime: trending_bearish
  🗺️  Grid: 0.080% | 🔺 7580.25 🔻 7579.00
  📡 RSI: 62.2 | MACD: -0.20 | ATR: 1.57
  📊 Filled: 0 | Pending: 0
  💰 Daily P&L: $+0.00

[2026-07-09 12:01] O:7582.50 H:7583.50 L:7582.25 C:7583.25 V:1181.0
  📈 Trend: strong_bearish (raw: strong_bullish) | 🌍 Regime: ranging
  🗺️  Grid: 0.080% | 🔺 7582.50 🔻 7579.50
  📡 RSI: 72.2 | MACD: 0.06 | ATR: 1.50
  📊 Filled: 0 | Pending: 0
  🔲 Regime: RANGING | Range pos: 98% | RSI: 72.2
  🚫 Raw trend blocks RANGING SHORT | raw: strong_bullish
  💰 Daily P&L: $+0.00

[2026-07-09 12:02] O:7583.25 H:7583.50 L:7582.25 C:7583.00 V:758.0
  📈 Trend: strong_bullish | 🌍 Regime: ranging
  🗺️  Grid: 0.080% | 🔺 7583.50 🔻 7582.25
  📡 RSI: 69.4 | MACD: 0.25 | ATR: 1.48
  📊 Filled: 0 | Pending: 0
  🔲 Regime: RANGING | Range pos: 98% | RSI: 69.4
  💰 Daily P&L: $+0.00

[2026-07-09 12:03] O:7583.00 H:7583.50 L:7582.00 C:7582.75 V:1462.0
  📈 Trend: strong_bullish | 🌍 Regime: ranging
  🗺️  Grid: 0.080% | 🔺 7583.50 🔻 7582.25
  📡 RSI: 64.7 | MACD: 0.37 | ATR: 1.46
  📊 Filled: 0 | Pending: 0
  🔲 Regime: RANGING | Range pos: 97% | RSI: 64.7
  💰 Daily P&L: $+0.00

[2026-07-09 12:04] O:7582.75 H:7583.00 L:7582.50 C:7582.50 V:753.0
  📈 Trend: strong_bullish | 🌍 Regime: ranging
  🗺️  Grid: 0.080% | 🔺 7583.50 🔻 7582.00
  📡 RSI: 62.9 | MACD: 0.44 | ATR: 1.43
  📊 Filled: 0 | Pending: 0
  🔲 Regime: RANGING | Range pos: 97% | RSI: 62.9
  💰 Daily P&L: $+0.00

[2026-07-09 12:05] O:7582.50 H:7583.50 L:7581.50 C:7583.25 V:755.0
  📈 Trend: strong_bullish | 🌍 Regime: ranging
  🗺️  Grid: 0.080% | 🔺 7583.00 🔻 7582.50
  📡 RSI: 64.9 | MACD: 0.55 | ATR: 1.50
  📊 Filled: 0 | Pending: 0
  🔲 Regime: RANGING | Range pos: 98% | RSI: 64.9
  💰 Daily P&L: $+0.00

[2026-07-09 12:06] O:7583.50 H:7586.00 L:7582.50 C:7585.50 V:2434.0
  📈 Trend: strong_bullish | 🌍 Regime: ranging
  🗺️  Grid: 0.080% | 🔺 7583.50 🔻 7581.50
  📡 RSI: 73.3 | MACD: 0.81 | ATR: 1.66
  📊 Filled: 0 | Pending: 0
  🔲 Regime: RANGING | Range pos: 99% | RSI: 73.3
  🚫 Raw trend blocks RANGING SHORT | raw: strong_bullish
  💰 Daily P&L: $+0.00

[2026-07-09 12:07] O:7585.75 H:7587.50 L:7585.75 C:7587.25 V:4848.0
  📈 Trend: strong_bullish | 🌍 Regime: trending_bullish
  🗺️  Grid: 0.080% | 🔺 7586.00 🔻 7582.50
  📡 RSI: 78.4 | MACD: 1.14 | ATR: 1.73
  📊 Filled: 0 | Pending: 0
  💰 Daily P&L: $+0.00

[2026-07-09 12:08] O:7587.25 H:7587.75 L:7586.50 C:7587.25 V:1580.0
  📈 Trend: strong_bullish | 🌍 Regime: trending_bullish
  🗺️  Grid: 0.080% | 🔺 7587.50 🔻 7585.75
  📡 RSI: 83.3 | MACD: 1.39 | ATR: 1.71
  📊 Filled: 0 | Pending: 0
  💰 Daily P&L: $+0.00

[2026-07-09 12:09] O:7587.25 H:7587.50 L:7586.25 C:7586.75 V:1998.0
  📈 Trend: strong_bullish | 🌍 Regime: trending_bullish
  🗺️  Grid: 0.080% | 🔺 7587.75 🔻 7586.50
  📡 RSI: 81.6 | MACD: 1.53 | ATR: 1.73
  📊 Filled: 0 | Pending: 0
  💰 Daily P&L: $+0.00

[2026-07-09 12:10] O:7586.75 H:7589.50 L:7586.25 C:7588.25 V:4411.0
  📈 Trend: strong_bullish | 🌍 Regime: trending_bullish
  🗺️  Grid: 0.080% | 🔺 7587.50 🔻 7586.25
  📡 RSI: 82.7 | MACD: 1.74 | ATR: 1.88
  📊 Filled: 0 | Pending: 0
  💰 Daily P&L: $+0.00

[2026-07-09 12:11] O:7588.25 H:7589.25 L:7588.25 C:7588.50 V:1348.0
  📈 Trend: strong_bullish | 🌍 Regime: trending_bullish
  🗺️  Grid: 0.080% | 🔺 7589.50 🔻 7586.25
  📡 RSI: 89.8 | MACD: 1.90 | ATR: 1.77
  📊 Filled: 0 | Pending: 0
  💰 Daily P&L: $+0.00

[2026-07-09 12:12] O:7588.50 H:7588.75 L:7587.25 C:7588.25 V:1175.0
  📈 Trend: strong_bullish | 🌍 Regime: trending_bullish
  🗺️  Grid: 0.080% | 🔺 7589.25 🔻 7588.25
  📡 RSI: 87.2 | MACD: 1.99 | ATR: 1.75
  📊 Filled: 0 | Pending: 0
  💰 Daily P&L: $+0.00

[2026-07-09 12:13] O:7588.25 H:7588.25 L:7586.75 C:7587.25 V:1653.0
  📈 Trend: strong_bullish | 🌍 Regime: trending_bullish
  🗺️  Grid: 0.080% | 🔺 7588.75 🔻 7587.25
  📡 RSI: 80.4 | MACD: 1.96 | ATR: 1.77
  📊 Filled: 0 | Pending: 0
  💰 Daily P&L: $+0.00

[2026-07-09 12:14] O:7587.25 H:7588.50 L:7587.00 C:7587.25 V:1048.0
  📈 Trend: strong_bullish | 🌍 Regime: trending_bullish
  🗺️  Grid: 0.080% | 🔺 7588.25 🔻 7586.75
  📡 RSI: 74.4 | MACD: 1.91 | ATR: 1.66
  📊 Filled: 0 | Pending: 0
  💰 Daily P&L: $+0.00

[2026-07-09 12:15] O:7587.50 H:7589.00 L:7587.25 C:7588.75 V:1359.0
  📈 Trend: strong_bullish | 🌍 Regime: trending_bullish
  🗺️  Grid: 0.080% | 🔺 7588.50 🔻 7587.00
  📡 RSI: 76.2 | MACD: 1.97 | ATR: 1.70
  📊 Filled: 0 | Pending: 0
  💰 Daily P&L: $+0.00

[2026-07-09 12:16] O:7588.75 H:7589.25 L:7588.25 C:7588.50 V:855.0
  📈 Trend: strong_bullish | 🌍 Regime: trending_bullish
  🗺️  Grid: 0.080% | 🔺 7589.00 🔻 7587.25
  📡 RSI: 76.2 | MACD: 1.97 | ATR: 1.68
  📊 Filled: 0 | Pending: 0
  💰 Daily P&L: $+0.00

[2026-07-09 12:17] O:7588.75 H:7589.50 L:7588.25 C:7589.00 V:836.0
  📈 Trend: strong_bullish | 🌍 Regime: trending_bullish
  🗺️  Grid: 0.080% | 🔺 7589.25 🔻 7588.25
  📡 RSI: 79.1 | MACD: 1.99 | ATR: 1.66
  📊 Filled: 0 | Pending: 0
  💰 Daily P&L: $+0.00

[2026-07-09 12:18] O:7589.00 H:7589.75 L:7588.75 C:7589.75 V:799.0
  📈 Trend: strong_bullish | 🌍 Regime: trending_bullish
  🗺️  Grid: 0.080% | 🔺 7589.50 🔻 7588.25
  📡 RSI: 82.2 | MACD: 2.05 | ATR: 1.70
  📊 Filled: 0 | Pending: 0
  💰 Daily P&L: $+0.00

[2026-07-09 12:19] O:7589.50 H:7591.25 L:7589.25 C:7590.75 V:1826.0
  📈 Trend: strong_bullish | 🌍 Regime: trending_bullish
  🗺️  Grid: 0.080% | 🔺 7589.75 🔻 7588.75
  📡 RSI: 82.6 | MACD: 2.15 | ATR: 1.70
  📊 Filled: 0 | Pending: 0
  💰 Daily P&L: $+0.00

[2026-07-09 12:20] O:7590.75 H:7592.25 L:7590.50 C:7591.25 V:2465.0
  📈 Trend: strong_bullish | 🌍 Regime: trending_bullish
  🗺️  Grid: 0.080% | 🔺 7591.25 🔻 7589.25
  📡 RSI: 79.5 | MACD: 2.24 | ATR: 1.57
  📊 Filled: 0 | Pending: 0
  💰 Daily P&L: $+0.00

[2026-07-09 12:21] O:7591.25 H:7592.00 L:7590.25 C:7590.50 V:1492.0
  📈 Trend: strong_bullish | 🌍 Regime: trending_bullish
  🗺️  Grid: 0.080% | 🔺 7592.25 🔻 7590.50
  📡 RSI: 68.6 | MACD: 2.23 | ATR: 1.55
  📊 Filled: 0 | Pending: 0
  💰 Daily P&L: $+0.00

[2026-07-09 12:22] O:7590.25 H:7590.75 L:7589.00 C:7589.75 V:1875.0
  📈 Trend: strong_bullish | 🌍 Regime: trending_bullish
  🗺️  Grid: 0.080% | 🔺 7592.00 🔻 7590.25
  📡 RSI: 63.2 | MACD: 2.13 | ATR: 1.59
  📊 Filled: 0 | Pending: 0
  💰 Daily P&L: $+0.00

[2026-07-09 12:23] O:7589.75 H:7590.50 L:7589.50 C:7590.25 V:1326.0
  📈 Trend: strong_bullish | 🌍 Regime: trending_bullish
  🗺️  Grid: 0.080% | 🔺 7590.75 🔻 7589.00
  📡 RSI: 68.4 | MACD: 2.07 | ATR: 1.57
  📊 Filled: 0 | Pending: 0
  💰 Daily P&L: $+0.00

[2026-07-09 12:24] O:7590.25 H:7591.00 L:7590.00 C:7590.00 V:1013.0
  📈 Trend: strong_bullish | 🌍 Regime: trending_bullish
  🗺️  Grid: 0.080% | 🔺 7590.50 🔻 7589.50
  📡 RSI: 60.6 | MACD: 1.98 | ATR: 1.41
  📊 Filled: 0 | Pending: 0
  💰 Daily P&L: $+0.00

[2026-07-09 12:25] O:7590.25 H:7591.75 L:7590.00 C:7591.75 V:1603.0
  📈 Trend: strong_bullish | 🌍 Regime: trending_bullish
  🗺️  Grid: 0.080% | 🔺 7591.00 🔻 7590.00
  📡 RSI: 66.7 | MACD: 2.03 | ATR: 1.46
  📊 Filled: 0 | Pending: 0
  💰 Daily P&L: $+0.00

[2026-07-09 12:26] O:7591.75 H:7592.00 L:7590.75 C:7591.25 V:1148.0
  📈 Trend: strong_bullish | 🌍 Regime: trending_bullish
  🗺️  Grid: 0.080% | 🔺 7591.75 🔻 7590.00
  📡 RSI: 65.0 | MACD: 2.00 | ATR: 1.45
  📊 Filled: 0 | Pending: 0
  💰 Daily P&L: $+0.00

[2026-07-09 12:27] O:7591.00 H:7592.75 L:7591.00 C:7592.50 V:1215.0
  📈 Trend: strong_bullish | 🌍 Regime: trending_bullish
  🗺️  Grid: 0.080% | 🔺 7592.00 🔻 7590.75
  📡 RSI: 75.6 | MACD: 2.06 | ATR: 1.46
  📊 Filled: 0 | Pending: 0
  💰 Daily P&L: $+0.00

[2026-07-09 12:28] O:7592.25 H:7593.00 L:7592.00 C:7592.75 V:941.0
  📈 Trend: strong_bullish | 🌍 Regime: trending_bullish
  🗺️  Grid: 0.080% | 🔺 7592.75 🔻 7591.00
  📡 RSI: 76.2 | MACD: 2.10 | ATR: 1.43
  📊 Filled: 0 | Pending: 0
  💰 Daily P&L: $+0.00

[2026-07-09 12:29] O:7592.50 H:7593.50 L:7592.25 C:7593.25 V:1763.0
  📈 Trend: strong_bullish | 🌍 Regime: trending_bullish
  🗺️  Grid: 0.080% | 🔺 7593.00 🔻 7592.00
  📡 RSI: 73.7 | MACD: 2.15 | ATR: 1.39
  📊 Filled: 0 | Pending: 0
  💰 Daily P&L: $+0.00

[2026-07-09 12:30] O:7593.25 H:7594.00 L:7591.75 C:7592.50 V:2324.0
  📈 Trend: strong_bullish | 🌍 Regime: ranging
  🗺️  Grid: 0.080% | 🔺 7593.50 🔻 7592.25
  📡 RSI: 70.0 | MACD: 2.10 | ATR: 1.48
  📊 Filled: 0 | Pending: 0
  🔲 Regime: RANGING | Range pos: 98% | RSI: 70.0
  💰 Daily P&L: $+0.00

[2026-07-09 12:31] O:7592.50 H:7592.75 L:7590.50 C:7591.00 V:1753.0
  📈 Trend: strong_bullish | 🌍 Regime: ranging
  🗺️  Grid: 0.080% | 🔺 7594.00 🔻 7591.75
  📡 RSI: 59.1 | MACD: 1.92 | ATR: 1.55
  📊 Filled: 0 | Pending: 0
  🔲 Regime: RANGING | Range pos: 95% | RSI: 59.1
  💰 Daily P&L: $+0.00

[2026-07-09 12:32] O:7590.75 H:7591.50 L:7590.00 C:7591.25 V:1362.0
  📈 Trend: strong_bullish | 🌍 Regime: ranging
  🗺️  Grid: 0.080% | 🔺 7592.75 🔻 7590.50
  📡 RSI: 57.1 | MACD: 1.78 | ATR: 1.59
  📊 Filled: 0 | Pending: 0
  🔲 Regime: RANGING | Range pos: 96% | RSI: 57.1
  💰 Daily P&L: $+0.00

[2026-07-09 12:33] O:7591.25 H:7593.00 L:7591.00 C:7593.00 V:1224.0
  📈 Trend: strong_bullish | 🌍 Regime: ranging
  🗺️  Grid: 0.080% | 🔺 7591.50 🔻 7590.00
  📡 RSI: 60.0 | MACD: 1.78 | ATR: 1.59
  📊 Filled: 0 | Pending: 0
  🔲 Regime: RANGING | Range pos: 98% | RSI: 60.0
  💰 Daily P&L: $+0.00

[2026-07-09 12:34] O:7593.00 H:7593.00 L:7591.50 C:7591.75 V:954.0
  📈 Trend: strong_bullish | 🌍 Regime: ranging
  🗺️  Grid: 0.080% | 🔺 7593.00 🔻 7591.00
  📡 RSI: 52.1 | MACD: 1.67 | ATR: 1.57
  📊 Filled: 0 | Pending: 0
  🔲 Regime: RANGING | Range pos: 97% | RSI: 52.1
  💰 Daily P&L: $+0.00

[2026-07-09 12:35] O:7591.75 H:7592.50 L:7591.25 C:7592.50 V:1127.0
  📈 Trend: strong_bullish | 🌍 Regime: ranging
  🗺️  Grid: 0.080% | 🔺 7593.00 🔻 7591.50
  📡 RSI: 58.3 | MACD: 1.62 | ATR: 1.54
  📊 Filled: 0 | Pending: 0
  🔲 Regime: RANGING | Range pos: 98% | RSI: 58.3
  💰 Daily P&L: $+0.00

[2026-07-09 12:36] O:7592.50 H:7593.50 L:7592.00 C:7592.75 V:1248.0
  📈 Trend: strong_bullish | 🌍 Regime: ranging
  🗺️  Grid: 0.080% | 🔺 7592.50 🔻 7591.25
  📡 RSI: 63.0 | MACD: 1.58 | ATR: 1.52
  📊 Filled: 0 | Pending: 0
  🔲 Regime: RANGING | Range pos: 98% | RSI: 63.0
  💰 Daily P&L: $+0.00

[2026-07-09 12:37] O:7592.75 H:7594.25 L:7592.75 C:7593.50 V:1163.0
  📈 Trend: strong_bullish | 🌍 Regime: ranging
  🗺️  Grid: 0.080% | 🔺 7593.50 🔻 7592.00
  📡 RSI: 63.8 | MACD: 1.60 | ATR: 1.55
  📊 Filled: 0 | Pending: 0
  🔲 Regime: RANGING | Range pos: 99% | RSI: 63.8
  💰 Daily P&L: $+0.00

[2026-07-09 12:38] O:7593.25 H:7593.50 L:7592.25 C:7592.50 V:942.0
  📈 Trend: strong_bullish | 🌍 Regime: ranging
  🗺️  Grid: 0.080% | 🔺 7594.25 🔻 7592.75
  📡 RSI: 60.0 | MACD: 1.51 | ATR: 1.57
  📊 Filled: 0 | Pending: 0
  🔲 Regime: RANGING | Range pos: 97% | RSI: 60.0
  💰 Daily P&L: $+0.00

[2026-07-09 12:39] O:7592.75 H:7593.25 L:7592.25 C:7592.75 V:838.0
  📈 Trend: strong_bullish | 🌍 Regime: ranging
  🗺️  Grid: 0.080% | 🔺 7593.50 🔻 7592.25
  📡 RSI: 54.5 | MACD: 1.44 | ATR: 1.52
  📊 Filled: 0 | Pending: 0
  🔲 Regime: RANGING | Range pos: 98% | RSI: 54.5
  💰 Daily P&L: $+0.00

[2026-07-09 12:40] O:7592.75 H:7592.75 L:7590.25 C:7591.50 V:2006.0
  📈 Trend: strong_bullish | 🌍 Regime: ranging
  🗺️  Grid: 0.080% | 🔺 7593.25 🔻 7592.25
  📡 RSI: 51.1 | MACD: 1.27 | ATR: 1.61
  📊 Filled: 0 | Pending: 0
  🔲 Regime: RANGING | Range pos: 96% | RSI: 51.1
  💰 Daily P&L: $+0.00

[2026-07-09 12:41] O:7591.50 H:7592.00 L:7591.00 C:7591.50 V:1235.0
  📈 Trend: strong_bullish | 🌍 Regime: ranging
  🗺️  Grid: 0.080% | 🔺 7592.75 🔻 7590.25
  📡 RSI: 45.2 | MACD: 1.13 | ATR: 1.55
  📊 Filled: 0 | Pending: 0
  🔲 Regime: RANGING | Range pos: 96% | RSI: 45.2
  💰 Daily P&L: $+0.00

[2026-07-09 12:42] O:7591.50 H:7592.75 L:7591.25 C:7592.75 V:1101.0
  📈 Trend: strong_bullish | 🌍 Regime: ranging
  🗺️  Grid: 0.080% | 🔺 7592.00 🔻 7591.00
  📡 RSI: 50.0 | MACD: 1.10 | ATR: 1.59
  📊 Filled: 0 | Pending: 0
  🔲 Regime: RANGING | Range pos: 98% | RSI: 50.0
  💰 Daily P&L: $+0.00

[2026-07-09 12:43] O:7592.75 H:7593.50 L:7592.25 C:7592.50 V:646.0
  📈 Trend: strong_bullish | 🌍 Regime: ranging
  🗺️  Grid: 0.080% | 🔺 7592.75 🔻 7591.25
  📡 RSI: 46.7 | MACD: 1.05 | ATR: 1.59
  📊 Filled: 0 | Pending: 0
  🔲 Regime: RANGING | Range pos: 97% | RSI: 46.7
  💰 Daily P&L: $+0.00

[2026-07-09 12:44] O:7592.50 H:7592.50 L:7591.50 C:7592.50 V:930.0
  📈 Trend: strong_bullish | 🌍 Regime: ranging
  🗺️  Grid: 0.080% | 🔺 7593.50 🔻 7592.25
  📡 RSI: 50.0 | MACD: 0.99 | ATR: 1.50
  📊 Filled: 0 | Pending: 0
  🔲 Regime: RANGING | Range pos: 97% | RSI: 50.0
  💰 Daily P&L: $+0.00

[2026-07-09 12:45] O:7592.50 H:7593.25 L:7592.25 C:7592.50 V:755.0
  📈 Trend: strong_bullish | 🌍 Regime: ranging
  🗺️  Grid: 0.080% | 🔺 7592.50 🔻 7591.50
  📡 RSI: 58.3 | MACD: 0.94 | ATR: 1.41
  📊 Filled: 0 | Pending: 0
  🔲 Regime: RANGING | Range pos: 97% | RSI: 58.3
  💰 Daily P&L: $+0.00

[2026-07-09 12:46] O:7592.75 H:7593.50 L:7592.25 C:7593.25 V:583.0
  📈 Trend: strong_bullish | 🌍 Regime: ranging
  🗺️  Grid: 0.080% | 🔺 7593.25 🔻 7592.25
  📡 RSI: 60.5 | MACD: 0.95 | ATR: 1.39
  📊 Filled: 0 | Pending: 0
  🔲 Regime: RANGING | Range pos: 98% | RSI: 60.5
  💰 Daily P&L: $+0.00

[2026-07-09 12:47] O:7593.50 H:7595.00 L:7593.25 C:7595.00 V:1599.0
  📈 Trend: strong_bullish | 🌍 Regime: ranging
  🗺️  Grid: 0.080% | 🔺 7593.50 🔻 7592.25
  📡 RSI: 60.5 | MACD: 1.08 | ATR: 1.38
  📊 Filled: 0 | Pending: 0
  🔲 Regime: RANGING | Range pos: 100% | RSI: 60.5
  💰 Daily P&L: $+0.00

[2026-07-09 12:48] O:7594.75 H:7595.00 L:7593.75 C:7594.50 V:750.0
  📈 Trend: strong_bullish | 🌍 Regime: ranging
  🗺️  Grid: 0.080% | 🔺 7595.00 🔻 7593.25
  📡 RSI: 65.7 | MACD: 1.13 | ATR: 1.36
  📊 Filled: 0 | Pending: 0
  🔲 Regime: RANGING | Range pos: 99% | RSI: 65.7
  💰 Daily P&L: $+0.00

[2026-07-09 12:49] O:7594.25 H:7594.25 L:7593.00 C:7593.75 V:988.0
  📈 Trend: strong_bullish | 🌍 Regime: ranging
  🗺️  Grid: 0.080% | 🔺 7595.00 🔻 7593.75
  📡 RSI: 57.1 | MACD: 1.10 | ATR: 1.38
  📊 Filled: 0 | Pending: 0
  🔲 Regime: RANGING | Range pos: 98% | RSI: 57.1
  💰 Daily P&L: $+0.00

[2026-07-09 12:50] O:7593.50 H:7594.50 L:7593.25 C:7593.50 V:832.0
  📈 Trend: strong_bullish | 🌍 Regime: ranging
  🗺️  Grid: 0.080% | 🔺 7594.25 🔻 7593.00
  📡 RSI: 54.3 | MACD: 1.04 | ATR: 1.36
  📊 Filled: 0 | Pending: 0
  🔲 Regime: RANGING | Range pos: 98% | RSI: 54.3
  💰 Daily P&L: $+0.00

[2026-07-09 12:51] O:7593.50 H:7593.75 L:7593.00 C:7593.25 V:713.0
  📈 Trend: strong_bullish | 🌍 Regime: ranging
  🗺️  Grid: 0.080% | 🔺 7594.50 🔻 7593.25
  📡 RSI: 48.5 | MACD: 0.97 | ATR: 1.30
  📊 Filled: 0 | Pending: 0
  🔲 Regime: RANGING | Range pos: 97% | RSI: 48.5
  💰 Daily P&L: $+0.00

[2026-07-09 12:52] O:7593.25 H:7593.75 L:7592.50 C:7593.50 V:933.0
  📈 Trend: strong_bullish | 🌍 Regime: ranging
  🗺️  Grid: 0.080% | 🔺 7593.75 🔻 7593.00
  📡 RSI: 56.7 | MACD: 0.92 | ATR: 1.30
  📊 Filled: 0 | Pending: 0
  🔲 Regime: RANGING | Range pos: 98% | RSI: 56.7
  💰 Daily P&L: $+0.00

[2026-07-09 12:53] O:7593.25 H:7593.75 L:7593.00 C:7593.50 V:553.0
  📈 Trend: strong_bullish | 🌍 Regime: ranging
  🗺️  Grid: 0.080% | 🔺 7593.75 🔻 7592.50
  📡 RSI: 55.2 | MACD: 0.87 | ATR: 1.29
  📊 Filled: 0 | Pending: 0
  🔲 Regime: RANGING | Range pos: 98% | RSI: 55.2
  💰 Daily P&L: $+0.00

[2026-07-09 12:54] O:7593.25 H:7593.75 L:7592.25 C:7592.75 V:881.0
  📈 Trend: strong_bullish | 🌍 Regime: ranging
  🗺️  Grid: 0.080% | 🔺 7593.75 🔻 7593.00
  📡 RSI: 59.3 | MACD: 0.76 | ATR: 1.21
  📊 Filled: 0 | Pending: 0
  🔲 Regime: RANGING | Range pos: 97% | RSI: 59.3
  💰 Daily P&L: $+0.00

[2026-07-09 12:55] O:7592.50 H:7592.75 L:7592.00 C:7592.00 V:847.0
  📈 Trend: strong_bullish (raw: moderate_bullish) | 🌍 Regime: ranging
  🗺️  Grid: 0.080% | 🔺 7593.75 🔻 7592.25
  📡 RSI: 53.3 | MACD: 0.60 | ATR: 1.20
  📊 Filled: 0 | Pending: 0
  🔲 Regime: RANGING | Range pos: 95% | RSI: 53.3
  💰 Daily P&L: $+0.00

[2026-07-09 12:56] O:7592.00 H:7592.75 L:7591.75 C:7591.75 V:732.0
  📈 Trend: moderate_bullish | 🌍 Regime: ranging
  🗺️  Grid: 0.080% | 🔺 7592.75 🔻 7592.00
  📡 RSI: 42.3 | MACD: 0.46 | ATR: 1.16
  📊 Filled: 0 | Pending: 0
  🔲 Regime: RANGING | Range pos: 95% | RSI: 42.3
  💰 Daily P&L: $+0.00

[2026-07-09 12:57] O:7592.00 H:7592.25 L:7590.75 C:7591.50 V:1506.0
  📈 Trend: moderate_bullish | 🌍 Regime: ranging
  🗺️  Grid: 0.080% | 🔺 7592.75 🔻 7591.75
  📡 RSI: 42.3 | MACD: 0.32 | ATR: 1.18
  📊 Filled: 0 | Pending: 0
  🔲 Regime: RANGING | Range pos: 95% | RSI: 42.3
  💰 Daily P&L: $+0.00

[2026-07-09 12:58] O:7591.25 H:7592.50 L:7588.00 C:7590.00 V:4935.0
  📈 Trend: moderate_bullish | 🌍 Regime: ranging
  🗺️  Grid: 0.080% | 🔺 7592.25 🔻 7590.75
  📡 RSI: 34.4 | MACD: 0.08 | ATR: 1.43
  📊 Filled: 0 | Pending: 0
  🔲 Regime: RANGING | Range pos: 92% | RSI: 34.4
  💰 Daily P&L: $+0.00

[2026-07-09 12:59] O:7590.00 H:7591.50 L:7589.25 C:7591.50 V:1786.0
  📈 Trend: moderate_bullish | 🌍 Regime: ranging
  🗺️  Grid: 0.080% | 🔺 7592.50 🔻 7588.00
  📡 RSI: 44.7 | MACD: 0.02 | ATR: 1.52
  📊 Filled: 0 | Pending: 0
  🔲 Regime: RANGING | Range pos: 95% | RSI: 44.7
  💰 Daily P&L: $+0.00

[2026-07-09 13:00] O:7591.25 H:7592.25 L:7590.50 C:7591.25 V:1651.0
  📈 Trend: moderate_bullish | 🌍 Regime: ranging
  🗺️  Grid: 0.080% | 🔺 7591.50 🔻 7589.25
  📡 RSI: 38.9 | MACD: -0.05 | ATR: 1.55
  📊 Filled: 0 | Pending: 0
  🔲 Regime: RANGING | Range pos: 94% | RSI: 38.9
  💰 Daily P&L: $+0.00

[2026-07-09 13:01] O:7591.50 H:7592.75 L:7591.25 C:7591.50 V:1084.0
  📈 Trend: moderate_bullish | 🌍 Regime: ranging
  🗺️  Grid: 0.080% | 🔺 7592.25 🔻 7590.50
  📡 RSI: 26.7 | MACD: -0.09 | ATR: 1.54
  📊 Filled: 0 | Pending: 0
  🔲 Regime: RANGING | Range pos: 95% | RSI: 26.7
  💰 Daily P&L: $+0.00

[2026-07-09 13:02] O:7591.50 H:7591.75 L:7590.00 C:7590.25 V:1907.0
  📈 Trend: moderate_bullish | 🌍 Regime: ranging
  🗺️  Grid: 0.080% | 🔺 7592.75 🔻 7591.25
  📡 RSI: 24.2 | MACD: -0.21 | ATR: 1.57
  📊 Filled: 0 | Pending: 0
  🔲 Regime: RANGING | Range pos: 93% | RSI: 24.2
  💰 Daily P&L: $+0.00

[2026-07-09 13:03] O:7590.25 H:7591.00 L:7589.75 C:7590.50 V:1019.0
  📈 Trend: moderate_bullish | 🌍 Regime: ranging
  🗺️  Grid: 0.080% | 🔺 7591.75 🔻 7590.00
  📡 RSI: 29.0 | MACD: -0.29 | ATR: 1.55
  📊 Filled: 0 | Pending: 0
  🔲 Regime: RANGING | Range pos: 93% | RSI: 29.0
  💰 Daily P&L: $+0.00

[2026-07-09 13:04] O:7590.75 H:7590.75 L:7589.50 C:7590.25 V:968.0
  📈 Trend: moderate_bullish | 🌍 Regime: ranging
  🗺️  Grid: 0.080% | 🔺 7591.00 🔻 7589.75
  📡 RSI: 29.0 | MACD: -0.37 | ATR: 1.55
  📊 Filled: 0 | Pending: 0
  🔲 Regime: RANGING | Range pos: 93% | RSI: 29.0
  💰 Daily P&L: $+0.00

[2026-07-09 13:05] O:7590.50 H:7592.00 L:7590.25 C:7591.75 V:1179.0
  📈 Trend: moderate_bullish | 🌍 Regime: ranging
  🗺️  Grid: 0.080% | 🔺 7590.75 🔻 7589.50
  📡 RSI: 41.7 | MACD: -0.30 | ATR: 1.62
  📊 Filled: 0 | Pending: 0
  🔲 Regime: RANGING | Range pos: 95% | RSI: 41.7
  💰 Daily P&L: $+0.00

[2026-07-09 13:06] O:7592.00 H:7593.75 L:7592.00 C:7592.50 V:1681.0
  📈 Trend: moderate_bullish | 🌍 Regime: ranging
  🗺️  Grid: 0.080% | 🔺 7592.00 🔻 7590.25
  📡 RSI: 44.7 | MACD: -0.19 | ATR: 1.68
  📊 Filled: 0 | Pending: 0
  🔲 Regime: RANGING | Range pos: 96% | RSI: 44.7
  💰 Daily P&L: $+0.00

[2026-07-09 13:07] O:7592.25 H:7593.00 L:7592.00 C:7592.50 V:944.0
  📈 Trend: moderate_bullish | 🌍 Regime: ranging
  🗺️  Grid: 0.080% | 🔺 7593.75 🔻 7592.00
  📡 RSI: 44.7 | MACD: -0.10 | ATR: 1.70
  📊 Filled: 0 | Pending: 0
  🔲 Regime: RANGING | Range pos: 96% | RSI: 44.7
  💰 Daily P&L: $+0.00

[2026-07-09 13:08] O:7592.50 H:7592.75 L:7591.50 C:7592.00 V:778.0
  📈 Trend: moderate_bullish (raw: moderate_bearish) | 🌍 Regime: ranging
  🗺️  Grid: 0.080% | 🔺 7593.00 🔻 7592.00
  📡 RSI: 45.9 | MACD: -0.07 | ATR: 1.68
  📊 Filled: 0 | Pending: 0
  🔲 Regime: RANGING | Range pos: 95% | RSI: 45.9
  💰 Daily P&L: $+0.00

[2026-07-09 13:09] O:7592.25 H:7592.50 L:7591.75 C:7592.00 V:609.0
  📈 Trend: moderate_bearish | 🌍 Regime: ranging
  🗺️  Grid: 0.080% | 🔺 7592.75 🔻 7591.50
  📡 RSI: 50.0 | MACD: -0.04 | ATR: 1.68
  📊 Filled: 0 | Pending: 0
  🔲 Regime: RANGING | Range pos: 95% | RSI: 50.0
  💰 Daily P&L: $+0.00

[2026-07-09 13:10] O:7592.25 H:7592.75 L:7591.50 C:7592.25 V:1241.0
  📈 Trend: moderate_bearish (raw: moderate_bullish) | 🌍 Regime: ranging
  🗺️  Grid: 0.080% | 🔺 7592.50 🔻 7591.75
  📡 RSI: 52.9 | MACD: 0.00 | ATR: 1.70
  📊 Filled: 0 | Pending: 0
  🔲 Regime: RANGING | Range pos: 96% | RSI: 52.9
  💰 Daily P&L: $+0.00

[2026-07-09 13:11] O:7592.25 H:7592.75 L:7591.75 C:7592.75 V:908.0
  📈 Trend: moderate_bullish | 🌍 Regime: ranging
  🗺️  Grid: 0.080% | 🔺 7592.75 🔻 7591.50
  📡 RSI: 57.1 | MACD: 0.07 | ATR: 1.66
  📊 Filled: 0 | Pending: 0
  🔲 Regime: RANGING | Range pos: 97% | RSI: 57.1
  💰 Daily P&L: $+0.00

[2026-07-09 13:12] O:7592.75 H:7593.50 L:7592.25 C:7592.75 V:828.0
  📈 Trend: moderate_bullish | 🌍 Regime: ranging
  🗺️  Grid: 0.080% | 🔺 7592.75 🔻 7591.75
  📡 RSI: 69.0 | MACD: 0.13 | ATR: 1.43
  📊 Filled: 0 | Pending: 0
  🔲 Regime: RANGING | Range pos: 97% | RSI: 69.0
  💰 Daily P&L: $+0.00

[2026-07-09 13:13] O:7592.50 H:7593.25 L:7592.25 C:7592.25 V:822.0
  📈 Trend: moderate_bullish | 🌍 Regime: ranging
  🗺️  Grid: 0.080% | 🔺 7593.50 🔻 7592.25
  📡 RSI: 56.0 | MACD: 0.13 | ATR: 1.34
  📊 Filled: 0 | Pending: 0
  🔲 Regime: RANGING | Range pos: 96% | RSI: 56.0
  💰 Daily P&L: $+0.00

[2026-07-09 13:14] O:7592.50 H:7593.00 L:7592.25 C:7592.50 V:751.0
  📈 Trend: moderate_bullish (raw: strong_bullish) | 🌍 Regime: ranging
  🗺️  Grid: 0.080% | 🔺 7593.25 🔻 7592.25
  📡 RSI: 60.0 | MACD: 0.15 | ATR: 1.27
  📊 Filled: 0 | Pending: 0
  🔲 Regime: RANGING | Range pos: 96% | RSI: 60.0
  💰 Daily P&L: $+0.00

[2026-07-09 13:15] O:7592.50 H:7594.00 L:7592.50 C:7593.00 V:995.0
  📈 Trend: strong_bullish | 🌍 Regime: ranging
  🗺️  Grid: 0.080% | 🔺 7593.00 🔻 7592.25
  📡 RSI: 61.5 | MACD: 0.21 | ATR: 1.27
  📊 Filled: 0 | Pending: 0
  🔲 Regime: RANGING | Range pos: 97% | RSI: 61.5
  💰 Daily P&L: $+0.00

[2026-07-09 13:16] O:7593.00 H:7593.50 L:7591.75 C:7592.25 V:1000.0
  📈 Trend: strong_bullish | 🌍 Regime: ranging
  🗺️  Grid: 0.080% | 🔺 7594.00 🔻 7592.50
  📡 RSI: 66.7 | MACD: 0.19 | ATR: 1.27
  📊 Filled: 0 | Pending: 0
  🔲 Regime: RANGING | Range pos: 96% | RSI: 66.7
  💰 Daily P&L: $+0.00

[2026-07-09 13:17] O:7592.25 H:7592.50 L:7591.25 C:7591.75 V:973.0
  📈 Trend: strong_bullish | 🌍 Regime: ranging
  🗺️  Grid: 0.080% | 🔺 7593.50 🔻 7591.75
  📡 RSI: 60.0 | MACD: 0.13 | ATR: 1.27
  📊 Filled: 0 | Pending: 0
  🔲 Regime: RANGING | Range pos: 95% | RSI: 60.0
  💰 Daily P&L: $+0.00

[2026-07-09 13:18] O:7591.75 H:7591.75 L:7590.25 C:7591.00 V:939.0
  📈 Trend: strong_bullish (raw: moderate_bearish) | 🌍 Regime: ranging
  🗺️  Grid: 0.080% | 🔺 7592.50 🔻 7591.25
  📡 RSI: 55.6 | MACD: 0.02 | ATR: 1.29
  📊 Filled: 0 | Pending: 0
  🔲 Regime: RANGING | Range pos: 94% | RSI: 55.6
  💰 Daily P&L: $+0.00

[2026-07-09 13:19] O:7591.00 H:7592.25 L:7591.00 C:7591.25 V:840.0
  📈 Trend: strong_bullish (raw: strong_bearish) | 🌍 Regime: ranging
  🗺️  Grid: 0.080% | 🔺 7591.75 🔻 7590.25
  📡 RSI: 45.5 | MACD: -0.04 | ATR: 1.25
  📊 Filled: 0 | Pending: 0
  🔲 Regime: RANGING | Range pos: 94% | RSI: 45.5
  💰 Daily P&L: $+0.00

[2026-07-09 13:20] O:7591.25 H:7591.25 L:7589.25 C:7589.75 V:1962.0
  📈 Trend: strong_bearish | 🌍 Regime: ranging
  🗺️  Grid: 0.080% | 🔺 7592.25 🔻 7591.00
  📡 RSI: 28.0 | MACD: -0.21 | ATR: 1.25
  📊 Filled: 0 | Pending: 0
  🔲 Regime: RANGING | Range pos: 92% | RSI: 28.0
  💰 Daily P&L: $+0.00

[2026-07-09 13:21] O:7589.75 H:7590.75 L:7589.25 C:7590.50 V:987.0
  📈 Trend: strong_bearish (raw: moderate_bullish) | 🌍 Regime: ranging
  🗺️  Grid: 0.080% | 🔺 7591.25 🔻 7589.25
  📡 RSI: 35.7 | MACD: -0.28 | ATR: 1.29
  📊 Filled: 0 | Pending: 0
  🔲 Regime: RANGING | Range pos: 93% | RSI: 35.7
  💰 Daily P&L: $+0.00

[2026-07-09 13:22] O:7590.50 H:7591.00 L:7589.00 C:7589.00 V:1118.0
  📈 Trend: strong_bearish | 🌍 Regime: ranging
  🗺️  Grid: 0.080% | 🔺 7590.75 🔻 7589.25
  📡 RSI: 31.2 | MACD: -0.45 | ATR: 1.34
  📊 Filled: 0 | Pending: 0
  🔲 Regime: RANGING | Range pos: 91% | RSI: 31.2
  💰 Daily P&L: $+0.00

[2026-07-09 13:23] O:7589.25 H:7589.75 L:7588.75 C:7589.00 V:960.0
  📈 Trend: strong_bearish | 🌍 Regime: ranging
  🗺️  Grid: 0.080% | 🔺 7591.00 🔻 7589.00
  📡 RSI: 31.2 | MACD: -0.58 | ATR: 1.36
  📊 Filled: 0 | Pending: 0
  🔲 Regime: RANGING | Range pos: 91% | RSI: 31.2
  💰 Daily P&L: $+0.00

[2026-07-09 13:24] O:7588.75 H:7589.75 L:7588.25 C:7588.25 V:1335.0
  📈 Trend: strong_bearish | 🌍 Regime: ranging
  🗺️  Grid: 0.080% | 🔺 7589.75 🔻 7588.75
  📡 RSI: 26.5 | MACD: -0.74 | ATR: 1.38
  📊 Filled: 0 | Pending: 0
  🔲 Regime: RANGING | Range pos: 90% | RSI: 26.5
  💰 Daily P&L: $+0.00

[2026-07-09 13:25] O:7588.25 H:7588.75 L:7587.50 C:7588.25 V:1562.0
  📈 Trend: strong_bearish | 🌍 Regime: ranging
  🗺️  Grid: 0.080% | 🔺 7589.75 🔻 7588.25
  📡 RSI: 21.9 | MACD: -0.85 | ATR: 1.39
  📊 Filled: 0 | Pending: 0
  🔲 Regime: RANGING | Range pos: 90% | RSI: 21.9
  💰 Daily P&L: $+0.00

[2026-07-09 13:26] O:7588.50 H:7589.25 L:7587.50 C:7588.50 V:1345.0
  📈 Trend: strong_bearish | 🌍 Regime: ranging
  🗺️  Grid: 0.080% | 🔺 7588.75 🔻 7587.50
  📡 RSI: 24.2 | MACD: -0.91 | ATR: 1.43
  📊 Filled: 0 | Pending: 0
  🔲 Regime: RANGING | Range pos: 90% | RSI: 24.2
  💰 Daily P&L: $+0.00

[2026-07-09 13:27] O:7588.25 H:7588.75 L:7587.50 C:7588.25 V:699.0
  📈 Trend: strong_bearish | 🌍 Regime: ranging
  🗺️  Grid: 0.080% | 🔺 7589.25 🔻 7587.50
  📡 RSI: 25.0 | MACD: -0.96 | ATR: 1.45
  📊 Filled: 0 | Pending: 0
  🔲 Regime: RANGING | Range pos: 90% | RSI: 25.0
  💰 Daily P&L: $+0.00

[2026-07-09 13:28] O:7588.50 H:7589.00 L:7587.25 C:7587.50 V:1214.0
  📈 Trend: strong_bearish | 🌍 Regime: ranging
  🗺️  Grid: 0.080% | 🔺 7588.75 🔻 7587.50
  📡 RSI: 20.6 | MACD: -1.06 | ATR: 1.52
  📊 Filled: 0 | Pending: 0
  🔲 Regime: RANGING | Range pos: 89% | RSI: 20.6
  💰 Daily P&L: $+0.00

[2026-07-09 13:29] O:7587.50 H:7589.50 L:7587.25 C:7589.50 V:1450.0
  📈 Trend: strong_bearish | 🌍 Regime: ranging
  🗺️  Grid: 0.080% | 🔺 7589.00 🔻 7587.25
  📡 RSI: 32.5 | MACD: -0.96 | ATR: 1.57
  📊 Filled: 0 | Pending: 0
  🔲 Regime: RANGING | Range pos: 92% | RSI: 32.5
  💰 Daily P&L: $+0.00

[2026-07-09 13:30] O:7589.50 H:7590.75 L:7588.50 C:7588.75 V:1724.0
  📈 Trend: strong_bearish | 🌍 Regime: ranging
  🗺️  Grid: 0.080% | 🔺 7589.50 🔻 7587.25
  📡 RSI: 32.5 | MACD: -0.93 | ATR: 1.61
  📊 Filled: 0 | Pending: 0
  🔲 Regime: RANGING | Range pos: 90% | RSI: 32.5
  💰 Daily P&L: $+0.00

[2026-07-09 13:31] O:7588.75 H:7589.75 L:7588.50 C:7589.75 V:1069.0
  📈 Trend: strong_bearish | 🌍 Regime: ranging
  🗺️  Grid: 0.080% | 🔺 7590.75 🔻 7588.50
  📡 RSI: 40.5 | MACD: -0.81 | ATR: 1.61
  📊 Filled: 0 | Pending: 0
  🔲 Regime: RANGING | Range pos: 92% | RSI: 40.5
  💰 Daily P&L: $+0.00

[2026-07-09 13:32] O:7589.50 H:7590.00 L:7588.25 C:7588.50 V:740.0
  📈 Trend: strong_bearish | 🌍 Regime: ranging
  🗺️  Grid: 0.080% | 🔺 7589.75 🔻 7588.50
  📡 RSI: 38.6 | MACD: -0.82 | ATR: 1.62
  📊 Filled: 0 | Pending: 0
  🔲 Regime: RANGING | Range pos: 90% | RSI: 38.6
  💰 Daily P&L: $+0.00

[2026-07-09 13:33] O:7588.25 H:7588.75 L:7587.75 C:7588.50 V:825.0
  📈 Trend: strong_bearish | 🌍 Regime: ranging
  🗺️  Grid: 0.080% | 🔺 7590.00 🔻 7588.25
  📡 RSI: 37.2 | MACD: -0.81 | ATR: 1.61
  📊 Filled: 0 | Pending: 0
  🔲 Regime: RANGING | Range pos: 90% | RSI: 37.2
  💰 Daily P&L: $+0.00

[2026-07-09 13:34] O:7588.50 H:7588.75 L:7587.25 C:7587.50 V:786.0
  📈 Trend: strong_bearish | 🌍 Regime: ranging
  🗺️  Grid: 0.080% | 🔺 7588.75 🔻 7587.75
  📡 RSI: 39.0 | MACD: -0.87 | ATR: 1.57
  📊 Filled: 0 | Pending: 0
  🔲 Regime: RANGING | Range pos: 89% | RSI: 39.0
  💰 Daily P&L: $+0.00

[2026-07-09 13:35] O:7587.25 H:7587.25 L:7585.50 C:7586.25 V:1701.0
  📈 Trend: strong_bearish | 🌍 Regime: ranging
  🗺️  Grid: 0.080% | 🔺 7588.75 🔻 7587.25
  📡 RSI: 30.2 | MACD: -1.01 | ATR: 1.61
  📊 Filled: 0 | Pending: 0
  🔲 Regime: RANGING | Range pos: 87% | RSI: 30.2
  💰 Daily P&L: $+0.00

[2026-07-09 13:36] O:7586.25 H:7587.50 L:7586.00 C:7587.25 V:1029.0
  📈 Trend: strong_bearish | 🌍 Regime: ranging
  🗺️  Grid: 0.080% | 🔺 7587.25 🔻 7585.50
  📡 RSI: 41.5 | MACD: -1.03 | ATR: 1.57
  📊 Filled: 0 | Pending: 0
  🔲 Regime: RANGING | Range pos: 88% | RSI: 41.5
  💰 Daily P&L: $+0.00

[2026-07-09 13:37] O:7587.25 H:7588.25 L:7586.75 C:7586.75 V:813.0
  📈 Trend: strong_bearish | 🌍 Regime: ranging
  🗺️  Grid: 0.080% | 🔺 7587.50 🔻 7586.00
  📡 RSI: 39.5 | MACD: -1.07 | ATR: 1.61
  📊 Filled: 0 | Pending: 0
  🔲 Regime: RANGING | Range pos: 87% | RSI: 39.5
  💰 Daily P&L: $+0.00

[2026-07-09 13:38] O:7587.00 H:7587.75 L:7586.50 C:7587.25 V:620.0
  📈 Trend: strong_bearish | 🌍 Regime: ranging
  🗺️  Grid: 0.080% | 🔺 7588.25 🔻 7586.75
  📡 RSI: 45.2 | MACD: -1.06 | ATR: 1.59
  📊 Filled: 0 | Pending: 0
  🔲 Regime: RANGING | Range pos: 88% | RSI: 45.2
  💰 Daily P&L: $+0.00

[2026-07-09 13:39] O:7587.00 H:7587.25 L:7586.00 C:7586.00 V:671.0
  📈 Trend: strong_bearish | 🌍 Regime: ranging
  🗺️  Grid: 0.080% | 🔺 7587.75 🔻 7586.50
  📡 RSI: 40.4 | MACD: -1.13 | ATR: 1.59
  📊 Filled: 0 | Pending: 0
  🔲 Regime: RANGING | Range pos: 86% | RSI: 40.4
  💰 Daily P&L: $+0.00

[2026-07-09 13:40] O:7586.00 H:7587.00 L:7585.25 C:7586.25 V:991.0
  📈 Trend: strong_bearish | 🌍 Regime: ranging
  🗺️  Grid: 0.080% | 🔺 7587.25 🔻 7586.00
  📡 RSI: 40.4 | MACD: -1.15 | ATR: 1.59
  📊 Filled: 0 | Pending: 0
  🔲 Regime: RANGING | Range pos: 87% | RSI: 40.4
  💰 Daily P&L: $+0.00

[2026-07-09 13:41] O:7586.25 H:7587.00 L:7586.00 C:7586.50 V:813.0
  📈 Trend: strong_bearish | 🌍 Regime: ranging
  🗺️  Grid: 0.080% | 🔺 7587.00 🔻 7585.25
  📡 RSI: 42.6 | MACD: -1.14 | ATR: 1.57
  📊 Filled: 0 | Pending: 0
  🔲 Regime: RANGING | Range pos: 87% | RSI: 42.6
  💰 Daily P&L: $+0.00

[2026-07-09 13:42] O:7586.50 H:7588.00 L:7586.25 C:7587.00 V:1338.0
  📈 Trend: strong_bearish | 🌍 Regime: ranging
  🗺️  Grid: 0.080% | 🔺 7587.00 🔻 7586.00
  📡 RSI: 47.8 | MACD: -1.08 | ATR: 1.57
  📊 Filled: 0 | Pending: 0
  🔲 Regime: RANGING | Range pos: 88% | RSI: 47.8
  💰 Daily P&L: $+0.00

[2026-07-09 13:43] O:7587.00 H:7587.25 L:7586.50 C:7587.00 V:807.0
  📈 Trend: strong_bearish (raw: moderate_bearish) | 🌍 Regime: ranging
  🗺️  Grid: 0.080% | 🔺 7588.00 🔻 7586.25
  📡 RSI: 36.8 | MACD: -1.01 | ATR: 1.46
  📊 Filled: 0 | Pending: 0
  🔲 Regime: RANGING | Range pos: 88% | RSI: 36.8
  💰 Daily P&L: $+0.00

[2026-07-09 13:44] O:7587.25 H:7588.00 L:7587.00 C:7587.75 V:674.0
  📈 Trend: moderate_bearish | 🌍 Regime: ranging
  🗺️  Grid: 0.080% | 🔺 7587.25 🔻 7586.50
  📡 RSI: 44.7 | MACD: -0.89 | ATR: 1.38
  📊 Filled: 0 | Pending: 0
  🔲 Regime: RANGING | Range pos: 89% | RSI: 44.7
  💰 Daily P&L: $+0.00

[2026-07-09 13:45] O:7587.50 H:7587.75 L:7586.75 C:7587.25 V:1031.0
  📈 Trend: moderate_bearish | 🌍 Regime: ranging
  🗺️  Grid: 0.080% | 🔺 7588.00 🔻 7587.00
  📡 RSI: 36.1 | MACD: -0.83 | ATR: 1.36
  📊 Filled: 0 | Pending: 0
  🔲 Regime: RANGING | Range pos: 88% | RSI: 36.1
  💰 Daily P&L: $+0.00

[2026-07-09 13:46] O:7587.25 H:7587.50 L:7585.50 C:7586.25 V:907.0
  📈 Trend: moderate_bearish | 🌍 Regime: ranging
  🗺️  Grid: 0.080% | 🔺 7587.75 🔻 7586.75
  📡 RSI: 37.1 | MACD: -0.85 | ATR: 1.38
  📊 Filled: 0 | Pending: 0
  🔲 Regime: RANGING | Range pos: 87% | RSI: 37.1
  💰 Daily P&L: $+0.00

[2026-07-09 13:47] O:7586.25 H:7587.00 L:7585.75 C:7586.50 V:770.0
  📈 Trend: moderate_bearish | 🌍 Regime: ranging
  🗺️  Grid: 0.080% | 🔺 7587.50 🔻 7585.50
  📡 RSI: 38.9 | MACD: -0.83 | ATR: 1.39
  📊 Filled: 0 | Pending: 0
  🔲 Regime: RANGING | Range pos: 87% | RSI: 38.9
  💰 Daily P&L: $+0.00

[2026-07-09 13:48] O:7586.25 H:7588.00 L:7586.00 C:7587.00 V:1008.0
  📈 Trend: moderate_bearish | 🌍 Regime: ranging
  🗺️  Grid: 0.080% | 🔺 7587.00 🔻 7585.75
  📡 RSI: 47.1 | MACD: -0.77 | ATR: 1.43
  📊 Filled: 0 | Pending: 0
  🔲 Regime: RANGING | Range pos: 88% | RSI: 47.1
  💰 Daily P&L: $+0.00

[2026-07-09 13:49] O:7587.00 H:7587.50 L:7586.75 C:7587.50 V:730.0
  📈 Trend: moderate_bearish | 🌍 Regime: ranging
  🗺️  Grid: 0.080% | 🔺 7588.00 🔻 7586.00
  📡 RSI: 58.1 | MACD: -0.68 | ATR: 1.34
  📊 Filled: 0 | Pending: 0
  🔲 Regime: RANGING | Range pos: 89% | RSI: 58.1
  💰 Daily P&L: $+0.00

[2026-07-09 13:50] O:7587.50 H:7588.00 L:7587.25 C:7587.25 V:858.0
  📈 Trend: moderate_bearish | 🌍 Regime: ranging
  🗺️  Grid: 0.080% | 🔺 7587.50 🔻 7586.75
  📡 RSI: 50.0 | MACD: -0.62 | ATR: 1.29
  📊 Filled: 0 | Pending: 0
  🔲 Regime: RANGING | Range pos: 88% | RSI: 50.0
  💰 Daily P&L: $+0.00

[2026-07-09 13:51] O:7587.25 H:7587.50 L:7586.00 C:7586.50 V:1097.0
  📈 Trend: moderate_bearish | 🌍 Regime: ranging
  🗺️  Grid: 0.080% | 🔺 7588.00 🔻 7587.25
  📡 RSI: 48.3 | MACD: -0.62 | ATR: 1.29
  📊 Filled: 0 | Pending: 0
  🔲 Regime: RANGING | Range pos: 87% | RSI: 48.3
  💰 Daily P&L: $+0.00

[2026-07-09 13:52] O:7586.75 H:7587.25 L:7586.00 C:7586.75 V:913.0
  📈 Trend: moderate_bearish | 🌍 Regime: ranging
  🗺️  Grid: 0.080% | 🔺 7587.50 🔻 7586.00
  📡 RSI: 46.4 | MACD: -0.59 | ATR: 1.29
  📊 Filled: 0 | Pending: 0
  🔲 Regime: RANGING | Range pos: 87% | RSI: 46.4
  💰 Daily P&L: $+0.00

[2026-07-09 13:53] O:7586.50 H:7586.50 L:7585.75 C:7586.25 V:666.0
  📈 Trend: moderate_bearish | 🌍 Regime: ranging
  🗺️  Grid: 0.080% | 🔺 7587.25 🔻 7586.00
  📡 RSI: 52.0 | MACD: -0.61 | ATR: 1.27
  📊 Filled: 0 | Pending: 0
  🔲 Regime: RANGING | Range pos: 87% | RSI: 52.0
  💰 Daily P&L: $+0.00

[2026-07-09 13:54] O:7586.25 H:7586.50 L:7585.50 C:7585.50 V:710.0
  📈 Trend: moderate_bearish | 🌍 Regime: ranging
  🗺️  Grid: 0.080% | 🔺 7586.50 🔻 7585.75
  📡 RSI: 44.4 | MACD: -0.67 | ATR: 1.21
  📊 Filled: 0 | Pending: 0
  🔲 Regime: RANGING | Range pos: 85% | RSI: 44.4
  💰 Daily P&L: $+0.00

[2026-07-09 13:55] O:7585.50 H:7586.00 L:7583.00 C:7584.00 V:2086.0
  📈 Trend: moderate_bearish (raw: strong_bearish) | 🌍 Regime: ranging
  🗺️  Grid: 0.080% | 🔺 7586.50 🔻 7585.50
  📡 RSI: 34.4 | MACD: -0.83 | ATR: 1.36
  📊 Filled: 0 | Pending: 0
  🔲 Regime: RANGING | Range pos: 83% | RSI: 34.4
  💰 Daily P&L: $+0.00

[2026-07-09 13:56] O:7583.75 H:7584.75 L:7583.50 C:7584.50 V:1121.0
  📈 Trend: strong_bearish | 🌍 Regime: ranging
  🗺️  Grid: 0.080% | 🔺 7586.00 🔻 7583.00
  📡 RSI: 34.4 | MACD: -0.91 | ATR: 1.32
  📊 Filled: 0 | Pending: 0
  🔲 Regime: RANGING | Range pos: 84% | RSI: 34.4
  💰 Daily P&L: $+0.00

[2026-07-09 13:57] O:7584.50 H:7584.75 L:7583.75 C:7584.00 V:1078.0
  📈 Trend: strong_bearish | 🌍 Regime: ranging
  🗺️  Grid: 0.080% | 🔺 7584.75 🔻 7583.50
  📡 RSI: 32.4 | MACD: -1.00 | ATR: 1.34
  📊 Filled: 0 | Pending: 0
  🔲 Regime: RANGING | Range pos: 83% | RSI: 32.4
  💰 Daily P&L: $+0.00

[2026-07-09 13:58] O:7584.00 H:7584.75 L:7583.75 C:7584.25 V:913.0
  📈 Trend: strong_bearish | 🌍 Regime: ranging
  🗺️  Grid: 0.080% | 🔺 7584.75 🔻 7583.75
  📡 RSI: 28.1 | MACD: -1.04 | ATR: 1.34
  📊 Filled: 0 | Pending: 0
  🔲 Regime: RANGING | Range pos: 84% | RSI: 28.1
  💰 Daily P&L: $+0.00

[2026-07-09 13:59] O:7584.25 H:7586.00 L:7584.00 C:7585.00 V:1310.0
  📈 Trend: strong_bearish | 🌍 Regime: ranging
  🗺️  Grid: 0.080% | 🔺 7584.75 🔻 7583.75
  📡 RSI: 36.4 | MACD: -1.00 | ATR: 1.41
  📊 Filled: 0 | Pending: 0
  🔲 Regime: RANGING | Range pos: 85% | RSI: 36.4
  💰 Daily P&L: $+0.00

[2026-07-09 14:00] O:7585.25 H:7585.50 L:7583.50 C:7583.50 V:1359.0
  📈 Trend: strong_bearish | 🌍 Regime: trending_bearish
  🗺️  Grid: 0.080% | 🔺 7586.00 🔻 7584.00
  📡 RSI: 34.3 | MACD: -1.08 | ATR: 1.41
  📊 Filled: 0 | Pending: 0
  💰 Daily P&L: $+0.00

[2026-07-09 14:01] O:7583.25 H:7583.75 L:7582.25 C:7583.25 V:1597.0
  📈 Trend: strong_bearish | 🌍 Regime: trending_bearish
  🗺️  Grid: 0.080% | 🔺 7585.50 🔻 7583.50
  📡 RSI: 31.4 | MACD: -1.14 | ATR: 1.43
  📊 Filled: 0 | Pending: 0
  💰 Daily P&L: $+0.00

[2026-07-09 14:02] O:7583.25 H:7584.25 L:7583.00 C:7583.00 V:1291.0
  📈 Trend: strong_bearish | 🌍 Regime: trending_bearish
  🗺️  Grid: 0.080% | 🔺 7583.75 🔻 7582.25
  📡 RSI: 26.5 | MACD: -1.20 | ATR: 1.38
  📊 Filled: 0 | Pending: 0
  💰 Daily P&L: $+0.00

[2026-07-09 14:03] O:7583.25 H:7583.75 L:7582.75 C:7583.25 V:687.0
  📈 Trend: strong_bearish | 🌍 Regime: trending_bearish
  🗺️  Grid: 0.080% | 🔺 7584.25 🔻 7583.00
  📡 RSI: 24.2 | MACD: -1.22 | ATR: 1.39
  📊 Filled: 0 | Pending: 0
  💰 Daily P&L: $+0.00

[2026-07-09 14:04] O:7583.25 H:7583.75 L:7582.50 C:7583.00 V:842.0
  📈 Trend: strong_bearish | 🌍 Regime: trending_bearish
  🗺️  Grid: 0.080% | 🔺 7583.75 🔻 7582.75
  📡 RSI: 24.2 | MACD: -1.23 | ATR: 1.43
  📊 Filled: 0 | Pending: 0
  💰 Daily P&L: $+0.00

[2026-07-09 14:05] O:7583.00 H:7583.75 L:7582.25 C:7583.00 V:1096.0
  📈 Trend: strong_bearish | 🌍 Regime: trending_bearish
  🗺️  Grid: 0.080% | 🔺 7583.75 🔻 7582.50
  📡 RSI: 26.7 | MACD: -1.23 | ATR: 1.43
  📊 Filled: 0 | Pending: 0
  💰 Daily P&L: $+0.00

[2026-07-09 14:06] O:7583.00 H:7584.50 L:7582.50 C:7583.50 V:1456.0
  📈 Trend: strong_bearish | 🌍 Regime: trending_bearish
  🗺️  Grid: 0.080% | 🔺 7583.75 🔻 7582.25
  📡 RSI: 29.0 | MACD: -1.18 | ATR: 1.48
  📊 Filled: 0 | Pending: 0
  💰 Daily P&L: $+0.00

[2026-07-09 14:07] O:7583.50 H:7583.75 L:7582.75 C:7583.25 V:670.0
  📈 Trend: strong_bearish | 🌍 Regime: trending_bearish
  🗺️  Grid: 0.080% | 🔺 7584.50 🔻 7582.50
  📡 RSI: 30.0 | MACD: -1.14 | ATR: 1.48
  📊 Filled: 0 | Pending: 0
  💰 Daily P&L: $+0.00

[2026-07-09 14:08] O:7583.25 H:7583.25 L:7581.00 C:7582.25 V:1592.0
  📈 Trend: strong_bearish | 🌍 Regime: trending_bearish
  🗺️  Grid: 0.080% | 🔺 7583.75 🔻 7582.75
  📡 RSI: 29.0 | MACD: -1.18 | ATR: 1.57
  📊 Filled: 0 | Pending: 0
  💰 Daily P&L: $+0.00

[2026-07-09 14:09] O:7582.25 H:7583.25 L:7581.75 C:7582.00 V:1024.0
  📈 Trend: strong_bearish | 🌍 Regime: trending_bearish
  🗺️  Grid: 0.080% | 🔺 7583.25 🔻 7581.00
  📡 RSI: 34.6 | MACD: -1.22 | ATR: 1.46
  📊 Filled: 0 | Pending: 0
  💰 Daily P&L: $+0.00

[2026-07-09 14:10] O:7582.00 H:7582.50 L:7581.00 C:7581.75 V:1031.0
  📈 Trend: strong_bearish | 🌍 Regime: trending_bearish
  🗺️  Grid: 0.080% | 🔺 7583.25 🔻 7581.75
  📡 RSI: 28.0 | MACD: -1.25 | ATR: 1.48
  📊 Filled: 0 | Pending: 0
  💰 Daily P&L: $+0.00

[2026-07-09 14:11] O:7581.75 H:7583.50 L:7581.75 C:7583.50 V:1096.0
  📈 Trend: strong_bearish (raw: moderate_bearish) | 🌍 Regime: trending_bearish
  🗺️  Grid: 0.080% | 🔺 7582.50 🔻 7581.00
  📡 RSI: 46.7 | MACD: -1.12 | ATR: 1.54
  📊 Filled: 0 | Pending: 0
  💰 Daily P&L: $+0.00

[2026-07-09 14:12] O:7583.50 H:7584.75 L:7583.00 C:7584.25 V:1705.0
  📈 Trend: moderate_bearish | 🌍 Regime: trending_bearish
  🗺️  Grid: 0.080% | 🔺 7583.50 🔻 7581.75
  📡 RSI: 50.0 | MACD: -0.95 | ATR: 1.59
  📊 Filled: 0 | Pending: 0
  💰 Daily P&L: $+0.00

[2026-07-09 14:13] O:7584.25 H:7584.75 L:7583.25 C:7583.50 V:1260.0
  📈 Trend: moderate_bearish (raw: strong_bearish) | 🌍 Regime: trending_bearish
  🗺️  Grid: 0.080% | 🔺 7584.75 🔻 7583.00
  📡 RSI: 40.6 | MACD: -0.87 | ATR: 1.55
  📊 Filled: 0 | Pending: 0
  💰 Daily P&L: $+0.00

[2026-07-09 14:14] O:7583.50 H:7584.25 L:7583.25 C:7583.25 V:623.0
  📈 Trend: strong_bearish | 🌍 Regime: trending_bearish
  🗺️  Grid: 0.080% | 🔺 7584.75 🔻 7583.25
  📡 RSI: 48.1 | MACD: -0.81 | ATR: 1.48
  📊 Filled: 0 | Pending: 0
  💰 Daily P&L: $+0.00

[2026-07-09 14:15] O:7583.50 H:7584.25 L:7582.75 C:7584.00 V:1007.0
  📈 Trend: strong_bearish | 🌍 Regime: trending_bearish
  🗺️  Grid: 0.080% | 🔺 7584.25 🔻 7583.25
  📡 RSI: 55.2 | MACD: -0.69 | ATR: 1.48
  📊 Filled: 0 | Pending: 0
  💰 Daily P&L: $+0.00

[2026-07-09 14:16] O:7584.00 H:7586.50 L:7584.00 C:7586.00 V:1782.0
  📈 Trend: strong_bearish (raw: moderate_bearish) | 🌍 Regime: trending_bearish
  🗺️  Grid: 0.080% | 🔺 7584.25 🔻 7582.75
  📡 RSI: 66.7 | MACD: -0.44 | ATR: 1.57
  📊 Filled: 0 | Pending: 0
  💰 Daily P&L: $+0.00

[2026-07-09 14:17] O:7586.25 H:7586.75 L:7585.50 C:7586.00 V:1785.0
  📈 Trend: moderate_bearish | 🌍 Regime: trending_bearish
  🗺️  Grid: 0.080% | 🔺 7586.50 🔻 7584.00
  📡 RSI: 65.7 | MACD: -0.23 | ATR: 1.59
  📊 Filled: 0 | Pending: 0
  💰 Daily P&L: $+0.00

[2026-07-09 14:18] O:7586.00 H:7588.00 L:7585.75 C:7586.50 V:2431.0
  📈 Trend: moderate_bearish | 🌍 Regime: trending_bearish
  🗺️  Grid: 0.080% | 🔺 7586.75 🔻 7585.50
  📡 RSI: 69.4 | MACD: -0.03 | ATR: 1.66
  📊 Filled: 0 | Pending: 0
  💰 Daily P&L: $+0.00

[2026-07-09 14:19] O:7586.50 H:7587.50 L:7586.50 C:7587.25 V:1262.0
  📈 Trend: moderate_bearish (raw: moderate_bullish) | 🌍 Regime: ranging
  🗺️  Grid: 0.080% | 🔺 7588.00 🔻 7585.75
  📡 RSI: 71.8 | MACD: 0.19 | ATR: 1.62
  📊 Filled: 0 | Pending: 0
  🔲 Regime: RANGING | Range pos: 88% | RSI: 71.8
  🚫 Raw trend blocks RANGING SHORT | raw: moderate_bullish
  💰 Daily P&L: $+0.00

[2026-07-09 14:20] O:7587.25 H:7587.75 L:7586.50 C:7586.75 V:1460.0
  📈 Trend: moderate_bullish | 🌍 Regime: ranging
  🗺️  Grid: 0.080% | 🔺 7587.50 🔻 7586.50
  📡 RSI: 66.7 | MACD: 0.32 | ATR: 1.57
  📊 Filled: 0 | Pending: 0
  🔲 Regime: RANGING | Range pos: 87% | RSI: 66.7
  💰 Daily P&L: $+0.00

[2026-07-09 14:21] O:7586.75 H:7588.50 L:7586.75 C:7588.25 V:1344.0
  📈 Trend: moderate_bullish | 🌍 Regime: ranging
  🗺️  Grid: 0.080% | 🔺 7587.75 🔻 7586.50
  📡 RSI: 72.7 | MACD: 0.54 | ATR: 1.62
  📊 Filled: 0 | Pending: 0
  🔲 Regime: RANGING | Range pos: 90% | RSI: 72.7
  🚫 Raw trend blocks RANGING SHORT | raw: moderate_bullish
  💰 Daily P&L: $+0.00

[2026-07-09 14:22] O:7588.25 H:7588.25 L:7586.75 C:7586.75 V:690.0
  📈 Trend: moderate_bullish | 🌍 Regime: ranging
  🗺️  Grid: 0.080% | 🔺 7588.50 🔻 7586.75
  📡 RSI: 69.6 | MACD: 0.58 | ATR: 1.57
  📊 Filled: 0 | Pending: 0
  🔲 Regime: RANGING | Range pos: 87% | RSI: 69.6
  💰 Daily P&L: $+0.00

[2026-07-09 14:23] O:7586.75 H:7587.00 L:7585.75 C:7586.75 V:1001.0
  📈 Trend: moderate_bullish | 🌍 Regime: ranging
  🗺️  Grid: 0.080% | 🔺 7588.25 🔻 7586.75
  📡 RSI: 71.1 | MACD: 0.61 | ATR: 1.55
  📊 Filled: 0 | Pending: 0
  🔲 Regime: RANGING | Range pos: 87% | RSI: 71.1
  🚫 Raw trend blocks RANGING SHORT | raw: moderate_bullish
  💰 Daily P&L: $+0.00

[2026-07-09 14:24] O:7586.75 H:7587.00 L:7585.75 C:7585.75 V:646.0
  📈 Trend: moderate_bullish | 🌍 Regime: ranging
  🗺️  Grid: 0.080% | 🔺 7587.00 🔻 7585.75
  📡 RSI: 66.7 | MACD: 0.55 | ATR: 1.54
  📊 Filled: 0 | Pending: 0
  🔲 Regime: RANGING | Range pos: 86% | RSI: 66.7
  💰 Daily P&L: $+0.00

[2026-07-09 14:25] O:7586.00 H:7586.75 L:7585.50 C:7585.50 V:1214.0
  📈 Trend: moderate_bullish | 🌍 Regime: ranging
  🗺️  Grid: 0.080% | 🔺 7587.00 🔻 7585.75
  📡 RSI: 59.5 | MACD: 0.47 | ATR: 1.50
  📊 Filled: 0 | Pending: 0
  🔲 Regime: RANGING | Range pos: 85% | RSI: 59.5
  💰 Daily P&L: $+0.00

[2026-07-09 14:26] O:7585.75 H:7586.00 L:7584.75 C:7584.75 V:870.0
  📈 Trend: moderate_bullish | 🌍 Regime: ranging
  🗺️  Grid: 0.080% | 🔺 7586.75 🔻 7585.50
  📡 RSI: 52.4 | MACD: 0.35 | ATR: 1.46
  📊 Filled: 0 | Pending: 0
  🔲 Regime: RANGING | Range pos: 84% | RSI: 52.4
  💰 Daily P&L: $+0.00

[2026-07-09 14:27] O:7585.00 H:7586.75 L:7584.75 C:7585.50 V:1277.0
  📈 Trend: moderate_bullish | 🌍 Regime: ranging
  🗺️  Grid: 0.080% | 🔺 7586.00 🔻 7584.75
  📡 RSI: 59.5 | MACD: 0.31 | ATR: 1.50
  📊 Filled: 0 | Pending: 0
  🔲 Regime: RANGING | Range pos: 85% | RSI: 59.5
  💰 Daily P&L: $+0.00

[2026-07-09 14:28] O:7585.50 H:7586.25 L:7585.50 C:7585.75 V:814.0
  📈 Trend: moderate_bullish (raw: moderate_bearish) | 🌍 Regime: ranging
  🗺️  Grid: 0.080% | 🔺 7586.75 🔻 7584.75
  📡 RSI: 61.9 | MACD: 0.29 | ATR: 1.48
  📊 Filled: 0 | Pending: 0
  🔲 Regime: RANGING | Range pos: 86% | RSI: 61.9
  💰 Daily P&L: $+0.00

[2026-07-09 14:29] O:7585.75 H:7586.25 L:7585.00 C:7585.00 V:784.0
  📈 Trend: moderate_bullish | 🌍 Regime: ranging
  🗺️  Grid: 0.080% | 🔺 7586.25 🔻 7585.50
  📡 RSI: 54.8 | MACD: 0.21 | ATR: 1.46
  📊 Filled: 0 | Pending: 0
  🔲 Regime: RANGING | Range pos: 85% | RSI: 54.8
  💰 Daily P&L: $+0.00

[2026-07-09 14:30] O:7585.00 H:7586.25 L:7583.50 C:7583.75 V:2269.0
  📈 Trend: moderate_bullish | 🌍 Regime: ranging
  🗺️  Grid: 0.080% | 🔺 7586.25 🔻 7585.00
  📡 RSI: 38.5 | MACD: 0.05 | ATR: 1.48
  📊 Filled: 0 | Pending: 0
  🕐 Outside session (14:30 CT) — no entries
  💰 Daily P&L: $+0.00

[2026-07-09 14:31] O:7583.75 H:7585.25 L:7583.75 C:7584.75 V:1108.0
  📈 Trend: moderate_bullish | 🌍 Regime: ranging
  🗺️  Grid: 0.080% | 🔺 7586.25 🔻 7583.50
  📡 RSI: 44.2 | MACD: 0.00 | ATR: 1.50
  📊 Filled: 0 | Pending: 0
  🕐 Outside session (14:31 CT) — no entries
  💰 Daily P&L: $+0.00

[2026-07-09 14:32] O:7584.75 H:7585.50 L:7584.25 C:7584.25 V:1294.0
  📈 Trend: moderate_bullish | 🌍 Regime: ranging
  🗺️  Grid: 0.080% | 🔺 7585.25 🔻 7583.75
  📡 RSI: 39.5 | MACD: -0.07 | ATR: 1.43
  📊 Filled: 0 | Pending: 0
  🕐 Outside session (14:32 CT) — no entries
  💰 Daily P&L: $+0.00

[2026-07-09 14:33] O:7584.25 H:7585.00 L:7584.00 C:7584.50 V:1154.0
  📈 Trend: moderate_bullish | 🌍 Regime: ranging
  🗺️  Grid: 0.080% | 🔺 7585.50 🔻 7584.25
  📡 RSI: 36.6 | MACD: -0.11 | ATR: 1.43
  📊 Filled: 0 | Pending: 0
  🕐 Outside session (14:33 CT) — no entries
  💰 Daily P&L: $+0.00

[2026-07-09 14:34] O:7584.50 H:7585.25 L:7584.25 C:7585.25 V:1136.0
  📈 Trend: moderate_bullish | 🌍 Regime: ranging
  🗺️  Grid: 0.080% | 🔺 7585.00 🔻 7584.00
  📡 RSI: 42.9 | MACD: -0.08 | ATR: 1.41
  📊 Filled: 0 | Pending: 0
  🕐 Outside session (14:34 CT) — no entries
  💰 Daily P&L: $+0.00

[2026-07-09 14:35] O:7585.25 H:7586.75 L:7585.25 C:7586.25 V:1055.0
  📈 Trend: moderate_bullish | 🌍 Regime: ranging
  🗺️  Grid: 0.080% | 🔺 7585.25 🔻 7584.25
  📡 RSI: 40.0 | MACD: 0.02 | ATR: 1.39
  📊 Filled: 0 | Pending: 0
  🕐 Outside session (14:35 CT) — no entries
  💰 Daily P&L: $+0.00

[2026-07-09 14:36] O:7586.25 H:7588.00 L:7586.25 C:7587.00 V:1187.0
  📈 Trend: moderate_bullish (raw: strong_bullish) | 🌍 Regime: ranging
  🗺️  Grid: 0.080% | 🔺 7586.75 🔻 7585.25
  📡 RSI: 51.4 | MACD: 0.16 | ATR: 1.41
  📊 Filled: 0 | Pending: 0
  🕐 Outside session (14:36 CT) — no entries
  💰 Daily P&L: $+0.00

[2026-07-09 14:37] O:7587.25 H:7587.25 L:7585.75 C:7585.75 V:1261.0
  📈 Trend: moderate_bullish | 🌍 Regime: ranging
  🗺️  Grid: 0.080% | 🔺 7588.00 🔻 7586.25
  📡 RSI: 45.2 | MACD: 0.17 | ATR: 1.43
  📊 Filled: 0 | Pending: 0
  🕐 Outside session (14:37 CT) — no entries
  💰 Daily P&L: $+0.00

[2026-07-09 14:38] O:7585.75 H:7586.50 L:7585.25 C:7586.25 V:904.0
  📈 Trend: moderate_bullish | 🌍 Regime: ranging
  🗺️  Grid: 0.080% | 🔺 7587.25 🔻 7585.75
  📡 RSI: 52.5 | MACD: 0.22 | ATR: 1.43
  📊 Filled: 0 | Pending: 0
  🕐 Outside session (14:38 CT) — no entries
  💰 Daily P&L: $+0.00

[2026-07-09 14:39] O:7586.25 H:7587.00 L:7586.25 C:7586.75 V:743.0
  📈 Trend: moderate_bullish | 🌍 Regime: ranging
  🗺️  Grid: 0.080% | 🔺 7586.50 🔻 7585.25
  📡 RSI: 56.1 | MACD: 0.29 | ATR: 1.39
  📊 Filled: 0 | Pending: 0
  🕐 Outside session (14:39 CT) — no entries
  💰 Daily P&L: $+0.00

[2026-07-09 14:40] O:7586.75 H:7587.75 L:7586.50 C:7586.75 V:1394.0
  📈 Trend: moderate_bullish | 🌍 Regime: ranging
  🗺️  Grid: 0.080% | 🔺 7587.00 🔻 7586.25
  📡 RSI: 60.5 | MACD: 0.34 | ATR: 1.39
  📊 Filled: 0 | Pending: 0
  🕐 Outside session (14:40 CT) — no entries
  💰 Daily P&L: $+0.00

[2026-07-09 14:41] O:7586.75 H:7587.00 L:7585.25 C:7586.50 V:1101.0
  📈 Trend: moderate_bullish | 🌍 Regime: ranging
  🗺️  Grid: 0.080% | 🔺 7587.75 🔻 7586.50
  📡 RSI: 55.6 | MACD: 0.36 | ATR: 1.38
  📊 Filled: 0 | Pending: 0
  🕐 Outside session (14:41 CT) — no entries
  💰 Daily P&L: $+0.00

[2026-07-09 14:42] O:7586.50 H:7586.75 L:7585.50 C:7586.25 V:830.0
  📈 Trend: moderate_bullish | 🌍 Regime: ranging
  🗺️  Grid: 0.080% | 🔺 7587.00 🔻 7585.25
  📡 RSI: 52.8 | MACD: 0.35 | ATR: 1.41
  📊 Filled: 0 | Pending: 0
  🕐 Outside session (14:42 CT) — no entries
  💰 Daily P&L: $+0.00

[2026-07-09 14:43] O:7586.25 H:7587.50 L:7586.25 C:7586.75 V:991.0
  📈 Trend: moderate_bullish (raw: strong_bullish) | 🌍 Regime: ranging
  🗺️  Grid: 0.080% | 🔺 7586.75 🔻 7585.50
  📡 RSI: 60.0 | MACD: 0.38 | ATR: 1.41
  📊 Filled: 0 | Pending: 0
  🕐 Outside session (14:43 CT) — no entries
  💰 Daily P&L: $+0.00

[2026-07-09 14:44] O:7587.00 H:7589.00 L:7586.75 C:7588.00 V:1347.0
  📈 Trend: strong_bullish | 🌍 Regime: ranging
  🗺️  Grid: 0.080% | 🔺 7587.50 🔻 7586.25
  📡 RSI: 74.3 | MACD: 0.50 | ATR: 1.38
  📊 Filled: 0 | Pending: 0
  🕐 Outside session (14:44 CT) — no entries
  💰 Daily P&L: $+0.00

[2026-07-09 14:45] O:7588.00 H:7588.75 L:7586.50 C:7587.00 V:1895.0
  📈 Trend: strong_bullish | 🌍 Regime: ranging
  🗺️  Grid: 0.080% | 🔺 7589.00 🔻 7586.75
  📡 RSI: 62.9 | MACD: 0.50 | ATR: 1.43
  📊 Filled: 0 | Pending: 0
  🕐 Outside session (14:45 CT) — no entries
  💰 Daily P&L: $+0.00

[2026-07-09 14:46] O:7587.00 H:7587.75 L:7587.00 C:7587.50 V:947.0
  📈 Trend: strong_bullish | 🌍 Regime: ranging
  🗺️  Grid: 0.080% | 🔺 7588.75 🔻 7586.50
  📡 RSI: 68.6 | MACD: 0.54 | ATR: 1.39
  📊 Filled: 0 | Pending: 0
  🕐 Outside session (14:46 CT) — no entries
  💰 Daily P&L: $+0.00

[2026-07-09 14:47] O:7587.75 H:7588.00 L:7587.00 C:7587.75 V:1097.0
  📈 Trend: strong_bullish | 🌍 Regime: ranging
  🗺️  Grid: 0.080% | 🔺 7587.75 🔻 7587.00
  📡 RSI: 68.6 | MACD: 0.59 | ATR: 1.39
  📊 Filled: 0 | Pending: 0
  🕐 Outside session (14:47 CT) — no entries
  💰 Daily P&L: $+0.00

[2026-07-09 14:48] O:7587.75 H:7588.00 L:7587.00 C:7587.25 V:1024.0
  📈 Trend: strong_bullish | 🌍 Regime: ranging
  🗺️  Grid: 0.080% | 🔺 7588.00 🔻 7587.00
  📡 RSI: 61.8 | MACD: 0.58 | ATR: 1.39
  📊 Filled: 0 | Pending: 0
  🕐 Outside session (14:48 CT) — no entries
  💰 Daily P&L: $+0.00

[2026-07-09 14:49] O:7587.25 H:7587.50 L:7586.50 C:7586.50 V:1317.0
  📈 Trend: strong_bullish | 🌍 Regime: ranging
  🗺️  Grid: 0.080% | 🔺 7588.00 🔻 7587.00
  📡 RSI: 51.5 | MACD: 0.50 | ATR: 1.36
  📊 Filled: 0 | Pending: 0
  🕐 Outside session (14:49 CT) — no entries
  💰 Daily P&L: $+0.00

[2026-07-09 14:50] O:7586.75 H:7586.75 L:7584.50 C:7585.50 V:3588.0
  📈 Trend: strong_bullish (raw: moderate_bullish) | 🌍 Regime: ranging
  🗺️  Grid: 0.080% | 🔺 7587.50 🔻 7586.50
  📡 RSI: 41.2 | MACD: 0.36 | ATR: 1.39
  📊 Filled: 0 | Pending: 0
  🕐 Outside session (14:50 CT) — no entries
  💰 Daily P&L: $+0.00

[2026-07-09 14:51] O:7585.50 H:7585.75 L:7583.75 C:7585.00 V:1934.0
  📈 Trend: moderate_bullish | 🌍 Regime: ranging
  🗺️  Grid: 0.080% | 🔺 7586.75 🔻 7584.50
  📡 RSI: 45.2 | MACD: 0.20 | ATR: 1.43
  📊 Filled: 0 | Pending: 0
  🕐 Outside session (14:51 CT) — no entries
  💰 Daily P&L: $+0.00

[2026-07-09 14:52] O:7585.25 H:7586.00 L:7584.25 C:7585.00 V:1708.0
  📈 Trend: moderate_bullish | 🌍 Regime: ranging
  🗺️  Grid: 0.080% | 🔺 7585.75 🔻 7583.75
  📡 RSI: 41.4 | MACD: 0.07 | ATR: 1.46
  📊 Filled: 0 | Pending: 0
  🕐 Outside session (14:52 CT) — no entries
  💰 Daily P&L: $+0.00

[2026-07-09 14:53] O:7585.00 H:7585.25 L:7583.75 C:7584.00 V:2262.0
  📈 Trend: moderate_bullish (raw: strong_bearish) | 🌍 Regime: ranging
  🗺️  Grid: 0.080% | 🔺 7586.00 🔻 7584.25
  📡 RSI: 32.3 | MACD: -0.11 | ATR: 1.52
  📊 Filled: 0 | Pending: 0
  🕐 Outside session (14:53 CT) — no entries
  💰 Daily P&L: $+0.00

[2026-07-09 14:54] O:7584.00 H:7584.50 L:7582.50 C:7582.75 V:4815.0
  📈 Trend: strong_bearish | 🌍 Regime: ranging
  🗺️  Grid: 0.080% | 🔺 7585.25 🔻 7583.75
  📡 RSI: 27.8 | MACD: -0.34 | ATR: 1.57
  📊 Filled: 0 | Pending: 0
  🕐 Outside session (14:54 CT) — no entries
  💰 Daily P&L: $+0.00

[2026-07-09 14:55] O:7582.50 H:7586.75 L:7582.50 C:7586.00 V:4015.0
  📈 Trend: strong_bearish | 🌍 Regime: ranging
  🗺️  Grid: 0.080% | 🔺 7584.50 🔻 7582.50
  📡 RSI: 47.9 | MACD: -0.27 | ATR: 1.75
  📊 Filled: 0 | Pending: 0
  🕐 Outside session (14:55 CT) — no entries
  💰 Daily P&L: $+0.00

[2026-07-09 14:56] O:7586.00 H:7586.50 L:7585.50 C:7586.25 V:1598.0
  📈 Trend: strong_bearish (raw: moderate_bullish) | 🌍 Regime: ranging
  🗺️  Grid: 0.080% | 🔺 7586.75 🔻 7582.50
  📡 RSI: 50.0 | MACD: -0.19 | ATR: 1.73
  📊 Filled: 0 | Pending: 0
  🕐 Outside session (14:56 CT) — no entries
  💰 Daily P&L: $+0.00

[2026-07-09 14:57] O:7586.00 H:7588.00 L:7586.00 C:7587.50 V:2603.0
  📈 Trend: moderate_bullish | 🌍 Regime: ranging
  🗺️  Grid: 0.080% | 🔺 7586.50 🔻 7585.50
  📡 RSI: 52.9 | MACD: -0.02 | ATR: 1.79
  📊 Filled: 0 | Pending: 0
  🕐 Outside session (14:57 CT) — no entries
  💰 Daily P&L: $+0.00

[2026-07-09 14:58] O:7587.50 H:7588.50 L:7586.75 C:7586.75 V:4879.0
  📈 Trend: moderate_bullish | 🌍 Regime: ranging
  🗺️  Grid: 0.080% | 🔺 7588.00 🔻 7586.00
  📡 RSI: 44.9 | MACD: 0.05 | ATR: 1.75
  📊 Filled: 0 | Pending: 0
  🕐 Outside session (14:58 CT) — no entries
  💰 Daily P&L: $+0.00

[2026-07-09 14:59] O:7586.75 H:7591.00 L:7586.25 C:7590.50 V:42257.0
  📈 Trend: moderate_bullish (raw: strong_bullish) | 🌍 Regime: ranging
  🗺️  Grid: 0.080% | 🔺 7588.50 🔻 7586.75
  📡 RSI: 61.7 | MACD: 0.41 | ATR: 1.93
  📊 Filled: 0 | Pending: 0
  🕐 Outside session (14:59 CT) — no entries
  💰 Daily P&L: $+0.00

[2026-07-09 15:00] O:7590.50 H:7591.50 L:7586.00 C:7586.25 V:11940.0
  📈 Trend: moderate_bullish | 🌍 Regime: ranging
  🗺️  Grid: 0.080% | 🔺 7591.00 🔻 7586.25
  📡 RSI: 46.7 | MACD: 0.34 | ATR: 2.27
  📊 Filled: 0 | Pending: 0
  🕐 Outside session (15:00 CT) — no entries
  💰 Daily P&L: $+0.00

[2026-07-09 15:01] O:7586.25 H:7587.00 L:7585.75 C:7586.50 V:2046.0
  📈 Trend: moderate_bullish (raw: strong_bullish) | 🌍 Regime: ranging
  🗺️  Grid: 0.080% | 🔺 7591.50 🔻 7586.00
  📡 RSI: 46.7 | MACD: 0.30 | ATR: 2.29
  📊 Filled: 0 | Pending: 0
  🕐 Outside session (15:01 CT) — no entries
  💰 Daily P&L: $+0.00

[2026-07-09 15:02] O:7586.50 H:7588.00 L:7586.25 C:7587.50 V:1225.0
  📈 Trend: strong_bullish | 🌍 Regime: ranging
  🗺️  Grid: 0.080% | 🔺 7587.00 🔻 7585.75
  📡 RSI: 50.6 | MACD: 0.35 | ATR: 2.34
  📊 Filled: 0 | Pending: 0
  🕐 Outside session (15:02 CT) — no entries
  💰 Daily P&L: $+0.00

[2026-07-09 15:03] O:7587.75 H:7588.75 L:7587.25 C:7588.25 V:1132.0
  📈 Trend: strong_bullish | 🌍 Regime: ranging
  🗺️  Grid: 0.080% | 🔺 7588.00 🔻 7586.25
  📡 RSI: 54.5 | MACD: 0.45 | ATR: 2.38
  📊 Filled: 0 | Pending: 0
  🕐 Outside session (15:03 CT) — no entries
  💰 Daily P&L: $+0.00

[2026-07-09 15:04] O:7588.25 H:7589.25 L:7588.00 C:7588.50 V:776.0
  📈 Trend: strong_bullish | 🌍 Regime: ranging
  🗺️  Grid: 0.080% | 🔺 7588.75 🔻 7587.25
  📡 RSI: 58.1 | MACD: 0.53 | ATR: 2.30
  📊 Filled: 0 | Pending: 0
  🕐 Outside session (15:04 CT) — no entries
  💰 Daily P&L: $+0.00

[2026-07-09 15:05] O:7588.50 H:7590.00 L:7588.25 C:7590.00 V:1021.0
  📈 Trend: strong_bullish | 🌍 Regime: ranging
  🗺️  Grid: 0.080% | 🔺 7589.25 🔻 7588.00
  📡 RSI: 62.8 | MACD: 0.72 | ATR: 2.29
  📊 Filled: 0 | Pending: 0
  🕐 Outside session (15:05 CT) — no entries
  💰 Daily P&L: $+0.00

[2026-07-09 15:06] O:7589.75 H:7591.75 L:7589.75 C:7591.00 V:972.0
  📈 Trend: strong_bullish | 🌍 Regime: ranging
  🗺️  Grid: 0.080% | 🔺 7590.00 🔻 7588.25
  📡 RSI: 64.6 | MACD: 0.93 | ATR: 2.30
  📊 Filled: 0 | Pending: 0
  🕐 Outside session (15:06 CT) — no entries
  💰 Daily P&L: $+0.00

[2026-07-09 15:07] O:7591.00 H:7592.00 L:7591.00 C:7591.00 V:784.0
  📈 Trend: strong_bullish | 🌍 Regime: ranging
  🗺️  Grid: 0.080% | 🔺 7591.75 🔻 7589.75
  📡 RSI: 67.9 | MACD: 1.09 | ATR: 2.27
  📊 Filled: 0 | Pending: 0
  🕐 Outside session (15:07 CT) — no entries
  💰 Daily P&L: $+0.00

[2026-07-09 15:08] O:7590.75 H:7591.50 L:7590.25 C:7591.00 V:631.0
  📈 Trend: strong_bullish | 🌍 Regime: ranging
  🗺️  Grid: 0.080% | 🔺 7592.00 🔻 7591.00
  📡 RSI: 72.6 | MACD: 1.20 | ATR: 2.21
  📊 Filled: 0 | Pending: 0
  🕐 Outside session (15:08 CT) — no entries
  💰 Daily P&L: $+0.00

[2026-07-09 15:09] O:7591.00 H:7591.50 L:7590.75 C:7591.50 V:295.0
  📈 Trend: strong_bullish | 🌍 Regime: ranging
  🗺️  Grid: 0.080% | 🔺 7591.50 🔻 7590.25
  📡 RSI: 67.7 | MACD: 1.31 | ATR: 1.96
  📊 Filled: 0 | Pending: 0
  🕐 Outside session (15:09 CT) — no entries
  💰 Daily P&L: $+0.00

[2026-07-09 15:10] O:7591.25 H:7591.50 L:7589.00 C:7590.00 V:1292.0
  📈 Trend: strong_bullish | 🌍 Regime: ranging
  🗺️  Grid: 0.080% | 🔺 7591.50 🔻 7590.75
  📡 RSI: 61.2 | MACD: 1.27 | ATR: 2.07
  📊 Filled: 0 | Pending: 0
  🕐 Outside session (15:10 CT) — no entries
  💰 Daily P&L: $+0.00

[2026-07-09 15:11] O:7590.25 H:7590.75 L:7590.00 C:7590.00 V:330.0
  📈 Trend: strong_bullish | 🌍 Regime: ranging
  🗺️  Grid: 0.080% | 🔺 7591.50 🔻 7589.00
  📡 RSI: 58.1 | MACD: 1.22 | ATR: 1.98
  📊 Filled: 0 | Pending: 0
  🕐 Outside session (15:11 CT) — no entries
  💰 Daily P&L: $+0.00

[2026-07-09 15:12] O:7589.75 H:7590.25 L:7588.75 C:7589.25 V:367.0
  📈 Trend: strong_bullish | 🌍 Regime: ranging
  🗺️  Grid: 0.080% | 🔺 7590.75 🔻 7590.00
  📡 RSI: 58.1 | MACD: 1.10 | ATR: 1.96
  📊 Filled: 0 | Pending: 0
  🕐 Outside session (15:12 CT) — no entries
  💰 Daily P&L: $+0.00

[2026-07-09 15:13] O:7589.50 H:7590.50 L:7589.50 C:7590.25 V:461.0
  📈 Trend: strong_bullish | 🌍 Regime: ranging
  🗺️  Grid: 0.080% | 🔺 7590.25 🔻 7588.75
  📡 RSI: 49.0 | MACD: 1.08 | ATR: 1.71
  📊 Filled: 0 | Pending: 0
  🕐 Outside session (15:13 CT) — no entries
  💰 Daily P&L: $+0.00

[2026-07-09 15:14] O:7590.50 H:7591.50 L:7590.25 C:7590.75 V:1311.0
  📈 Trend: strong_bullish | 🌍 Regime: ranging
  🗺️  Grid: 0.080% | 🔺 7590.50 🔻 7589.50
  📡 RSI: 75.0 | MACD: 1.09 | ATR: 1.41
  📊 Filled: 0 | Pending: 0
  🕐 Outside session (15:14 CT) — no entries
  💰 Daily P&L: $+0.00

[2026-07-09 15:15] O:7590.75 H:7591.75 L:7590.00 C:7590.75 V:600.0
  📈 Trend: strong_bullish | 🌍 Regime: trending_bullish
  🗺️  Grid: 0.080% | 🔺 7591.50 🔻 7590.25
  📡 RSI: 74.3 | MACD: 1.09 | ATR: 1.45
  📊 Filled: 0 | Pending: 0
  🕐 Outside session (15:15 CT) — no entries
  💰 Daily P&L: $+0.00

[2026-07-09 15:16] O:7591.00 H:7591.00 L:7589.25 C:7590.50 V:377.0
  📈 Trend: strong_bullish | 🌍 Regime: trending_bullish
  🗺️  Grid: 0.080% | 🔺 7591.75 🔻 7590.00
  📡 RSI: 68.8 | MACD: 1.05 | ATR: 1.45
  📊 Filled: 0 | Pending: 0
  🕐 Outside session (15:16 CT) — no entries
  💰 Daily P&L: $+0.00

[2026-07-09 15:17] O:7590.25 H:7590.25 L:7589.50 C:7589.75 V:368.0
  📈 Trend: strong_bullish (raw: moderate_bullish) | 🌍 Regime: ranging
  🗺️  Grid: 0.080% | 🔺 7591.00 🔻 7589.25
  📡 RSI: 59.4 | MACD: 0.95 | ATR: 1.41
  📊 Filled: 0 | Pending: 0
  🕐 Outside session (15:17 CT) — no entries
  💰 Daily P&L: $+0.00

[2026-07-09 15:18] O:7589.50 H:7589.75 L:7589.25 C:7589.50 V:198.0
  📈 Trend: strong_bullish (raw: moderate_bearish) | 🌍 Regime: ranging
  🗺️  Grid: 0.080% | 🔺 7590.25 🔻 7589.50
  📡 RSI: 56.2 | MACD: 0.84 | ATR: 1.36
  📊 Filled: 0 | Pending: 0
  🕐 Outside session (15:18 CT) — no entries
  💰 Daily P&L: $+0.00

[2026-07-09 15:19] O:7589.75 H:7590.50 L:7589.50 C:7589.50 V:253.0
  📈 Trend: strong_bullish (raw: moderate_bullish) | 🌍 Regime: ranging
  🗺️  Grid: 0.080% | 🔺 7589.75 🔻 7589.25
  📡 RSI: 46.2 | MACD: 0.75 | ATR: 1.30
  📊 Filled: 0 | Pending: 0
  🕐 Outside session (15:19 CT) — no entries
  💰 Daily P&L: $+0.00

[2026-07-09 15:20] O:7589.50 H:7589.75 L:7588.50 C:7589.50 V:474.0
  📈 Trend: moderate_bullish | 🌍 Regime: ranging
  🗺️  Grid: 0.080% | 🔺 7590.50 🔻 7589.50
  📡 RSI: 36.4 | MACD: 0.67 | ATR: 1.25
  📊 Filled: 0 | Pending: 0
  🕐 Outside session (15:20 CT) — no entries
  💰 Daily P&L: $+0.00

[2026-07-09 15:21] O:7589.25 H:7589.25 L:7588.25 C:7588.75 V:330.0
  📈 Trend: moderate_bullish | 🌍 Regime: trending_bullish
  🗺️  Grid: 0.080% | 🔺 7589.75 🔻 7588.50
  📡 RSI: 32.0 | MACD: 0.53 | ATR: 1.27
  📊 Filled: 0 | Pending: 0
  🕐 Outside session (15:21 CT) — no entries
  💰 Daily P&L: $+0.00

[2026-07-09 15:22] O:7588.75 H:7588.75 L:7588.25 C:7588.25 V:103.0
  📈 Trend: moderate_bullish (raw: moderate_bearish) | 🌍 Regime: ranging
  🗺️  Grid: 0.080% | 🔺 7589.25 🔻 7588.25
  📡 RSI: 29.6 | MACD: 0.38 | ATR: 1.21
  📊 Filled: 0 | Pending: 0
  🕐 Outside session (15:22 CT) — no entries
  💰 Daily P&L: $+0.00

[2026-07-09 15:23] O:7588.50 H:7588.50 L:7587.25 C:7587.25 V:355.0
  📈 Trend: moderate_bearish | 🌍 Regime: ranging
  🗺️  Grid: 0.080% | 🔺 7588.75 🔻 7588.25
  📡 RSI: 20.7 | MACD: 0.18 | ATR: 1.25
  📊 Filled: 0 | Pending: 0
  🕐 Outside session (15:23 CT) — no entries
  💰 Daily P&L: $+0.00

[2026-07-09 15:24] O:7587.25 H:7587.50 L:7587.25 C:7587.50 V:141.0
  📈 Trend: moderate_bearish | 🌍 Regime: ranging
  🗺️  Grid: 0.080% | 🔺 7588.50 🔻 7587.25
  📡 RSI: 29.2 | MACD: 0.04 | ATR: 1.09
  📊 Filled: 0 | Pending: 0
  🕐 Outside session (15:24 CT) — no entries
  💰 Daily P&L: $+0.00

[2026-07-09 15:25] O:7587.50 H:7587.75 L:7587.25 C:7587.25 V:173.0
  📈 Trend: moderate_bearish (raw: strong_bearish) | 🌍 Regime: ranging
  🗺️  Grid: 0.080% | 🔺 7587.50 🔻 7587.25
  📡 RSI: 28.0 | MACD: -0.09 | ATR: 1.07
  📊 Filled: 0 | Pending: 0
  🕐 Outside session (15:25 CT) — no entries
  💰 Daily P&L: $+0.00

[2026-07-09 15:26] O:7587.50 H:7587.50 L:7587.00 C:7587.25 V:133.0
  📈 Trend: strong_bearish | 🌍 Regime: ranging
  🗺️  Grid: 0.080% | 🔺 7587.75 🔻 7587.25
  📡 RSI: 31.8 | MACD: -0.19 | ATR: 1.00
  📊 Filled: 0 | Pending: 0
  🕐 Outside session (15:26 CT) — no entries
  💰 Daily P&L: $+0.00

[2026-07-09 15:27] O:7587.25 H:7587.50 L:7586.50 C:7586.75 V:234.0
  📈 Trend: strong_bearish | 🌍 Regime: ranging
  🗺️  Grid: 0.080% | 🔺 7587.50 🔻 7587.00
  📡 RSI: 15.0 | MACD: -0.30 | ATR: 0.98
  📊 Filled: 0 | Pending: 0
  🕐 Outside session (15:27 CT) — no entries
  💰 Daily P&L: $+0.00

[2026-07-09 15:28] O:7586.50 H:7587.50 L:7586.00 C:7587.25 V:253.0
  📈 Trend: strong_bearish | 🌍 Regime: ranging
  🗺️  Grid: 0.080% | 🔺 7587.50 🔻 7586.50
  📡 RSI: 15.0 | MACD: -0.35 | ATR: 1.00
  📊 Filled: 0 | Pending: 0
  🕐 Outside session (15:28 CT) — no entries
  💰 Daily P&L: $+0.00

[2026-07-09 15:29] O:7587.00 H:7587.75 L:7586.75 C:7587.00 V:154.0
  📈 Trend: strong_bearish | 🌍 Regime: ranging
  🗺️  Grid: 0.080% | 🔺 7587.50 🔻 7586.00
  📡 RSI: 14.3 | MACD: -0.41 | ATR: 0.95
  📊 Filled: 0 | Pending: 0
  🕐 Outside session (15:29 CT) — no entries
  💰 Daily P&L: $+0.00

[2026-07-09 15:30] O:7586.75 H:7587.00 L:7586.50 C:7586.75 V:106.0
  📈 Trend: strong_bearish | 🌍 Regime: ranging
  🗺️  Grid: 0.080% | 🔺 7587.75 🔻 7586.75
  📡 RSI: 14.3 | MACD: -0.46 | ATR: 0.86
  📊 Filled: 0 | Pending: 0
  🕐 Outside session (15:30 CT) — no entries
  💰 Daily P&L: $+0.00

[2026-07-09 15:31] O:7586.75 H:7587.75 L:7586.75 C:7587.75 V:245.0
  📈 Trend: strong_bearish | 🌍 Regime: ranging
  🗺️  Grid: 0.080% | 🔺 7587.00 🔻 7586.50
  📡 RSI: 31.8 | MACD: -0.42 | ATR: 0.86
  📊 Filled: 0 | Pending: 0
  🕐 Outside session (15:31 CT) — no entries
  💰 Daily P&L: $+0.00

[2026-07-09 15:32] O:7587.50 H:7588.25 L:7587.25 C:7588.25 V:273.0
  📈 Trend: strong_bearish | 🌍 Regime: ranging
  🗺️  Grid: 0.080% | 🔺 7587.75 🔻 7586.75
  📡 RSI: 39.1 | MACD: -0.35 | ATR: 0.89
  📊 Filled: 0 | Pending: 0
  🕐 Outside session (15:32 CT) — no entries
  💰 Daily P&L: $+0.00

[2026-07-09 15:33] O:7588.25 H:7589.00 L:7588.25 C:7588.75 V:407.0
  📈 Trend: strong_bearish | 🌍 Regime: ranging
  🗺️  Grid: 0.080% | 🔺 7588.25 🔻 7587.25
  📡 RSI: 44.0 | MACD: -0.24 | ATR: 0.88
  📊 Filled: 0 | Pending: 0
  🕐 Outside session (15:33 CT) — no entries
  💰 Daily P&L: $+0.00

[2026-07-09 15:34] O:7589.00 H:7589.75 L:7588.75 C:7589.50 V:259.0
  📈 Trend: strong_bearish (raw: moderate_bearish) | 🌍 Regime: ranging
  🗺️  Grid: 0.080% | 🔺 7589.00 🔻 7588.25
  📡 RSI: 50.0 | MACD: -0.10 | ATR: 0.86
  📊 Filled: 0 | Pending: 0
  🕐 Outside session (15:34 CT) — no entries
  💰 Daily P&L: $+0.00

[2026-07-09 15:35] O:7589.50 H:7589.75 L:7589.00 C:7589.25 V:278.0
  📈 Trend: moderate_bearish | 🌍 Regime: ranging
  🗺️  Grid: 0.080% | 🔺 7589.75 🔻 7588.75
  📡 RSI: 53.8 | MACD: -0.01 | ATR: 0.82
  📊 Filled: 0 | Pending: 0
  🕐 Outside session (15:35 CT) — no entries
  💰 Daily P&L: $+0.00

[2026-07-09 15:36] O:7589.00 H:7589.75 L:7589.00 C:7589.50 V:137.0
  📈 Trend: moderate_bearish (raw: moderate_bullish) | 🌍 Regime: ranging
  🗺️  Grid: 0.080% | 🔺 7589.75 🔻 7589.00
  📡 RSI: 60.0 | MACD: 0.09 | ATR: 0.84
  📊 Filled: 0 | Pending: 0
  🕐 Outside session (15:36 CT) — no entries
  💰 Daily P&L: $+0.00

[2026-07-09 15:37] O:7589.25 H:7589.75 L:7589.25 C:7589.50 V:107.0
  📈 Trend: moderate_bullish | 🌍 Regime: ranging
  🗺️  Grid: 0.080% | 🔺 7589.75 🔻 7589.00
  📡 RSI: 71.4 | MACD: 0.16 | ATR: 0.79
  📊 Filled: 0 | Pending: 0
  🕐 Outside session (15:37 CT) — no entries
  💰 Daily P&L: $+0.00

[2026-07-09 15:38] O:7589.50 H:7589.50 L:7589.00 C:7589.50 V:203.0
  📈 Trend: moderate_bullish (raw: strong_bearish) | 🌍 Regime: ranging
  🗺️  Grid: 0.080% | 🔺 7589.75 🔻 7589.25
  📡 RSI: 70.0 | MACD: 0.21 | ATR: 0.80
  📊 Filled: 0 | Pending: 0
  🕐 Outside session (15:38 CT) — no entries
  💰 Daily P&L: $+0.00

[2026-07-09 15:39] O:7589.50 H:7589.75 L:7589.25 C:7589.75 V:177.0
  📈 Trend: moderate_bullish | 🌍 Regime: ranging
  🗺️  Grid: 0.080% | 🔺 7589.50 🔻 7589.00
  📡 RSI: 75.0 | MACD: 0.27 | ATR: 0.80
  📊 Filled: 0 | Pending: 0
  🕐 Outside session (15:39 CT) — no entries
  💰 Daily P&L: $+0.00

[2026-07-09 15:40] O:7589.50 H:7590.00 L:7589.25 C:7589.50 V:179.0
  📈 Trend: moderate_bullish | 🌍 Regime: ranging
  🗺️  Grid: 0.080% | 🔺 7589.75 🔻 7589.25
  📡 RSI: 71.4 | MACD: 0.30 | ATR: 0.82
  📊 Filled: 0 | Pending: 0
  🕐 Outside session (15:40 CT) — no entries
  💰 Daily P&L: $+0.00

[2026-07-09 15:41] O:7589.75 H:7589.75 L:7588.00 C:7588.75 V:411.0
  📈 Trend: moderate_bullish (raw: strong_bullish) | 🌍 Regime: ranging
  🗺️  Grid: 0.080% | 🔺 7590.00 🔻 7589.25
  📡 RSI: 68.2 | MACD: 0.25 | ATR: 0.88
  📊 Filled: 0 | Pending: 0
  🕐 Outside session (15:41 CT) — no entries
  💰 Daily P&L: $+0.00

[2026-07-09 15:42] O:7589.00 H:7589.25 L:7588.75 C:7589.00 V:237.0
  📈 Trend: strong_bullish | 🌍 Regime: ranging
  🗺️  Grid: 0.080% | 🔺 7589.75 🔻 7588.00
  📡 RSI: 66.7 | MACD: 0.24 | ATR: 0.80
  📊 Filled: 0 | Pending: 0
  🕐 Outside session (15:42 CT) — no entries
  💰 Daily P&L: $+0.00

[2026-07-09 15:43] O:7589.00 H:7589.25 L:7588.00 C:7588.00 V:260.0
  📈 Trend: strong_bullish (raw: moderate_bullish) | 🌍 Regime: ranging
  🗺️  Grid: 0.080% | 🔺 7589.25 🔻 7588.75
  📡 RSI: 58.3 | MACD: 0.14 | ATR: 0.82
  📊 Filled: 0 | Pending: 0
  🕐 Outside session (15:43 CT) — no entries
  💰 Daily P&L: $+0.00

[2026-07-09 15:44] O:7587.75 H:7588.75 L:7587.50 C:7587.50 V:326.0
  📈 Trend: moderate_bullish | 🌍 Regime: ranging
  🗺️  Grid: 0.080% | 🔺 7589.25 🔻 7588.00
  📡 RSI: 56.0 | MACD: 0.02 | ATR: 0.88
  📊 Filled: 0 | Pending: 0
  🕐 Outside session (15:44 CT) — no entries
  💰 Daily P&L: $+0.00

[2026-07-09 15:45] O:7587.75 H:7588.00 L:7587.50 C:7587.75 V:208.0
  📈 Trend: moderate_bullish | 🌍 Regime: ranging
  🗺️  Grid: 0.080% | 🔺 7588.75 🔻 7587.50
  📡 RSI: 50.0 | MACD: -0.05 | ATR: 0.84
  📊 Filled: 0 | Pending: 0
  🕐 Outside session (15:45 CT) — no entries
  💰 Daily P&L: $+0.00

[2026-07-09 15:46] O:7587.50 H:7588.00 L:7587.00 C:7587.25 V:301.0
  📈 Trend: moderate_bullish | 🌍 Regime: ranging
  🗺️  Grid: 0.080% | 🔺 7588.00 🔻 7587.50
  📡 RSI: 40.9 | MACD: -0.14 | ATR: 0.84
  📊 Filled: 0 | Pending: 0
  🕐 Outside session (15:46 CT) — no entries
  💰 Daily P&L: $+0.00

[2026-07-09 15:47] O:7587.25 H:7588.00 L:7587.25 C:7587.50 V:186.0
  📈 Trend: moderate_bullish | 🌍 Regime: ranging
  🗺️  Grid: 0.080% | 🔺 7588.00 🔻 7587.00
  📡 RSI: 38.1 | MACD: -0.20 | ATR: 0.84
  📊 Filled: 0 | Pending: 0
  🕐 Outside session (15:47 CT) — no entries
  💰 Daily P&L: $+0.00

[2026-07-09 15:48] O:7587.50 H:7588.00 L:7587.50 C:7587.75 V:67.0
  📈 Trend: moderate_bullish | 🌍 Regime: ranging
  🗺️  Grid: 0.080% | 🔺 7588.00 🔻 7587.25
  📡 RSI: 31.6 | MACD: -0.22 | ATR: 0.80
  📊 Filled: 0 | Pending: 0
  🕐 Outside session (15:48 CT) — no entries
  💰 Daily P&L: $+0.00

[2026-07-09 15:49] O:7587.50 H:7588.00 L:7587.50 C:7587.75 V:224.0
  📈 Trend: moderate_bullish | 🌍 Regime: ranging
  🗺️  Grid: 0.080% | 🔺 7588.00 🔻 7587.50
  📡 RSI: 33.3 | MACD: -0.23 | ATR: 0.79
  📊 Filled: 0 | Pending: 0
  🕐 Outside session (15:49 CT) — no entries
  💰 Daily P&L: $+0.00

[2026-07-09 15:50] O:7587.50 H:7587.75 L:7586.00 C:7586.25 V:271.0
  📈 Trend: moderate_bullish (raw: strong_bearish) | 🌍 Regime: ranging
  🗺️  Grid: 0.080% | 🔺 7588.00 🔻 7587.50
  📡 RSI: 21.7 | MACD: -0.36 | ATR: 0.86
  📊 Filled: 0 | Pending: 0
  🕐 Outside session (15:50 CT) — no entries
  💰 Daily P&L: $+0.00

[2026-07-09 15:51] O:7586.25 H:7586.50 L:7586.00 C:7586.25 V:233.0
  📈 Trend: strong_bearish | 🌍 Regime: ranging
  🗺️  Grid: 0.080% | 🔺 7587.75 🔻 7586.00
  📡 RSI: 21.7 | MACD: -0.45 | ATR: 0.86
  📊 Filled: 0 | Pending: 0
  🕐 Outside session (15:51 CT) — no entries
  💰 Daily P&L: $+0.00

[2026-07-09 15:52] O:7586.25 H:7586.25 L:7586.00 C:7586.00 V:207.0
  📈 Trend: strong_bearish | 🌍 Regime: ranging
  🗺️  Grid: 0.080% | 🔺 7586.50 🔻 7586.00
  📡 RSI: 20.8 | MACD: -0.54 | ATR: 0.84
  📊 Filled: 0 | Pending: 0
  🕐 Outside session (15:52 CT) — no entries
  💰 Daily P&L: $+0.00

[2026-07-09 15:53] O:7586.25 H:7586.50 L:7586.00 C:7586.00 V:171.0
  📈 Trend: strong_bearish | 🌍 Regime: ranging
  🗺️  Grid: 0.080% | 🔺 7586.25 🔻 7586.00
  📡 RSI: 17.4 | MACD: -0.61 | ATR: 0.84
  📊 Filled: 0 | Pending: 0
  🕐 Outside session (15:53 CT) — no entries
  💰 Daily P&L: $+0.00

[2026-07-09 15:54] O:7586.00 H:7586.25 L:7585.75 C:7586.00 V:317.0
  📈 Trend: strong_bearish | 🌍 Regime: ranging
  🗺️  Grid: 0.080% | 🔺 7586.50 🔻 7586.00
  📡 RSI: 18.2 | MACD: -0.65 | ATR: 0.82
  📊 Filled: 0 | Pending: 0
  🕐 Outside session (15:54 CT) — no entries
  💰 Daily P&L: $+0.00

[2026-07-09 15:55] O:7586.00 H:7586.25 L:7585.75 C:7585.75 V:231.0
  📈 Trend: strong_bearish | 🌍 Regime: ranging
  🗺️  Grid: 0.080% | 🔺 7586.25 🔻 7585.75
  📡 RSI: 20.0 | MACD: -0.70 | ATR: 0.73
  📊 Filled: 0 | Pending: 0
  🕐 Outside session (15:55 CT) — no entries
  💰 Daily P&L: $+0.00

[2026-07-09 15:56] O:7585.75 H:7586.00 L:7584.75 C:7585.50 V:472.0
  📈 Trend: strong_bearish | 🌍 Regime: ranging
  🗺️  Grid: 0.080% | 🔺 7586.25 🔻 7585.75
  📡 RSI: 15.0 | MACD: -0.74 | ATR: 0.79
  📊 Filled: 0 | Pending: 0
  🕐 Outside session (15:56 CT) — no entries
  💰 Daily P&L: $+0.00

[2026-07-09 15:57] O:7585.50 H:7587.25 L:7585.50 C:7586.50 V:959.0
  📈 Trend: strong_bearish | 🌍 Regime: ranging
  🗺️  Grid: 0.080% | 🔺 7586.00 🔻 7584.75
  📡 RSI: 35.0 | MACD: -0.69 | ATR: 0.82
  📊 Filled: 0 | Pending: 0
  🕐 Outside session (15:57 CT) — no entries
  💰 Daily P&L: $+0.00

[2026-07-09 15:58] O:7586.50 H:7586.75 L:7586.25 C:7586.50 V:90.0
  📈 Trend: strong_bearish | 🌍 Regime: ranging
  🗺️  Grid: 0.080% | 🔺 7587.25 🔻 7585.50
  📡 RSI: 38.9 | MACD: -0.65 | ATR: 0.77
  📊 Filled: 0 | Pending: 0
  🕐 Outside session (15:58 CT) — no entries
  💰 Daily P&L: $+0.00

[2026-07-09 15:59] O:7586.50 H:7586.75 L:7585.50 C:7586.25 V:378.0
  📈 Trend: strong_bearish | 🌍 Regime: ranging
  🗺️  Grid: 0.080% | 🔺 7586.75 🔻 7586.25
  📡 RSI: 33.3 | MACD: -0.62 | ATR: 0.82
  📊 Filled: 0 | Pending: 0
  🕐 Outside session (15:59 CT) — no entries
  💰 Daily P&L: $+0.00

[2026-07-09 17:00] O:7587.25 H:7587.75 L:7585.50 C:7587.25 V:288.0
  📈 Trend: strong_bearish (raw: moderate_bearish) | 🌍 Regime: ranging
  🗺️  Grid: 0.080% | 🔺 7586.75 🔻 7585.50
  📡 RSI: 50.0 | MACD: -0.52 | ATR: 0.91
  📊 Filled: 0 | Pending: 0
  🕐 Outside session (17:00 CT) — no entries
  💰 Daily P&L: $+0.00

[2026-07-09 17:01] O:7587.50 H:7587.75 L:7585.75 C:7586.00 V:77.0
  📈 Trend: moderate_bearish | 🌍 Regime: ranging
  🗺️  Grid: 0.080% | 🔺 7587.75 🔻 7585.50
  📡 RSI: 37.5 | MACD: -0.53 | ATR: 1.00
  📊 Filled: 0 | Pending: 0
  🕐 Outside session (17:01 CT) — no entries
  💰 Daily P&L: $+0.00

[2026-07-09 17:02] O:7586.00 H:7586.00 L:7585.50 C:7585.50 V:95.0
  📈 Trend: moderate_bearish (raw: strong_bearish) | 🌍 Regime: ranging
  🗺️  Grid: 0.080% | 🔺 7587.75 🔻 7585.75
  📡 RSI: 32.0 | MACD: -0.57 | ATR: 1.00
  📊 Filled: 0 | Pending: 0
  🕐 Outside session (17:02 CT) — no entries
  💰 Daily P&L: $+0.00

[2026-07-09 17:03] O:7585.75 H:7587.25 L:7585.75 C:7586.00 V:74.0
  📈 Trend: strong_bearish | 🌍 Regime: ranging
  🗺️  Grid: 0.080% | 🔺 7586.00 🔻 7585.50
  📡 RSI: 37.0 | MACD: -0.56 | ATR: 1.09
  📊 Filled: 0 | Pending: 0
  🕐 Outside session (17:03 CT) — no entries
  💰 Daily P&L: $+0.00

[2026-07-09 17:04] O:7586.25 H:7587.25 L:7585.00 C:7587.00 V:95.0
  📈 Trend: strong_bearish | 🌍 Regime: ranging
  🗺️  Grid: 0.080% | 🔺 7587.25 🔻 7585.75
  📡 RSI: 56.0 | MACD: -0.46 | ATR: 1.12
  📊 Filled: 0 | Pending: 0
  🕐 Outside session (17:04 CT) — no entries
  💰 Daily P&L: $+0.00

[2026-07-09 17:05] O:7587.25 H:7587.75 L:7585.00 C:7586.00 V:258.0
  📈 Trend: strong_bearish | 🌍 Regime: ranging
  🗺️  Grid: 0.080% | 🔺 7587.25 🔻 7585.00
  📡 RSI: 48.3 | MACD: -0.46 | ATR: 1.29
  📊 Filled: 0 | Pending: 0
  🕐 Outside session (17:05 CT) — no entries
  💰 Daily P&L: $+0.00

[2026-07-09 17:06] O:7586.00 H:7587.75 L:7586.00 C:7586.25 V:99.0
  📈 Trend: strong_bearish | 🌍 Regime: ranging
  🗺️  Grid: 0.080% | 🔺 7587.75 🔻 7585.00
  📡 RSI: 51.7 | MACD: -0.43 | ATR: 1.39
  📊 Filled: 0 | Pending: 0
  🕐 Outside session (17:06 CT) — no entries
  💰 Daily P&L: $+0.00

[2026-07-09 17:07] O:7586.50 H:7589.00 L:7586.50 C:7587.75 V:276.0
  📈 Trend: strong_bearish | 🌍 Regime: ranging
  🗺️  Grid: 0.080% | 🔺 7587.75 🔻 7586.00
  📡 RSI: 60.0 | MACD: -0.29 | ATR: 1.55
  📊 Filled: 0 | Pending: 0
  🕐 Outside session (17:07 CT) — no entries
  💰 Daily P&L: $+0.00

[2026-07-09 17:08] O:7587.75 H:7588.00 L:7586.25 C:7586.75 V:78.0
  📈 Trend: strong_bearish | 🌍 Regime: ranging
  🗺️  Grid: 0.080% | 🔺 7589.00 🔻 7586.50
  📡 RSI: 53.8 | MACD: -0.25 | ATR: 1.64
  📊 Filled: 0 | Pending: 0
  🕐 Outside session (17:08 CT) — no entries
  💰 Daily P&L: $+0.00

[2026-07-09 17:09] O:7587.00 H:7587.00 L:7584.75 C:7585.25 V:112.0
  📈 Trend: strong_bearish | 🌍 Regime: ranging
  🗺️  Grid: 0.080% | 🔺 7588.00 🔻 7586.25
  📡 RSI: 47.7 | MACD: -0.34 | ATR: 1.77
  📊 Filled: 0 | Pending: 0
  🕐 Outside session (17:09 CT) — no entries
  💰 Daily P&L: $+0.00

[2026-07-09 17:10] O:7585.25 H:7585.50 L:7584.25 C:7584.75 V:88.0
  📈 Trend: strong_bearish | 🌍 Regime: ranging
  🗺️  Grid: 0.080% | 🔺 7587.00 🔻 7584.75
  📡 RSI: 46.7 | MACD: -0.44 | ATR: 1.77
  📊 Filled: 0 | Pending: 0
  🕐 Outside session (17:10 CT) — no entries
  💰 Daily P&L: $+0.00

[2026-07-09 17:11] O:7585.00 H:7585.25 L:7584.50 C:7584.50 V:56.0
  📈 Trend: strong_bearish | 🌍 Regime: ranging
  🗺️  Grid: 0.080% | 🔺 7585.50 🔻 7584.25
  📡 RSI: 40.5 | MACD: -0.54 | ATR: 1.70
  📊 Filled: 0 | Pending: 0
  🕐 Outside session (17:11 CT) — no entries
  💰 Daily P&L: $+0.00

[2026-07-09 17:12] O:7584.50 H:7585.00 L:7584.50 C:7585.00 V:26.0
  📈 Trend: strong_bearish | 🌍 Regime: ranging
  🗺️  Grid: 0.080% | 🔺 7585.25 🔻 7584.50
  📡 RSI: 43.2 | MACD: -0.57 | ATR: 1.70
  📊 Filled: 0 | Pending: 0
  🕐 Outside session (17:12 CT) — no entries
  💰 Daily P&L: $+0.00

[2026-07-09 17:13] O:7585.00 H:7585.25 L:7584.50 C:7584.75 V:33.0
  📈 Trend: strong_bearish | 🌍 Regime: ranging
  🗺️  Grid: 0.080% | 🔺 7585.00 🔻 7584.50
  📡 RSI: 43.2 | MACD: -0.61 | ATR: 1.66
  📊 Filled: 0 | Pending: 0
  🕐 Outside session (17:13 CT) — no entries
  💰 Daily P&L: $+0.00

[2026-07-09 17:14] O:7585.00 H:7585.50 L:7584.75 C:7584.75 V:30.0
  📈 Trend: strong_bearish | 🌍 Regime: ranging
  🗺️  Grid: 0.080% | 🔺 7585.25 🔻 7584.50
  📡 RSI: 37.5 | MACD: -0.63 | ATR: 1.55
  📊 Filled: 0 | Pending: 0
  🕐 Outside session (17:14 CT) — no entries
  💰 Daily P&L: $+0.00

[2026-07-09 17:15] O:7585.25 H:7585.25 L:7584.50 C:7584.75 V:45.0
  📈 Trend: strong_bearish | 🌍 Regime: ranging
  🗺️  Grid: 0.080% | 🔺 7585.50 🔻 7584.75
  📡 RSI: 42.9 | MACD: -0.64 | ATR: 1.46
  📊 Filled: 0 | Pending: 0
  🕐 Outside session (17:15 CT) — no entries
  💰 Daily P&L: $+0.00

[2026-07-09 17:16] O:7584.75 H:7586.00 L:7584.50 C:7585.75 V:107.0
  📈 Trend: strong_bearish | 🌍 Regime: ranging
  🗺️  Grid: 0.080% | 🔺 7585.25 🔻 7584.50
  📡 RSI: 51.4 | MACD: -0.56 | ATR: 1.54
  📊 Filled: 0 | Pending: 0
  🕐 Outside session (17:16 CT) — no entries
  💰 Daily P&L: $+0.00

[2026-07-09 17:17] O:7585.75 H:7586.25 L:7585.50 C:7585.75 V:119.0
  📈 Trend: strong_bearish | 🌍 Regime: ranging
  🗺️  Grid: 0.080% | 🔺 7586.00 🔻 7584.50
  📡 RSI: 48.6 | MACD: -0.49 | ATR: 1.46
  📊 Filled: 0 | Pending: 0
  🕐 Outside session (17:17 CT) — no entries
  💰 Daily P&L: $+0.00

[2026-07-09 17:18] O:7585.75 H:7586.75 L:7585.50 C:7586.00 V:52.0
  📈 Trend: strong_bearish | 🌍 Regime: ranging
  🗺️  Grid: 0.080% | 🔺 7586.25 🔻 7585.50
  📡 RSI: 43.8 | MACD: -0.41 | ATR: 1.39
  📊 Filled: 0 | Pending: 0
  🕐 Outside session (17:18 CT) — no entries
  💰 Daily P&L: $+0.00

[2026-07-09 17:19] O:7586.00 H:7586.00 L:7583.75 C:7584.75 V:193.0
  📈 Trend: strong_bearish | 🌍 Regime: ranging
  🗺️  Grid: 0.080% | 🔺 7586.75 🔻 7585.50
  📡 RSI: 42.4 | MACD: -0.45 | ATR: 1.36
  📊 Filled: 0 | Pending: 0
  🕐 Outside session (17:19 CT) — no entries
  💰 Daily P&L: $+0.00

[2026-07-09 17:20] O:7585.00 H:7585.00 L:7583.75 C:7584.50 V:129.0
  📈 Trend: strong_bearish | 🌍 Regime: ranging
  🗺️  Grid: 0.080% | 🔺 7586.00 🔻 7583.75
  📡 RSI: 39.4 | MACD: -0.49 | ATR: 1.32
  📊 Filled: 0 | Pending: 0
  🕐 Outside session (17:20 CT) — no entries
  💰 Daily P&L: $+0.00

[2026-07-09 17:21] O:7584.75 H:7585.25 L:7584.25 C:7585.00 V:52.0
  📈 Trend: strong_bearish | 🌍 Regime: ranging
  🗺️  Grid: 0.080% | 🔺 7585.00 🔻 7583.75
  📡 RSI: 31.0 | MACD: -0.47 | ATR: 1.20
  📊 Filled: 0 | Pending: 0
  🕐 Outside session (17:21 CT) — no entries
  💰 Daily P&L: $+0.00

[2026-07-09 17:22] O:7585.00 H:7585.50 L:7584.75 C:7585.25 V:75.0
  📈 Trend: strong_bearish | 🌍 Regime: ranging
  🗺️  Grid: 0.080% | 🔺 7585.25 🔻 7584.25
  📡 RSI: 38.5 | MACD: -0.44 | ATR: 1.12
  📊 Filled: 0 | Pending: 0
  🕐 Outside session (17:22 CT) — no entries
  💰 Daily P&L: $+0.00

[2026-07-09 17:23] O:7585.25 H:7585.50 L:7584.75 C:7585.25 V:29.0
  📈 Trend: strong_bearish | 🌍 Regime: ranging
  🗺️  Grid: 0.080% | 🔺 7585.50 🔻 7584.75
  📡 RSI: 50.0 | MACD: -0.40 | ATR: 1.02
  📊 Filled: 0 | Pending: 0
  🕐 Outside session (17:23 CT) — no entries
  💰 Daily P&L: $+0.00

[2026-07-09 17:24] O:7585.50 H:7585.75 L:7585.25 C:7585.50 V:24.0
  📈 Trend: strong_bearish | 🌍 Regime: ranging
  🗺️  Grid: 0.080% | 🔺 7585.50 🔻 7584.75
  📡 RSI: 57.9 | MACD: -0.35 | ATR: 0.96
  📊 Filled: 0 | Pending: 0
  🕐 Outside session (17:24 CT) — no entries
  💰 Daily P&L: $+0.00

[2026-07-09 17:25] O:7585.25 H:7585.75 L:7585.00 C:7585.75 V:49.0
  📈 Trend: strong_bearish | 🌍 Regime: ranging
  🗺️  Grid: 0.080% | 🔺 7585.75 🔻 7585.25
  📡 RSI: 63.2 | MACD: -0.29 | ATR: 0.96
  📊 Filled: 0 | Pending: 0
  🕐 Outside session (17:25 CT) — no entries
  💰 Daily P&L: $+0.00

[2026-07-09 17:26] O:7586.00 H:7586.00 L:7585.25 C:7585.50 V:64.0
  📈 Trend: strong_bearish | 🌍 Regime: ranging
  🗺️  Grid: 0.080% | 🔺 7585.75 🔻 7585.00
  📡 RSI: 55.6 | MACD: -0.26 | ATR: 0.98
  📊 Filled: 0 | Pending: 0
  🕐 Outside session (17:26 CT) — no entries
  💰 Daily P&L: $+0.00

[2026-07-09 17:27] O:7585.25 H:7585.25 L:7584.50 C:7584.75 V:85.0
  📈 Trend: strong_bearish | 🌍 Regime: ranging
  🗺️  Grid: 0.080% | 🔺 7586.00 🔻 7585.25
  📡 RSI: 50.0 | MACD: -0.29 | ATR: 1.00
  📊 Filled: 0 | Pending: 0
  🕐 Outside session (17:27 CT) — no entries
  💰 Daily P&L: $+0.00

[2026-07-09 17:28] O:7584.50 H:7584.75 L:7583.75 C:7584.25 V:50.0
  📈 Trend: strong_bearish | 🌍 Regime: ranging
  🗺️  Grid: 0.080% | 🔺 7585.25 🔻 7584.50
  📡 RSI: 45.5 | MACD: -0.35 | ATR: 1.02
  📊 Filled: 0 | Pending: 0
  🕐 Outside session (17:28 CT) — no entries
  💰 Daily P&L: $+0.00

[2026-07-09 17:29] O:7584.25 H:7585.00 L:7584.00 C:7584.75 V:41.0
  📈 Trend: strong_bearish | 🌍 Regime: ranging
  🗺️  Grid: 0.080% | 🔺 7584.75 🔻 7583.75
  📡 RSI: 50.0 | MACD: -0.35 | ATR: 1.04
  📊 Filled: 0 | Pending: 0
  🕐 Outside session (17:29 CT) — no entries
  💰 Daily P&L: $+0.00

[2026-07-09 17:30] O:7584.50 H:7585.25 L:7584.00 C:7585.25 V:50.0
  📈 Trend: strong_bearish (raw: moderate_bearish) | 🌍 Regime: trending_bearish
  🗺️  Grid: 0.080% | 🔺 7585.00 🔻 7584.00
  📡 RSI: 45.5 | MACD: -0.31 | ATR: 1.02
  📊 Filled: 0 | Pending: 0
  🕐 Outside session (17:30 CT) — no entries
  💰 Daily P&L: $+0.00

[2026-07-09 17:31] O:7585.00 H:7585.50 L:7584.75 C:7585.00 V:37.0
  📈 Trend: strong_bearish | 🌍 Regime: trending_bearish
  🗺️  Grid: 0.080% | 🔺 7585.25 🔻 7584.00
  📡 RSI: 43.5 | MACD: -0.30 | ATR: 1.02
  📊 Filled: 0 | Pending: 0
  🕐 Outside session (17:31 CT) — no entries
  💰 Daily P&L: $+0.00

[2026-07-09 17:32] O:7585.00 H:7585.25 L:7584.75 C:7585.25 V:37.0
  📈 Trend: strong_bearish (raw: moderate_bearish) | 🌍 Regime: trending_bearish
  🗺️  Grid: 0.080% | 🔺 7585.50 🔻 7584.75
  📡 RSI: 43.5 | MACD: -0.26 | ATR: 0.96
  📊 Filled: 0 | Pending: 0
  🕐 Outside session (17:32 CT) — no entries
  💰 Daily P&L: $+0.00

[2026-07-09 17:33] O:7585.25 H:7585.25 L:7584.75 C:7585.25 V:42.0
  📈 Trend: moderate_bearish | 🌍 Regime: trending_bearish
  🗺️  Grid: 0.080% | 🔺 7585.25 🔻 7584.75
  📡 RSI: 55.6 | MACD: -0.23 | ATR: 0.84
  📊 Filled: 0 | Pending: 0
  🕐 Outside session (17:33 CT) — no entries
  💰 Daily P&L: $+0.00

[2026-07-09 17:34] O:7585.50 H:7585.50 L:7584.75 C:7585.00 V:36.0
  📈 Trend: moderate_bearish | 🌍 Regime: trending_bearish
  🗺️  Grid: 0.080% | 🔺 7585.25 🔻 7584.75
  📡 RSI: 55.6 | MACD: -0.22 | ATR: 0.80
  📊 Filled: 0 | Pending: 0
  🕐 Outside session (17:34 CT) — no entries
  💰 Daily P&L: $+0.00

[2026-07-09 17:35] O:7585.00 H:7585.00 L:7584.25 C:7585.00 V:56.0
  📈 Trend: moderate_bearish (raw: strong_bearish) | 🌍 Regime: ranging
  🗺️  Grid: 0.080% | 🔺 7585.50 🔻 7584.75
  📡 RSI: 50.0 | MACD: -0.21 | ATR: 0.79
  📊 Filled: 0 | Pending: 0
  🕐 Outside session (17:35 CT) — no entries
  💰 Daily P&L: $+0.00

[2026-07-09 17:36] O:7585.00 H:7585.50 L:7585.00 C:7585.50 V:40.0
  📈 Trend: strong_bearish | 🌍 Regime: ranging
  🗺️  Grid: 0.080% | 🔺 7585.00 🔻 7584.25
  📡 RSI: 52.9 | MACD: -0.17 | ATR: 0.77
  📊 Filled: 0 | Pending: 0
  🕐 Outside session (17:36 CT) — no entries
  💰 Daily P&L: $+0.00

[2026-07-09 17:37] O:7585.75 H:7585.75 L:7585.00 C:7585.75 V:45.0
  📈 Trend: strong_bearish | 🌍 Regime: ranging
  🗺️  Grid: 0.080% | 🔺 7585.50 🔻 7585.00
  📡 RSI: 55.6 | MACD: -0.11 | ATR: 0.77
  📊 Filled: 0 | Pending: 0
  🕐 Outside session (17:37 CT) — no entries
  💰 Daily P&L: $+0.00

[2026-07-09 17:38] O:7585.50 H:7586.25 L:7585.50 C:7585.75 V:55.0
  📈 Trend: strong_bearish (raw: moderate_bearish) | 🌍 Regime: ranging
  🗺️  Grid: 0.080% | 🔺 7585.75 🔻 7585.00
  📡 RSI: 52.9 | MACD: -0.06 | ATR: 0.79
  📊 Filled: 0 | Pending: 0
  🕐 Outside session (17:38 CT) — no entries
  💰 Daily P&L: $+0.00

[2026-07-09 17:39] O:7585.75 H:7586.00 L:7585.00 C:7585.25 V:41.0
  📈 Trend: moderate_bearish | 🌍 Regime: ranging
  🗺️  Grid: 0.080% | 🔺 7586.25 🔻 7585.50
  📡 RSI: 44.4 | MACD: -0.06 | ATR: 0.80
  📊 Filled: 0 | Pending: 0
  🕐 Outside session (17:39 CT) — no entries
  💰 Daily P&L: $+0.00

[2026-07-09 17:40] O:7585.50 H:7585.75 L:7585.25 C:7585.25 V:42.0
  📈 Trend: moderate_bearish | 🌍 Regime: ranging
  🗺️  Grid: 0.080% | 🔺 7586.00 🔻 7585.00
  📡 RSI: 47.1 | MACD: -0.06 | ATR: 0.79
  📊 Filled: 0 | Pending: 0
  🕐 Outside session (17:40 CT) — no entries
  💰 Daily P&L: $+0.00

[2026-07-09 17:41] O:7585.25 H:7585.75 L:7585.25 C:7585.75 V:18.0
  📈 Trend: moderate_bearish | 🌍 Regime: ranging
  🗺️  Grid: 0.080% | 🔺 7585.75 🔻 7585.25
  📡 RSI: 62.5 | MACD: -0.02 | ATR: 0.75
  📊 Filled: 0 | Pending: 0
  🕐 Outside session (17:41 CT) — no entries
  💰 Daily P&L: $+0.00

[2026-07-09 17:42] O:7585.75 H:7585.75 L:7585.25 C:7585.75 V:11.0
  📈 Trend: moderate_bearish (raw: moderate_bullish) | 🌍 Regime: ranging
  🗺️  Grid: 0.080% | 🔺 7585.75 🔻 7585.25
  📡 RSI: 71.4 | MACD: 0.01 | ATR: 0.71
  📊 Filled: 0 | Pending: 0
  🕐 Outside session (17:42 CT) — no entries
  💰 Daily P&L: $+0.00

[2026-07-09 17:43] O:7585.75 H:7586.00 L:7585.50 C:7585.75 V:16.0
  📈 Trend: moderate_bullish | 🌍 Regime: ranging
  🗺️  Grid: 0.080% | 🔺 7585.75 🔻 7585.25
  📡 RSI: 66.7 | MACD: 0.04 | ATR: 0.68
  📊 Filled: 0 | Pending: 0
  🕐 Outside session (17:43 CT) — no entries
  💰 Daily P&L: $+0.00

[2026-07-09 17:44] O:7585.75 H:7586.00 L:7585.50 C:7585.75 V:28.0
  📈 Trend: moderate_bullish (raw: strong_bearish) | 🌍 Regime: ranging
  🗺️  Grid: 0.080% | 🔺 7586.00 🔻 7585.50
  📡 RSI: 60.0 | MACD: 0.06 | ATR: 0.62
  📊 Filled: 0 | Pending: 0
  🕐 Outside session (17:44 CT) — no entries
  💰 Daily P&L: $+0.00

[2026-07-09 17:45] O:7586.00 H:7586.25 L:7585.50 C:7586.00 V:34.0
  📈 Trend: moderate_bullish | 🌍 Regime: ranging
  🗺️  Grid: 0.080% | 🔺 7586.00 🔻 7585.50
  📡 RSI: 70.0 | MACD: 0.09 | ATR: 0.62
  📊 Filled: 0 | Pending: 0
  🕐 Outside session (17:45 CT) — no entries
  💰 Daily P&L: $+0.00

[2026-07-09 17:46] O:7586.00 H:7586.00 L:7585.75 C:7585.75 V:29.0
  📈 Trend: moderate_bullish | 🌍 Regime: ranging
  🗺️  Grid: 0.080% | 🔺 7586.25 🔻 7585.50
  📡 RSI: 60.0 | MACD: 0.10 | ATR: 0.61
  📊 Filled: 0 | Pending: 0
  🕐 Outside session (17:46 CT) — no entries
  💰 Daily P&L: $+0.00

[2026-07-09 17:47] O:7585.75 H:7585.75 L:7585.25 C:7585.75 V:38.0
  📈 Trend: moderate_bullish | 🌍 Regime: ranging
  🗺️  Grid: 0.080% | 🔺 7586.00 🔻 7585.75
  📡 RSI: 60.0 | MACD: 0.10 | ATR: 0.61
  📊 Filled: 0 | Pending: 0
  🕐 Outside session (17:47 CT) — no entries
  💰 Daily P&L: $+0.00

[2026-07-09 17:48] O:7585.75 H:7586.00 L:7585.75 C:7586.00 V:17.0
  📈 Trend: moderate_bullish | 🌍 Regime: ranging
  🗺️  Grid: 0.080% | 🔺 7585.75 🔻 7585.25
  📡 RSI: 70.0 | MACD: 0.12 | ATR: 0.57
  📊 Filled: 0 | Pending: 0
  🕐 Outside session (17:48 CT) — no entries
  💰 Daily P&L: $+0.00

[2026-07-09 17:49] O:7586.00 H:7587.00 L:7586.00 C:7586.25 V:67.0
  📈 Trend: moderate_bullish (raw: strong_bullish) | 🌍 Regime: ranging
  🗺️  Grid: 0.080% | 🔺 7586.00 🔻 7585.75
  📡 RSI: 72.7 | MACD: 0.16 | ATR: 0.59
  📊 Filled: 0 | Pending: 0
  🕐 Outside session (17:49 CT) — no entries
  💰 Daily P&L: $+0.00

[2026-07-09 17:50] O:7586.25 H:7587.25 L:7586.25 C:7586.75 V:56.0
  📈 Trend: strong_bullish | 🌍 Regime: ranging
  🗺️  Grid: 0.080% | 🔺 7587.00 🔻 7586.00
  📡 RSI: 72.7 | MACD: 0.22 | ATR: 0.62
  📊 Filled: 0 | Pending: 0
  🕐 Outside session (17:50 CT) — no entries
  💰 Daily P&L: $+0.00

[2026-07-09 17:51] O:7586.75 H:7587.25 L:7586.50 C:7587.00 V:48.0
  📈 Trend: strong_bullish | 🌍 Regime: ranging
  🗺️  Grid: 0.080% | 🔺 7587.25 🔻 7586.25
  📡 RSI: 72.7 | MACD: 0.29 | ATR: 0.62
  📊 Filled: 0 | Pending: 0
  🕐 Outside session (17:51 CT) — no entries
  💰 Daily P&L: $+0.00

[2026-07-09 17:52] O:7586.75 H:7587.00 L:7586.25 C:7586.50 V:30.0
  📈 Trend: strong_bullish | 🌍 Regime: ranging
  🗺️  Grid: 0.080% | 🔺 7587.25 🔻 7586.50
  📡 RSI: 61.5 | MACD: 0.30 | ATR: 0.62
  📊 Filled: 0 | Pending: 0
  🕐 Outside session (17:52 CT) — no entries
  💰 Daily P&L: $+0.00

[2026-07-09 17:53] O:7586.75 H:7587.00 L:7586.25 C:7586.25 V:18.0
  📈 Trend: strong_bullish | 🌍 Regime: ranging
  🗺️  Grid: 0.080% | 🔺 7587.00 🔻 7586.25
  📡 RSI: 66.7 | MACD: 0.29 | ATR: 0.61
  📊 Filled: 0 | Pending: 0
  🕐 Outside session (17:53 CT) — no entries
  💰 Daily P&L: $+0.00

[2026-07-09 17:54] O:7586.25 H:7586.50 L:7586.25 C:7586.25 V:13.0
  📈 Trend: strong_bullish | 🌍 Regime: ranging
  🗺️  Grid: 0.080% | 🔺 7587.00 🔻 7586.25
  📡 RSI: 66.7 | MACD: 0.27 | ATR: 0.59
  📊 Filled: 0 | Pending: 0
  🕐 Outside session (17:54 CT) — no entries
  💰 Daily P&L: $+0.00

[2026-07-09 17:55] O:7586.00 H:7586.50 L:7585.75 C:7586.25 V:33.0
  📈 Trend: strong_bullish | 🌍 Regime: ranging
  🗺️  Grid: 0.080% | 🔺 7586.50 🔻 7586.25
  📡 RSI: 60.0 | MACD: 0.26 | ATR: 0.61
  📊 Filled: 0 | Pending: 0
  🕐 Outside session (17:55 CT) — no entries
  💰 Daily P&L: $+0.00

[2026-07-09 17:56] O:7586.25 H:7586.75 L:7586.25 C:7586.25 V:15.0
  📈 Trend: strong_bullish | 🌍 Regime: ranging
  🗺️  Grid: 0.080% | 🔺 7586.50 🔻 7585.75
  📡 RSI: 60.0 | MACD: 0.24 | ATR: 0.61
  📊 Filled: 0 | Pending: 0
  🕐 Outside session (17:56 CT) — no entries
  💰 Daily P&L: $+0.00

[2026-07-09 17:57] O:7586.50 H:7586.50 L:7586.25 C:7586.50 V:9.0
  📈 Trend: strong_bullish | 🌍 Regime: ranging
  🗺️  Grid: 0.080% | 🔺 7586.75 🔻 7586.25
  📡 RSI: 63.6 | MACD: 0.25 | ATR: 0.59
  📊 Filled: 0 | Pending: 0
  🕐 Outside session (17:57 CT) — no entries
  💰 Daily P&L: $+0.00

[2026-07-09 17:58] O:7586.50 H:7586.50 L:7586.25 C:7586.50 V:33.0
  📈 Trend: strong_bullish | 🌍 Regime: ranging
  🗺️  Grid: 0.080% | 🔺 7586.50 🔻 7586.25
  📡 RSI: 63.6 | MACD: 0.25 | ATR: 0.57
  📊 Filled: 0 | Pending: 0
  🕐 Outside session (17:58 CT) — no entries
  💰 Daily P&L: $+0.00

[2026-07-09 17:59] O:7586.50 H:7586.75 L:7586.25 C:7586.75 V:17.0
  📈 Trend: strong_bullish | 🌍 Regime: ranging
  🗺️  Grid: 0.080% | 🔺 7586.50 🔻 7586.25
  📡 RSI: 63.6 | MACD: 0.27 | ATR: 0.55
  📊 Filled: 0 | Pending: 0
  🕐 Outside session (17:59 CT) — no entries
  💰 Daily P&L: $+0.00

[2026-07-09 18:00] O:7586.75 H:7587.50 L:7586.50 C:7587.25 V:101.0
  📈 Trend: strong_bullish | 🌍 Regime: ranging
  🗺️  Grid: 0.080% | 🔺 7586.75 🔻 7586.25
  📡 RSI: 75.0 | MACD: 0.32 | ATR: 0.61
  📊 Filled: 0 | Pending: 0
  🕐 Outside session (18:00 CT) — no entries
  💰 Daily P&L: $+0.00

[2026-07-09 18:01] O:7587.25 H:7587.25 L:7585.00 C:7585.50 V:131.0
  📈 Trend: strong_bullish (raw: moderate_bearish) | 🌍 Regime: ranging
  🗺️  Grid: 0.080% | 🔺 7587.50 🔻 7586.50
  📡 RSI: 47.4 | MACD: 0.22 | ATR: 0.73
  📊 Filled: 0 | Pending: 0
  🕐 Outside session (18:01 CT) — no entries
  💰 Daily P&L: $+0.00

[2026-07-09 18:02] O:7585.75 H:7585.75 L:7585.00 C:7585.50 V:81.0
  📈 Trend: moderate_bearish | 🌍 Regime: ranging
  🗺️  Grid: 0.080% | 🔺 7587.25 🔻 7585.00
  📡 RSI: 44.4 | MACD: 0.13 | ATR: 0.77
  📊 Filled: 0 | Pending: 0
  🕐 Outside session (18:02 CT) — no entries
  💰 Daily P&L: $+0.00

[2026-07-09 18:03] O:7585.50 H:7586.25 L:7585.50 C:7586.25 V:35.0
  📈 Trend: moderate_bearish (raw: moderate_bullish) | 🌍 Regime: ranging
  🗺️  Grid: 0.080% | 🔺 7585.75 🔻 7585.00
  📡 RSI: 50.0 | MACD: 0.13 | ATR: 0.75
  📊 Filled: 0 | Pending: 0
  🕐 Outside session (18:03 CT) — no entries
  💰 Daily P&L: $+0.00

[2026-07-09 18:04] O:7586.25 H:7587.75 L:7586.25 C:7587.50 V:89.0
  📈 Trend: moderate_bearish (raw: strong_bullish) | 🌍 Regime: ranging
  🗺️  Grid: 0.080% | 🔺 7586.25 🔻 7585.50
  📡 RSI: 56.5 | MACD: 0.22 | ATR: 0.79
  📊 Filled: 0 | Pending: 0
  🕐 Outside session (18:04 CT) — no entries
  💰 Daily P&L: $+0.00

[2026-07-09 18:05] O:7587.50 H:7588.25 L:7587.25 C:7588.25 V:69.0
  📈 Trend: strong_bullish | 🌍 Regime: ranging
  🗺️  Grid: 0.080% | 🔺 7587.75 🔻 7586.25
  📡 RSI: 60.0 | MACD: 0.35 | ATR: 0.80
  📊 Filled: 0 | Pending: 0
  🕐 Outside session (18:05 CT) — no entries
  💰 Daily P&L: $+0.00

[2026-07-09 18:06] O:7588.25 H:7588.25 L:7587.50 C:7588.00 V:100.0
  📈 Trend: strong_bullish | 🌍 Regime: ranging
  🗺️  Grid: 0.080% | 🔺 7588.25 🔻 7587.25
  📡 RSI: 62.5 | MACD: 0.43 | ATR: 0.80
  📊 Filled: 0 | Pending: 0
  🕐 Outside session (18:06 CT) — no entries
  💰 Daily P&L: $+0.00

[2026-07-09 18:07] O:7588.00 H:7588.00 L:7587.50 C:7588.00 V:55.0
  📈 Trend: strong_bullish | 🌍 Regime: ranging
  🗺️  Grid: 0.080% | 🔺 7588.25 🔻 7587.50
  📡 RSI: 65.2 | MACD: 0.48 | ATR: 0.79
  📊 Filled: 0 | Pending: 0
  🕐 Outside session (18:07 CT) — no entries
  💰 Daily P&L: $+0.00

[2026-07-09 18:08] O:7588.00 H:7588.75 L:7588.00 C:7588.50 V:46.0
  📈 Trend: strong_bullish | 🌍 Regime: ranging
  🗺️  Grid: 0.080% | 🔺 7588.00 🔻 7587.50
  📡 RSI: 68.0 | MACD: 0.56 | ATR: 0.82
  📊 Filled: 0 | Pending: 0
  🕐 Outside session (18:08 CT) — no entries
  💰 Daily P&L: $+0.00

[2026-07-09 18:09] O:7588.75 H:7589.25 L:7588.25 C:7589.00 V:89.0
  📈 Trend: strong_bullish | 🌍 Regime: trending_bullish
  🗺️  Grid: 0.080% | 🔺 7588.75 🔻 7588.00
  📡 RSI: 70.4 | MACD: 0.66 | ATR: 0.84
  📊 Filled: 0 | Pending: 0
  🕐 Outside session (18:09 CT) — no entries
  💰 Daily P&L: $+0.00

[2026-07-09 18:10] O:7589.25 H:7589.25 L:7588.50 C:7588.75 V:90.0
  📈 Trend: strong_bullish | 🌍 Regime: trending_bullish
  🗺️  Grid: 0.080% | 🔺 7589.25 🔻 7588.25
  📡 RSI: 67.9 | MACD: 0.70 | ATR: 0.86
  📊 Filled: 0 | Pending: 0
  🕐 Outside session (18:10 CT) — no entries
  💰 Daily P&L: $+0.00

[2026-07-09 18:11] O:7588.50 H:7589.00 L:7588.25 C:7588.50 V:25.0
  📈 Trend: strong_bullish | 🌍 Regime: trending_bullish
  🗺️  Grid: 0.080% | 🔺 7589.25 🔻 7588.50
  📡 RSI: 64.3 | MACD: 0.71 | ATR: 0.89
  📊 Filled: 0 | Pending: 0
  🕐 Outside session (18:11 CT) — no entries
  💰 Daily P&L: $+0.00

[2026-07-09 18:12] O:7588.75 H:7589.00 L:7588.50 C:7588.50 V:35.0
  📈 Trend: strong_bullish | 🌍 Regime: trending_bullish
  🗺️  Grid: 0.080% | 🔺 7589.00 🔻 7588.25
  📡 RSI: 64.3 | MACD: 0.71 | ATR: 0.91
  📊 Filled: 0 | Pending: 0
  🕐 Outside session (18:12 CT) — no entries
  💰 Daily P&L: $+0.00

[2026-07-09 18:13] O:7589.00 H:7589.75 L:7589.00 C:7589.50 V:70.0
  📈 Trend: strong_bullish | 🌍 Regime: trending_bullish
  🗺️  Grid: 0.080% | 🔺 7589.00 🔻 7588.50
  📡 RSI: 67.7 | MACD: 0.78 | ATR: 0.96
  📊 Filled: 0 | Pending: 0
  🕐 Outside session (18:13 CT) — no entries
  💰 Daily P&L: $+0.00

[2026-07-09 18:14] O:7589.50 H:7589.50 L:7589.00 C:7589.25 V:67.0
  📈 Trend: strong_bullish | 🌍 Regime: trending_bullish
  🗺️  Grid: 0.080% | 🔺 7589.75 🔻 7589.00
  📡 RSI: 63.3 | MACD: 0.81 | ATR: 0.93
  📊 Filled: 0 | Pending: 0
  🕐 Outside session (18:14 CT) — no entries
  💰 Daily P&L: $+0.00

[2026-07-09 18:15] O:7589.50 H:7589.50 L:7588.75 C:7588.75 V:45.0
  📈 Trend: strong_bullish | 🌍 Regime: trending_bullish
  🗺️  Grid: 0.080% | 🔺 7589.50 🔻 7589.00
  📡 RSI: 76.0 | MACD: 0.78 | ATR: 0.82
  📊 Filled: 0 | Pending: 0
  🕐 Outside session (18:15 CT) — no entries
  💰 Daily P&L: $+0.00

[2026-07-09 18:16] O:7588.75 H:7589.00 L:7588.00 C:7588.75 V:28.0
  📈 Trend: strong_bullish | 🌍 Regime: trending_bullish
  🗺️  Grid: 0.080% | 🔺 7589.50 🔻 7588.75
  📡 RSI: 76.0 | MACD: 0.75 | ATR: 0.84
  📊 Filled: 0 | Pending: 0
  🕐 Outside session (18:16 CT) — no entries
  💰 Daily P&L: $+0.00

[2026-07-09 18:17] O:7589.00 H:7589.00 L:7588.50 C:7588.75 V:19.0
  📈 Trend: strong_bullish | 🌍 Regime: trending_bullish
  🗺️  Grid: 0.080% | 🔺 7589.00 🔻 7588.00
  📡 RSI: 72.7 | MACD: 0.72 | ATR: 0.82
  📊 Filled: 0 | Pending: 0
  🕐 Outside session (18:17 CT) — no entries
  💰 Daily P&L: $+0.00

[2026-07-09 18:18] O:7588.50 H:7589.00 L:7588.25 C:7589.00 V:24.0
  📈 Trend: strong_bullish | 🌍 Regime: trending_bullish
  🗺️  Grid: 0.080% | 🔺 7589.00 🔻 7588.50
  📡 RSI: 66.7 | MACD: 0.70 | ATR: 0.77
  📊 Filled: 0 | Pending: 0
  🕐 Outside session (18:18 CT) — no entries
  💰 Daily P&L: $+0.00

[2026-07-09 18:19] O:7589.25 H:7590.00 L:7589.25 C:7589.75 V:116.0
  📈 Trend: strong_bullish | 🌍 Regime: trending_bullish
  🗺️  Grid: 0.080% | 🔺 7589.00 🔻 7588.25
  📡 RSI: 66.7 | MACD: 0.74 | ATR: 0.77
  📊 Filled: 0 | Pending: 0
  🕐 Outside session (18:19 CT) — no entries
  💰 Daily P&L: $+0.00

[2026-07-09 18:20] O:7589.50 H:7590.00 L:7589.00 C:7589.00 V:127.0
  📈 Trend: strong_bullish | 🌍 Regime: trending_bullish
  🗺️  Grid: 0.080% | 🔺 7590.00 🔻 7589.25
  📡 RSI: 60.0 | MACD: 0.71 | ATR: 0.79
  📊 Filled: 0 | Pending: 0
  🕐 Outside session (18:20 CT) — no entries
  💰 Daily P&L: $+0.00

[2026-07-09 18:21] O:7589.00 H:7589.75 L:7589.00 C:7589.50 V:48.0
  📈 Trend: strong_bullish | 🌍 Regime: trending_bullish
  🗺️  Grid: 0.080% | 🔺 7590.00 🔻 7589.00
  📡 RSI: 63.6 | MACD: 0.71 | ATR: 0.80
  📊 Filled: 0 | Pending: 0
  🕐 Outside session (18:21 CT) — no entries
  💰 Daily P&L: $+0.00

[2026-07-09 18:22] O:7589.75 H:7589.75 L:7589.00 C:7589.50 V:46.0
  📈 Trend: strong_bullish | 🌍 Regime: trending_bullish
  🗺️  Grid: 0.080% | 🔺 7589.75 🔻 7589.00
  📡 RSI: 60.0 | MACD: 0.71 | ATR: 0.80
  📊 Filled: 0 | Pending: 0
  🕐 Outside session (18:22 CT) — no entries
  💰 Daily P&L: $+0.00

[2026-07-09 18:23] O:7589.50 H:7590.25 L:7589.25 C:7590.00 V:48.0
  📈 Trend: strong_bullish | 🌍 Regime: trending_bullish
  🗺️  Grid: 0.080% | 🔺 7589.75 🔻 7589.00
  📡 RSI: 60.0 | MACD: 0.73 | ATR: 0.80
  📊 Filled: 0 | Pending: 0
  🕐 Outside session (18:23 CT) — no entries
  💰 Daily P&L: $+0.00

[2026-07-09 18:24] O:7590.00 H:7591.50 L:7590.00 C:7590.75 V:221.0
  📈 Trend: strong_bullish | 🌍 Regime: trending_bullish
  🗺️  Grid: 0.080% | 🔺 7590.25 🔻 7589.25
  📡 RSI: 68.2 | MACD: 0.81 | ATR: 0.86
  📊 Filled: 0 | Pending: 0
  🕐 Outside session (18:24 CT) — no entries
  💰 Daily P&L: $+0.00

[2026-07-09 18:25] O:7590.50 H:7591.50 L:7590.50 C:7591.00 V:103.0
  📈 Trend: strong_bullish | 🌍 Regime: trending_bullish
  🗺️  Grid: 0.080% | 🔺 7591.50 🔻 7590.00
  📡 RSI: 72.7 | MACD: 0.87 | ATR: 0.88
  📊 Filled: 0 | Pending: 0
  🕐 Outside session (18:25 CT) — no entries
  💰 Daily P&L: $+0.00

[2026-07-09 18:26] O:7591.00 H:7591.25 L:7590.75 C:7591.00 V:40.0
  📈 Trend: strong_bullish | 🌍 Regime: trending_bullish
  🗺️  Grid: 0.080% | 🔺 7591.50 🔻 7590.50
  📡 RSI: 72.7 | MACD: 0.92 | ATR: 0.88
  📊 Filled: 0 | Pending: 0
  🕐 Outside session (18:26 CT) — no entries
  💰 Daily P&L: $+0.00

[2026-07-09 18:27] O:7591.00 H:7591.25 L:7591.00 C:7591.00 V:38.0
  📈 Trend: strong_bullish | 🌍 Regime: trending_bullish
  🗺️  Grid: 0.080% | 🔺 7591.25 🔻 7590.75
  📡 RSI: 66.7 | MACD: 0.94 | ATR: 0.80
  📊 Filled: 0 | Pending: 0
  🕐 Outside session (18:27 CT) — no entries
  💰 Daily P&L: $+0.00

[2026-07-09 18:28] O:7591.00 H:7591.75 L:7591.00 C:7591.25 V:62.0
  📈 Trend: strong_bullish | 🌍 Regime: trending_bullish
  🗺️  Grid: 0.080% | 🔺 7591.25 🔻 7591.00
  📡 RSI: 72.2 | MACD: 0.97 | ATR: 0.82
  📊 Filled: 0 | Pending: 0
  🕐 Outside session (18:28 CT) — no entries
  💰 Daily P&L: $+0.00

[2026-07-09 18:29] O:7591.50 H:7591.50 L:7591.25 C:7591.25 V:32.0
  📈 Trend: strong_bullish | 🌍 Regime: trending_bullish
  🗺️  Grid: 0.080% | 🔺 7591.75 🔻 7591.00
  📡 RSI: 81.2 | MACD: 0.98 | ATR: 0.79
  📊 Filled: 0 | Pending: 0
  🕐 Outside session (18:29 CT) — no entries
  💰 Daily P&L: $+0.00

[2026-07-09 18:30] O:7591.50 H:7591.75 L:7590.00 C:7590.50 V:116.0
  📈 Trend: strong_bullish | 🌍 Regime: trending_bullish
  🗺️  Grid: 0.080% | 🔺 7591.50 🔻 7591.25
  📡 RSI: 68.4 | MACD: 0.92 | ATR: 0.84
  📊 Filled: 0 | Pending: 0
  🕐 Outside session (18:30 CT) — no entries
  💰 Daily P&L: $+0.00

[2026-07-09 18:31] O:7590.25 H:7591.00 L:7590.25 C:7590.75 V:43.0
  📈 Trend: strong_bullish | 🌍 Regime: trending_bullish
  🗺️  Grid: 0.080% | 🔺 7591.75 🔻 7590.00
  📡 RSI: 70.0 | MACD: 0.88 | ATR: 0.86
  📊 Filled: 0 | Pending: 0
  🕐 Outside session (18:31 CT) — no entries
  💰 Daily P&L: $+0.00

[2026-07-09 18:32] O:7590.75 H:7591.25 L:7590.75 C:7591.00 V:25.0
  📈 Trend: strong_bullish | 🌍 Regime: trending_bullish
  🗺️  Grid: 0.080% | 🔺 7591.00 🔻 7590.25
  📡 RSI: 70.0 | MACD: 0.86 | ATR: 0.84
  📊 Filled: 0 | Pending: 0
  🕐 Outside session (18:32 CT) — no entries
  💰 Daily P&L: $+0.00

[2026-07-09 18:33] O:7591.00 H:7591.00 L:7590.25 C:7590.50 V:53.0
  📈 Trend: strong_bullish | 🌍 Regime: trending_bullish
  🗺️  Grid: 0.080% | 🔺 7591.25 🔻 7590.75
  📡 RSI: 57.9 | MACD: 0.79 | ATR: 0.82
  📊 Filled: 0 | Pending: 0
  🕐 Outside session (18:33 CT) — no entries
  💰 Daily P&L: $+0.00

[2026-07-09 18:34] O:7590.75 H:7591.00 L:7590.50 C:7590.50 V:10.0
  📈 Trend: strong_bullish | 🌍 Regime: trending_bullish
  🗺️  Grid: 0.080% | 🔺 7591.00 🔻 7590.25
  📡 RSI: 68.8 | MACD: 0.73 | ATR: 0.79
  📊 Filled: 0 | Pending: 0
  🕐 Outside session (18:34 CT) — no entries
  💰 Daily P&L: $+0.00

📅 New trading day. Previous day P&L: $+0.00

[2026-07-09 19:51] O:7576.25 H:7576.50 L:7575.75 C:7575.75 V:66.0
  📈 Trend: strong_bullish (raw: moderate_bullish) | 🌍 Regime: ranging
  🗺️  Grid: 0.080% | 🔺 7591.00 🔻 7590.50
  📡 RSI: 12.3 | MACD: -0.50 | ATR: 1.79
  📊 Filled: 0 | Pending: 0
  🕐 Outside session (19:51 CT) — no entries
  💰 Daily P&L: $+0.00

[2026-07-09 19:52] O:7576.00 H:7576.50 L:7575.75 C:7576.25 V:152.0
  📈 Trend: moderate_bullish | 🌍 Regime: ranging
  🗺️  Grid: 0.080% | 🔺 7576.50 🔻 7575.75
  📡 RSI: 14.7 | MACD: -1.42 | ATR: 1.79
  📊 Filled: 0 | Pending: 0
  🕐 Outside session (19:52 CT) — no entries
  💰 Daily P&L: $+0.00

[2026-07-09 19:53] O:7576.00 H:7576.00 L:7575.50 C:7576.00 V:67.0
  📈 Trend: moderate_bullish | 🌍 Regime: ranging
  🗺️  Grid: 0.080% | 🔺 7576.50 🔻 7575.75
  📡 RSI: 12.2 | MACD: -2.15 | ATR: 1.77
  📊 Filled: 0 | Pending: 0
  🕐 Outside session (19:53 CT) — no entries
  💰 Daily P&L: $+0.00

[2026-07-09 19:54] O:7575.75 H:7576.00 L:7575.50 C:7576.00 V:67.0
  📈 Trend: moderate_bullish | 🌍 Regime: ranging
  🗺️  Grid: 0.080% | 🔺 7576.00 🔻 7575.50
  📡 RSI: 8.5 | MACD: -2.69 | ATR: 1.70
  📊 Filled: 0 | Pending: 0
  🕐 Outside session (19:54 CT) — no entries
  💰 Daily P&L: $+0.00

[2026-07-09 19:55] O:7576.00 H:7577.75 L:7576.00 C:7577.75 V:208.0
  📈 Trend: moderate_bullish (raw: strong_bearish) | 🌍 Regime: ranging
  🗺️  Grid: 0.080% | 🔺 7576.00 🔻 7575.50
  📡 RSI: 15.6 | MACD: -2.95 | ATR: 1.75
  📊 Filled: 0 | Pending: 0
  🕐 Outside session (19:55 CT) — no entries
  💰 Daily P&L: $+0.00

[2026-07-09 19:56] O:7578.00 H:7579.00 L:7577.75 C:7579.00 V:257.0
  📈 Trend: strong_bearish | 🌍 Regime: ranging
  🗺️  Grid: 0.080% | 🔺 7577.75 🔻 7576.00
  📡 RSI: 20.7 | MACD: -3.01 | ATR: 1.80
  📊 Filled: 0 | Pending: 0
  🕐 Outside session (19:56 CT) — no entries
  💰 Daily P&L: $+0.00

[2026-07-09 19:57] O:7578.50 H:7580.00 L:7578.50 C:7579.75 V:243.0
  📈 Trend: strong_bearish | 🌍 Regime: ranging
  🗺️  Grid: 0.080% | 🔺 7579.00 🔻 7577.75
  📡 RSI: 23.5 | MACD: -2.97 | ATR: 1.89
  📊 Filled: 0 | Pending: 0
  🕐 Outside session (19:57 CT) — no entries
  💰 Daily P&L: $+0.00

[2026-07-09 19:58] O:7579.75 H:7580.25 L:7579.50 C:7579.75 V:164.0
  📈 Trend: strong_bearish | 🌍 Regime: ranging
  🗺️  Grid: 0.080% | 🔺 7580.00 🔻 7578.50
  📡 RSI: 22.6 | MACD: -2.91 | ATR: 1.89
  📊 Filled: 0 | Pending: 0
  🕐 Outside session (19:58 CT) — no entries
  💰 Daily P&L: $+0.00

[2026-07-09 19:59] O:7579.75 H:7580.75 L:7579.75 C:7580.75 V:172.0
  📈 Trend: strong_bearish | 🌍 Regime: ranging
  🗺️  Grid: 0.080% | 🔺 7580.25 🔻 7579.50
  📡 RSI: 26.1 | MACD: -2.74 | ATR: 1.95
  📊 Filled: 0 | Pending: 0
  🕐 Outside session (19:59 CT) — no entries
  💰 Daily P&L: $+0.00

[2026-07-09 20:00] O:7580.75 H:7581.25 L:7580.25 C:7580.25 V:323.0
  📈 Trend: strong_bearish | 🌍 Regime: trending_bearish
  🗺️  Grid: 0.080% | 🔺 7580.75 🔻 7579.75
  📡 RSI: 26.4 | MACD: -2.62 | ATR: 1.89
  📊 Filled: 0 | Pending: 0
  🕐 Outside session (20:00 CT) — no entries
  💰 Daily P&L: $+0.00

[2026-07-09 20:01] O:7580.25 H:7581.00 L:7578.75 C:7578.75 V:517.0
  📈 Trend: strong_bearish | 🌍 Regime: trending_bearish
  🗺️  Grid: 0.080% | 🔺 7581.25 🔻 7580.25
  📡 RSI: 23.9 | MACD: -2.61 | ATR: 2.00
  📊 Filled: 0 | Pending: 0
  🕐 Outside session (20:01 CT) — no entries
  💰 Daily P&L: $+0.00

[2026-07-09 20:02] O:7579.00 H:7580.00 L:7578.75 C:7579.25 V:142.0
  📈 Trend: strong_bearish | 🌍 Regime: trending_bearish
  🗺️  Grid: 0.080% | 🔺 7581.00 🔻 7578.75
  📡 RSI: 24.7 | MACD: -2.54 | ATR: 2.05
  📊 Filled: 0 | Pending: 0
  🕐 Outside session (20:02 CT) — no entries
  💰 Daily P&L: $+0.00

[2026-07-09 20:03] O:7579.00 H:7579.75 L:7578.75 C:7579.00 V:109.0
  📈 Trend: strong_bearish | 🌍 Regime: trending_bearish
  🗺️  Grid: 0.080% | 🔺 7580.00 🔻 7578.75
  📡 RSI: 25.0 | MACD: -2.47 | ATR: 2.07
  📊 Filled: 0 | Pending: 0
  🕐 Outside session (20:03 CT) — no entries
  💰 Daily P&L: $+0.00

[2026-07-09 20:04] O:7579.25 H:7579.25 L:7577.50 C:7577.50 V:145.0
  📈 Trend: strong_bearish | 🌍 Regime: trending_bearish
  🗺️  Grid: 0.080% | 🔺 7579.75 🔻 7578.75
  📡 RSI: 23.5 | MACD: -2.51 | ATR: 2.16
  📊 Filled: 0 | Pending: 0
  🕐 Outside session (20:04 CT) — no entries
  💰 Daily P&L: $+0.00

[2026-07-09 20:05] O:7577.75 H:7578.00 L:7577.25 C:7577.50 V:199.0
  📈 Trend: strong_bearish | 🌍 Regime: trending_bearish
  🗺️  Grid: 0.080% | 🔺 7579.25 🔻 7577.50
  📡 RSI: 59.0 | MACD: -2.52 | ATR: 1.16
  📊 Filled: 0 | Pending: 0
  🕐 Outside session (20:05 CT) — no entries
  💰 Daily P&L: $+0.00

[2026-07-09 20:06] O:7577.50 H:7577.75 L:7577.00 C:7577.75 V:122.0
  📈 Trend: strong_bearish | 🌍 Regime: trending_bearish
  🗺️  Grid: 0.080% | 🔺 7578.00 🔻 7577.25
  📡 RSI: 57.9 | MACD: -2.47 | ATR: 1.16
  📊 Filled: 0 | Pending: 0
  🕐 Outside session (20:06 CT) — no entries
  💰 Daily P&L: $+0.00

[2026-07-09 20:07] O:7577.50 H:7578.50 L:7577.50 C:7578.25 V:159.0
  📈 Trend: strong_bearish | 🌍 Regime: trending_bearish
  🗺️  Grid: 0.080% | 🔺 7577.75 🔻 7577.00
  📡 RSI: 61.5 | MACD: -2.36 | ATR: 1.18
  📊 Filled: 0 | Pending: 0
  🕐 Outside session (20:07 CT) — no entries
  💰 Daily P&L: $+0.00

[2026-07-09 20:08] O:7578.00 H:7578.75 L:7577.75 C:7578.00 V:118.0
  📈 Trend: strong_bearish | 🌍 Regime: trending_bearish
  🗺️  Grid: 0.080% | 🔺 7578.50 🔻 7577.50
  📡 RSI: 60.0 | MACD: -2.28 | ATR: 1.21
  📊 Filled: 0 | Pending: 0
  🕐 Outside session (20:08 CT) — no entries
  💰 Daily P&L: $+0.00

[2026-07-09 20:09] O:7578.00 H:7578.75 L:7577.75 C:7577.75 V:90.0
  📈 Trend: strong_bearish | 🌍 Regime: trending_bearish
  🗺️  Grid: 0.080% | 🔺 7578.75 🔻 7577.75
  📡 RSI: 50.0 | MACD: -2.20 | ATR: 1.16
  📊 Filled: 0 | Pending: 0
  🕐 Outside session (20:09 CT) — no entries
  💰 Daily P&L: $+0.00
