2026-07-28 12:31:06 | ERROR    | Error 10148, reqId 554: OrderId 554 that needs to be cancelled cannot be cancelled, state: Cancelled.
2026-07-28 16:31:46 | ERROR    | Error 1100, reqId -1: Connectivity between IBKR and Trader Workstation has been lost.
2026-07-28 16:32:57 | ERROR    | Error 1100, reqId -1: Connectivity between IBKR and Trader Workstation has been lost.
2026-07-28 16:33:11 | ERROR    | Error handling fields: ['10', '549', 'ES', 'FUT', '20260918 08:30:00 US/Central', '0', '', 'CME', 'USD', 'ESU6', 'ES', 'ES', '649180671', '0.25', '50', 'ACTIVETIM,AD,ADJUST,ALERT,ALGO,ALLOC,AVGCOST,BASKET,BENCHPX,COND,CONDORDER,DAY,DEACT,DEACTDIS,DEACTEOD,GAT,GTC,GTD,GTT,HID,ICE,IOC,LIT,LMT,LTH,MIT,MKT,MTL,NGCOMB,NONALGO,OCA,PEGBENCH,SCALE,SCALERST,SNAPMID,SNAPMKT,SNAPREL,STP,STPLMT,TRAIL,TRAILLIT,TRAILLMT,TRAILMIT,WHATIF', 'CME,QBALGO', '1', '11004968', 'E-mini S&P 500', '', '202609', '', '', '', 'US/Central', '20260727:1700-20260728:1600;20260728:1700-20260729:1600;20260729:1700-20260730:1600;20260730:1700-20260731:1600;20260801:CLOSED;20260802:1700-20260803:1600', '20260728:0830-20260728:1600;20260729:0830-20260729:1600;20260730:0830-20260730:1600;20260731:0830-20260731:1600;20260801:CLOSED;20260802:1700-20260803:1600', '', '', '0', '2147483647', 'ES', 'IND', '67,67', '20260918', '', '1', '1', '1']
Traceback (most recent call last):
  File "C:\Python312\Lib\site-packages\ib_insync\decoder.py", line 198, in interpret
    handler(fields)
  File "C:\Python312\Lib\site-packages\ib_insync\decoder.py", line 336, in contractDetails
    self.wrapper.contractDetails(int(reqId), cd)
  File "C:\Python312\Lib\site-packages\ib_insync\wrapper.py", line 521, in contractDetails
    self._results[reqId].append(contractDetails)
    ~~~~~~~~~~~~~^^^^^^^
KeyError: 549
2026-07-28 16:33:11 | ERROR    | Error 1102, reqId -1: Connectivity between IBKR and Trader Workstation has been restored - data maintained. All data farms are connected: usfarm.nj; usfuture; usfarm; euhmds; fundfarm; ushmds; secdefnj.
2026-07-28 16:34:54 | ERROR    | Error 1100, reqId -1: Connectivity between IBKR and Trader Workstation has been lost.
2026-07-28 16:34:58 | ERROR    | Error 1102, reqId -1: Connectivity between IBKR and Trader Workstation has been restored - data maintained. All data farms are connected: usfarm.nj; usfuture; usfarm; euhmds; fundfarm; ushmds; secdefnj.
2026-07-28 16:36:00 | ERROR    | Error 1100, reqId -1: Connectivity between IBKR and Trader Workstation has been lost.
2026-07-28 16:36:33 | ERROR    | Error 1102, reqId -1: Connectivity between IBKR and Trader Workstation has been restored - data maintained. The following farms are connected: usfarm.nj; usfuture; usfarm; euhmds; fundfarm. The following farms are not connected: ushmds; secdefnj.
2026-07-28 16:36:33 | ERROR    | Error 322, reqId 557: Error processing request.-'bX' : cause - Maximum number of account summary requests exceeded; desubscribe to previous request first
2026-07-28 16:37:54 | ERROR    | Error 1100, reqId -1: Connectivity between IBKR and Trader Workstation has been lost.
2026-07-28 16:38:00 | ERROR    | Error 322, reqId 557: Error processing request.-'bX' : cause - Maximum number of account summary requests exceeded; desubscribe to previous request first
2026-07-28 16:38:00 | ERROR    | Error 1102, reqId -1: Connectivity between IBKR and Trader Workstation has been restored - data maintained. All data farms are connected: usfarm.nj; usfuture; usfarm; euhmds; fundfarm; ushmds; secdefnj.
2026-07-28 16:38:00 | ERROR    | Error 322, reqId 558: Error processing request.-'bX' : cause - Maximum number of account summary requests exceeded; desubscribe to previous request first
2026-07-28 16:40:22 | ERROR    | Error 1100, reqId -1: Connectivity between IBKR and Trader Workstation has been lost.
2026-07-28 16:40:44 | ERROR    | Error 1100, reqId -1: Connectivity between IBKR and Trader Workstation has been lost.
2026-07-28 16:41:00 | ERROR    | Error 322, reqId 558: Error processing request.-'bX' : cause - Maximum number of account summary requests exceeded; desubscribe to previous request first
2026-07-28 16:41:00 | ERROR    | Error 1102, reqId -1: Connectivity between IBKR and Trader Workstation has been restored - data maintained. All data farms are connected: usfarm.nj; usfuture; usfarm; euhmds; fundfarm; ushmds; secdefnj.
2026-07-28 16:41:00 | ERROR    | Error 322, reqId 559: Error processing request.-'bX' : cause - Maximum number of account summary requests exceeded; desubscribe to previous request first
2026-07-28 16:42:01 | ERROR    | Error 1100, reqId -1: Connectivity between IBKR and Trader Workstation has been lost.
2026-07-28 16:42:06 | ERROR    | Error 322, reqId 559: Error processing request.-'bX' : cause - Maximum number of account summary requests exceeded; desubscribe to previous request first
2026-07-28 16:42:06 | ERROR    | Error 1102, reqId -1: Connectivity between IBKR and Trader Workstation has been restored - data maintained. All data farms are connected: usfarm.nj; usfuture; usfarm; euhmds; fundfarm; ushmds; secdefnj.
2026-07-28 16:42:06 | ERROR    | Error 322, reqId 560: Error processing request.-'bX' : cause - Maximum number of account summary requests exceeded; desubscribe to previous request first
2026-07-28 16:43:07 | ERROR    | Error 1100, reqId -1: Connectivity between IBKR and Trader Workstation has been lost.
2026-07-28 16:43:11 | ERROR    | Error 322, reqId 560: Error processing request.-'bX' : cause - Maximum number of account summary requests exceeded; desubscribe to previous request first
2026-07-28 16:43:11 | ERROR    | Error 1102, reqId -1: Connectivity between IBKR and Trader Workstation has been restored - data maintained. All data farms are connected: usfarm.nj; usfuture; usfarm; euhmds; fundfarm; ushmds; secdefnj.
2026-07-28 16:43:11 | ERROR    | Error 322, reqId 561: Error processing request.-'bX' : cause - Maximum number of account summary requests exceeded; desubscribe to previous request first
2026-07-28 23:46:16 | ERROR    | Error 1100, reqId -1: Connectivity between IBKR and Trader Workstation has been lost.
2026-07-29 09:37:08 | ERROR    | Error 322, reqId 561: Error processing request.-'bX' : cause - Maximum number of account summary requests exceeded; desubscribe to previous request first
2026-07-29 09:37:08 | ERROR    | Error 1102, reqId -1: Connectivity between IBKR and Trader Workstation has been restored - data maintained. The following farms are connected: usfuture; usfarm; fundfarm; ushmds; secdefnj. The following farms are not connected: usfarm.nj; euhmds.
2026-07-29 09:37:09 | ERROR    | Error 1100, reqId -1: Connectivity between IBKR and Trader Workstation has been lost.
2026-07-29 09:37:24 | ERROR    | Error 322, reqId 562: Error processing request.-'bX' : cause - Maximum number of account summary requests exceeded; desubscribe to previous request first
2026-07-29 09:37:24 | ERROR    | Error 1102, reqId -1: Connectivity between IBKR and Trader Workstation has been restored - data maintained. All data farms are connected: usfuture; usfarm; euhmds; fundfarm; ushmds; secdefnj.
2026-07-29 09:37:24 | ERROR    | Error 322, reqId 563: Error processing request.-'bX' : cause - Maximum number of account summary requests exceeded; desubscribe to previous request first
2026-07-29 14:21:07 | ERROR    | Error 10147, reqId 566: OrderId 566 that needs to be cancelled is not found.
2026-07-29 14:39:07 | ERROR    | Error 103, reqId 568: Duplicate order id
2026-07-29 14:40:07 | ERROR    | Error 103, reqId 568: Duplicate order id
2026-07-29 14:41:07 | ERROR    | Error 103, reqId 568: Duplicate order id
2026-07-29 14:42:07 | ERROR    | Error 103, reqId 568: Duplicate order id
nding: 0
  💰 Daily P&L: $+0.00

[2026-07-28 09:50] O:7450.50 H:7453.75 L:7450.00 C:7452.00 V:4495.0
  📈 Trend: strong_bullish | 🌍 Regime: trending_bullish
  🗺️  Grid: 0.082% | 🔺 7451.75 🔻 7448.50
  📡 RSI: 63.6 | MACD: 4.43 | ATR: 5.09
  📊 Filled: 0 | Pending: 0
  💰 Daily P&L: $+0.00

[2026-07-28 09:51] O:7452.00 H:7455.25 L:7451.25 C:7454.50 V:4176.0
  📈 Trend: strong_bullish | 🌍 Regime: trending_bullish
  🗺️  Grid: 0.080% | 🔺 7453.75 🔻 7450.00
  📡 RSI: 64.9 | MACD: 4.97 | ATR: 5.00
  📊 Filled: 0 | Pending: 0
  💰 Daily P&L: $+0.00

[2026-07-28 09:52] O:7454.50 H:7455.25 L:7448.50 C:7450.00 V:3948.0
  📈 Trend: strong_bullish | 🌍 Regime: trending_bullish
  🗺️  Grid: 0.080% | 🔺 7455.25 🔻 7451.25
  📡 RSI: 69.4 | MACD: 4.97 | ATR: 4.91
  📊 Filled: 0 | Pending: 0
  💰 Daily P&L: $+0.00

[2026-07-28 09:53] O:7450.00 H:7455.00 L:7450.00 C:7452.75 V:3127.0
  📈 Trend: strong_bullish | 🌍 Regime: trending_bullish
  🗺️  Grid: 0.081% | 🔺 7455.25 🔻 7448.50
  📡 RSI: 74.4 | MACD: 5.14 | ATR: 5.00
  📊 Filled: 0 | Pending: 0
  💰 Daily P&L: $+0.00

[2026-07-28 09:54] O:7452.50 H:7452.50 L:7450.50 C:7451.75 V:2768.0
  📈 Trend: strong_bullish | 🌍 Regime: trending_bullish
  🗺️  Grid: 0.080% | 🔺 7455.00 🔻 7450.00
  📡 RSI: 69.3 | MACD: 5.13 | ATR: 4.68
  📊 Filled: 0 | Pending: 0
  💰 Daily P&L: $+0.00

[2026-07-28 09:55] O:7452.00 H:7456.00 L:7450.00 C:7453.50 V:4625.0
  📈 Trend: strong_bullish | 🌍 Regime: trending_bullish
  🗺️  Grid: 0.080% | 🔺 7452.50 🔻 7450.50
  📡 RSI: 67.6 | MACD: 5.20 | ATR: 4.75
  📊 Filled: 0 | Pending: 0
  💰 Daily P&L: $+0.00

[2026-07-28 09:56] O:7453.75 H:7454.00 L:7450.00 C:7450.75 V:2575.0
  📈 Trend: strong_bullish | 🌍 Regime: trending_bullish
  🗺️  Grid: 0.080% | 🔺 7456.00 🔻 7450.00
  📡 RSI: 64.9 | MACD: 4.98 | ATR: 4.71
  📊 Filled: 0 | Pending: 0
  💰 Daily P&L: $+0.00

[2026-07-28 09:57] O:7450.50 H:7450.50 L:7446.00 C:7447.25 V:2321.0
  📈 Trend: strong_bullish (raw: moderate_bullish) | 🌍 Regime: trending_bullish
  🗺️  Grid: 0.080% | 🔺 7454.00 🔻 7450.00
  📡 RSI: 57.4 | MACD: 4.48 | ATR: 4.64
  📊 Filled: 0 | Pending: 0
  💰 Daily P&L: $+0.00

[2026-07-28 09:58] O:7447.25 H:7447.75 L:7445.00 C:7445.75 V:1840.0
  📈 Trend: moderate_bullish | 🌍 Regime: trending_bullish
  🗺️  Grid: 0.080% | 🔺 7450.50 🔻 7446.00
  📡 RSI: 57.4 | MACD: 3.91 | ATR: 4.59
  📊 Filled: 0 | Pending: 0
  💰 Daily P&L: $+0.00

[2026-07-28 09:59] O:7445.75 H:7447.25 L:7443.00 C:7444.00 V:2125.0
  📈 Trend: moderate_bullish | 🌍 Regime: trending_bullish
  🗺️  Grid: 0.080% | 🔺 7447.75 🔻 7445.00
  📡 RSI: 59.7 | MACD: 3.28 | ATR: 4.41
  📊 Filled: 0 | Pending: 0
  💰 Daily P&L: $+0.00

[2026-07-28 10:00] O:7444.25 H:7449.00 L:7443.50 C:7448.75 V:2456.0
  📈 Trend: moderate_bullish | 🌍 Regime: trending_bullish
  🗺️  Grid: 0.080% | 🔺 7447.25 🔻 7443.00
  📡 RSI: 60.3 | MACD: 3.12 | ATR: 4.43
  📊 Filled: 0 | Pending: 0
  💰 Daily P&L: $+0.00

[2026-07-28 10:01] O:7448.50 H:7449.25 L:7445.25 C:7447.50 V:2151.0
  📈 Trend: moderate_bullish | 🌍 Regime: trending_bullish
  🗺️  Grid: 0.080% | 🔺 7449.00 🔻 7443.50
  📡 RSI: 54.2 | MACD: 2.87 | ATR: 4.41
  📊 Filled: 0 | Pending: 0
  💰 Daily P&L: $+0.00

[2026-07-28 10:02] O:7447.50 H:7447.75 L:7443.75 C:7444.75 V:2035.0
  📈 Trend: moderate_bullish | 🌍 Regime: trending_bullish
  🗺️  Grid: 0.080% | 🔺 7449.25 🔻 7445.25
  📡 RSI: 43.3 | MACD: 2.42 | ATR: 4.30
  📊 Filled: 0 | Pending: 0
  💰 Daily P&L: $+0.00

[2026-07-28 10:03] O:7444.50 H:7444.50 L:7440.25 C:7440.50 V:2334.0
  📈 Trend: moderate_bullish | 🌍 Regime: trending_bullish
  🗺️  Grid: 0.080% | 🔺 7447.75 🔻 7443.75
  📡 RSI: 36.3 | MACD: 1.70 | ATR: 4.39
  📊 Filled: 0 | Pending: 0
  💰 Daily P&L: $+0.00

[2026-07-28 10:04] O:7440.75 H:7442.25 L:7438.75 C:7439.00 V:2561.0
  📈 Trend: moderate_bullish | 🌍 Regime: trending_bullish
  🗺️  Grid: 0.080% | 🔺 7444.50 🔻 7440.25
  📡 RSI: 32.2 | MACD: 1.00 | ATR: 4.38
  📊 Filled: 0 | Pending: 0
  💰 Daily P&L: $+0.00

[2026-07-28 10:05] O:7438.75 H:7441.25 L:7437.50 C:7441.25 V:2460.0
  📈 Trend: moderate_bullish | 🌍 Regime: trending_bullish
  🗺️  Grid: 0.080% | 🔺 7442.25 🔻 7438.75
  📡 RSI: 31.7 | MACD: 0.61 | ATR: 4.36
  📊 Filled: 0 | Pending: 0
  💰 Daily P&L: $+0.00

[2026-07-28 10:06] O:7441.00 H:7446.00 L:7441.00 C:7442.50 V:2771.0
  📈 Trend: moderate_bullish (raw: moderate_bearish) | 🌍 Regime: trending_bearish
  🗺️  Grid: 0.080% | 🔺 7441.25 🔻 7437.50
  📡 RSI: 38.6 | MACD: 0.41 | ATR: 4.23
  📊 Filled: 0 | Pending: 0
  🚫 Raw trend blocks LONG | raw: moderate_bearish
  💰 Daily P&L: $+0.00

[2026-07-28 10:07] O:7442.50 H:7442.75 L:7438.75 C:7441.50 V:1660.0
  📈 Trend: moderate_bearish | 🌍 Regime: trending_bearish
  🗺️  Grid: 0.080% | 🔺 7446.00 🔻 7441.00
  📡 RSI: 32.0 | MACD: 0.16 | ATR: 4.16
  📊 Filled: 0 | Pending: 0
  💰 Daily P&L: $+0.00

[2026-07-28 10:08] O:7441.50 H:7443.00 L:7439.75 C:7440.75 V:1846.0
  📈 Trend: moderate_bearish (raw: strong_bearish) | 🌍 Regime: trending_bearish
  🗺️  Grid: 0.080% | 🔺 7442.75 🔻 7438.75
  📡 RSI: 32.3 | MACD: -0.10 | ATR: 4.23
  📊 Filled: 0 | Pending: 0
  💰 Daily P&L: $+0.00

[2026-07-28 10:09] O:7440.75 H:7445.75 L:7440.50 C:7445.50 V:2759.0
  📈 Trend: moderate_bearish | 🌍 Regime: ranging
  🗺️  Grid: 0.080% | 🔺 7443.00 🔻 7439.75
  📡 RSI: 38.2 | MACD: 0.08 | ATR: 4.18
  📊 Filled: 0 | Pending: 0
  🔲 Regime: RANGING | Range pos: 61% | RSI: 38.2
  💰 Daily P&L: $+0.00

[2026-07-28 10:10] O:7445.50 H:7453.50 L:7443.50 C:7445.00 V:8787.0
  📈 Trend: moderate_bearish | 🌍 Regime: ranging
  🗺️  Grid: 0.080% | 🔺 7445.75 🔻 7440.50
  📡 RSI: 40.9 | MACD: 0.18 | ATR: 4.61
  📊 Filled: 0 | Pending: 0
  🔲 Regime: RANGING | Range pos: 59% | RSI: 40.9
  💰 Daily P&L: $+0.00

[2026-07-28 10:11] O:7444.75 H:7446.75 L:7442.00 C:7446.00 V:2649.0
  📈 Trend: moderate_bearish | 🌍 Regime: ranging
  🗺️  Grid: 0.080% | 🔺 7453.50 🔻 7443.50
  📡 RSI: 47.9 | MACD: 0.34 | ATR: 4.61
  📊 Filled: 0 | Pending: 0
  🔲 Regime: RANGING | Range pos: 63% | RSI: 47.9
  💰 Daily P&L: $+0.00

[2026-07-28 10:12] O:7446.00 H:7454.75 L:7444.75 C:7452.75 V:4742.0
  📈 Trend: moderate_bearish (raw: moderate_bullish) | 🌍 Regime: ranging
  🗺️  Grid: 0.083% | 🔺 7446.75 🔻 7442.00
  📡 RSI: 60.1 | MACD: 1.00 | ATR: 5.12
  📊 Filled: 0 | Pending: 0
  🔲 Regime: RANGING | Range pos: 88% | RSI: 60.1
  💰 Daily P&L: $+0.00

[2026-07-28 10:13] O:7453.00 H:7453.00 L:7448.75 C:7451.75 V:2491.0
  📈 Trend: moderate_bullish | 🌍 Regime: ranging
  🗺️  Grid: 0.083% | 🔺 7454.75 🔻 7444.75
  📡 RSI: 61.5 | MACD: 1.42 | ATR: 5.12
  📊 Filled: 0 | Pending: 0
  🔲 Regime: RANGING | Range pos: 84% | RSI: 61.5
  💰 Daily P&L: $+0.00

[2026-07-28 10:14] O:7452.00 H:7454.50 L:7451.00 C:7451.50 V:2854.0
  📈 Trend: moderate_bullish | 🌍 Regime: ranging
  🗺️  Grid: 0.080% | 🔺 7453.00 🔻 7448.75
  📡 RSI: 54.7 | MACD: 1.72 | ATR: 4.98
  📊 Filled: 0 | Pending: 0
  🔲 Regime: RANGING | Range pos: 83% | RSI: 54.7
  💰 Daily P&L: $+0.00

[2026-07-28 10:15] O:7451.50 H:7453.50 L:7449.25 C:7453.25 V:3708.0
  📈 Trend: moderate_bullish (raw: strong_bullish) | 🌍 Regime: ranging
  🗺️  Grid: 0.081% | 🔺 7454.50 🔻 7451.00
  📡 RSI: 59.7 | MACD: 2.07 | ATR: 5.00
  📊 Filled: 0 | Pending: 0
  🔲 Regime: RANGING | Range pos: 90% | RSI: 59.7
  💰 Daily P&L: $+0.00

[2026-07-28 10:16] O:7453.25 H:7456.75 L:7453.25 C:7454.25 V:4049.0
  📈 Trend: strong_bullish | 🌍 Regime: ranging
  🗺️  Grid: 0.080% | 🔺 7453.50 🔻 7449.25
  📡 RSI: 67.0 | MACD: 2.40 | ATR: 4.96
  📊 Filled: 0 | Pending: 0
  🔲 Regime: RANGING | Range pos: 91% | RSI: 67.0
  💰 Daily P&L: $+0.00

[2026-07-28 10:17] O:7454.00 H:7456.75 L:7450.75 C:7456.25 V:3739.0
  📈 Trend: strong_bullish | 🌍 Regime: ranging
  🗺️  Grid: 0.082% | 🔺 7456.75 🔻 7453.25
  📡 RSI: 80.6 | MACD: 2.79 | ATR: 5.07
  📊 Filled: 0 | Pending: 0
  🔲 Regime: RANGING | Range pos: 98% | RSI: 80.6
  🚫 Raw trend blocks RANGING SHORT | raw: strong_bullish
  💰 Daily P&L: $+0.00

[2026-07-28 10:18] O:7456.00 H:7463.50 L:7455.25 C:7462.50 V:6504.0
  📈 Trend: strong_bullish | 🌍 Regime: ranging
  🗺️  Grid: 0.087% | 🔺 7456.75 🔻 7450.75
  📡 RSI: 88.5 | MACD: 3.57 | ATR: 5.41
  📊 Filled: 0 | Pending: 0
  🔲 Regime: RANGING | Range pos: 97% | RSI: 88.5
  🚫 Raw trend blocks RANGING SHORT | raw: strong_bullish
  💰 Daily P&L: $+0.00

[2026-07-28 10:19] O:7462.50 H:7463.50 L:7460.25 C:7463.50 V:4228.0
  📈 Trend: strong_bullish | 🌍 Regime: ranging
  🗺️  Grid: 0.086% | 🔺 7463.50 🔻 7455.25
  📡 RSI: 88.0 | MACD: 4.21 | ATR: 5.38
  📊 Filled: 0 | Pending: 0
  🔲 Regime: RANGING | Range pos: 100% | RSI: 88.0
  🚫 Raw trend blocks RANGING SHORT | raw: strong_bullish
  💰 Daily P&L: $+0.00

[2026-07-28 10:20] O:7463.50 H:7469.50 L:7463.25 C:7467.75 V:6760.0
  📈 Trend: strong_bullish | 🌍 Regime: ranging
  🗺️  Grid: 0.088% | 🔺 7463.50 🔻 7460.25
  📡 RSI: 89.1 | MACD: 5.01 | ATR: 5.46
  📊 Filled: 0 | Pending: 0
  🔲 Regime: RANGING | Range pos: 96% | RSI: 89.1
  🚫 Raw trend blocks RANGING SHORT | raw: strong_bullish
  💰 Daily P&L: $+0.00

[2026-07-28 10:21] O:7468.00 H:7469.00 L:7465.75 C:7467.75 V:5443.0
  📈 Trend: strong_bullish | 🌍 Regime: ranging
  🗺️  Grid: 0.087% | 🔺 7469.50 🔻 7463.25
  📡 RSI: 92.0 | MACD: 5.58 | ATR: 5.41
  📊 Filled: 0 | Pending: 0
  🔲 Regime: RANGING | Range pos: 96% | RSI: 92.0
  🚫 Raw trend blocks RANGING SHORT | raw: strong_bullish
  💰 Daily P&L: $+0.00

[2026-07-28 10:22] O:7467.50 H:7470.00 L:7466.00 C:7467.00 V:5910.0
  📈 Trend: strong_bullish | 🌍 Regime: ranging
  🗺️  Grid: 0.088% | 🔺 7469.00 🔻 7465.75
  📡 RSI: 92.0 | MACD: 5.90 | ATR: 5.46
  📊 Filled: 0 | Pending: 0
  🔲 Regime: RANGING | Range pos: 93% | RSI: 92.0
  🚫 Raw trend blocks RANGING SHORT | raw: strong_bullish
  💰 Daily P&L: $+0.00

[2026-07-28 10:23] O:7467.25 H:7469.00 L:7466.75 C:7468.25 V:3197.0
  📈 Trend: strong_bullish | 🌍 Regime: ranging
  🗺️  Grid: 0.084% | 🔺 7470.00 🔻 7466.00
  📡 RSI: 91.0 | MACD: 6.18 | ATR: 5.25
  📊 Filled: 0 | Pending: 0
  🔲 Regime: RANGING | Range pos: 96% | RSI: 91.0
  🚫 Raw trend blocks RANGING SHORT | raw: strong_bullish
  💰 Daily P&L: $+0.00

[2026-07-28 10:24] O:7468.50 H:7471.25 L:7467.50 C:7471.25 V:4429.0
  📈 Trend: strong_bullish | 🌍 Regime: ranging
  🗺️  Grid: 0.080% | 🔺 7469.00 🔻 7466.75
  📡 RSI: 93.4 | MACD: 6.57 | ATR: 4.80
  📊 Filled: 0 | Pending: 0
  🔲 Regime: RANGING | Range pos: 100% | RSI: 93.4
  🚫 Raw trend blocks RANGING SHORT | raw: strong_bullish
  💰 Daily P&L: $+0.00

[2026-07-28 10:25] O:7471.25 H:7473.00 L:7470.75 C:7471.50 V:4026.0
  📈 Trend: strong_bullish | 🌍 Regime: ranging
  🗺️  Grid: 0.080% | 🔺 7471.25 🔻 7467.50
  📡 RSI: 93.2 | MACD: 6.82 | ATR: 4.62
  📊 Filled: 0 | Pending: 0
  🔲 Regime: RANGING | Range pos: 97% | RSI: 93.2
  🚫 Raw trend blocks RANGING SHORT | raw: strong_bullish
  💰 Daily P&L: $+0.00

[2026-07-28 10:26] O:7471.75 H:7477.25 L:7471.25 C:7475.25 V:7171.0
  📈 Trend: strong_bullish | 🌍 Regime: ranging
  🗺️  Grid: 0.080% | 🔺 7473.00 🔻 7470.75
  📡 RSI: 92.5 | MACD: 7.24 | ATR: 4.34
  📊 Filled: 0 | Pending: 0
  🔲 Regime: RANGING | Range pos: 96% | RSI: 92.5
  🚫 Raw trend blocks RANGING SHORT | raw: strong_bullish
  💰 Daily P&L: $+0.00

[2026-07-28 10:27] O:7475.50 H:7475.50 L:7470.25 C:7470.75 V:4063.0
  📈 Trend: strong_bullish | 🌍 Regime: trending_bullish
  🗺️  Grid: 0.080% | 🔺 7477.25 🔻 7471.25
  📡 RSI: 81.7 | MACD: 7.13 | ATR: 4.41
  📊 Filled: 0 | Pending: 0
  💰 Daily P&L: $+0.00

[2026-07-28 10:28] O:7471.00 H:7471.00 L:7468.25 C:7470.00 V:5305.0
  📈 Trend: strong_bullish | 🌍 Regime: trending_bullish
  🗺️  Grid: 0.080% | 🔺 7475.50 🔻 7470.25
  📡 RSI: 80.3 | MACD: 6.90 | ATR: 4.36
  📊 Filled: 0 | Pending: 0
  💰 Daily P&L: $+0.00

[2026-07-28 10:29] O:7470.25 H:7471.00 L:7468.00 C:7469.25 V:2836.0
  📈 Trend: strong_bullish | 🌍 Regime: trending_bullish
  🗺️  Grid: 0.080% | 🔺 7471.00 🔻 7468.25
  📡 RSI: 77.1 | MACD: 6.58 | ATR: 4.27
  📊 Filled: 0 | Pending: 0
  💰 Daily P&L: $+0.00

[2026-07-28 10:30] O:7469.25 H:7472.50 L:7467.50 C:7468.75 V:4532.0
  📈 Trend: strong_bullish | 🌍 Regime: trending_bullish
  🗺️  Grid: 0.080% | 🔺 7471.00 🔻 7468.00
  📡 RSI: 75.0 | MACD: 6.22 | ATR: 4.38
  📊 Filled: 0 | Pending: 0
  💰 Daily P&L: $+0.00

[2026-07-28 10:31] O:7468.75 H:7469.50 L:7467.25 C:7469.50 V:2741.0
  📈 Trend: strong_bullish | 🌍 Regime: trending_bullish
  🗺️  Grid: 0.080% | 🔺 7472.50 🔻 7467.50
  📡 RSI: 73.9 | MACD: 5.92 | ATR: 4.11
  📊 Filled: 0 | Pending: 0
  💰 Daily P&L: $+0.00

[2026-07-28 10:32] O:7469.25 H:7471.25 L:7468.75 C:7469.00 V:2062.0
  📈 Trend: strong_bullish | 🌍 Regime: trending_bullish
  🗺️  Grid: 0.080% | 🔺 7469.50 🔻 7467.25
  📡 RSI: 64.8 | MACD: 5.58 | ATR: 3.70
  📊 Filled: 0 | Pending: 0
  💰 Daily P&L: $+0.00

[2026-07-28 10:33] O:7469.00 H:7472.00 L:7468.75 C:7471.50 V:1927.0
  📈 Trend: strong_bullish | 🌍 Regime: trending_bullish
  🗺️  Grid: 0.080% | 🔺 7471.25 🔻 7468.75
  📡 RSI: 67.0 | MACD: 5.45 | ATR: 3.70
  📊 Filled: 0 | Pending: 0
  💰 Daily P&L: $+0.00

[2026-07-28 10:34] O:7471.50 H:7472.50 L:7469.50 C:7470.00 V:1990.0
  📈 Trend: strong_bullish | 🌍 Regime: trending_bullish
  🗺️  Grid: 0.080% | 🔺 7472.00 🔻 7468.75
  📡 RSI: 55.4 | MACD: 5.17 | ATR: 3.46
  📊 Filled: 0 | Pending: 0
  💰 Daily P&L: $+0.00

[2026-07-28 10:35] O:7470.00 H:7473.00 L:7469.75 C:7472.75 V:2526.0
  📈 Trend: strong_bullish | 🌍 Regime: trending_bullish
  🗺️  Grid: 0.080% | 🔺 7472.50 🔻 7469.50
  📡 RSI: 60.6 | MACD: 5.10 | ATR: 3.46
  📊 Filled: 0 | Pending: 0
  💰 Daily P&L: $+0.00

[2026-07-28 10:36] O:7472.75 H:7474.75 L:7472.75 C:7474.00 V:2450.0
  📈 Trend: strong_bullish | 🌍 Regime: trending_bullish
  🗺️  Grid: 0.080% | 🔺 7473.00 🔻 7469.75
  📡 RSI: 64.6 | MACD: 5.10 | ATR: 3.32
  📊 Filled: 0 | Pending: 0
  💰 Daily P&L: $+0.00

[2026-07-28 10:37] O:7473.75 H:7475.00 L:7472.00 C:7475.00 V:2031.0
  📈 Trend: strong_bullish | 🌍 Regime: trending_bullish
  🗺️  Grid: 0.080% | 🔺 7474.75 🔻 7472.75
  📡 RSI: 64.2 | MACD: 5.11 | ATR: 3.38
  📊 Filled: 0 | Pending: 0
  💰 Daily P&L: $+0.00

[2026-07-28 10:38] O:7474.75 H:7476.50 L:7474.25 C:7474.75 V:2903.0
  📈 Trend: strong_bullish | 🌍 Regime: trending_bullish
  🗺️  Grid: 0.080% | 🔺 7475.00 🔻 7472.00
  📡 RSI: 58.3 | MACD: 5.05 | ATR: 3.27
  📊 Filled: 0 | Pending: 0
  💰 Daily P&L: $+0.00

[2026-07-28 10:39] O:7475.00 H:7475.50 L:7473.50 C:7474.00 V:1634.0
  📈 Trend: strong_bullish | 🌍 Regime: trending_bullish
  🗺️  Grid: 0.080% | 🔺 7476.50 🔻 7474.25
  📡 RSI: 55.8 | MACD: 4.88 | ATR: 3.25
  📊 Filled: 0 | Pending: 0
  💰 Daily P&L: $+0.00

[2026-07-28 10:40] O:7473.75 H:7474.50 L:7471.50 C:7473.50 V:2103.0
  📈 Trend: strong_bullish | 🌍 Regime: trending_bullish
  🗺️  Grid: 0.080% | 🔺 7475.50 🔻 7473.50
  📡 RSI: 45.2 | MACD: 4.65 | ATR: 3.04
  📊 Filled: 0 | Pending: 0
  💰 Daily P&L: $+0.00

[2026-07-28 10:41] O:7473.50 H:7475.50 L:7472.75 C:7474.50 V:1288.0
  📈 Trend: strong_bullish | 🌍 Regime: trending_bullish
  🗺️  Grid: 0.080% | 🔺 7474.50 🔻 7471.50
  📡 RSI: 62.7 | MACD: 4.50 | ATR: 2.86
  📊 Filled: 0 | Pending: 0
  💰 Daily P&L: $+0.00

[2026-07-28 10:42] O:7474.25 H:7474.75 L:7473.00 C:7474.50 V:1393.0
  📈 Trend: strong_bullish | 🌍 Regime: trending_bullish
  🗺️  Grid: 0.080% | 🔺 7475.50 🔻 7472.75
  📡 RSI: 66.1 | MACD: 4.33 | ATR: 2.79
  📊 Filled: 0 | Pending: 0
  💰 Daily P&L: $+0.00

[2026-07-28 10:43] O:7474.25 H:7476.75 L:7473.25 C:7476.50 V:2229.0
  📈 Trend: strong_bullish | 🌍 Regime: trending_bullish
  🗺️  Grid: 0.080% | 🔺 7474.75 🔻 7473.00
  📡 RSI: 73.8 | MACD: 4.31 | ATR: 2.82
  📊 Filled: 0 | Pending: 0
  💰 Daily P&L: $+0.00

[2026-07-28 10:44] O:7476.50 H:7478.50 L:7476.25 C:7478.25 V:4462.0
  📈 Trend: strong_bullish | 🌍 Regime: trending_bullish
  🗺️  Grid: 0.080% | 🔺 7476.75 🔻 7473.25
  📡 RSI: 78.8 | MACD: 4.38 | ATR: 2.62
  📊 Filled: 0 | Pending: 0
  💰 Daily P&L: $+0.00

[2026-07-28 10:45] O:7478.25 H:7479.75 L:7477.25 C:7478.00 V:3585.0
  📈 Trend: strong_bullish | 🌍 Regime: trending_bullish
  🗺️  Grid: 0.080% | 🔺 7478.50 🔻 7476.25
  📡 RSI: 76.6 | MACD: 4.37 | ATR: 2.64
  📊 Filled: 0 | Pending: 0
  💰 Daily P&L: $+0.00

[2026-07-28 10:46] O:7478.00 H:7480.50 L:7477.75 C:7480.00 V:3133.0
  📈 Trend: strong_bullish | 🌍 Regime: trending_bullish
  🗺️  Grid: 0.080% | 🔺 7479.75 🔻 7477.25
  📡 RSI: 81.4 | MACD: 4.47 | ATR: 2.66
  📊 Filled: 0 | Pending: 0
  💰 Daily P&L: $+0.00

[2026-07-28 10:47] O:7480.00 H:7480.25 L:7479.00 C:7479.25 V:1678.0
  📈 Trend: strong_bullish | 🌍 Regime: trending_bullish
  🗺️  Grid: 0.080% | 🔺 7480.50 🔻 7477.75
  📡 RSI: 74.6 | MACD: 4.43 | ATR: 2.52
  📊 Filled: 0 | Pending: 0
  💰 Daily P&L: $+0.00

[2026-07-28 10:48] O:7479.25 H:7481.75 L:7479.25 C:7481.50 V:1984.0
  📈 Trend: strong_bullish | 🌍 Regime: trending_bullish
  🗺️  Grid: 0.080% | 🔺 7480.25 🔻 7479.00
  📡 RSI: 84.8 | MACD: 4.54 | ATR: 2.48
  📊 Filled: 0 | Pending: 0
  💰 Daily P&L: $+0.00

[2026-07-28 10:49] O:7481.50 H:7482.25 L:7479.75 C:7480.75 V:2677.0
  📈 Trend: strong_bullish | 🌍 Regime: trending_bullish
  🗺️  Grid: 0.080% | 🔺 7481.75 🔻 7479.25
  📡 RSI: 77.6 | MACD: 4.51 | ATR: 2.43
  📊 Filled: 0 | Pending: 0
  💰 Daily P&L: $+0.00

[2026-07-28 10:50] O:7480.75 H:7481.25 L:7475.75 C:7476.25 V:5761.0
  📈 Trend: strong_bullish | 🌍 Regime: trending_bullish
  🗺️  Grid: 0.080% | 🔺 7482.25 🔻 7479.75
  📡 RSI: 56.3 | MACD: 4.07 | ATR: 2.68
  📊 Filled: 0 | Pending: 0
  💰 Daily P&L: $+0.00

[2026-07-28 10:51] O:7476.50 H:7478.25 L:7475.00 C:7477.75 V:3398.0
  📈 Trend: strong_bullish | 🌍 Regime: trending_bullish
  🗺️  Grid: 0.080% | 🔺 7481.25 🔻 7475.75
  📡 RSI: 57.5 | MACD: 3.80 | ATR: 2.70
  📊 Filled: 0 | Pending: 0
  💰 Daily P&L: $+0.00

[2026-07-28 10:52] O:7477.75 H:7478.50 L:7476.00 C:7478.50 V:1424.0
  📈 Trend: strong_bullish | 🌍 Regime: trending_bullish
  🗺️  Grid: 0.080% | 🔺 7478.25 🔻 7475.00
  📡 RSI: 60.0 | MACD: 3.61 | ATR: 2.71
  📊 Filled: 0 | Pending: 0
  💰 Daily P&L: $+0.00

[2026-07-28 10:53] O:7478.50 H:7482.00 L:7478.25 C:7481.25 V:2635.0
  📈 Trend: strong_bullish | 🌍 Regime: trending_bullish
  🗺️  Grid: 0.080% | 🔺 7478.50 🔻 7476.00
  📡 RSI: 67.5 | MACD: 3.64 | ATR: 2.84
  📊 Filled: 0 | Pending: 0
  💰 Daily P&L: $+0.00

[2026-07-28 10:54] O:7481.00 H:7481.50 L:7477.75 C:7478.25 V:1938.0
  📈 Trend: strong_bullish | 🌍 Regime: trending_bullish
  🗺️  Grid: 0.080% | 🔺 7482.00 🔻 7478.25
  📡 RSI: 60.2 | MACD: 3.38 | ATR: 2.89
  📊 Filled: 0 | Pending: 0
  💰 Daily P&L: $+0.00

[2026-07-28 10:55] O:7478.00 H:7478.75 L:7475.75 C:7476.00 V:2066.0
  📈 Trend: strong_bullish | 🌍 Regime: trending_bullish
  🗺️  Grid: 0.080% | 🔺 7481.50 🔻 7477.75
  📡 RSI: 53.1 | MACD: 2.96 | ATR: 2.91
  📊 Filled: 0 | Pending: 0
  💰 Daily P&L: $+0.00

[2026-07-28 10:56] O:7476.00 H:7479.00 L:7475.50 C:7479.00 V:1668.0
  📈 Trend: strong_bullish | 🌍 Regime: trending_bullish
  🗺️  Grid: 0.080% | 🔺 7478.75 🔻 7475.75
  📡 RSI: 58.2 | MACD: 2.83 | ATR: 3.04
  📊 Filled: 0 | Pending: 0
  💰 Daily P&L: $+0.00

[2026-07-28 10:57] O:7479.00 H:7480.25 L:7478.00 C:7480.00 V:1342.0
  📈 Trend: strong_bullish | 🌍 Regime: trending_bullish
  🗺️  Grid: 0.080% | 🔺 7479.00 🔻 7475.50
  📡 RSI: 56.6 | MACD: 2.78 | ATR: 2.95
  📊 Filled: 0 | Pending: 0
  💰 Daily P&L: $+0.00

[2026-07-28 10:58] O:7480.00 H:7481.50 L:7478.50 C:7479.00 V:2052.0
  📈 Trend: strong_bullish | 🌍 Regime: trending_bullish
  🗺️  Grid: 0.080% | 🔺 7480.25 🔻 7478.00
  📡 RSI: 51.5 | MACD: 2.63 | ATR: 3.00
  📊 Filled: 0 | Pending: 0
  💰 Daily P&L: $+0.00

[2026-07-28 10:59] O:7479.00 H:7480.00 L:7478.50 C:7479.50 V:1327.0
  📈 Trend: strong_bullish | 🌍 Regime: trending_bullish
  🗺️  Grid: 0.080% | 🔺 7481.50 🔻 7478.50
  📡 RSI: 52.9 | MACD: 2.52 | ATR: 2.93
  📊 Filled: 0 | Pending: 0
  💰 Daily P&L: $+0.00

[2026-07-28 11:00] O:7479.75 H:7481.00 L:7477.25 C:7481.00 V:2767.0
  📈 Trend: strong_bullish | 🌍 Regime: trending_bullish
  🗺️  Grid: 0.080% | 🔺 7480.00 🔻 7478.50
  📡 RSI: 52.0 | MACD: 2.53 | ATR: 3.00
  📊 Filled: 0 | Pending: 0
  💰 Daily P&L: $+0.00

[2026-07-28 11:01] O:7481.00 H:7481.00 L:7479.00 C:7479.00 V:1698.0
  📈 Trend: strong_bullish | 🌍 Regime: trending_bullish
  🗺️  Grid: 0.080% | 🔺 7481.00 🔻 7477.25
  📡 RSI: 49.5 | MACD: 2.35 | ATR: 3.05
  📊 Filled: 0 | Pending: 0
  💰 Daily P&L: $+0.00

[2026-07-28 11:02] O:7479.25 H:7480.50 L:7477.75 C:7477.75 V:1621.0
  📈 Trend: strong_bullish | 🌍 Regime: trending_bullish
  🗺️  Grid: 0.080% | 🔺 7481.00 🔻 7479.00
  📡 RSI: 42.7 | MACD: 2.08 | ATR: 3.07
  📊 Filled: 0 | Pending: 0
  💰 Daily P&L: $+0.00

[2026-07-28 11:03] O:7478.00 H:7479.50 L:7477.25 C:7478.75 V:1472.0
  📈 Trend: strong_bullish | 🌍 Regime: trending_bullish
  🗺️  Grid: 0.080% | 🔺 7480.50 🔻 7477.75
  📡 RSI: 46.2 | MACD: 1.92 | ATR: 3.05
  📊 Filled: 0 | Pending: 0
  💰 Daily P&L: $+0.00

[2026-07-28 11:04] O:7479.00 H:7479.00 L:7476.75 C:7477.75 V:1383.0
  📈 Trend: strong_bullish (raw: moderate_bullish) | 🌍 Regime: trending_bullish
  🗺️  Grid: 0.080% | 🔺 7479.50 🔻 7477.25
  📡 RSI: 53.3 | MACD: 1.70 | ATR: 2.82
  📊 Filled: 0 | Pending: 0
  💰 Daily P&L: $+0.00

[2026-07-28 11:05] O:7477.50 H:7479.50 L:7477.50 C:7477.75 V:1308.0
  📈 Trend: moderate_bullish | 🌍 Regime: trending_bullish
  🗺️  Grid: 0.080% | 🔺 7479.00 🔻 7476.75
  📡 RSI: 50.0 | MACD: 1.50 | ATR: 2.73
  📊 Filled: 0 | Pending: 0
  💰 Daily P&L: $+0.00

[2026-07-28 11:06] O:7478.00 H:7479.00 L:7476.50 C:7478.50 V:1740.0
  📈 Trend: moderate_bullish | 🌍 Regime: trending_bullish
  🗺️  Grid: 0.080% | 🔺 7479.50 🔻 7477.50
  📡 RSI: 50.0 | MACD: 1.39 | ATR: 2.73
  📊 Filled: 0 | Pending: 0
  💰 Daily P&L: $+0.00

[2026-07-28 11:07] O:7478.50 H:7478.75 L:7474.75 C:7474.75 V:2392.0
  📈 Trend: moderate_bullish | 🌍 Regime: trending_bullish
  🗺️  Grid: 0.080% | 🔺 7479.00 🔻 7476.50
  📡 RSI: 35.2 | MACD: 0.99 | ATR: 2.75
  📊 Filled: 0 | Pending: 0
  💰 Daily P&L: $+0.00

[2026-07-28 11:08] O:7474.75 H:7475.00 L:7473.00 C:7474.25 V:3340.0
  📈 Trend: moderate_bullish | 🌍 Regime: trending_bullish
  🗺️  Grid: 0.080% | 🔺 7478.75 🔻 7474.75
  📡 RSI: 39.7 | MACD: 0.63 | ATR: 2.62
  📊 Filled: 0 | Pending: 0
  💰 Daily P&L: $+0.00

[2026-07-28 11:09] O:7474.25 H:7475.00 L:7473.25 C:7473.25 V:1665.0
  📈 Trend: moderate_bullish | 🌍 Regime: trending_bullish
  🗺️  Grid: 0.080% | 🔺 7475.00 🔻 7473.00
  📡 RSI: 42.5 | MACD: 0.25 | ATR: 2.54
  📊 Filled: 0 | Pending: 0
  💰 Daily P&L: $+0.00

[2026-07-28 11:10] O:7473.50 H:7474.25 L:7472.50 C:7472.75 V:1973.0
  📈 Trend: moderate_bullish | 🌍 Regime: trending_bullish
  🗺️  Grid: 0.080% | 🔺 7475.00 🔻 7473.25
  📡 RSI: 30.2 | MACD: -0.08 | ATR: 2.41
  📊 Filled: 0 | Pending: 0
  💰 Daily P&L: $+0.00

[2026-07-28 11:11] O:7473.00 H:7475.75 L:7472.75 C:7475.25 V:2983.0
  📈 Trend: moderate_bullish | 🌍 Regime: trending_bullish
  🗺️  Grid: 0.080% | 🔺 7474.25 🔻 7472.50
  📡 RSI: 36.2 | MACD: -0.14 | ATR: 2.46
  📊 Filled: 0 | Pending: 0
  📤 Limit BUY 10 @ 7475.25 submitted (ID: 552)
  ⬆️ LONG ORDER @ 7475.25 | Size: 1.00 | SL: 7470.25 | TP: 7482.75 [10cts]
     Reason: Grid Long (moderate_bullish, RSI: 36.2)
  🔬 SHADOW [long trending]: 🟥 ROBUST WOULD BLOCK (1 filter)
       MACD=BLOCK (-0.14 vs -0.08, Δ-0.06) | 5m=PASS (1m=moderate_bullish, 5m=sideways)
     ⏳ Order 552 PENDING - awaiting fill confirmation
  💰 Daily P&L: $+0.00
  📋 Order 552 status: Submitted
  ✅ Fill: BOT 4.0 @ 7475.25
  📋 Order 552 status: Submitted
  ✅ Fill: BOT 3.0 @ 7475.25
  📋 Order 552 status: Submitted
  ✅ Fill: BOT 1.0 @ 7475.25
  📋 Order 552 status: Submitted
  ✅ Fill: BOT 1.0 @ 7475.25
  📋 Order 552 status: Submitted
  ✅ Fill: BOT 1.0 @ 7475.25
  📋 Order 552 status: Filled
  📤 Stop-Limit SELL 10 @ stop:7467.25 / lmt:7463.25 submitted (ID: 553) [OCA:exit_552_1785255186]
  📋 Order 553 status: PreSubmitted
  📤 Limit SELL 10 @ 7482.75 submitted (ID: 554) [OCA:exit_552_1785255186]
  📋 Order 554 status: PreSubmitted
  ✅ FILL CONFIRMED: LONG @ 7475.25 (order 552)
     📊 Bracket placed: SL #553 @ 7467.25 | TP #554 @ 7482.75
     Trail activates @ +7.5 pts

[2026-07-28 11:12] O:7475.25 H:7475.75 L:7474.00 C:7475.50 V:1581.0
  📈 Trend: moderate_bullish | 🌍 Regime: trending_bullish
  🗺️  Grid: 0.080% | 🔺 7475.75 🔻 7472.75
  📡 RSI: 39.4 | MACD: -0.17 | ATR: 2.38
  📊 Filled: 1 | Pending: 0
  📍 LONG @ 7475.25 | SL: 7467.25 | TP: 7482.75 | P&L: $+125.00 | +7.5 to trail
  💰 Daily P&L: $+0.00
  📋 Order 554 status: Submitted

[2026-07-28 11:13] O:7475.25 H:7476.00 L:7473.00 C:7473.25 V:1245.0
  📈 Trend: moderate_bullish | 🌍 Regime: trending_bullish
  🗺️  Grid: 0.080% | 🔺 7475.75 🔻 7474.00
  📡 RSI: 32.9 | MACD: -0.37 | ATR: 2.48
  📊 Filled: 1 | Pending: 0
  📍 LONG @ 7475.25 | SL: 7467.25 | TP: 7482.75 | P&L: $-1,000.00 | +7.0 to trail
  💰 Daily P&L: $+0.00

[2026-07-28 11:14] O:7473.00 H:7474.00 L:7472.50 C:7474.00 V:1199.0
  📈 Trend: moderate_bullish | 🌍 Regime: trending_bullish
  🗺️  Grid: 0.080% | 🔺 7476.00 🔻 7473.00
  📡 RSI: 30.0 | MACD: -0.46 | ATR: 2.32
  📊 Filled: 1 | Pending: 0
  📍 LONG @ 7475.25 | SL: 7467.25 | TP: 7482.75 | P&L: $-625.00 | +6.8 to trail
  💰 Daily P&L: $+0.00

[2026-07-28 11:15] O:7474.00 H:7475.25 L:7472.25 C:7473.00 V:1778.0
  📈 Trend: moderate_bullish | 🌍 Regime: trending_bullish
  🗺️  Grid: 0.080% | 🔺 7474.00 🔻 7472.50
  📡 RSI: 31.8 | MACD: -0.61 | ATR: 2.39
  📊 Filled: 1 | Pending: 0
  📍 LONG @ 7475.25 | SL: 7467.25 | TP: 7482.75 | P&L: $-1,125.00 | +6.8 to trail
  💰 Daily P&L: $+0.00

[2026-07-28 11:16] O:7473.00 H:7473.25 L:7471.50 C:7471.75 V:1182.0
  📈 Trend: moderate_bullish | 🌍 Regime: trending_bullish
  🗺️  Grid: 0.080% | 🔺 7475.25 🔻 7472.25
  📡 RSI: 31.8 | MACD: -0.82 | ATR: 2.32
  📊 Filled: 1 | Pending: 0
  📍 LONG @ 7475.25 | SL: 7467.25 | TP: 7482.75 | P&L: $-1,750.00 | +6.8 to trail
  💰 Daily P&L: $+0.00

[2026-07-28 11:17] O:7471.75 H:7473.50 L:7471.50 C:7471.75 V:1751.0
  📈 Trend: moderate_bullish | 🌍 Regime: trending_bullish
  🗺️  Grid: 0.080% | 🔺 7473.25 🔻 7471.50
  📡 RSI: 27.4 | MACD: -0.97 | ATR: 2.30
  📊 Filled: 1 | Pending: 0
  📍 LONG @ 7475.25 | SL: 7467.25 | TP: 7482.75 | P&L: $-1,750.00 | +6.8 to trail
  💰 Daily P&L: $+0.00

[2026-07-28 11:18] O:7471.75 H:7473.50 L:7470.75 C:7471.75 V:1744.0
  📈 Trend: moderate_bullish (raw: strong_bearish) | 🌍 Regime: trending_bearish
  🗺️  Grid: 0.080% | 🔺 7473.50 🔻 7471.50
  📡 RSI: 29.3 | MACD: -1.08 | ATR: 2.34
  📊 Filled: 1 | Pending: 0
  📍 LONG @ 7475.25 | SL: 7467.25 | TP: 7482.75 | P&L: $-1,750.00 | +6.8 to trail
  💰 Daily P&L: $+0.00

[2026-07-28 11:19] O:7471.75 H:7476.75 L:7471.50 C:7476.75 V:2107.0
  📈 Trend: strong_bearish | 🌍 Regime: trending_bearish
  🗺️  Grid: 0.080% | 🔺 7473.50 🔻 7470.75
  📡 RSI: 47.4 | MACD: -0.75 | ATR: 2.57
  📊 Filled: 1 | Pending: 0
  📍 LONG @ 7475.25 | SL: 7467.25 | TP: 7482.75 | P&L: $+750.00 | +6.8 to trail
  💰 Daily P&L: $+0.00

[2026-07-28 11:20] O:7476.75 H:7478.50 L:7475.50 C:7477.00 V:3135.0
  📈 Trend: strong_bearish (raw: moderate_bearish) | 🌍 Regime: trending_bearish
  🗺️  Grid: 0.080% | 🔺 7476.75 🔻 7471.50
  📡 RSI: 46.1 | MACD: -0.47 | ATR: 2.61
  📊 Filled: 1 | Pending: 0
  📍 LONG @ 7475.25 | SL: 7467.25 | TP: 7482.75 | P&L: $+875.00 | +6.0 to trail
  💰 Daily P&L: $+0.00

[2026-07-28 11:21] O:7477.00 H:7477.25 L:7474.25 C:7476.25 V:1700.0
  📈 Trend: moderate_bearish | 🌍 Regime: trending_bearish
  🗺️  Grid: 0.080% | 🔺 7478.50 🔻 7475.50
  📡 RSI: 54.7 | MACD: -0.30 | ATR: 2.54
  📊 Filled: 1 | Pending: 0
  📍 LONG @ 7475.25 | SL: 7467.25 | TP: 7482.75 | P&L: $+500.00 | +4.2 to trail
  💰 Daily P&L: $+0.00

[2026-07-28 11:22] O:7476.00 H:7476.50 L:7474.25 C:7474.75 V:1341.0
  📈 Trend: moderate_bearish | 🌍 Regime: trending_bearish
  🗺️  Grid: 0.080% | 🔺 7477.25 🔻 7474.25
  📡 RSI: 51.5 | MACD: -0.29 | ATR: 2.55
  📊 Filled: 1 | Pending: 0
  📍 LONG @ 7475.25 | SL: 7467.25 | TP: 7482.75 | P&L: $-250.00 | +4.2 to trail
  💰 Daily P&L: $+0.00

[2026-07-28 11:23] O:7474.75 H:7474.75 L:7472.00 C:7472.50 V:1914.0
  📈 Trend: moderate_bearish (raw: strong_bearish) | 🌍 Regime: ranging
  🗺️  Grid: 0.080% | 🔺 7476.50 🔻 7474.25
  📡 RSI: 47.9 | MACD: -0.45 | ATR: 2.62
  📊 Filled: 1 | Pending: 0
  📍 LONG @ 7475.25 | SL: 7467.25 | TP: 7482.75 | P&L: $-1,375.00 | +4.2 to trail
  💰 Daily P&L: $+0.00

[2026-07-28 11:24] O:7472.25 H:7472.75 L:7470.50 C:7472.50 V:2296.0
  📈 Trend: strong_bearish | 🌍 Regime: trending_bearish
  🗺️  Grid: 0.080% | 🔺 7474.75 🔻 7472.00
  📡 RSI: 49.3 | MACD: -0.57 | ATR: 2.66
  📊 Filled: 1 | Pending: 0
  📍 LONG @ 7475.25 | SL: 7467.25 | TP: 7482.75 | P&L: $-1,375.00 | +4.2 to trail
  💰 Daily P&L: $+0.00

[2026-07-28 11:25] O:7472.25 H:7473.75 L:7471.75 C:7473.75 V:1055.0
  📈 Trend: strong_bearish | 🌍 Regime: trending_bearish
  🗺️  Grid: 0.080% | 🔺 7472.75 🔻 7470.50
  📡 RSI: 45.5 | MACD: -0.56 | ATR: 2.59
  📊 Filled: 1 | Pending: 0
  📍 LONG @ 7475.25 | SL: 7467.25 | TP: 7482.75 | P&L: $-750.00 | +4.2 to trail
  💰 Daily P&L: $+0.00

[2026-07-28 11:26] O:7473.50 H:7473.75 L:7471.75 C:7472.25 V:1439.0
  📈 Trend: strong_bearish | 🌍 Regime: trending_bearish
  🗺️  Grid: 0.080% | 🔺 7473.75 🔻 7471.75
  📡 RSI: 40.8 | MACD: -0.67 | ATR: 2.61
  📊 Filled: 1 | Pending: 0
  📍 LONG @ 7475.25 | SL: 7467.25 | TP: 7482.75 | P&L: $-1,500.00 | +4.2 to trail
  💰 Daily P&L: $+0.00

[2026-07-28 11:27] O:7472.25 H:7473.50 L:7470.50 C:7472.25 V:1409.0
  📈 Trend: strong_bearish | 🌍 Regime: trending_bearish
  🗺️  Grid: 0.080% | 🔺 7473.75 🔻 7471.75
  📡 RSI: 46.8 | MACD: -0.74 | ATR: 2.61
  📊 Filled: 1 | Pending: 0
  📍 LONG @ 7475.25 | SL: 7467.25 | TP: 7482.75 | P&L: $-1,500.00 | +4.2 to trail
  💰 Daily P&L: $+0.00

[2026-07-28 11:28] O:7472.25 H:7473.25 L:7471.25 C:7471.50 V:1139.0
  📈 Trend: strong_bearish | 🌍 Regime: trending_bearish
  🗺️  Grid: 0.080% | 🔺 7473.50 🔻 7470.50
  📡 RSI: 41.9 | MACD: -0.86 | ATR: 2.64
  📊 Filled: 1 | Pending: 0
  📍 LONG @ 7475.25 | SL: 7467.25 | TP: 7482.75 | P&L: $-1,875.00 | +4.2 to trail
  💰 Daily P&L: $+0.00

[2026-07-28 11:29] O:7471.50 H:7472.50 L:7469.50 C:7470.00 V:1496.0
  📈 Trend: strong_bearish | 🌍 Regime: trending_bearish
  🗺️  Grid: 0.080% | 🔺 7473.25 🔻 7471.25
  📡 RSI: 40.6 | MACD: -1.05 | ATR: 2.64
  📊 Filled: 1 | Pending: 0
  📍 LONG @ 7475.25 | SL: 7467.25 | TP: 7482.75 | P&L: $-2,625.00 | +4.2 to trail
  💰 Daily P&L: $+0.00
  📋 Order 554 status: PreSubmitted
  📋 Order 554 status: PendingCancel
  ✅ Fill: SLD 10.0 @ 7467.25
  📋 Order 553 status: Filled
  📋 Order 554 status: Cancelled

[2026-07-28 11:30] O:7469.75 H:7469.75 L:7467.25 C:7467.50 V:2419.0
  📈 Trend: strong_bearish | 🌍 Regime: trending_bearish
  🗺️  Grid: 0.080% | 🔺 7472.50 🔻 7469.50
  📡 RSI: 37.7 | MACD: -1.39 | ATR: 2.71
  📊 Filled: 1 | Pending: 0
  📍 LONG @ 7475.25 | SL: 7467.25 | TP: 7482.75 | P&L: $-3,875.00 | +4.2 to trail
  ❌ EXIT LONG @ 7467.25 | Stop Loss
     P&L: -8.00 pts ($-4,000.00) | Daily: $-4,000.00
  ⏸️ Cooldown: 2 bar(s) remaining after exit
  💰 Daily P&L: $-4,000.00

[2026-07-28 11:31] O:7467.50 H:7468.25 L:7466.75 C:7468.00 V:2410.0
  📈 Trend: strong_bearish | 🌍 Regime: trending_bearish
  🗺️  Grid: 0.080% | 🔺 7469.75 🔻 7467.25
  📡 RSI: 39.4 | MACD: -1.60 | ATR: 2.68
  📊 Filled: 0 | Pending: 0
  ⏸️ Cooldown: 1 bar(s) remaining after exit
  💰 Daily P&L: $-4,000.00

[2026-07-28 11:32] O:7468.00 H:7470.50 L:7467.25 C:7470.50 V:2210.0
  📈 Trend: strong_bearish | 🌍 Regime: trending_bearish
  🗺️  Grid: 0.080% | 🔺 7468.25 🔻 7466.75
  📡 RSI: 46.9 | MACD: -1.55 | ATR: 2.71
  📊 Filled: 0 | Pending: 0
  💰 Daily P&L: $-4,000.00

[2026-07-28 11:33] O:7470.25 H:7471.50 L:7468.50 C:7469.00 V:1809.0
  📈 Trend: strong_bearish | 🌍 Regime: trending_bearish
  🗺️  Grid: 0.080% | 🔺 7470.50 🔻 7467.25
  📡 RSI: 26.9 | MACD: -1.61 | ATR: 2.55
  📊 Filled: 0 | Pending: 0
  💰 Daily P&L: $-4,000.00

[2026-07-28 11:34] O:7469.00 H:7471.25 L:7468.50 C:7468.75 V:1010.0
  📈 Trend: strong_bearish | 🌍 Regime: trending_bearish
  🗺️  Grid: 0.080% | 🔺 7471.50 🔻 7468.50
  📡 RSI: 25.4 | MACD: -1.66 | ATR: 2.54
  📊 Filled: 0 | Pending: 0
  💰 Daily P&L: $-4,000.00

[2026-07-28 11:35] O:7468.75 H:7470.75 L:7468.75 C:7469.75 V:1106.0
  📈 Trend: strong_bearish | 🌍 Regime: trending_bearish
  🗺️  Grid: 0.080% | 🔺 7471.25 🔻 7468.50
  📡 RSI: 30.9 | MACD: -1.60 | ATR: 2.46
  📊 Filled: 0 | Pending: 0
  💰 Daily P&L: $-4,000.00

[2026-07-28 11:36] O:7470.00 H:7470.50 L:7468.50 C:7469.25 V:943.0
  📈 Trend: strong_bearish | 🌍 Regime: trending_bearish
  🗺️  Grid: 0.080% | 🔺 7470.75 🔻 7468.75
  📡 RSI: 32.8 | MACD: -1.58 | ATR: 2.45
  📊 Filled: 0 | Pending: 0
  💰 Daily P&L: $-4,000.00

[2026-07-28 11:37] O:7469.25 H:7470.25 L:7468.50 C:7470.00 V:1181.0
  📈 Trend: strong_bearish | 🌍 Regime: trending_bearish
  🗺️  Grid: 0.080% | 🔺 7470.50 🔻 7468.50
  📡 RSI: 41.4 | MACD: -1.48 | ATR: 2.38
  📊 Filled: 0 | Pending: 0
  💰 Daily P&L: $-4,000.00

[2026-07-28 11:38] O:7470.00 H:7474.25 L:7469.25 C:7473.50 V:2067.0
  📈 Trend: strong_bearish (raw: moderate_bearish) | 🌍 Regime: trending_bearish
  🗺️  Grid: 0.080% | 🔺 7470.25 🔻 7468.50
  📡 RSI: 52.8 | MACD: -1.11 | ATR: 2.57
  📊 Filled: 0 | Pending: 0
  💰 Daily P&L: $-4,000.00

[2026-07-28 11:39] O:7473.50 H:7475.75 L:7472.50 C:7475.50 V:2223.0
  📈 Trend: moderate_bearish | 🌍 Regime: trending_bearish
  🗺️  Grid: 0.080% | 🔺 7474.25 🔻 7469.25
  📡 RSI: 54.7 | MACD: -0.64 | ATR: 2.66
  📊 Filled: 0 | Pending: 0
  💰 Daily P&L: $-4,000.00

[2026-07-28 11:40] O:7475.25 H:7477.25 L:7474.50 C:7475.25 V:2236.0
  📈 Trend: moderate_bearish | 🌍 Regime: trending_bearish
  🗺️  Grid: 0.080% | 🔺 7475.75 🔻 7472.50
  📡 RSI: 58.6 | MACD: -0.29 | ATR: 2.71
  📊 Filled: 0 | Pending: 0
  💰 Daily P&L: $-4,000.00

[2026-07-28 11:41] O:7475.50 H:7477.75 L:7475.00 C:7477.50 V:1601.0
  📈 Trend: moderate_bearish (raw: strong_bullish) | 🌍 Regime: trending_bullish
  🗺️  Grid: 0.080% | 🔺 7477.25 🔻 7474.50
  📡 RSI: 63.3 | MACD: 0.16 | ATR: 2.70
  📊 Filled: 0 | Pending: 0
  💰 Daily P&L: $-4,000.00

[2026-07-28 11:42] O:7477.50 H:7478.00 L:7475.25 C:7475.75 V:1969.0
  📈 Trend: strong_bullish | 🌍 Regime: trending_bullish
  🗺️  Grid: 0.080% | 🔺 7477.75 🔻 7475.00
  📡 RSI: 60.2 | MACD: 0.38 | ATR: 2.75
  📊 Filled: 0 | Pending: 0
  💰 Daily P&L: $-4,000.00

[2026-07-28 11:43] O:7476.00 H:7478.75 L:7476.00 C:7478.75 V:1261.0
  📈 Trend: strong_bullish | 🌍 Regime: trending_bullish
  🗺️  Grid: 0.080% | 🔺 7478.00 🔻 7475.25
  📡 RSI: 69.7 | MACD: 0.79 | ATR: 2.75
  📊 Filled: 0 | Pending: 0
  💰 Daily P&L: $-4,000.00

[2026-07-28 11:44] O:7478.75 H:7479.25 L:7475.75 C:7477.00 V:3140.0
  📈 Trend: strong_bullish | 🌍 Regime: trending_bullish
  🗺️  Grid: 0.080% | 🔺 7478.75 🔻 7476.00
  📡 RSI: 72.1 | MACD: 0.96 | ATR: 2.80
  📊 Filled: 0 | Pending: 0
  💰 Daily P&L: $-4,000.00

[2026-07-28 11:45] O:7477.00 H:7478.50 L:7475.25 C:7475.50 V:2629.0
  📈 Trend: strong_bullish | 🌍 Regime: trending_bullish
  🗺️  Grid: 0.080% | 🔺 7479.25 🔻 7475.75
  📡 RSI: 66.7 | MACD: 0.96 | ATR: 2.93
  📊 Filled: 0 | Pending: 0
  💰 Daily P&L: $-4,000.00

[2026-07-28 11:46] O:7475.50 H:7476.75 L:7471.25 C:7472.00 V:2343.0
  📈 Trend: strong_bullish (raw: moderate_bullish) | 🌍 Regime: trending_bullish
  🗺️  Grid: 0.080% | 🔺 7478.50 🔻 7475.25
  📡 RSI: 53.2 | MACD: 0.67 | ATR: 3.09
  📊 Filled: 0 | Pending: 0
  💰 Daily P&L: $-4,000.00

[2026-07-28 11:47] O:7472.00 H:7475.50 L:7472.00 C:7474.75 V:1360.0
  📈 Trend: strong_bullish | 🌍 Regime: ranging
  🗺️  Grid: 0.080% | 🔺 7476.75 🔻 7471.25
  📡 RSI: 61.6 | MACD: 0.65 | ATR: 3.12
  📊 Filled: 0 | Pending: 0
  🔲 Regime: RANGING | Range pos: 86% | RSI: 61.6
  💰 Daily P&L: $-4,000.00

[2026-07-28 11:48] O:7474.75 H:7475.50 L:7472.25 C:7473.50 V:2041.0
  📈 Trend: strong_bullish | 🌍 Regime: ranging
  🗺️  Grid: 0.080% | 🔺 7475.50 🔻 7472.00
  📡 RSI: 59.2 | MACD: 0.54 | ATR: 3.16
  📊 Filled: 0 | Pending: 0
  🔲 Regime: RANGING | Range pos: 84% | RSI: 59.2
  💰 Daily P&L: $-4,000.00

[2026-07-28 11:49] O:7473.25 H:7476.00 L:7473.25 C:7475.50 V:1186.0
  📈 Trend: strong_bullish | 🌍 Regime: ranging
  🗺️  Grid: 0.080% | 🔺 7475.50 🔻 7472.25
  📡 RSI: 60.7 | MACD: 0.60 | ATR: 3.21
  📊 Filled: 0 | Pending: 0
  🔲 Regime: RANGING | Range pos: 87% | RSI: 60.7
  💰 Daily P&L: $-4,000.00

[2026-07-28 11:50] O:7475.25 H:7480.75 L:7475.25 C:7479.75 V:2109.0
  📈 Trend: strong_bullish | 🌍 Regime: ranging
  🗺️  Grid: 0.080% | 🔺 7476.00 🔻 7473.25
  📡 RSI: 67.2 | MACD: 0.98 | ATR: 3.46
  📊 Filled: 0 | Pending: 0
  🔲 Regime: RANGING | Range pos: 95% | RSI: 67.2
  💰 Daily P&L: $-4,000.00

[2026-07-28 11:51] O:7479.75 H:7483.25 L:7479.75 C:7483.00 V:2712.0
  📈 Trend: strong_bullish | 🌍 Regime: trending_bullish
  🗺️  Grid: 0.080% | 🔺 7480.75 🔻 7475.25
  📡 RSI: 69.7 | MACD: 1.52 | ATR: 3.59
  📊 Filled: 0 | Pending: 0
  💰 Daily P&L: $-4,000.00

[2026-07-28 11:52] O:7482.75 H:7483.25 L:7482.00 C:7482.75 V:1631.0
  📈 Trend: strong_bullish | 🌍 Regime: ranging
  🗺️  Grid: 0.080% | 🔺 7483.25 🔻 7479.75
  📡 RSI: 65.5 | MACD: 1.91 | ATR: 3.32
  📊 Filled: 0 | Pending: 0
  🔲 Regime: RANGING | Range pos: 99% | RSI: 65.5
  💰 Daily P&L: $-4,000.00

[2026-07-28 11:53] O:7482.50 H:7484.50 L:7482.25 C:7482.75 V:1990.0
  📈 Trend: strong_bullish | 🌍 Regime: ranging
  🗺️  Grid: 0.080% | 🔺 7483.25 🔻 7482.00
  📡 RSI: 63.1 | MACD: 2.20 | ATR: 3.25
  📊 Filled: 0 | Pending: 0
  🔲 Regime: RANGING | Range pos: 97% | RSI: 63.1
  💰 Daily P&L: $-4,000.00

[2026-07-28 11:54] O:7482.75 H:7484.25 L:7482.75 C:7484.00 V:1127.0
  📈 Trend: strong_bullish | 🌍 Regime: ranging
  🗺️  Grid: 0.080% | 🔺 7484.50 🔻 7482.25
  📡 RSI: 65.2 | MACD: 2.49 | ATR: 3.16
  📊 Filled: 0 | Pending: 0
  🔲 Regime: RANGING | Range pos: 99% | RSI: 65.2
  💰 Daily P&L: $-4,000.00

[2026-07-28 11:55] O:7483.75 H:7484.25 L:7482.50 C:7484.00 V:1452.0
  📈 Trend: strong_bullish | 🌍 Regime: ranging
  🗺️  Grid: 0.080% | 🔺 7484.25 🔻 7482.75
  📡 RSI: 62.3 | MACD: 2.70 | ATR: 3.09
  📊 Filled: 0 | Pending: 0
  🔲 Regime: RANGING | Range pos: 99% | RSI: 62.3
  💰 Daily P&L: $-4,000.00

[2026-07-28 11:56] O:7484.25 H:7485.75 L:7482.50 C:7485.25 V:2191.0
  📈 Trend: strong_bullish | 🌍 Regime: ranging
  🗺️  Grid: 0.080% | 🔺 7484.25 🔻 7482.50
  📡 RSI: 68.3 | MACD: 2.93 | ATR: 3.12
  📊 Filled: 0 | Pending: 0
  🔲 Regime: RANGING | Range pos: 99% | RSI: 68.3
  💰 Daily P&L: $-4,000.00

[2026-07-28 11:57] O:7485.25 H:7485.50 L:7483.25 C:7484.25 V:1393.0
  📈 Trend: strong_bullish | 🌍 Regime: trending_bullish
  🗺️  Grid: 0.080% | 🔺 7485.75 🔻 7482.50
  📡 RSI: 61.5 | MACD: 2.99 | ATR: 3.07
  📊 Filled: 0 | Pending: 0
  💰 Daily P&L: $-4,000.00

[2026-07-28 11:58] O:7484.25 H:7484.50 L:7483.00 C:7483.75 V:1058.0
  📈 Trend: strong_bullish | 🌍 Regime: trending_bullish
  🗺️  Grid: 0.080% | 🔺 7485.50 🔻 7483.25
  📡 RSI: 64.8 | MACD: 2.97 | ATR: 2.93
  📊 Filled: 0 | Pending: 0
  💰 Daily P&L: $-4,000.00

[2026-07-28 11:59] O:7483.75 H:7484.25 L:7483.25 C:7484.00 V:816.0
  📈 Trend: strong_bullish | 🌍 Regime: trending_bullish
  🗺️  Grid: 0.080% | 🔺 7484.50 🔻 7483.00
  📡 RSI: 69.8 | MACD: 2.94 | ATR: 2.77
  📊 Filled: 0 | Pending: 0
  💰 Daily P&L: $-4,000.00

[2026-07-28 12:00] O:7484.00 H:7485.50 L:7482.25 C:7484.50 V:1773.0
  📈 Trend: strong_bullish | 🌍 Regime: ranging
  🗺️  Grid: 0.080% | 🔺 7484.25 🔻 7483.25
  📡 RSI: 83.8 | MACD: 2.92 | ATR: 2.61
  📊 Filled: 0 | Pending: 0
  🔲 Regime: RANGING | Range pos: 98% | RSI: 83.8
  🚫 Raw trend blocks RANGING SHORT | raw: strong_bullish
  💰 Daily P&L: $-4,000.00

[2026-07-28 12:01] O:7484.50 H:7485.50 L:7483.75 C:7483.75 V:1178.0
  📈 Trend: strong_bullish | 🌍 Regime: ranging
  🗺️  Grid: 0.080% | 🔺 7485.50 🔻 7482.25
  📡 RSI: 77.3 | MACD: 2.81 | ATR: 2.48
  📊 Filled: 0 | Pending: 0
  🔲 Regime: RANGING | Range pos: 96% | RSI: 77.3
  🚫 Raw trend blocks RANGING SHORT | raw: strong_bullish
  💰 Daily P&L: $-4,000.00

[2026-07-28 12:02] O:7483.75 H:7484.25 L:7480.00 C:7481.00 V:3242.0
  📈 Trend: strong_bullish | 🌍 Regime: ranging
  🗺️  Grid: 0.080% | 🔺 7485.50 🔻 7483.75
  📡 RSI: 70.8 | MACD: 2.48 | ATR: 2.55
  📊 Filled: 0 | Pending: 0
  🔲 Regime: RANGING | Range pos: 92% | RSI: 70.8
  🚫 Raw trend blocks RANGING SHORT | raw: strong_bullish
  💰 Daily P&L: $-4,000.00

[2026-07-28 12:03] O:7481.00 H:7481.25 L:7479.00 C:7479.75 V:1817.0
  📈 Trend: strong_bullish | 🌍 Regime: ranging
  🗺️  Grid: 0.080% | 🔺 7484.25 🔻 7480.00
  📡 RSI: 62.3 | MACD: 2.09 | ATR: 2.52
  📊 Filled: 0 | Pending: 0
  🔲 Regime: RANGING | Range pos: 89% | RSI: 62.3
  💰 Daily P&L: $-4,000.00

[2026-07-28 12:04] O:7479.75 H:7480.25 L:7478.75 C:7479.25 V:1036.0
  📈 Trend: strong_bullish | 🌍 Regime: ranging
  🗺️  Grid: 0.080% | 🔺 7481.25 🔻 7479.00
  📡 RSI: 48.1 | MACD: 1.72 | ATR: 2.23
  📊 Filled: 0 | Pending: 0
  🔲 Regime: RANGING | Range pos: 89% | RSI: 48.1
  💰 Daily P&L: $-4,000.00

[2026-07-28 12:05] O:7479.25 H:7481.00 L:7478.50 C:7479.25 V:1250.0
  📈 Trend: strong_bullish | 🌍 Regime: ranging
  🗺️  Grid: 0.080% | 🔺 7480.25 🔻 7478.75
  📡 RSI: 31.7 | MACD: 1.41 | ATR: 2.16
  📊 Filled: 0 | Pending: 0
  🔲 Regime: RANGING | Range pos: 89% | RSI: 31.7
  💰 Daily P&L: $-4,000.00

[2026-07-28 12:06] O:7479.50 H:7481.00 L:7476.25 C:7479.25 V:3766.0
  📈 Trend: strong_bullish | 🌍 Regime: ranging
  🗺️  Grid: 0.080% | 🔺 7481.00 🔻 7478.50
  📡 RSI: 32.5 | MACD: 1.15 | ATR: 2.41
  📊 Filled: 0 | Pending: 0
  🔲 Regime: RANGING | Range pos: 89% | RSI: 32.5
  💰 Daily P&L: $-4,000.00

[2026-07-28 12:07] O:7479.25 H:7479.25 L:7477.25 C:7478.50 V:1516.0
  📈 Trend: strong_bullish | 🌍 Regime: ranging
  🗺️  Grid: 0.080% | 🔺 7481.00 🔻 7476.25
  📡 RSI: 30.2 | MACD: 0.88 | ATR: 2.39
  📊 Filled: 0 | Pending: 0
  🔲 Regime: RANGING | Range pos: 87% | RSI: 30.2
  💰 Daily P&L: $-4,000.00

[2026-07-28 12:08] O:7478.50 H:7479.00 L:7474.75 C:7474.75 V:1810.0
  📈 Trend: strong_bullish (raw: moderate_bullish) | 🌍 Regime: ranging
  🗺️  Grid: 0.080% | 🔺 7479.25 🔻 7477.25
  📡 RSI: 15.1 | MACD: 0.35 | ATR: 2.59
  📊 Filled: 0 | Pending: 0
  🔲 Regime: RANGING | Range pos: 81% | RSI: 15.1
  💰 Daily P&L: $-4,000.00

[2026-07-28 12:09] O:7474.75 H:7475.50 L:7472.00 C:7472.50 V:2566.0
  📈 Trend: moderate_bullish | 🌍 Regime: ranging
  🗺️  Grid: 0.080% | 🔺 7479.00 🔻 7474.75
  📡 RSI: 12.9 | MACD: -0.24 | ATR: 2.71
  📊 Filled: 0 | Pending: 0
  🔲 Regime: RANGING | Range pos: 77% | RSI: 12.9
  💰 Daily P&L: $-4,000.00

[2026-07-28 12:10] O:7472.75 H:7472.75 L:7469.50 C:7472.00 V:3203.0
  📈 Trend: moderate_bullish | 🌍 Regime: ranging
  🗺️  Grid: 0.080% | 🔺 7475.50 🔻 7472.00
  📡 RSI: 5.1 | MACD: -0.75 | ATR: 2.71
  📊 Filled: 0 | Pending: 0
  🔲 Regime: RANGING | Range pos: 76% | RSI: 5.1
  💰 Daily P&L: $-4,000.00

[2026-07-28 12:11] O:7472.25 H:7474.00 L:7471.00 C:7474.00 V:2014.0
  📈 Trend: moderate_bullish | 🌍 Regime: ranging
  🗺️  Grid: 0.080% | 🔺 7472.75 🔻 7469.50
  📡 RSI: 17.5 | MACD: -0.97 | ATR: 2.77
  📊 Filled: 0 | Pending: 0
  🔲 Regime: RANGING | Range pos: 79% | RSI: 17.5
  💰 Daily P&L: $-4,000.00

[2026-07-28 12:12] O:7474.00 H:7476.00 L:7472.75 C:7473.50 V:1675.0
  📈 Trend: moderate_bullish | 🌍 Regime: ranging
  🗺️  Grid: 0.080% | 🔺 7474.00 🔻 7471.00
  📡 RSI: 17.5 | MACD: -1.18 | ATR: 2.89
  📊 Filled: 0 | Pending: 0
  🔲 Regime: RANGING | Range pos: 78% | RSI: 17.5
  💰 Daily P&L: $-4,000.00

[2026-07-28 12:13] O:7473.75 H:7473.75 L:7469.75 C:7471.00 V:1668.0
  📈 Trend: moderate_bullish | 🌍 Regime: ranging
  🗺️  Grid: 0.080% | 🔺 7476.00 🔻 7472.75
  📡 RSI: 13.9 | MACD: -1.53 | ATR: 3.11
  📊 Filled: 0 | Pending: 0
  🔲 Regime: RANGING | Range pos: 74% | RSI: 13.9
  💰 Daily P&L: $-4,000.00

[2026-07-28 12:14] O:7471.00 H:7471.50 L:7469.75 C:7471.00 V:2528.0
  📈 Trend: moderate_bullish | 🌍 Regime: ranging
  🗺️  Grid: 0.080% | 🔺 7473.75 🔻 7469.75
  📡 RSI: 11.4 | MACD: -1.78 | ATR: 3.00
  📊 Filled: 0 | Pending: 0
  🔲 Regime: RANGING | Range pos: 74% | RSI: 11.4
  💰 Daily P&L: $-4,000.00

[2026-07-28 12:15] O:7471.00 H:7473.00 L:7470.50 C:7471.75 V:1646.0
  📈 Trend: moderate_bullish | 🌍 Regime: ranging
  🗺️  Grid: 0.080% | 🔺 7471.50 🔻 7469.75
  📡 RSI: 15.7 | MACD: -1.90 | ATR: 3.05
  📊 Filled: 0 | Pending: 0
  🔲 Regime: RANGING | Range pos: 75% | RSI: 15.7
  💰 Daily P&L: $-4,000.00

[2026-07-28 12:16] O:7471.75 H:7472.25 L:7470.00 C:7471.25 V:1667.0
  📈 Trend: moderate_bullish | 🌍 Regime: ranging
  🗺️  Grid: 0.080% | 🔺 7473.00 🔻 7470.50
  📡 RSI: 18.0 | MACD: -2.01 | ATR: 2.91
  📊 Filled: 0 | Pending: 0
  🔲 Regime: RANGING | Range pos: 74% | RSI: 18.0
  💰 Daily P&L: $-4,000.00

[2026-07-28 12:17] O:7471.25 H:7471.50 L:7468.25 C:7469.00 V:1680.0
  📈 Trend: moderate_bullish | 🌍 Regime: ranging
  🗺️  Grid: 0.080% | 🔺 7472.25 🔻 7470.00
  📡 RSI: 16.9 | MACD: -2.26 | ATR: 2.98
  📊 Filled: 0 | Pending: 0
  🔲 Regime: RANGING | Range pos: 70% | RSI: 16.9
  💰 Daily P&L: $-4,000.00

[2026-07-28 12:18] O:7469.00 H:7470.00 L:7468.75 C:7469.50 V:1065.0
  📈 Trend: moderate_bullish | 🌍 Regime: ranging
  🗺️  Grid: 0.080% | 🔺 7471.50 🔻 7468.25
  📡 RSI: 20.0 | MACD: -2.38 | ATR: 2.96
  📊 Filled: 0 | Pending: 0
  🔲 Regime: RANGING | Range pos: 71% | RSI: 20.0
  💰 Daily P&L: $-4,000.00

[2026-07-28 12:19] O:7469.25 H:7471.25 L:7468.75 C:7470.50 V:2508.0
  📈 Trend: moderate_bullish (raw: strong_bearish) | 🌍 Regime: ranging
  🗺️  Grid: 0.080% | 🔺 7470.00 🔻 7468.75
  📡 RSI: 24.6 | MACD: -2.37 | ATR: 2.96
  📊 Filled: 0 | Pending: 0
  🔲 Regime: RANGING | Range pos: 73% | RSI: 24.6
  💰 Daily P&L: $-4,000.00

[2026-07-28 12:20] O:7470.50 H:7478.25 L:7469.50 C:7476.50 V:6060.0
  📈 Trend: strong_bearish | 🌍 Regime: ranging
  🗺️  Grid: 0.080% | 🔺 7471.25 🔻 7468.75
  📡 RSI: 44.1 | MACD: -1.86 | ATR: 3.25
  📊 Filled: 0 | Pending: 0
  🔲 Regime: RANGING | Range pos: 84% | RSI: 44.1
  💰 Daily P&L: $-4,000.00

[2026-07-28 12:21] O:7476.50 H:7479.50 L:7473.50 C:7474.00 V:3518.0
  📈 Trend: strong_bearish (raw: moderate_bearish) | 🌍 Regime: trending_bearish
  🗺️  Grid: 0.080% | 🔺 7478.25 🔻 7469.50
  📡 RSI: 41.0 | MACD: -1.64 | ATR: 3.54
  📊 Filled: 0 | Pending: 0
  💰 Daily P&L: $-4,000.00

[2026-07-28 12:22] O:7473.75 H:7474.25 L:7471.50 C:7473.50 V:1605.0
  📈 Trend: moderate_bearish | 🌍 Regime: ranging
  🗺️  Grid: 0.080% | 🔺 7479.50 🔻 7473.50
  📡 RSI: 47.1 | MACD: -1.48 | ATR: 3.43
  📊 Filled: 0 | Pending: 0
  🔲 Regime: RANGING | Range pos: 78% | RSI: 47.1
  💰 Daily P&L: $-4,000.00

[2026-07-28 12:23] O:7473.25 H:7475.50 L:7473.00 C:7473.75 V:1631.0
  📈 Trend: moderate_bearish | 🌍 Regime: ranging
  🗺️  Grid: 0.080% | 🔺 7474.25 🔻 7471.50
  📡 RSI: 53.2 | MACD: -1.33 | ATR: 3.36
  📊 Filled: 0 | Pending: 0
  🔲 Regime: RANGING | Range pos: 79% | RSI: 53.2
  💰 Daily P&L: $-4,000.00

[2026-07-28 12:24] O:7473.75 H:7474.75 L:7470.75 C:7471.00 V:1166.0
  📈 Trend: moderate_bearish | 🌍 Regime: ranging
  🗺️  Grid: 0.080% | 🔺 7475.50 🔻 7473.00
  📡 RSI: 47.7 | MACD: -1.41 | ATR: 3.41
  📊 Filled: 0 | Pending: 0
  🔲 Regime: RANGING | Range pos: 74% | RSI: 47.7
  💰 Daily P&L: $-4,000.00

[2026-07-28 12:25] O:7470.75 H:7471.25 L:7468.75 C:7470.00 V:1971.0
  📈 Trend: moderate_bearish | 🌍 Regime: ranging
  🗺️  Grid: 0.080% | 🔺 7474.75 🔻 7470.75
  📡 RSI: 40.5 | MACD: -1.54 | ATR: 3.38
  📊 Filled: 0 | Pending: 0
  🔲 Regime: RANGING | Range pos: 72% | RSI: 40.5
  💰 Daily P&L: $-4,000.00

[2026-07-28 12:26] O:7470.25 H:7472.25 L:7470.25 C:7471.75 V:988.0
  📈 Trend: moderate_bearish | 🌍 Regime: ranging
  🗺️  Grid: 0.080% | 🔺 7471.25 🔻 7468.75
  📡 RSI: 46.1 | MACD: -1.48 | ATR: 3.30
  📊 Filled: 0 | Pending: 0
  🔲 Regime: RANGING | Range pos: 75% | RSI: 46.1
  💰 Daily P&L: $-4,000.00

[2026-07-28 12:27] O:7471.75 H:7474.75 L:7471.75 C:7473.75 V:1873.0
  📈 Trend: moderate_bearish | 🌍 Regime: ranging
  🗺️  Grid: 0.080% | 🔺 7472.25 🔻 7470.25
  📡 RSI: 56.3 | MACD: -1.26 | ATR: 3.23
  📊 Filled: 0 | Pending: 0
  🔲 Regime: RANGING | Range pos: 79% | RSI: 56.3
  💰 Daily P&L: $-4,000.00

[2026-07-28 12:28] O:7473.50 H:7474.50 L:7471.50 C:7471.50 V:1180.0
  📈 Trend: moderate_bearish | 🌍 Regime: ranging
  🗺️  Grid: 0.080% | 🔺 7474.75 🔻 7471.75
  📡 RSI: 51.0 | MACD: -1.25 | ATR: 3.32
  📊 Filled: 0 | Pending: 0
  🔲 Regime: RANGING | Range pos: 75% | RSI: 51.0
  💰 Daily P&L: $-4,000.00

[2026-07-28 12:29] O:7471.50 H:7473.25 L:7470.50 C:7470.75 V:1164.0
  📈 Trend: moderate_bearish | 🌍 Regime: ranging
  🗺️  Grid: 0.080% | 🔺 7474.50 🔻 7471.50
  📡 RSI: 47.9 | MACD: -1.29 | ATR: 3.34
  📊 Filled: 0 | Pending: 0
  🔲 Regime: RANGING | Range pos: 74% | RSI: 47.9
  💰 Daily P&L: $-4,000.00

[2026-07-28 12:30] O:7470.75 H:7471.00 L:7469.25 C:7470.25 V:1478.0
  📈 Trend: moderate_bearish | 🌍 Regime: ranging
  🗺️  Grid: 0.080% | 🔺 7473.25 🔻 7470.50
  📡 RSI: 47.9 | MACD: -1.34 | ATR: 3.30
  📊 Filled: 0 | Pending: 0
  🔲 Regime: RANGING | Range pos: 73% | RSI: 47.9
  💰 Daily P&L: $-4,000.00

[2026-07-28 12:31] O:7470.00 H:7470.25 L:7468.75 C:7469.25 V:1349.0
  📈 Trend: moderate_bearish (raw: strong_bearish) | 🌍 Regime: ranging
  🗺️  Grid: 0.080% | 🔺 7471.00 🔻 7469.25
  📡 RSI: 50.5 | MACD: -1.45 | ATR: 3.18
  📊 Filled: 0 | Pending: 0
  🔲 Regime: RANGING | Range pos: 71% | RSI: 50.5
  💰 Daily P&L: $-4,000.00

[2026-07-28 12:32] O:7469.00 H:7470.25 L:7468.75 C:7469.75 V:1469.0
  📈 Trend: strong_bearish | 🌍 Regime: ranging
  🗺️  Grid: 0.080% | 🔺 7470.25 🔻 7468.75
  📡 RSI: 50.5 | MACD: -1.48 | ATR: 3.20
  📊 Filled: 0 | Pending: 0
  🔲 Regime: RANGING | Range pos: 72% | RSI: 50.5
  💰 Daily P&L: $-4,000.00

[2026-07-28 12:33] O:7469.50 H:7474.00 L:7469.50 C:7473.25 V:2551.0
  📈 Trend: strong_bearish (raw: moderate_bullish) | 🌍 Regime: ranging
  🗺️  Grid: 0.080% | 🔺 7470.25 🔻 7468.75
  📡 RSI: 55.4 | MACD: -1.21 | ATR: 3.34
  📊 Filled: 0 | Pending: 0
  🔲 Regime: RANGING | Range pos: 78% | RSI: 55.4
  💰 Daily P&L: $-4,000.00

[2026-07-28 12:34] O:7473.00 H:7476.00 L:7473.00 C:7474.75 V:1980.0
  📈 Trend: moderate_bullish | 🌍 Regime: ranging
  🗺️  Grid: 0.080% | 🔺 7474.00 🔻 7469.50
  📡 RSI: 45.8 | MACD: -0.86 | ATR: 2.93
  📊 Filled: 0 | Pending: 0
  🔲 Regime: RANGING | Range pos: 81% | RSI: 45.8
  💰 Daily P&L: $-4,000.00

[2026-07-28 12:35] O:7474.50 H:7477.00 L:7474.25 C:7474.75 V:1289.0
  📈 Trend: moderate_bullish | 🌍 Regime: ranging
  🗺️  Grid: 0.080% | 🔺 7476.00 🔻 7473.00
  📡 RSI: 52.1 | MACD: -0.58 | ATR: 2.70
  📊 Filled: 0 | Pending: 0
  🔲 Regime: RANGING | Range pos: 81% | RSI: 52.1
  💰 Daily P&L: $-4,000.00

[2026-07-28 12:36] O:7474.50 H:7475.25 L:7473.50 C:7473.75 V:1045.0
  📈 Trend: moderate_bullish | 🌍 Regime: ranging
  🗺️  Grid: 0.080% | 🔺 7477.00 🔻 7474.25
  📡 RSI: 50.7 | MACD: -0.43 | ATR: 2.62
  📊 Filled: 0 | Pending: 0
  🔲 Regime: RANGING | Range pos: 79% | RSI: 50.7
  💰 Daily P&L: $-4,000.00

[2026-07-28 12:37] O:7473.75 H:7475.00 L:7473.50 C:7473.50 V:1070.0
  📈 Trend: moderate_bullish | 🌍 Regime: ranging
  🗺️  Grid: 0.080% | 🔺 7475.25 🔻 7473.50
  📡 RSI: 49.3 | MACD: -0.33 | ATR: 2.55
  📊 Filled: 0 | Pending: 0
  🔲 Regime: RANGING | Range pos: 78% | RSI: 49.3
  💰 Daily P&L: $-4,000.00

[2026-07-28 12:38] O:7473.50 H:7474.75 L:7472.50 C:7474.00 V:962.0
  📈 Trend: moderate_bullish | 🌍 Regime: ranging
  🗺️  Grid: 0.080% | 🔺 7475.00 🔻 7473.50
  📡 RSI: 59.1 | MACD: -0.20 | ATR: 2.43
  📊 Filled: 0 | Pending: 0
  🔲 Regime: RANGING | Range pos: 79% | RSI: 59.1
  💰 Daily P&L: $-4,000.00

[2026-07-28 12:39] O:7474.00 H:7474.00 L:7471.00 C:7471.75 V:928.0
  📈 Trend: moderate_bullish (raw: moderate_bearish) | 🌍 Regime: ranging
  🗺️  Grid: 0.080% | 🔺 7474.75 🔻 7472.50
  📡 RSI: 54.9 | MACD: -0.29 | ATR: 2.46
  📊 Filled: 0 | Pending: 0
  🔲 Regime: RANGING | Range pos: 75% | RSI: 54.9
  💰 Daily P&L: $-4,000.00

[2026-07-28 12:40] O:7471.50 H:7474.50 L:7470.75 C:7472.25 V:2300.0
  📈 Trend: moderate_bearish | 🌍 Regime: ranging
  🗺️  Grid: 0.080% | 🔺 7474.00 🔻 7471.00
  📡 RSI: 51.5 | MACD: -0.31 | ATR: 2.57
  📊 Filled: 0 | Pending: 0
  🔲 Regime: RANGING | Range pos: 76% | RSI: 51.5
  💰 Daily P&L: $-4,000.00

[2026-07-28 12:41] O:7472.25 H:7472.75 L:7469.25 C:7469.25 V:958.0
  📈 Trend: moderate_bearish | 🌍 Regime: ranging
  🗺️  Grid: 0.080% | 🔺 7474.50 🔻 7470.75
  📡 RSI: 37.1 | MACD: -0.56 | ATR: 2.61
  📊 Filled: 0 | Pending: 0
  🔲 Regime: RANGING | Range pos: 71% | RSI: 37.1
  💰 Daily P&L: $-4,000.00

[2026-07-28 12:42] O:7469.50 H:7470.25 L:7468.25 C:7469.00 V:1360.0
  📈 Trend: moderate_bearish (raw: strong_bearish) | 🌍 Regime: ranging
  🗺️  Grid: 0.080% | 🔺 7472.75 🔻 7469.25
  📡 RSI: 41.9 | MACD: -0.77 | ATR: 2.54
  📊 Filled: 0 | Pending: 0
  🔲 Regime: RANGING | Range pos: 70% | RSI: 41.9
  💰 Daily P&L: $-4,000.00

[2026-07-28 12:43] O:7468.75 H:7469.00 L:7465.75 C:7466.00 V:2167.0
  📈 Trend: strong_bearish | 🌍 Regime: ranging
  🗺️  Grid: 0.080% | 🔺 7470.25 🔻 7468.25
  📡 RSI: 36.6 | MACD: -1.16 | ATR: 2.57
  📊 Filled: 0 | Pending: 0
  🔲 Regime: RANGING | Range pos: 65% | RSI: 36.6
  💰 Daily P&L: $-4,000.00

[2026-07-28 12:44] O:7466.00 H:7466.00 L:7464.00 C:7465.50 V:2316.0
  📈 Trend: strong_bearish | 🌍 Regime: ranging
  🗺️  Grid: 0.080% | 🔺 7469.00 🔻 7465.75
  📡 RSI: 36.6 | MACD: -1.50 | ATR: 2.59
  📊 Filled: 0 | Pending: 0
  🔲 Regime: RANGING | Range pos: 64% | RSI: 36.6
  💰 Daily P&L: $-4,000.00

[2026-07-28 12:45] O:7465.50 H:7467.00 L:7464.00 C:7465.00 V:1938.0
  📈 Trend: strong_bearish | 🌍 Regime: ranging
  🗺️  Grid: 0.080% | 🔺 7466.00 🔻 7464.00
  📡 RSI: 37.7 | MACD: -1.79 | ATR: 2.70
  📊 Filled: 0 | Pending: 0
  🔲 Regime: RANGING | Range pos: 63% | RSI: 37.7
  💰 Daily P&L: $-4,000.00

[2026-07-28 12:46] O:7465.00 H:7466.75 L:7464.25 C:7466.50 V:1407.0
  📈 Trend: strong_bearish | 🌍 Regime: ranging
  🗺️  Grid: 0.080% | 🔺 7467.00 🔻 7464.00
  📡 RSI: 41.1 | MACD: -1.87 | ATR: 2.77
  📊 Filled: 0 | Pending: 0
  🔲 Regime: RANGING | Range pos: 66% | RSI: 41.1
  💰 Daily P&L: $-4,000.00

[2026-07-28 12:47] O:7466.25 H:7467.75 L:7464.75 C:7465.25 V:1258.0
  📈 Trend: strong_bearish | 🌍 Regime: ranging
  🗺️  Grid: 0.080% | 🔺 7466.75 🔻 7464.25
  📡 RSI: 25.0 | MACD: -2.02 | ATR: 2.66
  📊 Filled: 0 | Pending: 0
  🔲 Regime: RANGING | Range pos: 64% | RSI: 25.0
  💰 Daily P&L: $-4,000.00

[2026-07-28 12:48] O:7465.25 H:7470.75 L:7465.25 C:7469.75 V:2719.0
  📈 Trend: strong_bearish | 🌍 Regime: ranging
  🗺️  Grid: 0.080% | 🔺 7467.75 🔻 7464.75
  📡 RSI: 36.8 | MACD: -1.75 | ATR: 2.84
  📊 Filled: 0 | Pending: 0
  🔲 Regime: RANGING | Range pos: 72% | RSI: 36.8
  💰 Daily P&L: $-4,000.00

[2026-07-28 12:49] O:7469.75 H:7471.75 L:7468.00 C:7470.50 V:1769.0
  📈 Trend: strong_bearish (raw: moderate_bullish) | 🌍 Regime: ranging
  🗺️  Grid: 0.080% | 🔺 7470.75 🔻 7465.25
  📡 RSI: 39.2 | MACD: -1.46 | ATR: 2.91
  📊 Filled: 0 | Pending: 0
  🔲 Regime: RANGING | Range pos: 73% | RSI: 39.2
  💰 Daily P&L: $-4,000.00

[2026-07-28 12:50] O:7470.50 H:7470.50 L:7467.00 C:7467.75 V:1523.0
  📈 Trend: strong_bearish (raw: moderate_bearish) | 🌍 Regime: ranging
  🗺️  Grid: 0.080% | 🔺 7471.75 🔻 7468.00
  📡 RSI: 36.0 | MACD: -1.43 | ATR: 3.04
  📊 Filled: 0 | Pending: 0
  🔲 Regime: RANGING | Range pos: 68% | RSI: 36.0
  💰 Daily P&L: $-4,000.00

[2026-07-28 12:51] O:7468.00 H:7468.00 L:7465.75 C:7467.50 V:1048.0
  📈 Trend: moderate_bearish | 🌍 Regime: ranging
  🗺️  Grid: 0.080% | 🔺 7470.50 🔻 7467.00
  📡 RSI: 36.0 | MACD: -1.42 | ATR: 3.09
  📊 Filled: 0 | Pending: 0
  🔲 Regime: RANGING | Range pos: 68% | RSI: 36.0
  💰 Daily P&L: $-4,000.00

[2026-07-28 12:52] O:7467.25 H:7469.00 L:7465.25 C:7465.50 V:995.0
  📈 Trend: moderate_bearish (raw: strong_bearish) | 🌍 Regime: ranging
  🗺️  Grid: 0.080% | 🔺 7468.00 🔻 7465.75
  📡 RSI: 31.5 | MACD: -1.55 | ATR: 3.20
  📊 Filled: 0 | Pending: 0
  🔲 Regime: RANGING | Range pos: 64% | RSI: 31.5
  💰 Daily P&L: $-4,000.00

[2026-07-28 12:53] O:7465.75 H:7467.00 L:7465.50 C:7466.50 V:839.0
  📈 Trend: strong_bearish | 🌍 Regime: ranging
  🗺️  Grid: 0.080% | 🔺 7469.00 🔻 7465.25
  📡 RSI: 37.9 | MACD: -1.55 | ATR: 3.09
  📊 Filled: 0 | Pending: 0
  🔲 Regime: RANGING | Range pos: 66% | RSI: 37.9
  💰 Daily P&L: $-4,000.00

[2026-07-28 12:54] O:7466.50 H:7467.25 L:7464.25 C:7465.25 V:1765.0
  📈 Trend: strong_bearish | 🌍 Regime: ranging
  🗺️  Grid: 0.080% | 🔺 7467.00 🔻 7465.50
  📡 RSI: 34.4 | MACD: -1.64 | ATR: 3.04
  📊 Filled: 0 | Pending: 0
  🔲 Regime: RANGING | Range pos: 64% | RSI: 34.4
  💰 Daily P&L: $-4,000.00

[2026-07-28 12:55] O:7465.25 H:7466.00 L:7462.75 C:7463.50 V:1995.0
  📈 Trend: strong_bearish | 🌍 Regime: ranging
  🗺️  Grid: 0.080% | 🔺 7467.25 🔻 7464.25
  📡 RSI: 36.5 | MACD: -1.83 | ATR: 3.02
  📊 Filled: 0 | Pending: 0
  🔲 Regime: RANGING | Range pos: 61% | RSI: 36.5
  💰 Daily P&L: $-4,000.00

[2026-07-28 12:56] O:7463.75 H:7466.75 L:7463.25 C:7466.75 V:1380.0
  📈 Trend: strong_bearish | 🌍 Regime: ranging
  🗺️  Grid: 0.080% | 🔺 7466.00 🔻 7462.75
  📡 RSI: 45.4 | MACD: -1.70 | ATR: 3.12
  📊 Filled: 0 | Pending: 0
  🔲 Regime: RANGING | Range pos: 67% | RSI: 45.4
  💰 Daily P&L: $-4,000.00

[2026-07-28 12:57] O:7466.50 H:7467.25 L:7465.75 C:7466.50 V:908.0
  📈 Trend: strong_bearish (raw: moderate_bearish) | 🌍 Regime: ranging
  🗺️  Grid: 0.080% | 🔺 7466.75 🔻 7463.25
  📡 RSI: 51.2 | MACD: -1.59 | ATR: 3.00
  📊 Filled: 0 | Pending: 0
  🔲 Regime: RANGING | Range pos: 66% | RSI: 51.2
  💰 Daily P&L: $-4,000.00

[2026-07-28 12:58] O:7466.50 H:7467.75 L:7465.50 C:7467.50 V:1113.0
  📈 Trend: moderate_bearish | 🌍 Regime: ranging
  🗺️  Grid: 0.080% | 🔺 7467.25 🔻 7465.75
  📡 RSI: 54.5 | MACD: -1.41 | ATR: 3.02
  📊 Filled: 0 | Pending: 0
  🔲 Regime: RANGING | Range pos: 68% | RSI: 54.5
  💰 Daily P&L: $-4,000.00

[2026-07-28 12:59] O:7467.75 H:7470.00 L:7467.50 C:7469.50 V:1408.0
  📈 Trend: moderate_bearish | 🌍 Regime: ranging
  🗺️  Grid: 0.080% | 🔺 7467.75 🔻 7465.50
  📡 RSI: 59.6 | MACD: -1.10 | ATR: 2.98
  📊 Filled: 0 | Pending: 0
  🔲 Regime: RANGING | Range pos: 71% | RSI: 59.6
  💰 Daily P&L: $-4,000.00

[2026-07-28 13:00] O:7469.75 H:7473.25 L:7467.75 C:7471.50 V:2735.0
  📈 Trend: moderate_bearish (raw: moderate_bullish) | 🌍 Regime: ranging
  🗺️  Grid: 0.080% | 🔺 7470.00 🔻 7467.50
  📡 RSI: 60.4 | MACD: -0.68 | ATR: 3.20
  📊 Filled: 0 | Pending: 0
  🔲 Regime: RANGING | Range pos: 75% | RSI: 60.4
  💰 Daily P&L: $-4,000.00

[2026-07-28 13:01] O:7471.50 H:7472.25 L:7469.00 C:7469.00 V:1789.0
  📈 Trend: moderate_bearish | 🌍 Regime: ranging
  🗺️  Grid: 0.080% | 🔺 7473.25 🔻 7467.75
  📡 RSI: 57.4 | MACD: -0.54 | ATR: 3.21
  📊 Filled: 0 | Pending: 0
  🔲 Regime: RANGING | Range pos: 70% | RSI: 57.4
  💰 Daily P&L: $-4,000.00

[2026-07-28 13:02] O:7469.00 H:7471.25 L:7467.75 C:7469.25 V:1370.0
  📈 Trend: moderate_bearish (raw: moderate_bullish) | 🌍 Regime: ranging
  🗺️  Grid: 0.080% | 🔺 7472.25 🔻 7469.00
  📡 RSI: 48.8 | MACD: -0.41 | ATR: 3.07
  📊 Filled: 0 | Pending: 0
  🔲 Regime: RANGING | Range pos: 71% | RSI: 48.8
  💰 Daily P&L: $-4,000.00

[2026-07-28 13:03] O:7469.25 H:7470.25 L:7468.50 C:7469.25 V:1493.0
  📈 Trend: moderate_bullish | 🌍 Regime: ranging
  🗺️  Grid: 0.080% | 🔺 7471.25 🔻 7467.75
  📡 RSI: 46.9 | MACD: -0.30 | ATR: 2.93
  📊 Filled: 0 | Pending: 0
  🔲 Regime: RANGING | Range pos: 71% | RSI: 46.9
  💰 Daily P&L: $-4,000.00

[2026-07-28 13:04] O:7469.25 H:7470.25 L:7467.75 C:7470.00 V:1300.0
  📈 Trend: moderate_bullish | 🌍 Regime: ranging
  🗺️  Grid: 0.080% | 🔺 7470.25 🔻 7468.50
  📡 RSI: 56.2 | MACD: -0.15 | ATR: 2.86
  📊 Filled: 0 | Pending: 0
  🔲 Regime: RANGING | Range pos: 72% | RSI: 56.2
  💰 Daily P&L: $-4,000.00

[2026-07-28 13:05] O:7469.75 H:7470.75 L:7468.00 C:7468.50 V:1040.0
  📈 Trend: moderate_bullish | 🌍 Regime: ranging
  🗺️  Grid: 0.080% | 🔺 7470.25 🔻 7467.75
  📡 RSI: 52.6 | MACD: -0.15 | ATR: 2.89
  📊 Filled: 0 | Pending: 0
  🔲 Regime: RANGING | Range pos: 70% | RSI: 52.6
  💰 Daily P&L: $-4,000.00

[2026-07-28 13:06] O:7468.75 H:7469.00 L:7467.00 C:7467.50 V:1114.0
  📈 Trend: moderate_bullish | 🌍 Regime: ranging
  🗺️  Grid: 0.080% | 🔺 7470.75 🔻 7468.00
  📡 RSI: 55.4 | MACD: -0.23 | ATR: 2.77
  📊 Filled: 0 | Pending: 0
  🔲 Regime: RANGING | Range pos: 68% | RSI: 55.4
  💰 Daily P&L: $-4,000.00

[2026-07-28 13:07] O:7467.75 H:7467.75 L:7465.75 C:7466.25 V:1136.0
  📈 Trend: moderate_bullish (raw: moderate_bearish) | 🌍 Regime: ranging
  🗺️  Grid: 0.080% | 🔺 7469.00 🔻 7467.00
  📡 RSI: 49.3 | MACD: -0.39 | ATR: 2.80
  📊 Filled: 0 | Pending: 0
  🔲 Regime: RANGING | Range pos: 66% | RSI: 49.3
  💰 Daily P&L: $-4,000.00

[2026-07-28 13:08] O:7466.50 H:7467.25 L:7465.50 C:7466.00 V:1262.0
  📈 Trend: moderate_bullish (raw: strong_bearish) | 🌍 Regime: ranging
  🗺️  Grid: 0.080% | 🔺 7467.75 🔻 7465.75
  📡 RSI: 52.1 | MACD: -0.53 | ATR: 2.71
  📊 Filled: 0 | Pending: 0
  🔲 Regime: RANGING | Range pos: 65% | RSI: 52.1
  💰 Daily P&L: $-4,000.00

[2026-07-28 13:09] O:7466.00 H:7466.50 L:7465.25 C:7466.50 V:891.0
  📈 Trend: strong_bearish | 🌍 Regime: ranging
  🗺️  Grid: 0.080% | 🔺 7467.25 🔻 7465.50
  📡 RSI: 59.1 | MACD: -0.59 | ATR: 2.57
  📊 Filled: 0 | Pending: 0
  🔲 Regime: RANGING | Range pos: 66% | RSI: 59.1
  💰 Daily P&L: $-4,000.00

[2026-07-28 13:10] O:7466.50 H:7467.00 L:7464.50 C:7465.25 V:1444.0
  📈 Trend: strong_bearish | 🌍 Regime: ranging
  🗺️  Grid: 0.080% | 🔺 7466.50 🔻 7465.25
  📡 RSI: 44.8 | MACD: -0.74 | ATR: 2.50
  📊 Filled: 0 | Pending: 0
  🔲 Regime: RANGING | Range pos: 64% | RSI: 44.8
  💰 Daily P&L: $-4,000.00

[2026-07-28 13:11] O:7465.25 H:7465.75 L:7463.25 C:7463.75 V:1402.0
  📈 Trend: strong_bearish | 🌍 Regime: ranging
  🗺️  Grid: 0.080% | 🔺 7467.00 🔻 7464.50
  📡 RSI: 41.3 | MACD: -0.96 | ATR: 2.57
  📊 Filled: 0 | Pending: 0
  🔲 Regime: RANGING | Range pos: 61% | RSI: 41.3
  💰 Daily P&L: $-4,000.00

[2026-07-28 13:12] O:7463.75 H:7465.25 L:7463.25 C:7465.25 V:1542.0
  📈 Trend: strong_bearish | 🌍 Regime: ranging
  🗺️  Grid: 0.080% | 🔺 7465.75 🔻 7463.25
  📡 RSI: 43.1 | MACD: -1.00 | ATR: 2.55
  📊 Filled: 0 | Pending: 0
  🔲 Regime: RANGING | Range pos: 64% | RSI: 43.1
  💰 Daily P&L: $-4,000.00

[2026-07-28 13:13] O:7465.25 H:7465.50 L:7462.00 C:7464.00 V:1855.0
  📈 Trend: strong_bearish | 🌍 Regime: ranging
  🗺️  Grid: 0.080% | 🔺 7465.25 🔻 7463.25
  📡 RSI: 32.3 | MACD: -1.13 | ATR: 2.62
  📊 Filled: 0 | Pending: 0
  🔲 Regime: RANGING | Range pos: 62% | RSI: 32.3
  💰 Daily P&L: $-4,000.00

[2026-07-28 13:14] O:7464.00 H:7464.00 L:7462.00 C:7462.25 V:1524.0
  📈 Trend: strong_bearish | 🌍 Regime: ranging
  🗺️  Grid: 0.080% | 🔺 7465.50 🔻 7462.00
  📡 RSI: 19.7 | MACD: -1.35 | ATR: 2.38
  📊 Filled: 0 | Pending: 0
  🔲 Regime: RANGING | Range pos: 59% | RSI: 19.7
  💰 Daily P&L: $-4,000.00

[2026-07-28 13:15] O:7462.25 H:7465.25 L:7462.00 C:7464.75 V:1800.0
  📈 Trend: strong_bearish | 🌍 Regime: ranging
  🗺️  Grid: 0.080% | 🔺 7464.00 🔻 7462.00
  📡 RSI: 36.1 | MACD: -1.31 | ATR: 2.38
  📊 Filled: 0 | Pending: 0
  🔲 Regime: RANGING | Range pos: 63% | RSI: 36.1
  💰 Daily P&L: $-4,000.00

[2026-07-28 13:16] O:7464.75 H:7465.75 L:7463.50 C:7465.25 V:1476.0
  📈 Trend: strong_bearish | 🌍 Regime: ranging
  🗺️  Grid: 0.080% | 🔺 7465.25 🔻 7462.00
  📡 RSI: 37.1 | MACD: -1.22 | ATR: 2.29
  📊 Filled: 0 | Pending: 0
  🔲 Regime: RANGING | Range pos: 64% | RSI: 37.1
  💰 Daily P&L: $-4,000.00

[2026-07-28 13:17] O:7465.50 H:7465.50 L:7462.25 C:7463.75 V:1389.0
  📈 Trend: strong_bearish | 🌍 Regime: ranging
  🗺️  Grid: 0.080% | 🔺 7465.75 🔻 7463.50
  📡 RSI: 33.8 | MACD: -1.26 | ATR: 2.39
  📊 Filled: 0 | Pending: 0
  🔲 Regime: RANGING | Range pos: 61% | RSI: 33.8
  💰 Daily P&L: $-4,000.00

[2026-07-28 13:18] O:7463.50 H:7465.25 L:7463.25 C:7465.00 V:1119.0
  📈 Trend: strong_bearish | 🌍 Regime: ranging
  🗺️  Grid: 0.080% | 🔺 7465.50 🔻 7462.25
  📡 RSI: 35.7 | MACD: -1.18 | ATR: 2.36
  📊 Filled: 0 | Pending: 0
  🔲 Regime: RANGING | Range pos: 63% | RSI: 35.7
  💰 Daily P&L: $-4,000.00

[2026-07-28 13:19] O:7465.00 H:7466.50 L:7463.75 C:7465.25 V:1334.0
  📈 Trend: strong_bearish | 🌍 Regime: ranging
  🗺️  Grid: 0.080% | 🔺 7465.25 🔻 7463.25
  📡 RSI: 40.0 | MACD: -1.08 | ATR: 2.36
  📊 Filled: 0 | Pending: 0
  🔲 Regime: RANGING | Range pos: 64% | RSI: 40.0
  💰 Daily P&L: $-4,000.00

[2026-07-28 13:20] O:7465.50 H:7467.50 L:7464.50 C:7467.25 V:1412.0
  📈 Trend: strong_bearish | 🌍 Regime: ranging
  🗺️  Grid: 0.080% | 🔺 7466.50 🔻 7463.75
  📡 RSI: 49.3 | MACD: -0.83 | ATR: 2.43
  📊 Filled: 0 | Pending: 0
  🔲 Regime: RANGING | Range pos: 67% | RSI: 49.3
  💰 Daily P&L: $-4,000.00

[2026-07-28 13:21] O:7467.25 H:7467.50 L:7464.75 C:7465.00 V:1271.0
  📈 Trend: strong_bearish | 🌍 Regime: ranging
  🗺️  Grid: 0.080% | 🔺 7467.50 🔻 7464.50
  📡 RSI: 46.6 | MACD: -0.80 | ATR: 2.48
  📊 Filled: 0 | Pending: 0
  🔲 Regime: RANGING | Range pos: 63% | RSI: 46.6
  💰 Daily P&L: $-4,000.00

[2026-07-28 13:22] O:7465.25 H:7466.50 L:7464.25 C:7466.50 V:1098.0
  📈 Trend: strong_bearish | 🌍 Regime: ranging
  🗺️  Grid: 0.080% | 🔺 7467.50 🔻 7464.75
  📡 RSI: 51.3 | MACD: -0.66 | ATR: 2.52
  📊 Filled: 0 | Pending: 0
  🔲 Regime: RANGING | Range pos: 66% | RSI: 51.3
  💰 Daily P&L: $-4,000.00

[2026-07-28 13:23] O:7466.50 H:7467.00 L:7462.75 C:7463.50 V:1321.0
  📈 Trend: strong_bearish | 🌍 Regime: ranging
  🗺️  Grid: 0.080% | 🔺 7466.50 🔻 7464.25
  📡 RSI: 43.2 | MACD: -0.77 | ATR: 2.73
  📊 Filled: 0 | Pending: 0
  🔲 Regime: RANGING | Range pos: 61% | RSI: 43.2
  💰 Daily P&L: $-4,000.00

[2026-07-28 13:24] O:7463.50 H:7465.00 L:7463.00 C:7463.50 V:811.0
  📈 Trend: strong_bearish | 🌍 Regime: ranging
  🗺️  Grid: 0.080% | 🔺 7467.00 🔻 7462.75
  📡 RSI: 45.8 | MACD: -0.85 | ATR: 2.70
  📊 Filled: 0 | Pending: 0
  🔲 Regime: RANGING | Range pos: 61% | RSI: 45.8
  💰 Daily P&L: $-4,000.00

[2026-07-28 13:25] O:7463.25 H:7464.50 L:7462.50 C:7464.00 V:1560.0
  📈 Trend: strong_bearish | 🌍 Regime: ranging
  🗺️  Grid: 0.080% | 🔺 7465.00 🔻 7463.00
  📡 RSI: 50.6 | MACD: -0.87 | ATR: 2.66
  📊 Filled: 0 | Pending: 0
  🔲 Regime: RANGING | Range pos: 62% | RSI: 50.6
  💰 Daily P&L: $-4,000.00

[2026-07-28 13:26] O:7464.25 H:7464.75 L:7463.25 C:7463.75 V:835.0
  📈 Trend: strong_bearish | 🌍 Regime: ranging
  🗺️  Grid: 0.080% | 🔺 7464.50 🔻 7462.50
  📡 RSI: 45.9 | MACD: -0.89 | ATR: 2.62
  📊 Filled: 0 | Pending: 0
  🔲 Regime: RANGING | Range pos: 61% | RSI: 45.9
  💰 Daily P&L: $-4,000.00

[2026-07-28 13:27] O:7463.75 H:7464.25 L:7462.75 C:7463.75 V:1096.0
  📈 Trend: strong_bearish | 🌍 Regime: ranging
  🗺️  Grid: 0.080% | 🔺 7464.75 🔻 7463.25
  📡 RSI: 49.3 | MACD: -0.89 | ATR: 2.48
  📊 Filled: 0 | Pending: 0
  🔲 Regime: RANGING | Range pos: 61% | RSI: 49.3
  💰 Daily P&L: $-4,000.00

[2026-07-28 13:28] O:7463.75 H:7464.75 L:7462.00 C:7463.25 V:1769.0
  📈 Trend: strong_bearish | 🌍 Regime: ranging
  🗺️  Grid: 0.080% | 🔺 7464.25 🔻 7462.75
  📡 RSI: 53.1 | MACD: -0.93 | ATR: 2.54
  📊 Filled: 0 | Pending: 0
  🔲 Regime: RANGING | Range pos: 60% | RSI: 53.1
  💰 Daily P&L: $-4,000.00

[2026-07-28 13:29] O:7463.25 H:7464.25 L:7462.75 C:7463.75 V:720.0
  📈 Trend: strong_bearish | 🌍 Regime: ranging
  🗺️  Grid: 0.080% | 🔺 7464.75 🔻 7462.00
  📡 RSI: 46.4 | MACD: -0.91 | ATR: 2.41
  📊 Filled: 0 | Pending: 0
  🔲 Regime: RANGING | Range pos: 61% | RSI: 46.4
  💰 Daily P&L: $-4,000.00

[2026-07-28 13:30] O:7464.00 H:7465.75 L:7463.00 C:7465.00 V:2016.0
  📈 Trend: strong_bearish (raw: moderate_bearish) | 🌍 Regime: trending_bearish
  🗺️  Grid: 0.080% | 🔺 7464.25 🔻 7462.75
  📡 RSI: 49.2 | MACD: -0.78 | ATR: 2.45
  📊 Filled: 0 | Pending: 0
  💰 Daily P&L: $-4,000.00

[2026-07-28 13:31] O:7464.75 H:7464.75 L:7463.00 C:7463.75 V:1445.0
  📈 Trend: strong_bearish | 🌍 Regime: trending_bearish
  🗺️  Grid: 0.080% | 🔺 7465.75 🔻 7463.00
  📡 RSI: 50.0 | MACD: -0.77 | ATR: 2.36
  📊 Filled: 0 | Pending: 0
  💰 Daily P&L: $-4,000.00

[2026-07-28 13:32] O:7463.75 H:7465.00 L:7463.25 C:7464.25 V:1251.0
  📈 Trend: strong_bearish (raw: moderate_bearish) | 🌍 Regime: trending_bearish
  🗺️  Grid: 0.080% | 🔺 7464.75 🔻 7463.00
  📡 RSI: 47.3 | MACD: -0.71 | ATR: 2.34
  📊 Filled: 0 | Pending: 0
  💰 Daily P&L: $-4,000.00

[2026-07-28 13:33] O:7464.25 H:7467.00 L:7464.00 C:7466.50 V:1313.0
  📈 Trend: moderate_bearish | 🌍 Regime: trending_bearish
  🗺️  Grid: 0.080% | 🔺 7465.00 🔻 7463.25
  📡 RSI: 54.0 | MACD: -0.48 | ATR: 2.36
  📊 Filled: 0 | Pending: 0
  💰 Daily P&L: $-4,000.00

[2026-07-28 13:34] O:7466.75 H:7468.50 L:7466.50 C:7467.25 V:2320.0
  📈 Trend: moderate_bearish | 🌍 Regime: trending_bearish
  🗺️  Grid: 0.080% | 🔺 7467.00 🔻 7464.00
  📡 RSI: 50.0 | MACD: -0.23 | ATR: 2.29
  📊 Filled: 0 | Pending: 0
  💰 Daily P&L: $-4,000.00

[2026-07-28 13:35] O:7467.25 H:7467.50 L:7465.50 C:7466.75 V:1387.0
  📈 Trend: moderate_bearish | 🌍 Regime: trending_bearish
  🗺️  Grid: 0.080% | 🔺 7468.50 🔻 7466.50
  📡 RSI: 56.9 | MACD: -0.08 | ATR: 2.23
  📊 Filled: 0 | Pending: 0
  💰 Daily P&L: $-4,000.00

[2026-07-28 13:36] O:7467.00 H:7467.25 L:7465.25 C:7466.25 V:1288.0
  📈 Trend: moderate_bearish (raw: moderate_bullish) | 🌍 Regime: ranging
  🗺️  Grid: 0.080% | 🔺 7467.50 🔻 7465.50
  📡 RSI: 48.9 | MACD: 0.01 | ATR: 2.21
  📊 Filled: 0 | Pending: 0
  🔲 Regime: RANGING | Range pos: 66% | RSI: 48.9
  💰 Daily P&L: $-4,000.00

[2026-07-28 13:37] O:7466.50 H:7467.75 L:7466.00 C:7467.50 V:737.0
  📈 Trend: moderate_bullish | 🌍 Regime: ranging
  🗺️  Grid: 0.080% | 🔺 7467.25 🔻 7465.25
  📡 RSI: 70.0 | MACD: 0.17 | ATR: 2.04
  📊 Filled: 0 | Pending: 0
  🔲 Regime: RANGING | Range pos: 68% | RSI: 70.0
  💰 Daily P&L: $-4,000.00

[2026-07-28 13:38] O:7467.75 H:7469.00 L:7466.75 C:7468.25 V:1047.0
  📈 Trend: moderate_bullish | 🌍 Regime: ranging
  🗺️  Grid: 0.080% | 🔺 7467.75 🔻 7466.00
  📡 RSI: 72.1 | MACD: 0.36 | ATR: 2.05
  📊 Filled: 0 | Pending: 0
  🔲 Regime: RANGING | Range pos: 69% | RSI: 72.1
  💰 Daily P&L: $-4,000.00

[2026-07-28 13:39] O:7468.25 H:7468.25 L:7465.00 C:7466.25 V:1272.0
  📈 Trend: moderate_bullish (raw: strong_bearish) | 🌍 Regime: ranging
  🗺️  Grid: 0.080% | 🔺 7469.00 🔻 7466.75
  📡 RSI: 59.2 | MACD: 0.34 | ATR: 2.14
  📊 Filled: 0 | Pending: 0
  🔲 Regime: RANGING | Range pos: 66% | RSI: 59.2
  💰 Daily P&L: $-4,000.00

[2026-07-28 13:40] O:7466.00 H:7466.50 L:7463.75 C:7464.25 V:1571.0
  📈 Trend: strong_bearish | 🌍 Regime: ranging
  🗺️  Grid: 0.080% | 🔺 7468.25 🔻 7465.00
  📡 RSI: 51.8 | MACD: 0.16 | ATR: 2.23
  📊 Filled: 0 | Pending: 0
  🔲 Regime: RANGING | Range pos: 62% | RSI: 51.8
  💰 Daily P&L: $-4,000.00

[2026-07-28 13:41] O:7464.25 H:7465.00 L:7464.00 C:7464.00 V:1209.0
  📈 Trend: strong_bearish | 🌍 Regime: ranging
  🗺️  Grid: 0.080% | 🔺 7466.50 🔻 7463.75
  📡 RSI: 50.9 | MACD: 0.00 | ATR: 2.20
  📊 Filled: 0 | Pending: 0
  🔲 Regime: RANGING | Range pos: 62% | RSI: 50.9
  💰 Daily P&L: $-4,000.00

[2026-07-28 13:42] O:7464.25 H:7465.00 L:7463.25 C:7463.75 V:1211.0
  📈 Trend: strong_bearish | 🌍 Regime: ranging
  🗺️  Grid: 0.080% | 🔺 7465.00 🔻 7464.00
  📡 RSI: 51.8 | MACD: -0.14 | ATR: 2.12
  📊 Filled: 0 | Pending: 0
  🔲 Regime: RANGING | Range pos: 61% | RSI: 51.8
  💰 Daily P&L: $-4,000.00

[2026-07-28 13:43] O:7463.75 H:7465.75 L:7463.50 C:7465.25 V:1105.0
  📈 Trend: strong_bearish | 🌍 Regime: ranging
  🗺️  Grid: 0.080% | 🔺 7465.00 🔻 7463.25
  📡 RSI: 55.0 | MACD: -0.13 | ATR: 2.18
  📊 Filled: 0 | Pending: 0
  🔲 Regime: RANGING | Range pos: 64% | RSI: 55.0
  💰 Daily P&L: $-4,000.00

[2026-07-28 13:44] O:7465.50 H:7466.75 L:7464.00 C:7465.50 V:1152.0
  📈 Trend: strong_bearish | 🌍 Regime: ranging
  🗺️  Grid: 0.080% | 🔺 7465.75 🔻 7463.50
  📡 RSI: 51.8 | MACD: -0.11 | ATR: 2.18
  📊 Filled: 0 | Pending: 0
  🔲 Regime: RANGING | Range pos: 64% | RSI: 51.8
  💰 Daily P&L: $-4,000.00

[2026-07-28 13:45] O:7465.50 H:7468.25 L:7464.75 C:7468.25 V:1537.0
  📈 Trend: strong_bearish (raw: moderate_bullish) | 🌍 Regime: ranging
  🗺️  Grid: 0.080% | 🔺 7466.75 🔻 7464.00
  📡 RSI: 64.5 | MACD: 0.13 | ATR: 2.29
  📊 Filled: 0 | Pending: 0
  🔲 Regime: RANGING | Range pos: 69% | RSI: 64.5
  💰 Daily P&L: $-4,000.00

[2026-07-28 13:46] O:7468.25 H:7471.00 L:7467.25 C:7471.00 V:2011.0
  📈 Trend: moderate_bullish | 🌍 Regime: ranging
  🗺️  Grid: 0.080% | 🔺 7468.25 🔻 7464.75
  📡 RSI: 69.0 | MACD: 0.54 | ATR: 2.43
  📊 Filled: 0 | Pending: 0
  🔲 Regime: RANGING | Range pos: 74% | RSI: 69.0
  💰 Daily P&L: $-4,000.00

[2026-07-28 13:47] O:7470.75 H:7472.00 L:7470.25 C:7470.50 V:2311.0
  📈 Trend: moderate_bullish | 🌍 Regime: ranging
  🗺️  Grid: 0.080% | 🔺 7471.00 🔻 7467.25
  📡 RSI: 62.5 | MACD: 0.81 | ATR: 2.34
  📊 Filled: 0 | Pending: 0
  🔲 Regime: RANGING | Range pos: 73% | RSI: 62.5
  💰 Daily P&L: $-4,000.00

[2026-07-28 13:48] O:7470.50 H:7471.25 L:7469.25 C:7469.75 V:1436.0
  📈 Trend: moderate_bullish (raw: strong_bullish) | 🌍 Regime: ranging
  🗺️  Grid: 0.080% | 🔺 7472.00 🔻 7470.25
  📡 RSI: 57.8 | MACD: 0.96 | ATR: 2.34
  📊 Filled: 0 | Pending: 0
  🔲 Regime: RANGING | Range pos: 72% | RSI: 57.8
  💰 Daily P&L: $-4,000.00

[2026-07-28 13:49] O:7470.00 H:7471.25 L:7469.50 C:7470.25 V:1064.0
  📈 Trend: strong_bullish | 🌍 Regime: ranging
  🗺️  Grid: 0.080% | 🔺 7471.25 🔻 7469.25
  📡 RSI: 60.9 | MACD: 1.10 | ATR: 2.32
  📊 Filled: 0 | Pending: 0
  🔲 Regime: RANGING | Range pos: 73% | RSI: 60.9
  💰 Daily P&L: $-4,000.00

[2026-07-28 13:50] O:7470.25 H:7471.75 L:7470.00 C:7471.50 V:1075.0
  📈 Trend: strong_bullish | 🌍 Regime: ranging
  🗺️  Grid: 0.080% | 🔺 7471.25 🔻 7469.50
  📡 RSI: 65.7 | MACD: 1.30 | ATR: 2.30
  📊 Filled: 0 | Pending: 0
  🔲 Regime: RANGING | Range pos: 75% | RSI: 65.7
  💰 Daily P&L: $-4,000.00

[2026-07-28 13:51] O:7471.50 H:7473.00 L:7471.50 C:7471.75 V:1648.0
  📈 Trend: strong_bullish | 🌍 Regime: ranging
  🗺️  Grid: 0.080% | 🔺 7471.75 🔻 7470.00
  📡 RSI: 63.5 | MACD: 1.46 | ATR: 2.29
  📊 Filled: 0 | Pending: 0
  🔲 Regime: RANGING | Range pos: 75% | RSI: 63.5
  💰 Daily P&L: $-4,000.00

[2026-07-28 13:52] O:7471.75 H:7472.25 L:7470.00 C:7470.50 V:1230.0
  📈 Trend: strong_bullish | 🌍 Regime: ranging
  🗺️  Grid: 0.080% | 🔺 7473.00 🔻 7471.50
  📡 RSI: 56.9 | MACD: 1.47 | ATR: 2.29
  📊 Filled: 0 | Pending: 0
  🔲 Regime: RANGING | Range pos: 73% | RSI: 56.9
  💰 Daily P&L: $-4,000.00

[2026-07-28 13:53] O:7470.50 H:7471.50 L:7469.25 C:7469.75 V:1466.0
  📈 Trend: strong_bullish | 🌍 Regime: ranging
  🗺️  Grid: 0.080% | 🔺 7472.25 🔻 7470.00
  📡 RSI: 61.7 | MACD: 1.40 | ATR: 2.21
  📊 Filled: 0 | Pending: 0
  🔲 Regime: RANGING | Range pos: 72% | RSI: 61.7
  💰 Daily P&L: $-4,000.00

[2026-07-28 13:54] O:7469.75 H:7471.00 L:7469.50 C:7470.25 V:833.0
  📈 Trend: strong_bullish | 🌍 Regime: ranging
  🗺️  Grid: 0.080% | 🔺 7471.50 🔻 7469.25
  📡 RSI: 72.2 | MACD: 1.37 | ATR: 2.12
  📊 Filled: 0 | Pending: 0
  🔲 Regime: RANGING | Range pos: 73% | RSI: 72.2
  🚫 Raw trend blocks RANGING SHORT | raw: strong_bullish
  💰 Daily P&L: $-4,000.00

[2026-07-28 13:55] O:7470.50 H:7472.25 L:7468.75 C:7472.00 V:1296.0
  📈 Trend: strong_bullish | 🌍 Regime: ranging
  🗺️  Grid: 0.080% | 🔺 7471.00 🔻 7469.50
  📡 RSI: 76.7 | MACD: 1.47 | ATR: 2.30
  📊 Filled: 0 | Pending: 0
  🔲 Regime: RANGING | Range pos: 76% | RSI: 76.7
  🚫 Raw trend blocks RANGING SHORT | raw: strong_bullish
  💰 Daily P&L: $-4,000.00

[2026-07-28 13:56] O:7472.00 H:7473.00 L:7471.25 C:7472.50 V:1880.0
  📈 Trend: strong_bullish | 🌍 Regime: ranging
  🗺️  Grid: 0.080% | 🔺 7472.25 🔻 7468.75
  📡 RSI: 78.7 | MACD: 1.57 | ATR: 2.30
  📊 Filled: 0 | Pending: 0
  🔲 Regime: RANGING | Range pos: 77% | RSI: 78.7
  🚫 Raw trend blocks RANGING SHORT | raw: strong_bullish
  💰 Daily P&L: $-4,000.00

[2026-07-28 13:57] O:7472.50 H:7473.75 L:7471.75 C:7473.00 V:1307.0
  📈 Trend: strong_bullish | 🌍 Regime: ranging
  🗺️  Grid: 0.080% | 🔺 7473.00 🔻 7471.25
  📡 RSI: 77.2 | MACD: 1.68 | ATR: 2.29
  📊 Filled: 0 | Pending: 0
  🔲 Regime: RANGING | Range pos: 78% | RSI: 77.2
  🚫 Raw trend blocks RANGING SHORT | raw: strong_bullish
  💰 Daily P&L: $-4,000.00

[2026-07-28 13:58] O:7473.00 H:7474.00 L:7472.25 C:7473.25 V:1421.0
  📈 Trend: strong_bullish | 🌍 Regime: ranging
  🗺️  Grid: 0.080% | 🔺 7473.75 🔻 7471.75
  📡 RSI: 77.2 | MACD: 1.76 | ATR: 2.21
  📊 Filled: 0 | Pending: 0
  🔲 Regime: RANGING | Range pos: 78% | RSI: 77.2
  🚫 Raw trend blocks RANGING SHORT | raw: strong_bullish
  💰 Daily P&L: $-4,000.00

[2026-07-28 13:59] O:7473.00 H:7473.50 L:7472.25 C:7472.25 V:1055.0
  📈 Trend: strong_bullish | 🌍 Regime: ranging
  🗺️  Grid: 0.080% | 🔺 7474.00 🔻 7472.25
  📡 RSI: 66.0 | MACD: 1.72 | ATR: 2.05
  📊 Filled: 0 | Pending: 0
  🔲 Regime: RANGING | Range pos: 76% | RSI: 66.0
  💰 Daily P&L: $-4,000.00

[2026-07-28 14:00] O:7472.25 H:7475.75 L:7472.25 C:7474.25 V:2267.0
  📈 Trend: strong_bullish | 🌍 Regime: ranging
  🗺️  Grid: 0.080% | 🔺 7473.50 🔻 7472.25
  📡 RSI: 63.8 | MACD: 1.83 | ATR: 2.04
  📊 Filled: 0 | Pending: 0
  🔲 Regime: RANGING | Range pos: 80% | RSI: 63.8
  💰 Daily P&L: $-4,000.00

[2026-07-28 14:01] O:7474.25 H:7475.25 L:7473.50 C:7474.75 V:1358.0
  📈 Trend: strong_bullish | 🌍 Regime: trending_bullish
  🗺️  Grid: 0.080% | 🔺 7475.75 🔻 7472.25
  📡 RSI: 68.1 | MACD: 1.94 | ATR: 2.04
  📊 Filled: 0 | Pending: 0
  💰 Daily P&L: $-4,000.00

[2026-07-28 14:02] O:7474.75 H:7475.25 L:7473.50 C:7475.25 V:2217.0
  📈 Trend: strong_bullish | 🌍 Regime: trending_bullish
  🗺️  Grid: 0.080% | 🔺 7475.25 🔻 7473.50
  📡 RSI: 73.9 | MACD: 2.04 | ATR: 2.02
  📊 Filled: 0 | Pending: 0
  💰 Daily P&L: $-4,000.00

[2026-07-28 14:03] O:7475.25 H:7477.00 L:7474.75 C:7476.25 V:1916.0
  📈 Trend: strong_bullish | 🌍 Regime: trending_bullish
  🗺️  Grid: 0.080% | 🔺 7475.25 🔻 7473.50
  📡 RSI: 75.0 | MACD: 2.17 | ATR: 2.05
  📊 Filled: 0 | Pending: 0
  💰 Daily P&L: $-4,000.00

[2026-07-28 14:04] O:7476.25 H:7477.50 L:7475.00 C:7477.00 V:2149.0
  📈 Trend: strong_bullish | 🌍 Regime: trending_bullish
  🗺️  Grid: 0.080% | 🔺 7477.00 🔻 7474.75
  📡 RSI: 73.9 | MACD: 2.31 | ATR: 2.11
  📊 Filled: 0 | Pending: 0
  💰 Daily P&L: $-4,000.00

[2026-07-28 14:05] O:7476.75 H:7477.50 L:7475.00 C:7477.00 V:3126.0
  📈 Trend: strong_bullish | 🌍 Regime: trending_bullish
  🗺️  Grid: 0.080% | 🔺 7477.50 🔻 7475.00
  📡 RSI: 73.3 | MACD: 2.40 | ATR: 2.18
  📊 Filled: 0 | Pending: 0
  💰 Daily P&L: $-4,000.00

[2026-07-28 14:06] O:7477.25 H:7477.50 L:7475.00 C:7475.50 V:2545.0
  📈 Trend: strong_bullish | 🌍 Regime: trending_bullish
  🗺️  Grid: 0.080% | 🔺 7477.50 🔻 7475.00
  📡 RSI: 71.7 | MACD: 2.32 | ATR: 2.20
  📊 Filled: 0 | Pending: 0
  💰 Daily P&L: $-4,000.00

[2026-07-28 14:07] O:7475.75 H:7477.00 L:7475.00 C:7475.00 V:1358.0
  📈 Trend: strong_bullish | 🌍 Regime: trending_bullish
  🗺️  Grid: 0.080% | 🔺 7477.50 🔻 7475.00
  📡 RSI: 73.3 | MACD: 2.19 | ATR: 2.18
  📊 Filled: 0 | Pending: 0
  💰 Daily P&L: $-4,000.00

[2026-07-28 14:08] O:7475.00 H:7475.00 L:7472.50 C:7472.50 V:2924.0
  📈 Trend: strong_bullish (raw: moderate_bullish) | 🌍 Regime: trending_bullish
  🗺️  Grid: 0.080% | 🔺 7477.00 🔻 7475.00
  📡 RSI: 58.5 | MACD: 1.86 | ATR: 2.25
  📊 Filled: 0 | Pending: 0
  💰 Daily P&L: $-4,000.00

[2026-07-28 14:09] O:7472.75 H:7473.75 L:7471.75 C:7472.00 V:1475.0
  📈 Trend: moderate_bullish | 🌍 Regime: trending_bullish
  🗺️  Grid: 0.080% | 🔺 7475.00 🔻 7472.50
  📡 RSI: 50.0 | MACD: 1.55 | ATR: 2.14
  📊 Filled: 0 | Pending: 0
  💰 Daily P&L: $-4,000.00

[2026-07-28 14:10] O:7472.25 H:7474.50 L:7472.00 C:7472.00 V:1384.0
  📈 Trend: moderate_bullish | 🌍 Regime: trending_bullish
  🗺️  Grid: 0.080% | 🔺 7473.75 🔻 7471.75
  📡 RSI: 47.8 | MACD: 1.28 | ATR: 2.20
  📊 Filled: 0 | Pending: 0
  💰 Daily P&L: $-4,000.00

[2026-07-28 14:11] O:7472.25 H:7473.50 L:7471.75 C:7473.00 V:1285.0
  📈 Trend: moderate_bullish | 🌍 Regime: trending_bullish
  🗺️  Grid: 0.080% | 🔺 7474.50 🔻 7472.00
  📡 RSI: 50.0 | MACD: 1.14 | ATR: 2.18
  📊 Filled: 0 | Pending: 0
  💰 Daily P&L: $-4,000.00

[2026-07-28 14:12] O:7473.25 H:7473.25 L:7471.75 C:7472.00 V:911.0
  📈 Trend: moderate_bullish | 🌍 Regime: trending_bullish
  🗺️  Grid: 0.080% | 🔺 7473.50 🔻 7471.75
  📡 RSI: 45.1 | MACD: 0.93 | ATR: 2.16
  📊 Filled: 0 | Pending: 0
  💰 Daily P&L: $-4,000.00

[2026-07-28 14:13] O:7472.25 H:7473.25 L:7471.25 C:7473.00 V:1218.0
  📈 Trend: moderate_bullish | 🌍 Regime: trending_bullish
  🗺️  Grid: 0.080% | 🔺 7473.25 🔻 7471.75
  📡 RSI: 52.9 | MACD: 0.84 | ATR: 2.21
  📊 Filled: 0 | Pending: 0
  💰 Daily P&L: $-4,000.00

[2026-07-28 14:14] O:7473.00 H:7473.25 L:7471.50 C:7472.50 V:983.0
  📈 Trend: moderate_bullish | 🌍 Regime: trending_bullish
  🗺️  Grid: 0.080% | 🔺 7473.25 🔻 7471.25
  📡 RSI: 42.2 | MACD: 0.72 | ATR: 2.09
  📊 Filled: 0 | Pending: 0
  💰 Daily P&L: $-4,000.00

[2026-07-28 14:15] O:7472.50 H:7473.75 L:7471.50 C:7472.00 V:1681.0
  📈 Trend: moderate_bullish (raw: moderate_bearish) | 🌍 Regime: trending_bearish
  🗺️  Grid: 0.080% | 🔺 7473.25 🔻 7471.50
  📡 RSI: 37.8 | MACD: 0.58 | ATR: 2.12
  📊 Filled: 0 | Pending: 0
  💰 Daily P&L: $-4,000.00

[2026-07-28 14:16] O:7471.75 H:7473.00 L:7470.75 C:7472.50 V:1576.0
  📈 Trend: moderate_bearish | 🌍 Regime: trending_bearish
  🗺️  Grid: 0.080% | 🔺 7473.75 🔻 7471.50
  📡 RSI: 37.8 | MACD: 0.50 | ATR: 2.16
  📊 Filled: 0 | Pending: 0
  💰 Daily P&L: $-4,000.00

[2026-07-28 14:17] O:7472.50 H:7474.50 L:7471.50 C:7472.50 V:1827.0
  📈 Trend: moderate_bearish | 🌍 Regime: trending_bearish
  🗺️  Grid: 0.080% | 🔺 7473.00 🔻 7470.75
  📡 RSI: 31.7 | MACD: 0.43 | ATR: 2.21
  📊 Filled: 0 | Pending: 0
  💰 Daily P&L: $-4,000.00

[2026-07-28 14:18] O:7472.50 H:7475.25 L:7472.25 C:7474.25 V:1776.0
  📈 Trend: moderate_bearish (raw: moderate_bullish) | 🌍 Regime: trending_bullish
  🗺️  Grid: 0.080% | 🔺 7474.50 🔻 7471.50
  📡 RSI: 37.8 | MACD: 0.51 | ATR: 2.25
  📊 Filled: 0 | Pending: 0
  💰 Daily P&L: $-4,000.00

[2026-07-28 14:19] O:7474.50 H:7475.25 L:7473.75 C:7474.25 V:1119.0
  📈 Trend: moderate_bearish | 🌍 Regime: ranging
  🗺️  Grid: 0.080% | 🔺 7475.25 🔻 7472.25
  📡 RSI: 37.8 | MACD: 0.57 | ATR: 2.18
  📊 Filled: 0 | Pending: 0
  🔲 Regime: RANGING | Range pos: 80% | RSI: 37.8
  💰 Daily P&L: $-4,000.00

[2026-07-28 14:20] O:7474.25 H:7474.75 L:7473.50 C:7474.25 V:979.0
  📈 Trend: moderate_bearish | 🌍 Regime: ranging
  🗺️  Grid: 0.080% | 🔺 7475.25 🔻 7473.75
  📡 RSI: 43.6 | MACD: 0.61 | ATR: 2.09
  📊 Filled: 0 | Pending: 0
  🔲 Regime: RANGING | Range pos: 80% | RSI: 43.6
  💰 Daily P&L: $-4,000.00

[2026-07-28 14:21] O:7474.50 H:7475.00 L:7473.25 C:7473.75 V:902.0
  📈 Trend: moderate_bearish | 🌍 Regime: ranging
  🗺️  Grid: 0.080% | 🔺 7474.75 🔻 7473.50
  📡 RSI: 43.6 | MACD: 0.60 | ATR: 2.07
  📊 Filled: 0 | Pending: 0
  🔲 Regime: RANGING | Range pos: 79% | RSI: 43.6
  💰 Daily P&L: $-4,000.00

[2026-07-28 14:22] O:7474.00 H:7475.75 L:7474.00 C:7475.50 V:1513.0
  📈 Trend: moderate_bearish (raw: moderate_bullish) | 🌍 Regime: ranging
  🗺️  Grid: 0.080% | 🔺 7475.00 🔻 7473.25
  📡 RSI: 66.7 | MACD: 0.72 | ATR: 2.04
  📊 Filled: 0 | Pending: 0
  🔲 Regime: RANGING | Range pos: 82% | RSI: 66.7
  💰 Daily P&L: $-4,000.00

[2026-07-28 14:23] O:7475.75 H:7476.25 L:7475.25 C:7475.25 V:1388.0
  📈 Trend: moderate_bullish | 🌍 Regime: ranging
  🗺️  Grid: 0.080% | 🔺 7475.75 🔻 7474.00
  📡 RSI: 68.6 | MACD: 0.78 | ATR: 1.96
  📊 Filled: 0 | Pending: 0
  🔲 Regime: RANGING | Range pos: 81% | RSI: 68.6
  💰 Daily P&L: $-4,000.00

[2026-07-28 14:24] O:7475.50 H:7476.50 L:7475.25 C:7476.25 V:903.0
  📈 Trend: moderate_bullish | 🌍 Regime: ranging
  🗺️  Grid: 0.080% | 🔺 7476.25 🔻 7475.25
  📡 RSI: 71.8 | MACD: 0.90 | ATR: 1.88
  📊 Filled: 0 | Pending: 0
  🔲 Regime: RANGING | Range pos: 83% | RSI: 71.8
  🚫 Raw trend blocks RANGING SHORT | raw: moderate_bullish
  💰 Daily P&L: $-4,000.00

[2026-07-28 14:25] O:7476.25 H:7476.75 L:7474.25 C:7474.50 V:1214.0
  📈 Trend: moderate_bullish (raw: strong_bullish) | 🌍 Regime: ranging
  🗺️  Grid: 0.080% | 🔺 7476.50 🔻 7475.25
  📡 RSI: 57.1 | MACD: 0.85 | ATR: 1.93
  📊 Filled: 0 | Pending: 0
  🔲 Regime: RANGING | Range pos: 80% | RSI: 57.1
  💰 Daily P&L: $-4,000.00

[2026-07-28 14:26] O:7474.50 H:7475.00 L:7471.75 C:7472.25 V:1700.0
  📈 Trend: moderate_bullish | 🌍 Regime: ranging
  🗺️  Grid: 0.080% | 🔺 7476.75 🔻 7474.25
  📡 RSI: 51.1 | MACD: 0.62 | ATR: 2.05
  📊 Filled: 0 | Pending: 0
  🔲 Regime: RANGING | Range pos: 76% | RSI: 51.1
  💰 Daily P&L: $-4,000.00

[2026-07-28 14:27] O:7472.25 H:7472.50 L:7471.50 C:7472.25 V:1315.0
  📈 Trend: moderate_bullish | 🌍 Regime: ranging
  🗺️  Grid: 0.080% | 🔺 7475.00 🔻 7471.75
  📡 RSI: 46.5 | MACD: 0.43 | ATR: 1.98
  📊 Filled: 0 | Pending: 0
  🔲 Regime: RANGING | Range pos: 76% | RSI: 46.5
  💰 Daily P&L: $-4,000.00

[2026-07-28 14:28] O:7472.50 H:7475.75 L:7472.25 C:7475.25 V:2030.0
  📈 Trend: moderate_bullish (raw: strong_bullish) | 🌍 Regime: ranging
  🗺️  Grid: 0.080% | 🔺 7472.50 🔻 7471.50
  📡 RSI: 60.4 | MACD: 0.52 | ATR: 2.11
  📊 Filled: 0 | Pending: 0
  🔲 Regime: RANGING | Range pos: 81% | RSI: 60.4
  💰 Daily P&L: $-4,000.00

[2026-07-28 14:29] O:7475.50 H:7476.00 L:7474.50 C:7475.00 V:1251.0
  📈 Trend: strong_bullish | 🌍 Regime: ranging
  🗺️  Grid: 0.080% | 🔺 7475.75 🔻 7472.25
  📡 RSI: 61.5 | MACD: 0.56 | ATR: 2.05
  📊 Filled: 0 | Pending: 0
  🔲 Regime: RANGING | Range pos: 81% | RSI: 61.5
  💰 Daily P&L: $-4,000.00

[2026-07-28 14:30] O:7475.25 H:7475.50 L:7472.75 C:7473.75 V:2750.0
  📈 Trend: strong_bullish | 🌍 Regime: ranging
  🗺️  Grid: 0.080% | 🔺 7476.00 🔻 7474.50
  📡 RSI: 54.5 | MACD: 0.49 | ATR: 2.09
  📊 Filled: 0 | Pending: 0
  🕐 Outside session (14:30 CT) — no entries
  💰 Daily P&L: $-4,000.00

[2026-07-28 14:31] O:7473.75 H:7474.75 L:7473.25 C:7473.50 V:2077.0
  📈 Trend: strong_bullish | 🌍 Regime: ranging
  🗺️  Grid: 0.080% | 🔺 7475.50 🔻 7472.75
  📡 RSI: 53.6 | MACD: 0.40 | ATR: 1.98
  📊 Filled: 0 | Pending: 0
  🕐 Outside session (14:31 CT) — no entries
  💰 Daily P&L: $-4,000.00

[2026-07-28 14:32] O:7473.75 H:7474.75 L:7473.00 C:7474.00 V:1689.0
  📈 Trend: strong_bullish | 🌍 Regime: ranging
  🗺️  Grid: 0.080% | 🔺 7474.75 🔻 7473.25
  📡 RSI: 49.0 | MACD: 0.37 | ATR: 1.89
  📊 Filled: 0 | Pending: 0
  🕐 Outside session (14:32 CT) — no entries
  💰 Daily P&L: $-4,000.00

[2026-07-28 14:33] O:7474.25 H:7474.50 L:7473.00 C:7473.00 V:1306.0
  📈 Trend: strong_bullish | 🌍 Regime: ranging
  🗺️  Grid: 0.080% | 🔺 7474.75 🔻 7473.00
  📡 RSI: 45.5 | MACD: 0.27 | ATR: 1.89
  📊 Filled: 0 | Pending: 0
  🕐 Outside session (14:33 CT) — no entries
  💰 Daily P&L: $-4,000.00

[2026-07-28 14:34] O:7473.00 H:7474.00 L:7472.50 C:7473.25 V:1159.0
  📈 Trend: strong_bullish | 🌍 Regime: ranging
  🗺️  Grid: 0.080% | 🔺 7474.50 🔻 7473.00
  📡 RSI: 46.4 | MACD: 0.20 | ATR: 1.91
  📊 Filled: 0 | Pending: 0
  🕐 Outside session (14:34 CT) — no entries
  💰 Daily P&L: $-4,000.00

[2026-07-28 14:35] O:7473.25 H:7473.50 L:7470.25 C:7470.75 V:2181.0
  📈 Trend: strong_bullish (raw: moderate_bullish) | 🌍 Regime: ranging
  🗺️  Grid: 0.080% | 🔺 7474.00 🔻 7472.50
  📡 RSI: 40.6 | MACD: -0.05 | ATR: 2.02
  📊 Filled: 0 | Pending: 0
  🕐 Outside session (14:35 CT) — no entries
  💰 Daily P&L: $-4,000.00

[2026-07-28 14:36] O:7470.75 H:7470.75 L:7469.50 C:7470.00 V:2043.0
  📈 Trend: moderate_bullish | 🌍 Regime: ranging
  🗺️  Grid: 0.080% | 🔺 7473.50 🔻 7470.25
  📡 RSI: 31.7 | MACD: -0.31 | ATR: 1.96
  📊 Filled: 0 | Pending: 0
  🕐 Outside session (14:36 CT) — no entries
  💰 Daily P&L: $-4,000.00

[2026-07-28 14:37] O:7470.00 H:7470.00 L:7468.75 C:7469.50 V:1722.0
  📈 Trend: moderate_bullish | 🌍 Regime: ranging
  🗺️  Grid: 0.080% | 🔺 7470.75 🔻 7469.50
  📡 RSI: 31.1 | MACD: -0.55 | ATR: 1.98
  📊 Filled: 0 | Pending: 0
  🕐 Outside session (14:37 CT) — no entries
  💰 Daily P&L: $-4,000.00

[2026-07-28 14:38] O:7469.50 H:7470.00 L:7468.25 C:7469.25 V:2073.0
  📈 Trend: moderate_bullish | 🌍 Regime: ranging
  🗺️  Grid: 0.080% | 🔺 7470.00 🔻 7468.75
  📡 RSI: 25.9 | MACD: -0.75 | ATR: 2.02
  📊 Filled: 0 | Pending: 0
  🕐 Outside session (14:38 CT) — no entries
  💰 Daily P&L: $-4,000.00

[2026-07-28 14:39] O:7469.50 H:7469.75 L:7467.25 C:7468.00 V:1552.0
  📈 Trend: moderate_bullish (raw: strong_bearish) | 🌍 Regime: ranging
  🗺️  Grid: 0.080% | 🔺 7470.00 🔻 7468.25
  📡 RSI: 26.8 | MACD: -1.00 | ATR: 2.02
  📊 Filled: 0 | Pending: 0
  🕐 Outside session (14:39 CT) — no entries
  💰 Daily P&L: $-4,000.00

[2026-07-28 14:40] O:7468.00 H:7470.25 L:7467.75 C:7469.00 V:1994.0
  📈 Trend: strong_bearish | 🌍 Regime: ranging
  🗺️  Grid: 0.080% | 🔺 7469.75 🔻 7467.25
  📡 RSI: 37.3 | MACD: -1.10 | ATR: 1.96
  📊 Filled: 0 | Pending: 0
  🕐 Outside session (14:40 CT) — no entries
  💰 Daily P&L: $-4,000.00

[2026-07-28 14:41] O:7469.00 H:7470.25 L:7468.25 C:7470.00 V:1549.0
  📈 Trend: strong_bearish | 🌍 Regime: ranging
  🗺️  Grid: 0.080% | 🔺 7470.25 🔻 7467.75
  📡 RSI: 41.8 | MACD: -1.09 | ATR: 2.04
  📊 Filled: 0 | Pending: 0
  🕐 Outside session (14:41 CT) — no entries
  💰 Daily P&L: $-4,000.00

[2026-07-28 14:42] O:7470.00 H:7471.00 L:7468.50 C:7469.00 V:2085.0
  📈 Trend: strong_bearish | 🌍 Regime: ranging
  🗺️  Grid: 0.080% | 🔺 7470.25 🔻 7468.25
  📡 RSI: 23.4 | MACD: -1.15 | ATR: 1.96
  📊 Filled: 0 | Pending: 0
  🕐 Outside session (14:42 CT) — no entries
  💰 Daily P&L: $-4,000.00

[2026-07-28 14:43] O:7469.25 H:7471.25 L:7469.00 C:7470.50 V:1711.0
  📈 Trend: strong_bearish | 🌍 Regime: ranging
  🗺️  Grid: 0.080% | 🔺 7471.00 🔻 7468.50
  📡 RSI: 32.7 | MACD: -1.06 | ATR: 2.02
  📊 Filled: 0 | Pending: 0
  🕐 Outside session (14:43 CT) — no entries
  💰 Daily P&L: $-4,000.00

[2026-07-28 14:44] O:7470.75 H:7471.25 L:7469.50 C:7471.00 V:1436.0
  📈 Trend: strong_bearish | 🌍 Regime: ranging
  🗺️  Grid: 0.080% | 🔺 7471.25 🔻 7469.00
  📡 RSI: 38.8 | MACD: -0.94 | ATR: 1.95
  📊 Filled: 0 | Pending: 0
  🕐 Outside session (14:44 CT) — no entries
  💰 Daily P&L: $-4,000.00

[2026-07-28 14:45] O:7471.00 H:7471.50 L:7467.75 C:7467.75 V:2438.0
  📈 Trend: strong_bearish | 🌍 Regime: trending_bearish
  🗺️  Grid: 0.080% | 🔺 7471.25 🔻 7469.50
  📡 RSI: 31.1 | MACD: -1.10 | ATR: 2.11
  📊 Filled: 0 | Pending: 0
  🕐 Outside session (14:45 CT) — no entries
  💰 Daily P&L: $-4,000.00

[2026-07-28 14:46] O:7467.75 H:7468.25 L:7467.00 C:7468.25 V:1431.0
  📈 Trend: strong_bearish | 🌍 Regime: trending_bearish
  🗺️  Grid: 0.080% | 🔺 7471.50 🔻 7467.75
  📡 RSI: 31.1 | MACD: -1.17 | ATR: 2.07
  📊 Filled: 0 | Pending: 0
  🕐 Outside session (14:46 CT) — no entries
  💰 Daily P&L: $-4,000.00

[2026-07-28 14:47] O:7468.25 H:7469.75 L:7468.00 C:7468.50 V:1496.0
  📈 Trend: strong_bearish | 🌍 Regime: trending_bearish
  🗺️  Grid: 0.080% | 🔺 7468.25 🔻 7467.00
  📡 RSI: 34.5 | MACD: -1.19 | ATR: 2.09
  📊 Filled: 0 | Pending: 0
  🕐 Outside session (14:47 CT) — no entries
  💰 Daily P&L: $-4,000.00

[2026-07-28 14:48] O:7468.75 H:7469.75 L:7468.00 C:7468.50 V:1265.0
  📈 Trend: strong_bearish | 🌍 Regime: trending_bearish
  🗺️  Grid: 0.080% | 🔺 7469.75 🔻 7468.00
  📡 RSI: 33.3 | MACD: -1.19 | ATR: 2.11
  📊 Filled: 0 | Pending: 0
  🕐 Outside session (14:48 CT) — no entries
  💰 Daily P&L: $-4,000.00

[2026-07-28 14:49] O:7468.50 H:7469.50 L:7468.00 C:7469.25 V:1534.0
  📈 Trend: strong_bearish | 🌍 Regime: trending_bearish
  🗺️  Grid: 0.080% | 🔺 7469.75 🔻 7468.00
  📡 RSI: 44.0 | MACD: -1.12 | ATR: 1.98
  📊 Filled: 0 | Pending: 0
  🕐 Outside session (14:49 CT) — no entries
  💰 Daily P&L: $-4,000.00

[2026-07-28 14:50] O:7469.25 H:7470.25 L:7466.50 C:7467.00 V:4332.0
  📈 Trend: strong_bearish | 🌍 Regime: trending_bearish
  🗺️  Grid: 0.080% | 🔺 7469.50 🔻 7468.00
  📡 RSI: 39.3 | MACD: -1.23 | ATR: 2.16
  📊 Filled: 0 | Pending: 0
  🕐 Outside session (14:50 CT) — no entries
  💰 Daily P&L: $-4,000.00

[2026-07-28 14:51] O:7466.75 H:7467.75 L:7466.50 C:7467.00 V:1782.0
  📈 Trend: strong_bearish | 🌍 Regime: trending_bearish
  🗺️  Grid: 0.080% | 🔺 7470.25 🔻 7466.50
  📡 RSI: 40.7 | MACD: -1.30 | ATR: 2.16
  📊 Filled: 0 | Pending: 0
  🕐 Outside session (14:51 CT) — no entries
  💰 Daily P&L: $-4,000.00

[2026-07-28 14:52] O:7466.75 H:7468.50 L:7466.50 C:7468.50 V:1988.0
  📈 Trend: strong_bearish | 🌍 Regime: trending_bearish
  🗺️  Grid: 0.080% | 🔺 7467.75 🔻 7466.50
  📡 RSI: 47.5 | MACD: -1.22 | ATR: 2.18
  📊 Filled: 0 | Pending: 0
  🕐 Outside session (14:52 CT) — no entries
  💰 Daily P&L: $-4,000.00

[2026-07-28 14:53] O:7468.25 H:7470.00 L:7467.50 C:7470.00 V:2045.0
  📈 Trend: strong_bearish (raw: moderate_bearish) | 🌍 Regime: trending_bearish
  🗺️  Grid: 0.080% | 🔺 7468.50 🔻 7466.50
  📡 RSI: 56.7 | MACD: -1.03 | ATR: 2.18
  📊 Filled: 0 | Pending: 0
  🕐 Outside session (14:53 CT) — no entries
  💰 Daily P&L: $-4,000.00

[2026-07-28 14:54] O:7470.00 H:7475.00 L:7469.75 C:7474.25 V:5384.0
  📈 Trend: strong_bearish (raw: moderate_bullish) | 🌍 Regime: ranging
  🗺️  Grid: 0.080% | 🔺 7470.00 🔻 7467.50
  📡 RSI: 64.4 | MACD: -0.53 | ATR: 2.38
  📊 Filled: 0 | Pending: 0
  🕐 Outside session (14:54 CT) — no entries
  💰 Daily P&L: $-4,000.00

[2026-07-28 14:55] O:7474.50 H:7474.50 L:7468.00 C:7470.00 V:6391.0
  📈 Trend: strong_bearish (raw: moderate_bearish) | 🌍 Regime: ranging
  🗺️  Grid: 0.080% | 🔺 7475.00 🔻 7469.75
  📡 RSI: 50.0 | MACD: -0.47 | ATR: 2.70
  📊 Filled: 0 | Pending: 0
  🕐 Outside session (14:55 CT) — no entries
  💰 Daily P&L: $-4,000.00

[2026-07-28 14:56] O:7469.75 H:7471.75 L:7469.00 C:7469.75 V:3798.0
  📈 Trend: strong_bearish (raw: moderate_bullish) | 🌍 Regime: ranging
  🗺️  Grid: 0.080% | 🔺 7474.50 🔻 7468.00
  📡 RSI: 51.8 | MACD: -0.43 | ATR: 2.71
  📊 Filled: 0 | Pending: 0
  🕐 Outside session (14:56 CT) — no entries
  💰 Daily P&L: $-4,000.00

[2026-07-28 14:57] O:7469.75 H:7470.25 L:7468.25 C:7469.50 V:4524.0
  📈 Trend: moderate_bullish | 🌍 Regime: ranging
  🗺️  Grid: 0.080% | 🔺 7471.75 🔻 7469.00
  📡 RSI: 47.4 | MACD: -0.42 | ATR: 2.70
  📊 Filled: 0 | Pending: 0
  🕐 Outside session (14:57 CT) — no entries
  💰 Daily P&L: $-4,000.00

[2026-07-28 14:58] O:7469.50 H:7470.50 L:7468.50 C:7468.75 V:7451.0
  📈 Trend: moderate_bullish | 🌍 Regime: ranging
  🗺️  Grid: 0.080% | 🔺 7470.25 🔻 7468.25
  📡 RSI: 44.3 | MACD: -0.47 | ATR: 2.71
  📊 Filled: 0 | Pending: 0
  🕐 Outside session (14:58 CT) — no entries
  💰 Daily P&L: $-4,000.00

[2026-07-28 14:59] O:7468.75 H:7469.25 L:7462.50 C:7466.00 V:42613.0
  📈 Trend: moderate_bullish (raw: strong_bearish) | 🌍 Regime: ranging
  🗺️  Grid: 0.080% | 🔺 7470.50 🔻 7468.50
  📡 RSI: 45.5 | MACD: -0.72 | ATR: 2.93
  📊 Filled: 0 | Pending: 0
  🕐 Outside session (14:59 CT) — no entries
  💰 Daily P&L: $-4,000.00

[2026-07-28 15:00] O:7466.25 H:7467.50 L:7463.75 C:7466.75 V:11308.0
  📈 Trend: strong_bearish | 🌍 Regime: ranging
  🗺️  Grid: 0.080% | 🔺 7469.25 🔻 7462.50
  📡 RSI: 46.2 | MACD: -0.85 | ATR: 3.11
  📊 Filled: 0 | Pending: 0
  🕐 Outside session (15:00 CT) — no entries
  💰 Daily P&L: $-4,000.00

[2026-07-28 15:01] O:7466.75 H:7467.00 L:7464.25 C:7464.50 V:2092.0
  📈 Trend: strong_bearish | 🌍 Regime: ranging
  🗺️  Grid: 0.080% | 🔺 7467.50 🔻 7463.75
  📡 RSI: 40.7 | MACD: -1.12 | ATR: 3.18
  📊 Filled: 0 | Pending: 0
  🕐 Outside session (15:01 CT) — no entries
  💰 Daily P&L: $-4,000.00

[2026-07-28 15:02] O:7464.50 H:7465.25 L:7461.75 C:7462.75 V:1623.0
  📈 Trend: strong_bearish | 🌍 Regime: ranging
  🗺️  Grid: 0.080% | 🔺 7467.00 🔻 7464.25
  📡 RSI: 37.6 | MACD: -1.46 | ATR: 3.30
  📊 Filled: 0 | Pending: 0
  🕐 Outside session (15:02 CT) — no entries
  💰 Daily P&L: $-4,000.00

[2026-07-28 15:03] O:7462.75 H:7464.75 L:7462.50 C:7464.00 V:1177.0
  📈 Trend: strong_bearish | 🌍 Regime: ranging
  🗺️  Grid: 0.080% | 🔺 7465.25 🔻 7461.75
  📡 RSI: 38.9 | MACD: -1.60 | ATR: 3.36
  📊 Filled: 0 | Pending: 0
  🕐 Outside session (15:03 CT) — no entries
  💰 Daily P&L: $-4,000.00

[2026-07-28 15:04] O:7464.00 H:7465.00 L:7463.75 C:7464.00 V:829.0
  📈 Trend: strong_bearish | 🌍 Regime: ranging
  🗺️  Grid: 0.080% | 🔺 7464.75 🔻 7462.50
  📡 RSI: 43.0 | MACD: -1.70 | ATR: 3.18
  📊 Filled: 0 | Pending: 0
  🕐 Outside session (15:04 CT) — no entries
  💰 Daily P&L: $-4,000.00

[2026-07-28 15:05] O:7464.00 H:7469.25 L:7461.75 C:7462.00 V:3436.0
  📈 Trend: strong_bearish | 🌍 Regime: ranging
  🗺️  Grid: 0.080% | 🔺 7465.00 🔻 7463.75
  📡 RSI: 39.4 | MACD: -1.92 | ATR: 3.62
  📊 Filled: 0 | Pending: 0
  🕐 Outside session (15:05 CT) — no entries
  💰 Daily P&L: $-4,000.00

[2026-07-28 15:06] O:7462.25 H:7462.75 L:7458.25 C:7462.50 V:2657.0
  📈 Trend: strong_bearish | 🌍 Regime: ranging
  🗺️  Grid: 0.080% | 🔺 7469.25 🔻 7461.75
  📡 RSI: 36.7 | MACD: -2.03 | ATR: 3.80
  📊 Filled: 0 | Pending: 0
  🕐 Outside session (15:06 CT) — no entries
  💰 Daily P&L: $-4,000.00

[2026-07-28 15:07] O:7462.75 H:7463.50 L:7460.75 C:7461.50 V:1321.0
  📈 Trend: strong_bearish | 🌍 Regime: ranging
  🗺️  Grid: 0.080% | 🔺 7462.75 🔻 7458.25
  📡 RSI: 30.7 | MACD: -2.17 | ATR: 3.82
  📊 Filled: 0 | Pending: 0
  🕐 Outside session (15:07 CT) — no entries
  💰 Daily P&L: $-4,000.00

[2026-07-28 15:08] O:7461.25 H:7466.00 L:7461.00 C:7463.50 V:1587.0
  📈 Trend: strong_bearish | 🌍 Regime: ranging
  🗺️  Grid: 0.080% | 🔺 7463.50 🔻 7460.75
  📡 RSI: 22.8 | MACD: -2.10 | ATR: 3.80
  📊 Filled: 0 | Pending: 0
  🕐 Outside session (15:08 CT) — no entries
  💰 Daily P&L: $-4,000.00

[2026-07-28 15:09] O:7463.75 H:7464.25 L:7462.00 C:7463.25 V:757.0
  📈 Trend: strong_bearish | 🌍 Regime: ranging
  🗺️  Grid: 0.080% | 🔺 7466.00 🔻 7461.00
  📡 RSI: 28.6 | MACD: -2.04 | ATR: 3.50
  📊 Filled: 0 | Pending: 0
  🕐 Outside session (15:09 CT) — no entries
  💰 Daily P&L: $-4,000.00

[2026-07-28 15:10] O:7463.25 H:7465.25 L:7462.75 C:7465.00 V:846.0
  📈 Trend: strong_bearish | 🌍 Regime: ranging
  🗺️  Grid: 0.080% | 🔺 7464.25 🔻 7462.00
  📡 RSI: 36.2 | MACD: -1.82 | ATR: 3.48
  📊 Filled: 0 | Pending: 0
  🕐 Outside session (15:10 CT) — no entries
  💰 Daily P&L: $-4,000.00

[2026-07-28 15:11] O:7464.75 H:7466.00 L:7464.00 C:7465.50 V:792.0
  📈 Trend: strong_bearish | 🌍 Regime: ranging
  🗺️  Grid: 0.080% | 🔺 7465.25 🔻 7462.75
  📡 RSI: 38.6 | MACD: -1.60 | ATR: 3.48
  📊 Filled: 0 | Pending: 0
  🕐 Outside session (15:11 CT) — no entries
  💰 Daily P&L: $-4,000.00

[2026-07-28 15:12] O:7465.50 H:7467.50 L:7465.50 C:7466.75 V:819.0
  📈 Trend: strong_bearish | 🌍 Regime: ranging
  🗺️  Grid: 0.080% | 🔺 7466.00 🔻 7464.00
  📡 RSI: 44.4 | MACD: -1.30 | ATR: 3.48
  📊 Filled: 0 | Pending: 0
  🕐 Outside session (15:12 CT) — no entries
  💰 Daily P&L: $-4,000.00

[2026-07-28 15:13] O:7466.75 H:7468.75 L:7466.75 C:7467.50 V:1064.0
  📈 Trend: strong_bearish | 🌍 Regime: ranging
  🗺️  Grid: 0.080% | 🔺 7467.50 🔻 7465.50
  📡 RSI: 54.7 | MACD: -1.00 | ATR: 3.14
  📊 Filled: 0 | Pending: 0
  🕐 Outside session (15:13 CT) — no entries
  💰 Daily P&L: $-4,000.00

[2026-07-28 15:14] O:7467.50 H:7468.25 L:7466.50 C:7467.00 V:1334.0
  📈 Trend: strong_bearish | 🌍 Regime: ranging
  🗺️  Grid: 0.080% | 🔺 7468.75 🔻 7466.75
  📡 RSI: 50.8 | MACD: -0.79 | ATR: 3.00
  📊 Filled: 0 | Pending: 0
  🕐 Outside session (15:14 CT) — no entries
  💰 Daily P&L: $-4,000.00

[2026-07-28 15:15] O:7467.00 H:7467.25 L:7464.25 C:7464.75 V:1666.0
  📈 Trend: strong_bearish | 🌍 Regime: ranging
  🗺️  Grid: 0.080% | 🔺 7468.25 🔻 7466.50
  📡 RSI: 50.8 | MACD: -0.79 | ATR: 3.02
  📊 Filled: 0 | Pending: 0
  🕐 Outside session (15:15 CT) — no entries
  💰 Daily P&L: $-4,000.00

[2026-07-28 15:16] O:7464.75 H:7466.50 L:7464.75 C:7466.25 V:370.0
  📈 Trend: strong_bearish | 🌍 Regime: ranging
  🗺️  Grid: 0.080% | 🔺 7467.25 🔻 7464.25
  📡 RSI: 61.3 | MACD: -0.67 | ATR: 2.89
  📊 Filled: 0 | Pending: 0
  🕐 Outside session (15:16 CT) — no entries
  💰 Daily P&L: $-4,000.00

[2026-07-28 15:17] O:7466.25 H:7466.75 L:7465.50 C:7465.50 V:411.0
  📈 Trend: strong_bearish | 🌍 Regime: ranging
  🗺️  Grid: 0.080% | 🔺 7466.50 🔻 7464.75
  📡 RSI: 55.0 | MACD: -0.62 | ATR: 2.82
  📊 Filled: 0 | Pending: 0
  🕐 Outside session (15:17 CT) — no entries
  💰 Daily P&L: $-4,000.00

[2026-07-28 15:18] O:7465.75 H:7467.50 L:7465.50 C:7467.25 V:298.0
  📈 Trend: strong_bearish (raw: moderate_bearish) | 🌍 Regime: ranging
  🗺️  Grid: 0.080% | 🔺 7466.75 🔻 7465.50
  📡 RSI: 59.7 | MACD: -0.44 | ATR: 2.88
  📊 Filled: 0 | Pending: 0
  🕐 Outside session (15:18 CT) — no entries
  💰 Daily P&L: $-4,000.00

[2026-07-28 15:19] O:7467.25 H:7468.25 L:7467.25 C:7468.00 V:381.0
  📈 Trend: moderate_bearish | 🌍 Regime: ranging
  🗺️  Grid: 0.080% | 🔺 7467.50 🔻 7465.50
  📡 RSI: 69.4 | MACD: -0.23 | ATR: 2.41
  📊 Filled: 0 | Pending: 0
  🕐 Outside session (15:19 CT) — no entries
  💰 Daily P&L: $-4,000.00

[2026-07-28 15:20] O:7468.00 H:7468.50 L:7466.75 C:7466.75 V:264.0
  📈 Trend: moderate_bearish | 🌍 Regime: ranging
  🗺️  Grid: 0.080% | 🔺 7468.25 🔻 7467.25
  📡 RSI: 63.1 | MACD: -0.17 | ATR: 2.21
  📊 Filled: 0 | Pending: 0
  🕐 Outside session (15:20 CT) — no entries
  💰 Daily P&L: $-4,000.00

[2026-07-28 15:21] O:7466.75 H:7467.25 L:7466.25 C:7466.75 V:209.0
  📈 Trend: moderate_bearish | 🌍 Regime: ranging
  🗺️  Grid: 0.080% | 🔺 7468.50 🔻 7466.75
  📡 RSI: 67.2 | MACD: -0.11 | ATR: 2.09
  📊 Filled: 0 | Pending: 0
  🕐 Outside session (15:21 CT) — no entries
  💰 Daily P&L: $-4,000.00

[2026-07-28 15:22] O:7466.75 H:7467.75 L:7466.50 C:7466.50 V:298.0
  📈 Trend: moderate_bearish | 🌍 Regime: ranging
  🗺️  Grid: 0.080% | 🔺 7467.25 🔻 7466.25
  📡 RSI: 61.1 | MACD: -0.09 | ATR: 1.82
  📊 Filled: 0 | Pending: 0
  🕐 Outside session (15:22 CT) — no entries
  💰 Daily P&L: $-4,000.00

[2026-07-28 15:23] O:7466.50 H:7468.00 L:7466.00 C:7467.50 V:346.0
  📈 Trend: moderate_bearish (raw: moderate_bullish) | 🌍 Regime: ranging
  🗺️  Grid: 0.080% | 🔺 7467.75 🔻 7466.50
  📡 RSI: 64.9 | MACD: 0.01 | ATR: 1.80
  📊 Filled: 0 | Pending: 0
  🕐 Outside session (15:23 CT) — no entries
  💰 Daily P&L: $-4,000.00

[2026-07-28 15:24] O:7467.75 H:7468.25 L:7467.00 C:7468.00 V:189.0
  📈 Trend: moderate_bullish | 🌍 Regime: ranging
  🗺️  Grid: 0.080% | 🔺 7468.00 🔻 7466.00
  📡 RSI: 61.5 | MACD: 0.13 | ATR: 1.71
  📊 Filled: 0 | Pending: 0
  🕐 Outside session (15:24 CT) — no entries
  💰 Daily P&L: $-4,000.00

[2026-07-28 15:25] O:7468.00 H:7469.00 L:7467.75 C:7469.00 V:315.0
  📈 Trend: moderate_bullish | 🌍 Regime: ranging
  🗺️  Grid: 0.080% | 🔺 7468.25 🔻 7467.00
  📡 RSI: 63.0 | MACD: 0.30 | ATR: 1.66
  📊 Filled: 0 | Pending: 0
  🕐 Outside session (15:25 CT) — no entries
  💰 Daily P&L: $-4,000.00

[2026-07-28 15:26] O:7469.25 H:7473.50 L:7469.25 C:7471.75 V:1143.0
  📈 Trend: moderate_bullish | 🌍 Regime: ranging
  🗺️  Grid: 0.080% | 🔺 7469.00 🔻 7467.75
  📡 RSI: 66.7 | MACD: 0.65 | ATR: 1.84
  📊 Filled: 0 | Pending: 0
  🕐 Outside session (15:26 CT) — no entries
  💰 Daily P&L: $-4,000.00

[2026-07-28 15:27] O:7471.75 H:7473.75 L:7471.50 C:7472.00 V:712.0
  📈 Trend: moderate_bullish | 🌍 Regime: ranging
  🗺️  Grid: 0.080% | 🔺 7473.50 🔻 7469.25
  📡 RSI: 65.5 | MACD: 0.93 | ATR: 1.86
  📊 Filled: 0 | Pending: 0
  🕐 Outside session (15:27 CT) — no entries
  💰 Daily P&L: $-4,000.00

[2026-07-28 15:28] O:7472.00 H:7473.75 L:7471.75 C:7473.75 V:227.0
  📈 Trend: moderate_bullish (raw: strong_bullish) | 🌍 Regime: ranging
  🗺️  Grid: 0.080% | 🔺 7473.75 🔻 7471.50
  📡 RSI: 71.4 | MACD: 1.29 | ATR: 1.88
  📊 Filled: 0 | Pending: 0
  🕐 Outside session (15:28 CT) — no entries
  💰 Daily P&L: $-4,000.00

[2026-07-28 15:29] O:7473.75 H:7474.00 L:7472.00 C:7472.50 V:401.0
  📈 Trend: strong_bullish | 🌍 Regime: ranging
  🗺️  Grid: 0.080% | 🔺 7473.75 🔻 7471.75
  📡 RSI: 76.3 | MACD: 1.45 | ATR: 1.80
  📊 Filled: 0 | Pending: 0
  🕐 Outside session (15:29 CT) — no entries
  💰 Daily P&L: $-4,000.00

[2026-07-28 15:30] O:7472.50 H:7473.50 L:7472.00 C:7472.75 V:387.0
  📈 Trend: strong_bullish | 🌍 Regime: ranging
  🗺️  Grid: 0.080% | 🔺 7474.00 🔻 7472.00
  📡 RSI: 74.1 | MACD: 1.58 | ATR: 1.79
  📊 Filled: 0 | Pending: 0
  🕐 Outside session (15:30 CT) — no entries
  💰 Daily P&L: $-4,000.00

[2026-07-28 15:31] O:7472.50 H:7472.75 L:7471.25 C:7472.00 V:223.0
  📈 Trend: strong_bullish | 🌍 Regime: ranging
  🗺️  Grid: 0.080% | 🔺 7473.50 🔻 7472.00
  📡 RSI: 74.1 | MACD: 1.60 | ATR: 1.80
  📊 Filled: 0 | Pending: 0
  🕐 Outside session (15:31 CT) — no entries
  💰 Daily P&L: $-4,000.00

[2026-07-28 15:32] O:7472.00 H:7472.75 L:7471.75 C:7472.75 V:203.0
  📈 Trend: strong_bullish | 🌍 Regime: ranging
  🗺️  Grid: 0.080% | 🔺 7472.75 🔻 7471.25
  📡 RSI: 72.0 | MACD: 1.66 | ATR: 1.73
  📊 Filled: 0 | Pending: 0
  🕐 Outside session (15:32 CT) — no entries
  💰 Daily P&L: $-4,000.00

[2026-07-28 15:33] O:7472.50 H:7472.50 L:7471.50 C:7471.75 V:291.0
  📈 Trend: strong_bullish | 🌍 Regime: ranging
  🗺️  Grid: 0.080% | 🔺 7472.75 🔻 7471.75
  📡 RSI: 64.7 | MACD: 1.61 | ATR: 1.75
  📊 Filled: 0 | Pending: 0
  🕐 Outside session (15:33 CT) — no entries
  💰 Daily P&L: $-4,000.00

[2026-07-28 15:34] O:7471.75 H:7471.75 L:7471.00 C:7471.75 V:157.0
  📈 Trend: strong_bullish | 🌍 Regime: ranging
  🗺️  Grid: 0.080% | 🔺 7472.50 🔻 7471.50
  📡 RSI: 71.7 | MACD: 1.55 | ATR: 1.68
  📊 Filled: 0 | Pending: 0
  🕐 Outside session (15:34 CT) — no entries
  💰 Daily P&L: $-4,000.00

[2026-07-28 15:35] O:7471.75 H:7473.00 L:7471.75 C:7472.25 V:208.0
  📈 Trend: strong_bullish | 🌍 Regime: ranging
  🗺️  Grid: 0.080% | 🔺 7471.75 🔻 7471.00
  📡 RSI: 72.9 | MACD: 1.53 | ATR: 1.70
  📊 Filled: 0 | Pending: 0
  🕐 Outside session (15:35 CT) — no entries
  💰 Daily P&L: $-4,000.00

[2026-07-28 15:36] O:7472.25 H:7472.25 L:7470.50 C:7470.75 V:320.0
  📈 Trend: strong_bullish | 🌍 Regime: ranging
  🗺️  Grid: 0.080% | 🔺 7473.00 🔻 7471.75
  📡 RSI: 66.0 | MACD: 1.38 | ATR: 1.73
  📊 Filled: 0 | Pending: 0
  🕐 Outside session (15:36 CT) — no entries
  💰 Daily P&L: $-4,000.00

[2026-07-28 15:37] O:7470.50 H:7470.50 L:7465.75 C:7468.50 V:1161.0
  📈 Trend: strong_bullish (raw: moderate_bullish) | 🌍 Regime: ranging
  🗺️  Grid: 0.080% | 🔺 7472.25 🔻 7470.50
  📡 RSI: 53.4 | MACD: 1.06 | ATR: 1.95
  📊 Filled: 0 | Pending: 0
  🕐 Outside session (15:37 CT) — no entries
  💰 Daily P&L: $-4,000.00

[2026-07-28 15:38] O:7468.50 H:7468.50 L:7465.75 C:7467.50 V:559.0
  📈 Trend: strong_bullish (raw: moderate_bearish) | 🌍 Regime: ranging
  🗺️  Grid: 0.080% | 🔺 7470.50 🔻 7465.75
  📡 RSI: 48.3 | MACD: 0.72 | ATR: 2.05
  📊 Filled: 0 | Pending: 0
  🕐 Outside session (15:38 CT) — no entries
  💰 Daily P&L: $-4,000.00

[2026-07-28 15:39] O:7467.50 H:7467.75 L:7466.75 C:7466.75 V:212.0
  📈 Trend: moderate_bearish | 🌍 Regime: ranging
  🗺️  Grid: 0.080% | 🔺 7468.50 🔻 7465.75
  📡 RSI: 42.4 | MACD: 0.38 | ATR: 2.04
  📊 Filled: 0 | Pending: 0
  🕐 Outside session (15:39 CT) — no entries
  💰 Daily P&L: $-4,000.00

[2026-07-28 15:40] O:7466.75 H:7467.00 L:7466.25 C:7466.75 V:205.0
  📈 Trend: moderate_bearish | 🌍 Regime: ranging
  🗺️  Grid: 0.080% | 🔺 7467.75 🔻 7466.75
  📡 RSI: 29.2 | MACD: 0.12 | ATR: 1.77
  📊 Filled: 0 | Pending: 0
  🕐 Outside session (15:40 CT) — no entries
  💰 Daily P&L: $-4,000.00

[2026-07-28 15:41] O:7466.75 H:7467.50 L:7466.25 C:7466.50 V:333.0
  📈 Trend: moderate_bearish (raw: strong_bearish) | 🌍 Regime: ranging
  🗺️  Grid: 0.080% | 🔺 7467.00 🔻 7466.25
  📡 RSI: 27.1 | MACD: -0.11 | ATR: 1.70
  📊 Filled: 0 | Pending: 0
  🕐 Outside session (15:41 CT) — no entries
  💰 Daily P&L: $-4,000.00

[2026-07-28 15:42] O:7466.50 H:7467.25 L:7466.50 C:7467.00 V:171.0
  📈 Trend: strong_bearish | 🌍 Regime: ranging
  🗺️  Grid: 0.080% | 🔺 7467.50 🔻 7466.25
  📡 RSI: 18.6 | MACD: -0.25 | ATR: 1.61
  📊 Filled: 0 | Pending: 0
  🕐 Outside session (15:42 CT) — no entries
  💰 Daily P&L: $-4,000.00

[2026-07-28 15:43] O:7467.00 H:7467.50 L:7466.50 C:7466.50 V:201.0
  📈 Trend: strong_bearish | 🌍 Regime: ranging
  🗺️  Grid: 0.080% | 🔺 7467.25 🔻 7466.50
  📡 RSI: 20.0 | MACD: -0.40 | ATR: 1.54
  📊 Filled: 0 | Pending: 0
  🕐 Outside session (15:43 CT) — no entries
  💰 Daily P&L: $-4,000.00

[2026-07-28 15:44] O:7466.75 H:7467.50 L:7466.75 C:7467.50 V:181.0
  📈 Trend: strong_bearish | 🌍 Regime: ranging
  🗺️  Grid: 0.080% | 🔺 7467.50 🔻 7466.50
  📡 RSI: 25.6 | MACD: -0.43 | ATR: 1.50
  📊 Filled: 0 | Pending: 0
  🕐 Outside session (15:44 CT) — no entries
  💰 Daily P&L: $-4,000.00

[2026-07-28 15:45] O:7467.50 H:7467.75 L:7467.25 C:7467.50 V:188.0
  📈 Trend: strong_bearish | 🌍 Regime: ranging
  🗺️  Grid: 0.080% | 🔺 7467.50 🔻 7466.75
  📡 RSI: 27.5 | MACD: -0.45 | ATR: 1.43
  📊 Filled: 0 | Pending: 0
  🕐 Outside session (15:45 CT) — no entries
  💰 Daily P&L: $-4,000.00

[2026-07-28 15:46] O:7467.50 H:7468.75 L:7467.50 C:7468.50 V:217.0
  📈 Trend: strong_bearish | 🌍 Regime: ranging
  🗺️  Grid: 0.080% | 🔺 7467.75 🔻 7467.25
  📡 RSI: 29.3 | MACD: -0.38 | ATR: 1.45
  📊 Filled: 0 | Pending: 0
  🕐 Outside session (15:46 CT) — no entries
  💰 Daily P&L: $-4,000.00

[2026-07-28 15:47] O:7468.50 H:7469.00 L:7468.50 C:7469.00 V:157.0
  📈 Trend: strong_bearish | 🌍 Regime: ranging
  🗺️  Grid: 0.080% | 🔺 7468.75 🔻 7467.50
  📡 RSI: 35.9 | MACD: -0.28 | ATR: 1.39
  📊 Filled: 0 | Pending: 0
  🕐 Outside session (15:47 CT) — no entries
  💰 Daily P&L: $-4,000.00

[2026-07-28 15:48] O:7469.25 H:7469.25 L:7468.00 C:7468.75 V:94.0
  📈 Trend: strong_bearish | 🌍 Regime: ranging
  🗺️  Grid: 0.080% | 🔺 7469.00 🔻 7468.50
  📡 RSI: 35.0 | MACD: -0.22 | ATR: 1.43
  📊 Filled: 0 | Pending: 0
  🕐 Outside session (15:48 CT) — no entries
  💰 Daily P&L: $-4,000.00

[2026-07-28 15:49] O:7468.75 H:7468.75 L:7468.00 C:7468.25 V:121.0
  📈 Trend: strong_bearish | 🌍 Regime: ranging
  🗺️  Grid: 0.080% | 🔺 7469.25 🔻 7468.00
  📡 RSI: 30.0 | MACD: -0.21 | ATR: 1.39
  📊 Filled: 0 | Pending: 0
  🕐 Outside session (15:49 CT) — no entries
  💰 Daily P&L: $-4,000.00

[2026-07-28 15:50] O:7468.25 H:7468.50 L:7466.00 C:7466.50 V:356.0
  📈 Trend: strong_bearish | 🌍 Regime: ranging
  🗺️  Grid: 0.080% | 🔺 7468.75 🔻 7468.00
  📡 RSI: 29.3 | MACD: -0.34 | ATR: 1.45
  📊 Filled: 0 | Pending: 0
  🕐 Outside session (15:50 CT) — no entries
  💰 Daily P&L: $-4,000.00

[2026-07-28 15:51] O:7466.50 H:7466.75 L:7466.00 C:7466.25 V:159.0
  📈 Trend: strong_bearish | 🌍 Regime: ranging
  🗺️  Grid: 0.080% | 🔺 7468.50 🔻 7466.00
  📡 RSI: 36.4 | MACD: -0.45 | ATR: 1.14
  📊 Filled: 0 | Pending: 0
  🕐 Outside session (15:51 CT) — no entries
  💰 Daily P&L: $-4,000.00

[2026-07-28 15:52] O:7466.25 H:7467.00 L:7466.00 C:7467.00 V:139.0
  📈 Trend: strong_bearish | 🌍 Regime: ranging
  🗺️  Grid: 0.080% | 🔺 7466.75 🔻 7466.00
  📡 RSI: 46.9 | MACD: -0.48 | ATR: 1.02
  📊 Filled: 0 | Pending: 0
  🕐 Outside session (15:52 CT) — no entries
  💰 Daily P&L: $-4,000.00

[2026-07-28 15:53] O:7467.25 H:7467.75 L:7466.00 C:7466.75 V:282.0
  📈 Trend: strong_bearish | 🌍 Regime: ranging
  🗺️  Grid: 0.080% | 🔺 7467.00 🔻 7466.00
  📡 RSI: 50.0 | MACD: -0.52 | ATR: 1.07
  📊 Filled: 0 | Pending: 0
  🕐 Outside session (15:53 CT) — no entries
  💰 Daily P&L: $-4,000.00

[2026-07-28 15:54] O:7466.75 H:7468.50 L:7466.75 C:7468.25 V:396.0
  📈 Trend: strong_bearish | 🌍 Regime: ranging
  🗺️  Grid: 0.080% | 🔺 7467.75 🔻 7466.00
  📡 RSI: 58.3 | MACD: -0.42 | ATR: 1.14
  📊 Filled: 0 | Pending: 0
  🕐 Outside session (15:54 CT) — no entries
  💰 Daily P&L: $-4,000.00

[2026-07-28 15:55] O:7468.00 H:7468.50 L:7467.75 C:7468.00 V:160.0
  📈 Trend: strong_bearish | 🌍 Regime: ranging
  🗺️  Grid: 0.080% | 🔺 7468.50 🔻 7466.75
  📡 RSI: 58.3 | MACD: -0.36 | ATR: 1.11
  📊 Filled: 0 | Pending: 0
  🕐 Outside session (15:55 CT) — no entries
  💰 Daily P&L: $-4,000.00

[2026-07-28 15:56] O:7467.75 H:7468.25 L:7467.50 C:7468.00 V:129.0
  📈 Trend: strong_bearish | 🌍 Regime: ranging
  🗺️  Grid: 0.080% | 🔺 7468.50 🔻 7467.75
  📡 RSI: 55.9 | MACD: -0.30 | ATR: 1.11
  📊 Filled: 0 | Pending: 0
  🕐 Outside session (15:56 CT) — no entries
  💰 Daily P&L: $-4,000.00

[2026-07-28 15:57] O:7468.25 H:7469.25 L:7468.00 C:7469.00 V:140.0
  📈 Trend: strong_bearish (raw: moderate_bearish) | 🌍 Regime: ranging
  🗺️  Grid: 0.080% | 🔺 7468.25 🔻 7467.50
  📡 RSI: 63.9 | MACD: -0.18 | ATR: 1.12
  📊 Filled: 0 | Pending: 0
  🕐 Outside session (15:57 CT) — no entries
  💰 Daily P&L: $-4,000.00

[2026-07-28 15:58] O:7469.25 H:7469.25 L:7468.00 C:7468.50 V:136.0
  📈 Trend: moderate_bearish | 🌍 Regime: ranging
  🗺️  Grid: 0.080% | 🔺 7469.25 🔻 7468.00
  📡 RSI: 55.9 | MACD: -0.12 | ATR: 1.14
  📊 Filled: 0 | Pending: 0
  🕐 Outside session (15:58 CT) — no entries
  💰 Daily P&L: $-4,000.00

[2026-07-28 15:59] O:7468.50 H:7469.00 L:7467.50 C:7467.50 V:297.0
  📈 Trend: moderate_bearish | 🌍 Regime: ranging
  🗺️  Grid: 0.080% | 🔺 7469.25 🔻 7468.00
  📡 RSI: 50.0 | MACD: -0.15 | ATR: 1.21
  📊 Filled: 0 | Pending: 0
  🕐 Outside session (15:59 CT) — no entries
  💰 Daily P&L: $-4,000.00

[2026-07-28 17:00] O:7464.00 H:7469.75 L:7464.00 C:7468.25 V:506.0
  📈 Trend: moderate_bearish | 🌍 Regime: ranging
  🗺️  Grid: 0.080% | 🔺 7469.00 🔻 7467.50
  📡 RSI: 48.6 | MACD: -0.12 | ATR: 1.54
  📊 Filled: 0 | Pending: 0
  🕐 Outside session (17:00 CT) — no entries
  💰 Daily P&L: $-4,000.00

[2026-07-28 17:01] O:7468.25 H:7469.75 L:7466.50 C:7466.50 V:188.0
  📈 Trend: moderate_bearish (raw: strong_bearish) | 🌍 Regime: ranging
  🗺️  Grid: 0.080% | 🔺 7469.75 🔻 7464.00
  📡 RSI: 38.1 | MACD: -0.23 | ATR: 1.73
  📊 Filled: 0 | Pending: 0
  🕐 Outside session (17:01 CT) — no entries
  💰 Daily P&L: $-4,000.00

[2026-07-28 17:02] O:7467.00 H:7469.50 L:7466.75 C:7469.25 V:123.0
  📈 Trend: moderate_bearish | 🌍 Regime: ranging
  🗺️  Grid: 0.080% | 🔺 7469.75 🔻 7466.50
  📡 RSI: 51.9 | MACD: -0.09 | ATR: 1.86
  📊 Filled: 0 | Pending: 0
  🕐 Outside session (17:02 CT) — no entries
  💰 Daily P&L: $-4,000.00

[2026-07-28 17:03] O:7469.75 H:7471.50 L:7469.75 C:7471.00 V:142.0
  📈 Trend: moderate_bearish (raw: moderate_bullish) | 🌍 Regime: ranging
  🗺️  Grid: 0.080% | 🔺 7469.50 🔻 7466.75
  📡 RSI: 59.6 | MACD: 0.16 | ATR: 1.96
  📊 Filled: 0 | Pending: 0
  🕐 Outside session (17:03 CT) — no entries
  💰 Daily P&L: $-4,000.00

[2026-07-28 17:04] O:7471.25 H:7471.50 L:7470.50 C:7471.25 V:140.0
  📈 Trend: moderate_bullish | 🌍 Regime: ranging
  🗺️  Grid: 0.080% | 🔺 7471.50 🔻 7469.75
  📡 RSI: 68.6 | MACD: 0.37 | ATR: 1.86
  📊 Filled: 0 | Pending: 0
  🕐 Outside session (17:04 CT) — no entries
  💰 Daily P&L: $-4,000.00

[2026-07-28 17:05] O:7471.25 H:7473.25 L:7471.25 C:7472.75 V:226.0
  📈 Trend: moderate_bullish (raw: strong_bullish) | 🌍 Regime: ranging
  🗺️  Grid: 0.080% | 🔺 7471.50 🔻 7470.50
  📡 RSI: 73.2 | MACD: 0.65 | ATR: 1.95
  📊 Filled: 0 | Pending: 0
  🕐 Outside session (17:05 CT) — no entries
  💰 Daily P&L: $-4,000.00

[2026-07-28 17:06] O:7472.50 H:7472.75 L:7471.25 C:7471.50 V:117.0
  📈 Trend: strong_bullish | 🌍 Regime: ranging
  🗺️  Grid: 0.080% | 🔺 7473.25 🔻 7471.25
  📡 RSI: 65.5 | MACD: 0.76 | ATR: 1.98
  📊 Filled: 0 | Pending: 0
  🕐 Outside session (17:06 CT) — no entries
  💰 Daily P&L: $-4,000.00

[2026-07-28 17:07] O:7471.75 H:7472.50 L:7471.50 C:7472.25 V:69.0
  📈 Trend: strong_bullish | 🌍 Regime: ranging
  🗺️  Grid: 0.080% | 🔺 7472.75 🔻 7471.25
  📡 RSI: 68.3 | MACD: 0.90 | ATR: 1.93
  📊 Filled: 0 | Pending: 0
  🕐 Outside session (17:07 CT) — no entries
  💰 Daily P&L: $-4,000.00

[2026-07-28 17:08] O:7472.00 H:7473.25 L:7472.00 C:7472.75 V:82.0
  📈 Trend: strong_bullish | 🌍 Regime: ranging
  🗺️  Grid: 0.080% | 🔺 7472.50 🔻 7471.50
  📡 RSI: 66.1 | MACD: 1.04 | ATR: 1.89
  📊 Filled: 0 | Pending: 0
  🕐 Outside session (17:08 CT) — no entries
  💰 Daily P&L: $-4,000.00

[2026-07-28 17:09] O:7473.00 H:7473.75 L:7473.00 C:7473.00 V:120.0
  📈 Trend: strong_bullish | 🌍 Regime: ranging
  🗺️  Grid: 0.080% | 🔺 7473.25 🔻 7472.00
  📡 RSI: 67.9 | MACD: 1.16 | ATR: 1.91
  📊 Filled: 0 | Pending: 0
  🕐 Outside session (17:09 CT) — no entries
  💰 Daily P&L: $-4,000.00

[2026-07-28 17:10] O:7472.75 H:7474.00 L:7471.25 C:7471.50 V:263.0
  📈 Trend: strong_bullish | 🌍 Regime: ranging
  🗺️  Grid: 0.080% | 🔺 7473.75 🔻 7473.00
  📡 RSI: 61.3 | MACD: 1.12 | ATR: 2.05
  📊 Filled: 0 | Pending: 0
  🕐 Outside session (17:10 CT) — no entries
  💰 Daily P&L: $-4,000.00

[2026-07-28 17:11] O:7471.50 H:7471.75 L:7470.25 C:7470.75 V:167.0
  📈 Trend: strong_bullish | 🌍 Regime: ranging
  🗺️  Grid: 0.080% | 🔺 7474.00 🔻 7471.25
  📡 RSI: 55.7 | MACD: 1.01 | ATR: 2.07
  📊 Filled: 0 | Pending: 0
  🕐 Outside session (17:11 CT) — no entries
  💰 Daily P&L: $-4,000.00

[2026-07-28 17:12] O:7470.75 H:7471.00 L:7470.50 C:7470.75 V:59.0
  📈 Trend: strong_bullish | 🌍 Regime: ranging
  🗺️  Grid: 0.080% | 🔺 7471.75 🔻 7470.25
  📡 RSI: 57.6 | MACD: 0.92 | ATR: 2.02
  📊 Filled: 0 | Pending: 0
  🕐 Outside session (17:12 CT) — no entries
  💰 Daily P&L: $-4,000.00

[2026-07-28 17:13] O:7470.75 H:7470.75 L:7466.25 C:7466.50 V:401.0
  📈 Trend: strong_bullish (raw: moderate_bullish) | 🌍 Regime: ranging
  🗺️  Grid: 0.080% | 🔺 7471.00 🔻 7470.50
  📡 RSI: 47.2 | MACD: 0.50 | ATR: 2.23
  📊 Filled: 0 | Pending: 0
  🕐 Outside session (17:13 CT) — no entries
  💰 Daily P&L: $-4,000.00

[2026-07-28 17:14] O:7466.75 H:7467.75 L:7465.25 C:7467.25 V:238.0
  📈 Trend: moderate_bullish | 🌍 Regime: ranging
  🗺️  Grid: 0.080% | 🔺 7470.75 🔻 7466.25
  📡 RSI: 47.2 | MACD: 0.22 | ATR: 2.00
  📊 Filled: 0 | Pending: 0
  🕐 Outside session (17:14 CT) — no entries
  💰 Daily P&L: $-4,000.00

[2026-07-28 17:15] O:7467.25 H:7468.25 L:7467.00 C:7467.75 V:85.0
  📈 Trend: moderate_bullish | 🌍 Regime: ranging
  🗺️  Grid: 0.080% | 🔺 7467.75 🔻 7465.25
  📡 RSI: 53.7 | MACD: 0.04 | ATR: 1.86
  📊 Filled: 0 | Pending: 0
  🕐 Outside session (17:15 CT) — no entries
  💰 Daily P&L: $-4,000.00

[2026-07-28 17:16] O:7467.50 H:7467.50 L:7466.25 C:7466.25 V:80.0
  📈 Trend: moderate_bullish | 🌍 Regime: ranging
  🗺️  Grid: 0.080% | 🔺 7468.25 🔻 7467.00
  📡 RSI: 40.3 | MACD: -0.22 | ATR: 1.75
  📊 Filled: 0 | Pending: 0
  🕐 Outside session (17:16 CT) — no entries
  💰 Daily P&L: $-4,000.00

[2026-07-28 17:17] O:7466.25 H:7466.25 L:7465.00 C:7465.75 V:101.0
  📈 Trend: moderate_bullish | 🌍 Regime: ranging
  🗺️  Grid: 0.080% | 🔺 7467.50 🔻 7466.25
  📡 RSI: 31.6 | MACD: -0.46 | ATR: 1.68
  📊 Filled: 0 | Pending: 0
  🕐 Outside session (17:17 CT) — no entries
  💰 Daily P&L: $-4,000.00

[2026-07-28 17:18] O:7465.50 H:7465.50 L:7461.75 C:7462.75 V:536.0
  📈 Trend: moderate_bullish | 🌍 Regime: ranging
  🗺️  Grid: 0.080% | 🔺 7466.25 🔻 7465.00
  📡 RSI: 25.0 | MACD: -0.89 | ATR: 1.89
  📊 Filled: 0 | Pending: 0
  🕐 Outside session (17:18 CT) — no entries
  💰 Daily P&L: $-4,000.00

[2026-07-28 17:19] O:7463.00 H:7463.75 L:7461.75 C:7463.25 V:128.0
  📈 Trend: moderate_bullish (raw: strong_bearish) | 🌍 Regime: ranging
  🗺️  Grid: 0.080% | 🔺 7465.50 🔻 7461.75
  📡 RSI: 20.3 | MACD: -1.17 | ATR: 1.89
  📊 Filled: 0 | Pending: 0
  🕐 Outside session (17:19 CT) — no entries
  💰 Daily P&L: $-4,000.00

[2026-07-28 17:20] O:7463.00 H:7464.00 L:7460.00 C:7461.75 V:296.0
  📈 Trend: strong_bearish | 🌍 Regime: ranging
  🗺️  Grid: 0.080% | 🔺 7463.75 🔻 7461.75
  📡 RSI: 20.0 | MACD: -1.49 | ATR: 2.07
  📊 Filled: 0 | Pending: 0
  🕐 Outside session (17:20 CT) — no entries
  💰 Daily P&L: $-4,000.00

[2026-07-28 17:21] O:7461.50 H:7462.25 L:7461.50 C:7461.75 V:86.0
  📈 Trend: strong_bearish | 🌍 Regime: ranging
  🗺️  Grid: 0.080% | 🔺 7464.00 🔻 7460.00
  📡 RSI: 16.1 | MACD: -1.73 | ATR: 2.05
  📊 Filled: 0 | Pending: 0
  🕐 Outside session (17:21 CT) — no entries
  💰 Daily P&L: $-4,000.00

[2026-07-28 17:22] O:7462.00 H:7462.00 L:7461.25 C:7461.25 V:48.0
  📈 Trend: strong_bearish | 🌍 Regime: ranging
  🗺️  Grid: 0.080% | 🔺 7462.25 🔻 7461.50
  📡 RSI: 12.9 | MACD: -1.94 | ATR: 2.02
  📊 Filled: 0 | Pending: 0
  🕐 Outside session (17:22 CT) — no entries
  💰 Daily P&L: $-4,000.00

[2026-07-28 17:23] O:7461.25 H:7461.50 L:7459.25 C:7459.25 V:262.0
  📈 Trend: strong_bearish | 🌍 Regime: ranging
  🗺️  Grid: 0.080% | 🔺 7462.00 🔻 7461.25
  📡 RSI: 10.1 | MACD: -2.24 | ATR: 2.11
  📊 Filled: 0 | Pending: 0
  🕐 Outside session (17:23 CT) — no entries
  💰 Daily P&L: $-4,000.00

[2026-07-28 17:24] O:7459.00 H:7460.00 L:7459.00 C:7460.00 V:127.0
  📈 Trend: strong_bearish | 🌍 Regime: ranging
  🗺️  Grid: 0.080% | 🔺 7461.50 🔻 7459.25
  📡 RSI: 15.2 | MACD: -2.39 | ATR: 1.98
  📊 Filled: 0 | Pending: 0
  🕐 Outside session (17:24 CT) — no entries
  💰 Daily P&L: $-4,000.00

[2026-07-28 17:25] O:7459.75 H:7460.50 L:7457.25 C:7458.75 V:401.0
  📈 Trend: strong_bearish | 🌍 Regime: ranging
  🗺️  Grid: 0.080% | 🔺 7460.00 🔻 7459.00
  📡 RSI: 14.7 | MACD: -2.58 | ATR: 2.11
  📊 Filled: 0 | Pending: 0
  🕐 Outside session (17:25 CT) — no entries
  💰 Daily P&L: $-4,000.00

[2026-07-28 17:26] O:7459.00 H:7461.25 L:7458.00 C:7461.25 V:204.0
  📈 Trend: strong_bearish | 🌍 Regime: ranging
  🗺️  Grid: 0.080% | 🔺 7460.50 🔻 7457.25
  📡 RSI: 25.6 | MACD: -2.50 | ATR: 2.30
  📊 Filled: 0 | Pending: 0
  🕐 Outside session (17:26 CT) — no entries
  💰 Daily P&L: $-4,000.00

[2026-07-28 17:27] O:7461.25 H:7462.00 L:7460.25 C:7460.25 V:270.0
  📈 Trend: strong_bearish | 🌍 Regime: ranging
  🗺️  Grid: 0.080% | 🔺 7461.25 🔻 7458.00
  📡 RSI: 30.8 | MACD: -2.49 | ATR: 2.11
  📊 Filled: 0 | Pending: 0
  🕐 Outside session (17:27 CT) — no entries
  💰 Daily P&L: $-4,000.00

[2026-07-28 17:28] O:7460.25 H:7462.25 L:7460.25 C:7461.50 V:215.0
  📈 Trend: strong_bearish | 🌍 Regime: ranging
  🗺️  Grid: 0.080% | 🔺 7462.00 🔻 7460.25
  📡 RSI: 32.8 | MACD: -2.35 | ATR: 2.07
  📊 Filled: 0 | Pending: 0
  🕐 Outside session (17:28 CT) — no entries
  💰 Daily P&L: $-4,000.00

[2026-07-28 17:29] O:7461.75 H:7462.75 L:7461.25 C:7462.00 V:187.0
  📈 Trend: strong_bearish | 🌍 Regime: ranging
  🗺️  Grid: 0.080% | 🔺 7462.25 🔻 7460.25
  📡 RSI: 32.8 | MACD: -2.18 | ATR: 2.09
  📊 Filled: 0 | Pending: 0
  🕐 Outside session (17:29 CT) — no entries
  💰 Daily P&L: $-4,000.00

[2026-07-28 17:30] O:7461.75 H:7463.00 L:7461.00 C:7461.75 V:116.0
  📈 Trend: strong_bearish | 🌍 Regime: ranging
  🗺️  Grid: 0.080% | 🔺 7462.75 🔻 7461.25
  📡 RSI: 35.5 | MACD: -2.04 | ATR: 2.12
  📊 Filled: 0 | Pending: 0
  🕐 Outside session (17:30 CT) — no entries
  💰 Daily P&L: $-4,000.00

[2026-07-28 17:31] O:7462.00 H:7462.75 L:7460.25 C:7460.25 V:153.0
  📈 Trend: strong_bearish | 🌍 Regime: ranging
  🗺️  Grid: 0.080% | 🔺 7463.00 🔻 7461.00
  📡 RSI: 33.3 | MACD: -2.02 | ATR: 2.21
  📊 Filled: 0 | Pending: 0
  🕐 Outside session (17:31 CT) — no entries
  💰 Daily P&L: $-4,000.00

[2026-07-28 17:32] O:7460.00 H:7460.00 L:7454.75 C:7458.00 V:583.0
  📈 Trend: strong_bearish | 🌍 Regime: ranging
  🗺️  Grid: 0.080% | 🔺 7462.75 🔻 7460.25
  📡 RSI: 34.9 | MACD: -2.17 | ATR: 2.32
  📊 Filled: 0 | Pending: 0
  🕐 Outside session (17:32 CT) — no entries
  💰 Daily P&L: $-4,000.00

[2026-07-28 17:33] O:7458.25 H:7459.00 L:7454.75 C:7455.25 V:500.0
  📈 Trend: strong_bearish | 🌍 Regime: ranging
  🗺️  Grid: 0.080% | 🔺 7460.00 🔻 7454.75
  📡 RSI: 27.8 | MACD: -2.48 | ATR: 2.48
  📊 Filled: 0 | Pending: 0
  🕐 Outside session (17:33 CT) — no entries
  💰 Daily P&L: $-4,000.00

[2026-07-28 17:34] O:7454.75 H:7456.75 L:7454.75 C:7455.75 V:350.0
  📈 Trend: strong_bearish | 🌍 Regime: ranging
  🗺️  Grid: 0.080% | 🔺 7459.00 🔻 7454.75
  📡 RSI: 32.4 | MACD: -2.65 | ATR: 2.34
  📊 Filled: 0 | Pending: 0
  🕐 Outside session (17:34 CT) — no entries
  💰 Daily P&L: $-4,000.00

[2026-07-28 17:35] O:7456.00 H:7456.50 L:7454.50 C:7456.00 V:239.0
  📈 Trend: strong_bearish | 🌍 Regime: ranging
  🗺️  Grid: 0.080% | 🔺 7456.75 🔻 7454.75
  📡 RSI: 33.3 | MACD: -2.74 | ATR: 2.43
  📊 Filled: 0 | Pending: 0
  🕐 Outside session (17:35 CT) — no entries
  💰 Daily P&L: $-4,000.00

[2026-07-28 17:36] O:7456.25 H:7459.50 L:7456.25 C:7458.50 V:369.0
  📈 Trend: strong_bearish | 🌍 Regime: ranging
  🗺️  Grid: 0.080% | 🔺 7456.50 🔻 7454.50
  📡 RSI: 42.9 | MACD: -2.57 | ATR: 2.62
  📊 Filled: 0 | Pending: 0
  🕐 Outside session (17:36 CT) — no entries
  💰 Daily P&L: $-4,000.00

[2026-07-28 17:37] O:7458.25 H:7458.50 L:7455.75 C:7456.00 V:118.0
  📈 Trend: strong_bearish | 🌍 Regime: ranging
  🗺️  Grid: 0.080% | 🔺 7459.50 🔻 7456.25
  📡 RSI: 41.8 | MACD: -2.61 | ATR: 2.66
  📊 Filled: 0 | Pending: 0
  🕐 Outside session (17:37 CT) — no entries
  💰 Daily P&L: $-4,000.00

[2026-07-28 17:38] O:7455.75 H:7456.25 L:7452.75 C:7453.00 V:292.0
  📈 Trend: strong_bearish | 🌍 Regime: ranging
  🗺️  Grid: 0.080% | 🔺 7458.50 🔻 7455.75
  📡 RSI: 34.1 | MACD: -2.86 | ATR: 2.84
  📊 Filled: 0 | Pending: 0
  🕐 Outside session (17:38 CT) — no entries
  💰 Daily P&L: $-4,000.00

[2026-07-28 17:39] O:7453.25 H:7454.50 L:7450.75 C:7451.25 V:442.0
  📈 Trend: strong_bearish | 🌍 Regime: ranging
  🗺️  Grid: 0.080% | 🔺 7456.25 🔻 7452.75
  📡 RSI: 33.3 | MACD: -3.15 | ATR: 2.88
  📊 Filled: 0 | Pending: 0
  🕐 Outside session (17:39 CT) — no entries
  💰 Daily P&L: $-4,000.00

[2026-07-28 17:40] O:7451.50 H:7454.25 L:7451.25 C:7454.00 V:204.0
  📈 Trend: strong_bearish | 🌍 Regime: ranging
  🗺️  Grid: 0.080% | 🔺 7454.50 🔻 7450.75
  📡 RSI: 34.1 | MACD: -3.13 | ATR: 2.86
  📊 Filled: 0 | Pending: 0
  🕐 Outside session (17:40 CT) — no entries
  💰 Daily P&L: $-4,000.00

[2026-07-28 17:41] O:7454.00 H:7454.50 L:7453.00 C:7454.25 V:129.0
  📈 Trend: strong_bearish | 🌍 Regime: ranging
  🗺️  Grid: 0.080% | 🔺 7454.25 🔻 7451.25
  📡 RSI: 36.4 | MACD: -3.06 | ATR: 2.84
  📊 Filled: 0 | Pending: 0
  🕐 Outside session (17:41 CT) — no entries
  💰 Daily P&L: $-4,000.00

[2026-07-28 17:42] O:7454.00 H:7455.50 L:7454.00 C:7454.75 V:309.0
  📈 Trend: strong_bearish | 🌍 Regime: ranging
  🗺️  Grid: 0.080% | 🔺 7454.50 🔻 7453.00
  📡 RSI: 34.1 | MACD: -2.93 | ATR: 2.80
  📊 Filled: 0 | Pending: 0
  🕐 Outside session (17:42 CT) — no entries
  💰 Daily P&L: $-4,000.00

[2026-07-28 17:43] O:7454.50 H:7455.25 L:7453.50 C:7454.25 V:117.0
  📈 Trend: strong_bearish | 🌍 Regime: ranging
  🗺️  Grid: 0.080% | 🔺 7455.50 🔻 7454.00
  📡 RSI: 31.8 | MACD: -2.83 | ATR: 2.82
  📊 Filled: 0 | Pending: 0
  🕐 Outside session (17:43 CT) — no entries
  💰 Daily P&L: $-4,000.00

[2026-07-28 17:44] O:7454.00 H:7454.50 L:7452.00 C:7453.25 V:329.0
  📈 Trend: strong_bearish | 🌍 Regime: ranging
  🗺️  Grid: 0.080% | 🔺 7455.25 🔻 7453.50
  📡 RSI: 30.7 | MACD: -2.80 | ATR: 2.86
  📊 Filled: 0 | Pending: 0
  🕐 Outside session (17:44 CT) — no entries
  💰 Daily P&L: $-4,000.00

[2026-07-28 17:45] O:7453.25 H:7453.75 L:7451.75 C:7452.25 V:596.0
  📈 Trend: strong_bearish | 🌍 Regime: ranging
  🗺️  Grid: 0.080% | 🔺 7454.50 🔻 7452.00
  📡 RSI: 31.4 | MACD: -2.83 | ATR: 2.82
  📊 Filled: 0 | Pending: 0
  🕐 Outside session (17:45 CT) — no entries
  💰 Daily P&L: $-4,000.00

[2026-07-28 17:46] O:7452.25 H:7453.75 L:7451.25 C:7453.00 V:698.0
  📈 Trend: strong_bearish | 🌍 Regime: ranging
  🗺️  Grid: 0.080% | 🔺 7453.75 🔻 7451.75
  📡 RSI: 37.5 | MACD: -2.75 | ATR: 2.61
  📊 Filled: 0 | Pending: 0
  🕐 Outside session (17:46 CT) — no entries
  💰 Daily P&L: $-4,000.00

[2026-07-28 17:47] O:7453.00 H:7453.50 L:7451.25 C:7451.50 V:439.0
  📈 Trend: strong_bearish | 🌍 Regime: ranging
  🗺️  Grid: 0.080% | 🔺 7453.75 🔻 7451.25
  📡 RSI: 40.0 | MACD: -2.79 | ATR: 2.46
  📊 Filled: 0 | Pending: 0
  🕐 Outside session (17:47 CT) — no entries
  💰 Daily P&L: $-4,000.00

[2026-07-28 17:48] O:7451.50 H:7454.00 L:7451.00 C:7453.75 V:571.0
  📈 Trend: strong_bearish | 🌍 Regime: ranging
  🗺️  Grid: 0.080% | 🔺 7453.50 🔻 7451.25
  📡 RSI: 45.1 | MACD: -2.60 | ATR: 2.54
  📊 Filled: 0 | Pending: 0
  🕐 Outside session (17:48 CT) — no entries
  💰 Daily P&L: $-4,000.00

[2026-07-28 17:49] O:7453.75 H:7453.75 L:7451.75 C:7452.75 V:454.0
  📈 Trend: strong_bearish | 🌍 Regime: ranging
  🗺️  Grid: 0.080% | 🔺 7454.00 🔻 7451.00
  📡 RSI: 42.4 | MACD: -2.50 | ATR: 2.54
  📊 Filled: 0 | Pending: 0
  🕐 Outside session (17:49 CT) — no entries
  💰 Daily P&L: $-4,000.00

[2026-07-28 17:50] O:7452.75 H:7454.00 L:7451.25 C:7453.50 V:421.0
  📈 Trend: strong_bearish | 🌍 Regime: ranging
  🗺️  Grid: 0.080% | 🔺 7453.75 🔻 7451.75
  📡 RSI: 37.2 | MACD: -2.34 | ATR: 2.48
  📊 Filled: 0 | Pending: 0
  🕐 Outside session (17:50 CT) — no entries
  💰 Daily P&L: $-4,000.00

[2026-07-28 17:51] O:7453.25 H:7454.50 L:7452.00 C:7454.00 V:386.0
  📈 Trend: strong_bearish | 🌍 Regime: ranging
  🗺️  Grid: 0.080% | 🔺 7454.00 🔻 7451.25
  📡 RSI: 44.3 | MACD: -2.15 | ATR: 2.46
  📊 Filled: 0 | Pending: 0
  🕐 Outside session (17:51 CT) — no entries
  💰 Daily P&L: $-4,000.00

[2026-07-28 17:52] O:7454.25 H:7457.25 L:7454.00 C:7456.00 V:419.0
  📈 Trend: strong_bearish (raw: moderate_bearish) | 🌍 Regime: ranging
  🗺️  Grid: 0.080% | 🔺 7454.50 🔻 7452.00
  📡 RSI: 59.1 | MACD: -1.81 | ATR: 2.45
  📊 Filled: 0 | Pending: 0
  🕐 Outside session (17:52 CT) — no entries
  💰 Daily P&L: $-4,000.00

[2026-07-28 17:53] O:7456.25 H:7456.25 L:7450.50 C:7451.25 V:525.0
  📈 Trend: strong_bearish | 🌍 Regime: ranging
  🗺️  Grid: 0.080% | 🔺 7457.25 🔻 7454.00
  📡 RSI: 50.0 | MACD: -1.90 | ATR: 2.59
  📊 Filled: 0 | Pending: 0
  🕐 Outside session (17:53 CT) — no entries
  💰 Daily P&L: $-4,000.00

[2026-07-28 17:54] O:7451.00 H:7454.75 L:7450.75 C:7454.25 V:656.0
  📈 Trend: strong_bearish | 🌍 Regime: ranging
  🗺️  Grid: 0.080% | 🔺 7456.25 🔻 7450.50
  📡 RSI: 50.6 | MACD: -1.72 | ATR: 2.66
  📊 Filled: 0 | Pending: 0
  🕐 Outside session (17:54 CT) — no entries
  💰 Daily P&L: $-4,000.00

[2026-07-28 17:55] O:7454.00 H:7455.50 L:7453.75 C:7455.00 V:443.0
  📈 Trend: strong_bearish | 🌍 Regime: ranging
  🗺️  Grid: 0.080% | 🔺 7454.75 🔻 7450.75
  📡 RSI: 51.9 | MACD: -1.49 | ATR: 2.68
  📊 Filled: 0 | Pending: 0
  🕐 Outside session (17:55 CT) — no entries
  💰 Daily P&L: $-4,000.00

[2026-07-28 17:56] O:7455.00 H:7456.25 L:7453.50 C:7454.50 V:395.0
  📈 Trend: strong_bearish | 🌍 Regime: ranging
  🗺️  Grid: 0.080% | 🔺 7455.50 🔻 7453.75
  📡 RSI: 49.4 | MACD: -1.34 | ATR: 2.77
  📊 Filled: 0 | Pending: 0
  🕐 Outside session (17:56 CT) — no entries
  💰 Daily P&L: $-4,000.00

[2026-07-28 17:57] O:7454.75 H:7457.00 L:7454.50 C:7456.25 V:427.0
  📈 Trend: strong_bearish (raw: moderate_bearish) | 🌍 Regime: ranging
  🗺️  Grid: 0.080% | 🔺 7456.25 🔻 7453.50
  📡 RSI: 54.7 | MACD: -1.06 | ATR: 2.82
  📊 Filled: 0 | Pending: 0
  🕐 Outside session (17:57 CT) — no entries
  💰 Daily P&L: $-4,000.00

[2026-07-28 17:58] O:7456.25 H:7456.25 L:7454.00 C:7454.25 V:394.0
  📈 Trend: moderate_bearish | 🌍 Regime: ranging
  🗺️  Grid: 0.080% | 🔺 7457.00 🔻 7454.50
  📡 RSI: 52.2 | MACD: -0.99 | ATR: 2.80
  📊 Filled: 0 | Pending: 0
  🕐 Outside session (17:58 CT) — no entries
  💰 Daily P&L: $-4,000.00

[2026-07-28 17:59] O:7454.25 H:7454.75 L:7451.75 C:7451.75 V:407.0
  📈 Trend: moderate_bearish (raw: strong_bearish) | 🌍 Regime: ranging
  🗺️  Grid: 0.080% | 🔺 7456.25 🔻 7454.00
  📡 RSI: 49.0 | MACD: -1.13 | ATR: 2.88
  📊 Filled: 0 | Pending: 0
  🕐 Outside session (17:59 CT) — no entries
  💰 Daily P&L: $-4,000.00

[2026-07-28 18:00] O:7452.00 H:7452.50 L:7450.25 C:7451.25 V:494.0
  📈 Trend: strong_bearish | 🌍 Regime: ranging
  🗺️  Grid: 0.080% | 🔺 7454.75 🔻 7451.75
  📡 RSI: 46.3 | MACD: -1.26 | ATR: 2.86
  📊 Filled: 0 | Pending: 0
  🕐 Outside session (18:00 CT) — no entries
  💰 Daily P&L: $-4,000.00

[2026-07-28 18:01] O:7451.50 H:7453.00 L:7451.00 C:7451.25 V:291.0
  📈 Trend: strong_bearish | 🌍 Regime: ranging
  🗺️  Grid: 0.080% | 🔺 7452.50 🔻 7450.25
  📡 RSI: 49.4 | MACD: -1.35 | ATR: 2.84
  📊 Filled: 0 | Pending: 0
  🕐 Outside session (18:01 CT) — no entries
  💰 Daily P&L: $-4,000.00

[2026-07-28 18:02] O:7451.25 H:7451.50 L:7450.50 C:7451.25 V:309.0
  📈 Trend: strong_bearish | 🌍 Regime: ranging
  🗺️  Grid: 0.080% | 🔺 7453.00 🔻 7451.00
  📡 RSI: 43.8 | MACD: -1.40 | ATR: 2.70
  📊 Filled: 0 | Pending: 0
  🕐 Outside session (18:02 CT) — no entries
  💰 Daily P&L: $-4,000.00

[2026-07-28 18:03] O:7451.25 H:7452.25 L:7449.25 C:7451.25 V:677.0
  📈 Trend: strong_bearish | 🌍 Regime: ranging
  🗺️  Grid: 0.080% | 🔺 7451.50 🔻 7450.50
  📡 RSI: 46.1 | MACD: -1.43 | ATR: 2.77
  📊 Filled: 0 | Pending: 0
  🕐 Outside session (18:03 CT) — no entries
  💰 Daily P&L: $-4,000.00

[2026-07-28 18:04] O:7451.00 H:7456.25 L:7449.75 C:7456.00 V:755.0
  📈 Trend: strong_bearish (raw: moderate_bearish) | 🌍 Regime: ranging
  🗺️  Grid: 0.080% | 🔺 7452.25 🔻 7449.25
  📡 RSI: 55.4 | MACD: -1.06 | ATR: 3.04
  📊 Filled: 0 | Pending: 0
  🕐 Outside session (18:04 CT) — no entries
  💰 Daily P&L: $-4,000.00

[2026-07-28 18:05] O:7455.75 H:7457.00 L:7455.25 C:7456.75 V:484.0
  📈 Trend: moderate_bearish | 🌍 Regime: ranging
  🗺️  Grid: 0.080% | 🔺 7456.25 🔻 7449.75
  📡 RSI: 55.9 | MACD: -0.69 | ATR: 2.98
  📊 Filled: 0 | Pending: 0
  🕐 Outside session (18:05 CT) — no entries
  💰 Daily P&L: $-4,000.00

[2026-07-28 18:06] O:7456.50 H:7459.25 L:7456.25 C:7457.75 V:708.0
  📈 Trend: moderate_bearish | 🌍 Regime: ranging
  🗺️  Grid: 0.080% | 🔺 7457.00 🔻 7455.25
  📡 RSI: 53.9 | MACD: -0.32 | ATR: 2.96
  📊 Filled: 0 | Pending: 0
  🕐 Outside session (18:06 CT) — no entries
  💰 Daily P&L: $-4,000.00

[2026-07-28 18:07] O:7458.00 H:7459.25 L:7457.25 C:7458.75 V:633.0
  📈 Trend: moderate_bearish (raw: moderate_bullish) | 🌍 Regime: ranging
  🗺️  Grid: 0.080% | 🔺 7459.25 🔻 7456.25
  📡 RSI: 70.3 | MACD: 0.06 | ATR: 2.70
  📊 Filled: 0 | Pending: 0
  🕐 Outside session (18:07 CT) — no entries
  💰 Daily P&L: $-4,000.00

[2026-07-28 18:08] O:7458.75 H:7459.00 L:7458.00 C:7458.00 V:415.0
  📈 Trend: moderate_bullish | 🌍 Regime: ranging
  🗺️  Grid: 0.080% | 🔺 7459.25 🔻 7457.25
  📡 RSI: 61.5 | MACD: 0.29 | ATR: 2.48
  📊 Filled: 0 | Pending: 0
  🕐 Outside session (18:08 CT) — no entries
  💰 Daily P&L: $-4,000.00

[2026-07-28 18:09] O:7458.00 H:7458.00 L:7452.50 C:7452.75 V:776.0
  📈 Trend: moderate_bullish (raw: strong_bearish) | 🌍 Regime: ranging
  🗺️  Grid: 0.080% | 🔺 7459.00 🔻 7458.00
  📡 RSI: 44.6 | MACD: 0.05 | ATR: 2.75
  📊 Filled: 0 | Pending: 0
  🕐 Outside session (18:09 CT) — no entries
  💰 Daily P&L: $-4,000.00

[2026-07-28 18:10] O:7453.00 H:7455.75 L:7452.00 C:7454.25 V:618.0
  📈 Trend: moderate_bullish (raw: moderate_bearish) | 🌍 Regime: ranging
  🗺️  Grid: 0.080% | 🔺 7458.00 🔻 7452.50
  📡 RSI: 49.4 | MACD: -0.01 | ATR: 2.82
  📊 Filled: 0 | Pending: 0
  🕐 Outside session (18:10 CT) — no entries
  💰 Daily P&L: $-4,000.00

[2026-07-28 18:11] O:7454.25 H:7458.50 L:7453.25 C:7458.00 V:400.0
  📈 Trend: moderate_bullish | 🌍 Regime: ranging
  🗺️  Grid: 0.080% | 🔺 7455.75 🔻 7452.00
  📡 RSI: 53.7 | MACD: 0.23 | ATR: 3.02
  📊 Filled: 0 | Pending: 0
  🕐 Outside session (18:11 CT) — no entries
  💰 Daily P&L: $-4,000.00

[2026-07-28 18:12] O:7458.00 H:7460.00 L:7458.00 C:7459.50 V:499.0
  📈 Trend: moderate_bullish | 🌍 Regime: ranging
  🗺️  Grid: 0.080% | 🔺 7458.50 🔻 7453.25
  📡 RSI: 61.3 | MACD: 0.54 | ATR: 3.00
  📊 Filled: 0 | Pending: 0
  🕐 Outside session (18:12 CT) — no entries
  💰 Daily P&L: $-4,000.00

[2026-07-28 18:13] O:7459.50 H:7463.25 L:7459.25 C:7462.25 V:611.0
  📈 Trend: moderate_bullish | 🌍 Regime: ranging
  🗺️  Grid: 0.080% | 🔺 7460.00 🔻 7458.00
  📡 RSI: 72.3 | MACD: 1.00 | ATR: 3.07
  📊 Filled: 0 | Pending: 0
  🕐 Outside session (18:13 CT) — no entries
  💰 Daily P&L: $-4,000.00

[2026-07-28 18:14] O:7462.50 H:7465.50 L:7461.75 C:7463.50 V:806.0
  📈 Trend: moderate_bullish | 🌍 Regime: ranging
  🗺️  Grid: 0.080% | 🔺 7463.25 🔻 7459.25
  📡 RSI: 75.3 | MACD: 1.44 | ATR: 3.18
  📊 Filled: 0 | Pending: 0
  🕐 Outside session (18:14 CT) — no entries
  💰 Daily P&L: $-4,000.00

[2026-07-28 18:15] O:7463.50 H:7463.50 L:7461.25 C:7461.25 V:287.0
  📈 Trend: moderate_bullish (raw: strong_bullish) | 🌍 Regime: ranging
  🗺️  Grid: 0.080% | 🔺 7465.50 🔻 7461.75
  📡 RSI: 68.9 | MACD: 1.60 | ATR: 3.20
  📊 Filled: 0 | Pending: 0
  🕐 Outside session (18:15 CT) — no entries
  💰 Daily P&L: $-4,000.00

[2026-07-28 18:16] O:7461.50 H:7462.50 L:7459.75 C:7462.25 V:281.0
  📈 Trend: strong_bullish | 🌍 Regime: ranging
  🗺️  Grid: 0.080% | 🔺 7463.50 🔻 7461.25
  📡 RSI: 70.0 | MACD: 1.78 | ATR: 3.32
  📊 Filled: 0 | Pending: 0
  🕐 Outside session (18:16 CT) — no entries
  💰 Daily P&L: $-4,000.00

[2026-07-28 18:17] O:7461.75 H:7463.75 L:7461.75 C:7463.25 V:541.0
  📈 Trend: strong_bullish | 🌍 Regime: ranging
  🗺️  Grid: 0.080% | 🔺 7462.50 🔻 7459.75
  📡 RSI: 71.1 | MACD: 1.98 | ATR: 3.25
  📊 Filled: 0 | Pending: 0
  🕐 Outside session (18:17 CT) — no entries
  💰 Daily P&L: $-4,000.00

[2026-07-28 18:18] O:7463.25 H:7464.75 L:7461.75 C:7462.25 V:317.0
  📈 Trend: strong_bullish | 🌍 Regime: ranging
  🗺️  Grid: 0.080% | 🔺 7463.75 🔻 7461.75
  📡 RSI: 62.6 | MACD: 2.04 | ATR: 3.00
  📊 Filled: 0 | Pending: 0
  🕐 Outside session (18:18 CT) — no entries
  💰 Daily P&L: $-4,000.00

[2026-07-28 18:19] O:7462.25 H:7462.25 L:7460.75 C:7461.00 V:216.0
  📈 Trend: strong_bullish | 🌍 Regime: ranging
  🗺️  Grid: 0.080% | 🔺 7464.75 🔻 7461.75
  📡 RSI: 58.4 | MACD: 1.96 | ATR: 2.98
  📊 Filled: 0 | Pending: 0
  🕐 Outside session (18:19 CT) — no entries
  💰 Daily P&L: $-4,000.00

[2026-07-28 18:20] O:7461.00 H:7463.25 L:7459.50 C:7463.25 V:313.0
  📈 Trend: strong_bullish | 🌍 Regime: ranging
  🗺️  Grid: 0.080% | 🔺 7462.25 🔻 7460.75
  📡 RSI: 60.4 | MACD: 2.05 | ATR: 3.04
  📊 Filled: 0 | Pending: 0
  🕐 Outside session (18:20 CT) — no entries
  💰 Daily P&L: $-4,000.00

[2026-07-28 18:21] O:7463.25 H:7464.25 L:7461.50 C:7464.25 V:240.0
  📈 Trend: strong_bullish | 🌍 Regime: ranging
  🗺️  Grid: 0.080% | 🔺 7463.25 🔻 7459.50
  📡 RSI: 60.4 | MACD: 2.18 | ATR: 3.09
  📊 Filled: 0 | Pending: 0
  🕐 Outside session (18:21 CT) — no entries
  💰 Daily P&L: $-4,000.00

[2026-07-28 18:22] O:7464.00 H:7467.50 L:7464.00 C:7467.50 V:701.0
  📈 Trend: strong_bullish | 🌍 Regime: ranging
  🗺️  Grid: 0.080% | 🔺 7464.25 🔻 7461.50
  📡 RSI: 66.4 | MACD: 2.52 | ATR: 3.27
  📊 Filled: 0 | Pending: 0
  🕐 Outside session (18:22 CT) — no entries
  💰 Daily P&L: $-4,000.00

[2026-07-28 18:23] O:7467.50 H:7468.75 L:7467.25 C:7468.50 V:400.0
  📈 Trend: strong_bullish | 🌍 Regime: ranging
  🗺️  Grid: 0.080% | 🔺 7467.50 🔻 7464.00
  📡 RSI: 81.8 | MACD: 2.83 | ATR: 2.98
  📊 Filled: 0 | Pending: 0
  🕐 Outside session (18:23 CT) — no entries
  💰 Daily P&L: $-4,000.00

[2026-07-28 18:24] O:7468.75 H:7469.25 L:7468.00 C:7468.50 V:296.0
  📈 Trend: strong_bullish | 🌍 Regime: ranging
  🗺️  Grid: 0.080% | 🔺 7468.75 🔻 7467.25
  📡 RSI: 80.6 | MACD: 3.05 | ATR: 2.80
  📊 Filled: 0 | Pending: 0
  🕐 Outside session (18:24 CT) — no entries
  💰 Daily P&L: $-4,000.00

[2026-07-28 18:25] O:7468.75 H:7468.75 L:7468.00 C:7468.25 V:284.0
  📈 Trend: strong_bullish | 🌍 Regime: ranging
  🗺️  Grid: 0.080% | 🔺 7469.25 🔻 7468.00
  📡 RSI: 75.9 | MACD: 3.16 | ATR: 2.48
  📊 Filled: 0 | Pending: 0
  🕐 Outside session (18:25 CT) — no entries
  💰 Daily P&L: $-4,000.00

[2026-07-28 18:26] O:7468.50 H:7469.75 L:7468.25 C:7469.50 V:417.0
  📈 Trend: strong_bullish | 🌍 Regime: ranging
  🗺️  Grid: 0.080% | 🔺 7468.75 🔻 7468.00
  📡 RSI: 75.6 | MACD: 3.31 | ATR: 2.45
  📊 Filled: 0 | Pending: 0
  🕐 Outside session (18:26 CT) — no entries
  💰 Daily P&L: $-4,000.00

[2026-07-28 18:27] O:7469.50 H:7471.00 L:7467.25 C:7467.75 V:452.0
  📈 Trend: strong_bullish | 🌍 Regime: ranging
  🗺️  Grid: 0.080% | 🔺 7469.75 🔻 7468.25
  📡 RSI: 64.9 | MACD: 3.26 | ATR: 2.43
  📊 Filled: 0 | Pending: 0
  🕐 Outside session (18:27 CT) — no entries
  💰 Daily P&L: $-4,000.00

[2026-07-28 18:28] O:7468.25 H:7470.00 L:7468.25 C:7469.00 V:158.0
  📈 Trend: strong_bullish | 🌍 Regime: ranging
  🗺️  Grid: 0.080% | 🔺 7471.00 🔻 7467.25
  📡 RSI: 64.9 | MACD: 3.27 | ATR: 2.32
  📊 Filled: 0 | Pending: 0
  🕐 Outside session (18:28 CT) — no entries
  💰 Daily P&L: $-4,000.00

[2026-07-28 18:29] O:7469.50 H:7469.50 L:7468.00 C:7468.75 V:131.0
  📈 Trend: strong_bullish | 🌍 Regime: trending_bullish
  🗺️  Grid: 0.080% | 🔺 7470.00 🔻 7468.25
  📡 RSI: 72.7 | MACD: 3.23 | ATR: 2.27
  📊 Filled: 0 | Pending: 0
  🕐 Outside session (18:29 CT) — no entries
  💰 Daily P&L: $-4,000.00

[2026-07-28 18:30] O:7468.75 H:7469.25 L:7467.75 C:7469.25 V:122.0
  📈 Trend: strong_bullish | 🌍 Regime: trending_bullish
  🗺️  Grid: 0.080% | 🔺 7469.50 🔻 7468.00
  📡 RSI: 71.9 | MACD: 3.20 | ATR: 2.18
  📊 Filled: 0 | Pending: 0
  🕐 Outside session (18:30 CT) — no entries
  💰 Daily P&L: $-4,000.00

[2026-07-28 18:31] O:7469.50 H:7469.75 L:7468.50 C:7469.50 V:101.0
  📈 Trend: strong_bullish | 🌍 Regime: trending_bullish
  🗺️  Grid: 0.080% | 🔺 7469.25 🔻 7467.75
  📡 RSI: 70.5 | MACD: 3.16 | ATR: 2.12
  📊 Filled: 0 | Pending: 0
  🕐 Outside session (18:31 CT) — no entries
  💰 Daily P&L: $-4,000.00

[2026-07-28 18:32] O:7469.25 H:7470.75 L:7468.50 C:7469.25 V:278.0
  📈 Trend: strong_bullish | 🌍 Regime: trending_bullish
  🗺️  Grid: 0.080% | 🔺 7469.75 🔻 7468.50
  📡 RSI: 74.1 | MACD: 3.07 | ATR: 2.07
  📊 Filled: 0 | Pending: 0
  🕐 Outside session (18:32 CT) — no entries
  💰 Daily P&L: $-4,000.00

[2026-07-28 18:33] O:7469.25 H:7469.75 L:7468.25 C:7468.50 V:132.0
  📈 Trend: strong_bullish (raw: moderate_bullish) | 🌍 Regime: trending_bullish
  🗺️  Grid: 0.080% | 🔺 7470.75 🔻 7468.50
  📡 RSI: 76.8 | MACD: 2.91 | ATR: 2.07
  📊 Filled: 0 | Pending: 0
  🕐 Outside session (18:33 CT) — no entries
  💰 Daily P&L: $-4,000.00

[2026-07-28 18:34] O:7468.50 H:7469.25 L:7468.25 C:7469.00 V:98.0
  📈 Trend: moderate_bullish | 🌍 Regime: trending_bullish
  🗺️  Grid: 0.080% | 🔺 7469.75 🔻 7468.25
  📡 RSI: 73.5 | MACD: 2.78 | ATR: 1.88
  📊 Filled: 0 | Pending: 0
  🕐 Outside session (18:34 CT) — no entries
  💰 Daily P&L: $-4,000.00

[2026-07-28 18:35] O:7469.25 H:7469.50 L:7468.75 C:7469.25 V:99.0
  📈 Trend: moderate_bullish | 🌍 Regime: trending_bullish
  🗺️  Grid: 0.080% | 🔺 7469.25 🔻 7468.25
  📡 RSI: 71.7 | MACD: 2.68 | ATR: 1.73
  📊 Filled: 0 | Pending: 0
  🕐 Outside session (18:35 CT) — no entries
  💰 Daily P&L: $-4,000.00

[2026-07-28 18:36] O:7469.25 H:7469.75 L:7468.25 C:7468.75 V:95.0
  📈 Trend: moderate_bullish | 🌍 Regime: trending_bullish
  🗺️  Grid: 0.080% | 🔺 7469.50 🔻 7468.75
  📡 RSI: 57.1 | MACD: 2.52 | ATR: 1.59
  📊 Filled: 0 | Pending: 0
  🕐 Outside session (18:36 CT) — no entries
  💰 Daily P&L: $-4,000.00

[2026-07-28 18:37] O:7468.50 H:7469.75 L:7468.00 C:7469.00 V:100.0
  📈 Trend: moderate_bullish | 🌍 Regime: trending_bullish
  🗺️  Grid: 0.080% | 🔺 7469.75 🔻 7468.25
  📡 RSI: 53.1 | MACD: 2.39 | ATR: 1.61
  📊 Filled: 0 | Pending: 0
  🕐 Outside session (18:37 CT) — no entries
  💰 Daily P&L: $-4,000.00

[2026-07-28 18:38] O:7469.00 H:7469.75 L:7468.25 C:7468.75 V:202.0
  📈 Trend: moderate_bullish | 🌍 Regime: trending_bullish
  🗺️  Grid: 0.080% | 🔺 7469.75 🔻 7468.00
  📡 RSI: 51.5 | MACD: 2.25 | ATR: 1.62
  📊 Filled: 0 | Pending: 0
  🕐 Outside session (18:38 CT) — no entries
  💰 Daily P&L: $-4,000.00

[2026-07-28 18:39] O:7469.25 H:7469.50 L:7468.00 C:7468.25 V:110.0
  📈 Trend: moderate_bullish | 🌍 Regime: trending_bullish
  🗺️  Grid: 0.080% | 🔺 7469.75 🔻 7468.25
  📡 RSI: 50.0 | MACD: 2.06 | ATR: 1.68
  📊 Filled: 0 | Pending: 0
  🕐 Outside session (18:39 CT) — no entries
  💰 Daily P&L: $-4,000.00

[2026-07-28 18:40] O:7468.25 H:7469.50 L:7467.50 C:7469.00 V:227.0
  📈 Trend: moderate_bullish | 🌍 Regime: trending_bullish
  🗺️  Grid: 0.080% | 🔺 7469.50 🔻 7468.00
  📡 RSI: 46.9 | MACD: 1.96 | ATR: 1.71
  📊 Filled: 0 | Pending: 0
  🕐 Outside session (18:40 CT) — no entries
  💰 Daily P&L: $-4,000.00

[2026-07-28 18:41] O:7469.00 H:7470.25 L:7468.50 C:7469.25 V:201.0
  📈 Trend: moderate_bullish | 🌍 Regime: trending_bullish
  🗺️  Grid: 0.080% | 🔺 7469.50 🔻 7467.50
  📡 RSI: 61.5 | MACD: 1.87 | ATR: 1.57
  📊 Filled: 0 | Pending: 0
  🕐 Outside session (18:41 CT) — no entries
  💰 Daily P&L: $-4,000.00

[2026-07-28 18:42] O:7469.75 H:7469.75 L:7468.25 C:7468.50 V:222.0
  📈 Trend: moderate_bullish (raw: moderate_bearish) | 🌍 Regime: trending_bearish
  🗺️  Grid: 0.080% | 🔺 7470.25 🔻 7468.50
  📡 RSI: 45.8 | MACD: 1.72 | ATR: 1.52
  📊 Filled: 0 | Pending: 0
  🕐 Outside session (18:42 CT) — no entries
  💰 Daily P&L: $-4,000.00

[2026-07-28 18:43] O:7468.75 H:7472.00 L:7468.50 C:7471.75 V:222.0
  📈 Trend: moderate_bullish | 🌍 Regime: trending_bullish
  🗺️  Grid: 0.080% | 🔺 7469.75 🔻 7468.25
  📡 RSI: 66.7 | MACD: 1.85 | ATR: 1.66
  📊 Filled: 0 | Pending: 0
  🕐 Outside session (18:43 CT) — no entries
  💰 Daily P&L: $-4,000.00

[2026-07-28 18:44] O:7472.00 H:7484.00 L:7471.75 C:7482.75 V:1816.0
  📈 Trend: moderate_bullish (raw: strong_bullish) | 🌍 Regime: ranging
  🗺️  Grid: 0.080% | 🔺 7472.00 🔻 7468.50
  📡 RSI: 84.6 | MACD: 2.80 | ATR: 2.43
  📊 Filled: 0 | Pending: 0
  🕐 Outside session (18:44 CT) — no entries
  💰 Daily P&L: $-4,000.00

[2026-07-28 18:45] O:7482.50 H:7483.50 L:7479.75 C:7480.50 V:1015.0
  📈 Trend: strong_bullish | 🌍 Regime: ranging
  🗺️  Grid: 0.080% | 🔺 7484.00 🔻 7471.75
  📡 RSI: 75.6 | MACD: 3.33 | ATR: 2.61
  📊 Filled: 0 | Pending: 0
  🕐 Outside session (18:45 CT) — no entries
  💰 Daily P&L: $-4,000.00

[2026-07-28 18:46] O:7480.75 H:7485.00 L:7480.75 C:7483.75 V:595.0
  📈 Trend: strong_bullish | 🌍 Regime: ranging
  🗺️  Grid: 0.080% | 🔺 7483.50 🔻 7479.75
  📡 RSI: 79.6 | MACD: 3.98 | ATR: 2.77
  📊 Filled: 0 | Pending: 0
  🕐 Outside session (18:46 CT) — no entries
  💰 Daily P&L: $-4,000.00

[2026-07-28 18:47] O:7484.00 H:7488.25 L:7483.50 C:7486.50 V:1026.0
  📈 Trend: strong_bullish | 🌍 Regime: ranging
  🗺️  Grid: 0.080% | 🔺 7485.00 🔻 7480.75
  📡 RSI: 84.0 | MACD: 4.65 | ATR: 3.00
  📊 Filled: 0 | Pending: 0
  🕐 Outside session (18:47 CT) — no entries
  💰 Daily P&L: $-4,000.00

[2026-07-28 18:48] O:7486.25 H:7488.00 L:7484.25 C:7486.25 V:755.0
  📈 Trend: strong_bullish | 🌍 Regime: ranging
  🗺️  Grid: 0.080% | 🔺 7488.25 🔻 7483.50
  📡 RSI: 82.9 | MACD: 5.11 | ATR: 3.20
  📊 Filled: 0 | Pending: 0
  🕐 Outside session (18:48 CT) — no entries
  💰 Daily P&L: $-4,000.00

[2026-07-28 18:49] O:7486.00 H:7489.25 L:7485.50 C:7488.25 V:705.0
  📈 Trend: strong_bullish | 🌍 Regime: ranging
  🗺️  Grid: 0.080% | 🔺 7488.00 🔻 7484.25
  📡 RSI: 83.9 | MACD: 5.57 | ATR: 3.41
  📊 Filled: 0 | Pending: 0
  🕐 Outside session (18:49 CT) — no entries
  💰 Daily P&L: $-4,000.00

[2026-07-28 18:50] O:7488.25 H:7495.25 L:7488.25 C:7494.50 V:1691.0
  📈 Trend: strong_bullish | 🌍 Regime: trending_bullish
  🗺️  Grid: 0.080% | 🔺 7489.25 🔻 7485.50
  📡 RSI: 88.1 | MACD: 6.36 | ATR: 3.80
  📊 Filled: 0 | Pending: 0
  🕐 Outside session (18:50 CT) — no entries
  💰 Daily P&L: $-4,000.00

[2026-07-28 18:51] O:7494.25 H:7494.75 L:7491.50 C:7492.25 V:667.0
  📈 Trend: strong_bullish | 🌍 Regime: trending_bullish
  🗺️  Grid: 0.080% | 🔺 7495.25 🔻 7488.25
  📡 RSI: 82.5 | MACD: 6.73 | ATR: 3.91
  📊 Filled: 0 | Pending: 0
  🕐 Outside session (18:51 CT) — no entries
  💰 Daily P&L: $-4,000.00

[2026-07-28 18:52] O:7492.25 H:7492.50 L:7488.00 C:7489.75 V:689.0
  📈 Trend: strong_bullish | 🌍 Regime: trending_bullish
  🗺️  Grid: 0.080% | 🔺 7494.75 🔻 7491.50
  📡 RSI: 77.6 | MACD: 6.75 | ATR: 4.12
  📊 Filled: 0 | Pending: 0
  🕐 Outside session (18:52 CT) — no entries
  💰 Daily P&L: $-4,000.00

[2026-07-28 18:53] O:7489.75 H:7492.25 L:7489.50 C:7489.75 V:546.0
  📈 Trend: strong_bullish | 🌍 Regime: trending_bullish
  🗺️  Grid: 0.080% | 🔺 7492.50 🔻 7488.00
  📡 RSI: 78.7 | MACD: 6.68 | ATR: 4.21
  📊 Filled: 0 | Pending: 0
  🕐 Outside session (18:53 CT) — no entries
  💰 Daily P&L: $-4,000.00

[2026-07-28 18:54] O:7489.50 H:7491.75 L:7488.50 C:7491.75 V:355.0
  📈 Trend: strong_bullish | 🌍 Regime: trending_bullish
  🗺️  Grid: 0.080% | 🔺 7492.25 🔻 7489.50
  📡 RSI: 79.4 | MACD: 6.71 | ATR: 4.30
  📊 Filled: 0 | Pending: 0
  🕐 Outside session (18:54 CT) — no entries
  💰 Daily P&L: $-4,000.00

[2026-07-28 18:55] O:7491.50 H:7491.75 L:7489.00 C:7490.50 V:514.0
  📈 Trend: strong_bullish | 🌍 Regime: trending_bullish
  🗺️  Grid: 0.080% | 🔺 7491.75 🔻 7488.50
  📡 RSI: 76.7 | MACD: 6.56 | ATR: 4.38
  📊 Filled: 0 | Pending: 0
  🕐 Outside session (18:55 CT) — no entries
  💰 Daily P&L: $-4,000.00

[2026-07-28 18:56] O:7490.50 H:7493.00 L:7490.00 C:7492.25 V:436.0
  📈 Trend: strong_bullish | 🌍 Regime: trending_bullish
  🗺️  Grid: 0.080% | 🔺 7491.75 🔻 7489.00
  📡 RSI: 79.1 | MACD: 6.51 | ATR: 4.48
  📊 Filled: 0 | Pending: 0
  🕐 Outside session (18:56 CT) — no entries
  💰 Daily P&L: $-4,000.00

[2026-07-28 18:57] O:7492.00 H:7494.50 L:7491.50 C:7494.50 V:419.0
  📈 Trend: strong_bullish | 🌍 Regime: trending_bullish
  🗺️  Grid: 0.080% | 🔺 7493.00 🔻 7490.00
  📡 RSI: 78.6 | MACD: 6.57 | ATR: 4.45
  📊 Filled: 0 | Pending: 0
  🕐 Outside session (18:57 CT) — no entries
  💰 Daily P&L: $-4,000.00

[2026-07-28 18:58] O:7494.25 H:7495.00 L:7492.75 C:7494.00 V:494.0
  📈 Trend: strong_bullish | 🌍 Regime: trending_bullish
  🗺️  Grid: 0.080% | 🔺 7494.50 🔻 7491.50
  📡 RSI: 69.2 | MACD: 6.51 | ATR: 3.73
  📊 Filled: 0 | Pending: 0
  🕐 Outside session (18:58 CT) — no entries
  💰 Daily P&L: $-4,000.00

[2026-07-28 18:59] O:7493.75 H:7494.75 L:7492.75 C:7494.75 V:487.0
  📈 Trend: strong_bullish | 🌍 Regime: trending_bullish
  🗺️  Grid: 0.080% | 🔺 7495.00 🔻 7492.75
  📡 RSI: 75.7 | MACD: 6.44 | ATR: 3.61
  📊 Filled: 0 | Pending: 0
  🕐 Outside session (18:59 CT) — no entries
  💰 Daily P&L: $-4,000.00

📅 New trading day. Previous day P&L: $-4,000.00

[2026-07-28 19:00] O:7494.75 H:7495.00 L:7490.25 C:7492.00 V:1123.0
  📈 Trend: strong_bullish | 🌍 Regime: trending_bullish
  🗺️  Grid: 0.080% | 🔺 7494.75 🔻 7492.75
  📡 RSI: 65.1 | MACD: 6.10 | ATR: 3.62
  📊 Filled: 0 | Pending: 0
  🕐 Outside session (19:00 CT) — no entries
  💰 Daily P&L: $+0.00

[2026-07-28 19:01] O:7492.25 H:7496.00 L:7491.75 C:7495.00 V:1102.0
  📈 Trend: strong_bullish | 🌍 Regime: trending_bullish
  🗺️  Grid: 0.080% | 🔺 7495.00 🔻 7490.25
  📡 RSI: 65.5 | MACD: 6.00 | ATR: 3.59
  📊 Filled: 0 | Pending: 0
  🕐 Outside session (19:01 CT) — no entries
  💰 Daily P&L: $+0.00

[2026-07-28 19:02] O:7495.25 H:7498.75 L:7494.00 C:7495.25 V:1351.0
  📈 Trend: strong_bullish | 🌍 Regime: trending_bullish
  🗺️  Grid: 0.080% | 🔺 7496.00 🔻 7491.75
  📡 RSI: 66.4 | MACD: 5.87 | ATR: 3.66
  📊 Filled: 0 | Pending: 0
  🕐 Outside session (19:02 CT) — no entries
  💰 Daily P&L: $+0.00

[2026-07-28 19:03] O:7495.50 H:7496.25 L:7494.25 C:7495.25 V:426.0
  📈 Trend: strong_bullish | 🌍 Regime: trending_bullish
  🗺️  Grid: 0.080% | 🔺 7498.75 🔻 7494.00
  📡 RSI: 63.7 | MACD: 5.71 | ATR: 3.54
  📊 Filled: 0 | Pending: 0
  🕐 Outside session (19:03 CT) — no entries
  💰 Daily P&L: $+0.00

[2026-07-28 19:04] O:7495.25 H:7496.75 L:7494.50 C:7495.25 V:389.0
  📈 Trend: strong_bullish | 🌍 Regime: trending_bullish
  🗺️  Grid: 0.080% | 🔺 7496.25 🔻 7494.25
  📡 RSI: 51.9 | MACD: 5.51 | ATR: 3.20
  📊 Filled: 0 | Pending: 0
  🕐 Outside session (19:04 CT) — no entries
  💰 Daily P&L: $+0.00

[2026-07-28 19:05] O:7495.50 H:7496.50 L:7494.50 C:7495.75 V:427.0
  📈 Trend: strong_bullish | 🌍 Regime: trending_bullish
  🗺️  Grid: 0.080% | 🔺 7496.75 🔻 7494.50
  📡 RSI: 60.0 | MACD: 5.33 | ATR: 3.11
  📊 Filled: 0 | Pending: 0
  🕐 Outside session (19:05 CT) — no entries
  💰 Daily P&L: $+0.00

[2026-07-28 19:06] O:7495.75 H:7498.00 L:7495.00 C:7496.75 V:636.0
  📈 Trend: strong_bullish | 🌍 Regime: trending_bullish
  🗺️  Grid: 0.080% | 🔺 7496.50 🔻 7494.50
  📡 RSI: 71.9 | MACD: 5.22 | ATR: 3.00
  📊 Filled: 0 | Pending: 0
  🕐 Outside session (19:06 CT) — no entries
  💰 Daily P&L: $+0.00

[2026-07-28 19:07] O:7496.50 H:7499.25 L:7496.25 C:7498.00 V:637.0
  📈 Trend: strong_bullish | 🌍 Regime: trending_bullish
  🗺️  Grid: 0.080% | 🔺 7498.00 🔻 7495.00
  📡 RSI: 73.9 | MACD: 5.16 | ATR: 3.02
  📊 Filled: 0 | Pending: 0
  🕐 Outside session (19:07 CT) — no entries
  💰 Daily P&L: $+0.00

[2026-07-28 19:08] O:7497.75 H:7498.00 L:7496.25 C:7496.25 V:299.0
  📈 Trend: strong_bullish | 🌍 Regime: trending_bullish
  🗺️  Grid: 0.080% | 🔺 7499.25 🔻 7496.25
  📡 RSI: 63.2 | MACD: 4.92 | ATR: 2.91
  📊 Filled: 0 | Pending: 0
  🕐 Outside session (19:08 CT) — no entries
  💰 Daily P&L: $+0.00

[2026-07-28 19:09] O:7496.25 H:7497.00 L:7494.25 C:7494.25 V:320.0
  📈 Trend: strong_bullish (raw: moderate_bullish) | 🌍 Regime: trending_bullish
  🗺️  Grid: 0.080% | 🔺 7498.00 🔻 7496.25
  📡 RSI: 60.6 | MACD: 4.52 | ATR: 2.91
  📊 Filled: 0 | Pending: 0
  🕐 Outside session (19:09 CT) — no entries
  💰 Daily P&L: $+0.00

[2026-07-28 19:10] O:7494.25 H:7495.25 L:7493.50 C:7493.50 V:306.0
  📈 Trend: strong_bullish | 🌍 Regime: trending_bullish
  🗺️  Grid: 0.080% | 🔺 7497.00 🔻 7494.25
  📡 RSI: 53.7 | MACD: 4.09 | ATR: 2.82
  📊 Filled: 0 | Pending: 0
  🕐 Outside session (19:10 CT) — no entries
  💰 Daily P&L: $+0.00

[2026-07-28 19:11] O:7493.75 H:7495.50 L:7493.25 C:7495.00 V:332.0
  📈 Trend: strong_bullish | 🌍 Regime: trending_bullish
  🗺️  Grid: 0.080% | 🔺 7495.25 🔻 7493.50
  📡 RSI: 51.6 | MACD: 3.83 | ATR: 2.77
  📊 Filled: 0 | Pending: 0
  🕐 Outside session (19:11 CT) — no entries
  💰 Daily P&L: $+0.00

[2026-07-28 19:12] O:7495.25 H:7496.00 L:7493.75 C:7495.75 V:356.0
  📈 Trend: strong_bullish | 🌍 Regime: trending_bullish
  🗺️  Grid: 0.080% | 🔺 7495.50 🔻 7493.25
  📡 RSI: 55.4 | MACD: 3.64 | ATR: 2.77
  📊 Filled: 0 | Pending: 0
  🕐 Outside session (19:12 CT) — no entries
  💰 Daily P&L: $+0.00

[2026-07-28 19:13] O:7495.75 H:7496.75 L:7495.00 C:7495.75 V:471.0
  📈 Trend: strong_bullish | 🌍 Regime: trending_bullish
  🗺️  Grid: 0.080% | 🔺 7496.00 🔻 7493.75
  📡 RSI: 53.2 | MACD: 3.45 | ATR: 2.75
  📊 Filled: 0 | Pending: 0
  🕐 Outside session (19:13 CT) — no entries
  💰 Daily P&L: $+0.00

[2026-07-28 19:14] O:7495.75 H:7496.50 L:7494.25 C:7494.50 V:256.0
  📈 Trend: strong_bullish | 🌍 Regime: trending_bullish
  🗺️  Grid: 0.080% | 🔺 7496.75 🔻 7495.00
  📡 RSI: 58.9 | MACD: 3.16 | ATR: 2.57
  📊 Filled: 0 | Pending: 0
  🕐 Outside session (19:14 CT) — no entries
  💰 Daily P&L: $+0.00

[2026-07-28 19:15] O:7494.25 H:7494.25 L:7491.25 C:7493.25 V:657.0
  📈 Trend: strong_bullish | 🌍 Regime: trending_bullish
  🗺️  Grid: 0.080% | 🔺 7496.50 🔻 7494.25
  📡 RSI: 42.9 | MACD: 2.80 | ATR: 2.50
  📊 Filled: 0 | Pending: 0
  🕐 Outside session (19:15 CT) — no entries
  💰 Daily P&L: $+0.00

[2026-07-28 19:16] O:7493.50 H:7495.25 L:7492.25 C:7494.75 V:396.0
  📈 Trend: strong_bullish | 🌍 Regime: trending_bullish
  🗺️  Grid: 0.080% | 🔺 7494.25 🔻 7491.25
  📡 RSI: 48.1 | MACD: 2.61 | ATR: 2.38
  📊 Filled: 0 | Pending: 0
  🕐 Outside session (19:16 CT) — no entries
  💰 Daily P&L: $+0.00

[2026-07-28 19:17] O:7494.75 H:7496.50 L:7493.50 C:7494.25 V:388.0
  📈 Trend: strong_bullish | 🌍 Regime: trending_bullish
  🗺️  Grid: 0.080% | 🔺 7495.25 🔻 7492.25
  📡 RSI: 46.4 | MACD: 2.39 | ATR: 2.45
  📊 Filled: 0 | Pending: 0
  🕐 Outside session (19:17 CT) — no entries
  💰 Daily P&L: $+0.00

[2026-07-28 19:18] O:7494.25 H:7495.75 L:7493.00 C:7494.00 V:225.0
  📈 Trend: strong_bullish (raw: moderate_bullish) | 🌍 Regime: trending_bullish
  🗺️  Grid: 0.080% | 🔺 7496.50 🔻 7493.50
  📡 RSI: 45.6 | MACD: 2.16 | ATR: 2.48
  📊 Filled: 0 | Pending: 0
  🕐 Outside session (19:18 CT) — no entries
  💰 Daily P&L: $+0.00

[2026-07-28 19:19] O:7493.75 H:7495.25 L:7493.25 C:7494.75 V:182.0
  📈 Trend: strong_bullish | 🌍 Regime: ranging
  🗺️  Grid: 0.080% | 🔺 7495.75 🔻 7493.00
  📡 RSI: 46.6 | MACD: 2.03 | ATR: 2.48
  📊 Filled: 0 | Pending: 0
  🕐 Outside session (19:19 CT) — no entries
  💰 Daily P&L: $+0.00

[2026-07-28 19:20] O:7494.50 H:7497.00 L:7493.75 C:7494.00 V:333.0
  📈 Trend: strong_bullish (raw: moderate_bullish) | 🌍 Regime: ranging
  🗺️  Grid: 0.080% | 🔺 7495.25 🔻 7493.25
  📡 RSI: 40.4 | MACD: 1.83 | ATR: 2.50
  📊 Filled: 0 | Pending: 0
  🕐 Outside session (19:20 CT) — no entries
  💰 Daily P&L: $+0.00

[2026-07-28 19:21] O:7493.75 H:7501.00 L:7492.75 C:7498.25 V:1666.0
  📈 Trend: strong_bullish | 🌍 Regime: ranging
  🗺️  Grid: 0.080% | 🔺 7497.00 🔻 7493.75
  📡 RSI: 50.7 | MACD: 2.00 | ATR: 2.88
  📊 Filled: 0 | Pending: 0
  🕐 Outside session (19:21 CT) — no entries
  💰 Daily P&L: $+0.00

[2026-07-28 19:22] O:7498.25 H:7499.00 L:7493.75 C:7494.00 V:551.0
  📈 Trend: strong_bullish (raw: moderate_bullish) | 🌍 Regime: ranging
  🗺️  Grid: 0.080% | 🔺 7501.00 🔻 7492.75
  📡 RSI: 44.3 | MACD: 1.77 | ATR: 3.12
  📊 Filled: 0 | Pending: 0
  🕐 Outside session (19:22 CT) — no entries
  💰 Daily P&L: $+0.00

[2026-07-28 19:23] O:7493.75 H:7496.00 L:7493.50 C:7494.25 V:339.0
  📈 Trend: moderate_bullish | 🌍 Regime: ranging
  🗺️  Grid: 0.080% | 🔺 7499.00 🔻 7493.75
  📡 RSI: 50.0 | MACD: 1.59 | ATR: 3.11
  📊 Filled: 0 | Pending: 0
  🕐 Outside session (19:23 CT) — no entries
  💰 Daily P&L: $+0.00

[2026-07-28 19:24] O:7494.25 H:7494.75 L:7492.25 C:7493.50 V:396.0
  📈 Trend: moderate_bullish | 🌍 Regime: ranging
  🗺️  Grid: 0.080% | 🔺 7496.00 🔻 7493.50
  📡 RSI: 50.0 | MACD: 1.37 | ATR: 3.16
  📊 Filled: 0 | Pending: 0
  🕐 Outside session (19:24 CT) — no entries
  💰 Daily P&L: $+0.00

[2026-07-28 19:25] O:7493.25 H:7493.75 L:7491.50 C:7492.75 V:380.0
  📈 Trend: moderate_bullish | 🌍 Regime: ranging
  🗺️  Grid: 0.080% | 🔺 7494.75 🔻 7492.25
  📡 RSI: 43.5 | MACD: 1.13 | ATR: 3.16
  📊 Filled: 0 | Pending: 0
  🕐 Outside session (19:25 CT) — no entries
  💰 Daily P&L: $+0.00

[2026-07-28 19:26] O:7492.75 H:7493.50 L:7491.50 C:7493.25 V:294.0
  📈 Trend: moderate_bullish | 🌍 Regime: ranging
  🗺️  Grid: 0.080% | 🔺 7493.75 🔻 7491.50
  📡 RSI: 42.6 | MACD: 0.96 | ATR: 3.14
  📊 Filled: 0 | Pending: 0
  🕐 Outside session (19:26 CT) — no entries
  💰 Daily P&L: $+0.00

[2026-07-28 19:27] O:7493.25 H:7494.00 L:7492.25 C:7492.50 V:340.0
  📈 Trend: moderate_bullish | 🌍 Regime: ranging
  🗺️  Grid: 0.080% | 🔺 7493.50 🔻 7491.50
  📡 RSI: 40.8 | MACD: 0.76 | ATR: 3.14
  📊 Filled: 0 | Pending: 0
  🕐 Outside session (19:27 CT) — no entries
  💰 Daily P&L: $+0.00

[2026-07-28 19:28] O:7492.50 H:7492.75 L:7490.75 C:7491.50 V:348.0
  📈 Trend: moderate_bullish | 🌍 Regime: ranging
  🗺️  Grid: 0.080% | 🔺 7494.00 🔻 7492.25
  📡 RSI: 41.4 | MACD: 0.51 | ATR: 3.12
  📊 Filled: 0 | Pending: 0
  🕐 Outside session (19:28 CT) — no entries
  💰 Daily P&L: $+0.00

[2026-07-28 19:29] O:7491.25 H:7493.50 L:7490.75 C:7493.00 V:266.0
  📈 Trend: moderate_bullish | 🌍 Regime: ranging
  🗺️  Grid: 0.080% | 🔺 7492.75 🔻 7490.75
  📡 RSI: 49.3 | MACD: 0.43 | ATR: 3.09
  📊 Filled: 0 | Pending: 0
  🕐 Outside session (19:29 CT) — no entries
  💰 Daily P&L: $+0.00

[2026-07-28 19:30] O:7493.00 H:7494.00 L:7490.25 C:7491.00 V:265.0
  📈 Trend: moderate_bullish | 🌍 Regime: ranging
  🗺️  Grid: 0.080% | 🔺 7493.50 🔻 7490.75
  📡 RSI: 39.7 | MACD: 0.21 | ATR: 3.14
  📊 Filled: 0 | Pending: 0
  🕐 Outside session (19:30 CT) — no entries
  💰 Daily P&L: $+0.00

[2026-07-28 19:31] O:7491.00 H:7491.25 L:7489.75 C:7490.50 V:261.0
  📈 Trend: moderate_bullish | 🌍 Regime: ranging
  🗺️  Grid: 0.080% | 🔺 7494.00 🔻 7490.25
  📡 RSI: 39.7 | MACD: -0.01 | ATR: 3.04
  📊 Filled: 0 | Pending: 0
  🕐 Outside session (19:31 CT) — no entries
  💰 Daily P&L: $+0.00

[2026-07-28 19:32] O:7490.25 H:7490.25 L:7488.75 C:7489.25 V:270.0
  📈 Trend: moderate_bullish | 🌍 Regime: ranging
  🗺️  Grid: 0.080% | 🔺 7491.25 🔻 7489.75
  📡 RSI: 37.7 | MACD: -0.29 | ATR: 2.96
  📊 Filled: 0 | Pending: 0
  🕐 Outside session (19:32 CT) — no entries
  💰 Daily P&L: $+0.00

[2026-07-28 19:33] O:7489.00 H:7489.50 L:7487.50 C:7489.50 V:466.0
  📈 Trend: moderate_bullish | 🌍 Regime: ranging
  🗺️  Grid: 0.080% | 🔺 7490.25 🔻 7488.75
  📡 RSI: 36.0 | MACD: -0.48 | ATR: 2.96
  📊 Filled: 0 | Pending: 0
  🕐 Outside session (19:33 CT) — no entries
  💰 Daily P&L: $+0.00

[2026-07-28 19:34] O:7489.50 H:7491.00 L:7489.00 C:7489.25 V:185.0
  📈 Trend: moderate_bullish | 🌍 Regime: ranging
  🗺️  Grid: 0.080% | 🔺 7489.50 🔻 7487.50
  📡 RSI: 37.0 | MACD: -0.64 | ATR: 2.88
  📊 Filled: 0 | Pending: 0
  🕐 Outside session (19:34 CT) — no entries
  💰 Daily P&L: $+0.00

[2026-07-28 19:35] O:7489.00 H:7490.25 L:7488.75 C:7489.25 V:188.0
  📈 Trend: moderate_bullish (raw: strong_bearish) | 🌍 Regime: ranging
  🗺️  Grid: 0.080% | 🔺 7491.00 🔻 7489.00
  📡 RSI: 17.9 | MACD: -0.76 | ATR: 2.39
  📊 Filled: 0 | Pending: 0
  🕐 Outside session (19:35 CT) — no entries
  💰 Daily P&L: $+0.00

[2026-07-28 19:36] O:7489.50 H:7490.50 L:7489.00 C:7489.50 V:284.0
  📈 Trend: strong_bearish | 🌍 Regime: ranging
  🗺️  Grid: 0.080% | 🔺 7490.25 🔻 7488.75
  📡 RSI: 27.5 | MACD: -0.82 | ATR: 2.12
  📊 Filled: 0 | Pending: 0
  🕐 Outside session (19:36 CT) — no entries
  💰 Daily P&L: $+0.00

[2026-07-28 19:37] O:7489.50 H:7494.00 L:7489.00 C:7493.00 V:383.0
  📈 Trend: strong_bearish | 🌍 Regime: ranging
  🗺️  Grid: 0.080% | 🔺 7490.50 🔻 7489.00
  📡 RSI: 45.3 | MACD: -0.59 | ATR: 2.30
  📊 Filled: 0 | Pending: 0
  🕐 Outside session (19:37 CT) — no entries
  💰 Daily P&L: $+0.00

[2026-07-28 19:38] O:7493.25 H:7494.00 L:7491.75 C:7493.50 V:448.0
  📈 Trend: strong_bearish | 🌍 Regime: ranging
  🗺️  Grid: 0.080% | 🔺 7494.00 🔻 7489.00
  📡 RSI: 50.0 | MACD: -0.36 | ATR: 2.29
  📊 Filled: 0 | Pending: 0
  🕐 Outside session (19:38 CT) — no entries
  💰 Daily P&L: $+0.00

[2026-07-28 19:39] O:7494.00 H:7495.25 L:7493.50 C:7493.50 V:342.0
  📈 Trend: strong_bearish (raw: moderate_bearish) | 🌍 Regime: ranging
  🗺️  Grid: 0.080% | 🔺 7494.00 🔻 7491.75
  📡 RSI: 53.1 | MACD: -0.17 | ATR: 2.25
  📊 Filled: 0 | Pending: 0
  🕐 Outside session (19:39 CT) — no entries
  💰 Daily P&L: $+0.00

[2026-07-28 19:40] O:7493.50 H:7494.00 L:7492.25 C:7492.25 V:129.0
  📈 Trend: moderate_bearish | 🌍 Regime: ranging
  🗺️  Grid: 0.080% | 🔺 7495.25 🔻 7493.50
  📡 RSI: 46.2 | MACD: -0.12 | ATR: 2.23
  📊 Filled: 0 | Pending: 0
  🕐 Outside session (19:40 CT) — no entries
  💰 Daily P&L: $+0.00

[2026-07-28 19:41] O:7492.75 H:7492.75 L:7489.75 C:7490.50 V:152.0
  📈 Trend: moderate_bearish | 🌍 Regime: ranging
  🗺️  Grid: 0.080% | 🔺 7494.00 🔻 7492.25
  📡 RSI: 42.9 | MACD: -0.22 | ATR: 2.32
  📊 Filled: 0 | Pending: 0
  🕐 Outside session (19:41 CT) — no entries
  💰 Daily P&L: $+0.00

[2026-07-28 19:42] O:7490.50 H:7490.75 L:7489.75 C:7490.25 V:166.0
  📈 Trend: moderate_bearish (raw: strong_bearish) | 🌍 Regime: ranging
  🗺️  Grid: 0.080% | 🔺 7492.75 🔻 7489.75
  📡 RSI: 45.3 | MACD: -0.32 | ATR: 2.25
  📊 Filled: 0 | Pending: 0
  🕐 Outside session (19:42 CT) — no entries
  💰 Daily P&L: $+0.00

[2026-07-28 19:43] O:7490.25 H:7494.00 L:7489.75 C:7493.50 V:137.0
  📈 Trend: moderate_bearish | 🌍 Regime: ranging
  🗺️  Grid: 0.080% | 🔺 7490.75 🔻 7489.75
  📡 RSI: 51.7 | MACD: -0.13 | ATR: 2.36
  📊 Filled: 0 | Pending: 0
  🕐 Outside session (19:43 CT) — no entries
  💰 Daily P&L: $+0.00

[2026-07-28 19:44] O:7493.50 H:7493.50 L:7491.25 C:7492.75 V:132.0
  📈 Trend: moderate_bearish | 🌍 Regime: ranging
  🗺️  Grid: 0.080% | 🔺 7494.00 🔻 7489.75
  📡 RSI: 56.4 | MACD: -0.04 | ATR: 2.25
  📊 Filled: 0 | Pending: 0
  🕐 Outside session (19:44 CT) — no entries
  💰 Daily P&L: $+0.00

[2026-07-28 19:45] O:7492.75 H:7494.75 L:7492.50 C:7494.25 V:161.0
  📈 Trend: moderate_bearish (raw: strong_bullish) | 🌍 Regime: ranging
  🗺️  Grid: 0.080% | 🔺 7493.50 🔻 7491.25
  📡 RSI: 62.7 | MACD: 0.15 | ATR: 2.30
  📊 Filled: 0 | Pending: 0
  🕐 Outside session (19:45 CT) — no entries
  💰 Daily P&L: $+0.00

[2026-07-28 19:46] O:7494.00 H:7494.00 L:7493.50 C:7493.50 V:18.0
  📈 Trend: strong_bullish | 🌍 Regime: ranging
  🗺️  Grid: 0.080% | 🔺 7494.75 🔻 7492.50
  📡 RSI: 64.9 | MACD: 0.23 | ATR: 2.23
  📊 Filled: 0 | Pending: 0
  🕐 Outside session (19:46 CT) — no entries
  💰 Daily P&L: $+0.00

[2026-07-28 22:04] O:7458.50 H:7458.75 L:7458.00 C:7458.50 V:49.0
  📈 Trend: strong_bullish (raw: strong_bearish) | 🌍 Regime: ranging
  🗺️  Grid: 0.080% | 🔺 7494.00 🔻 7493.50
  📡 RSI: 18.4 | MACD: -2.49 | ATR: 4.62
  📊 Filled: 0 | Pending: 0
  🕐 Outside session (22:04 CT) — no entries
  💰 Daily P&L: $+0.00

[2026-07-28 22:05] O:7458.50 H:7460.00 L:7458.25 C:7459.75 V:145.0
  📈 Trend: strong_bearish | 🌍 Regime: ranging
  🗺️  Grid: 0.080% | 🔺 7458.75 🔻 7458.00
  📡 RSI: 20.5 | MACD: -4.50 | ATR: 4.61
  📊 Filled: 0 | Pending: 0
  🕐 Outside session (22:05 CT) — no entries
  💰 Daily P&L: $+0.00

[2026-07-28 22:06] O:7459.75 H:7460.50 L:7459.00 C:7460.25 V:150.0
  📈 Trend: strong_bearish | 🌍 Regime: ranging
  🗺️  Grid: 0.080% | 🔺 7460.00 🔻 7458.25
  📡 RSI: 21.3 | MACD: -5.98 | ATR: 4.61
  📊 Filled: 0 | Pending: 0
  🕐 Outside session (22:06 CT) — no entries
  💰 Daily P&L: $+0.00

[2026-07-28 22:07] O:7460.25 H:7463.75 L:7460.25 C:7462.50 V:244.0
  📈 Trend: strong_bearish | 🌍 Regime: ranging
  🗺️  Grid: 0.080% | 🔺 7460.50 🔻 7459.00
  📡 RSI: 24.3 | MACD: -6.90 | ATR: 4.75
  📊 Filled: 0 | Pending: 0
  🕐 Outside session (22:07 CT) — no entries
  💰 Daily P&L: $+0.00

[2026-07-28 22:08] O:7462.75 H:7466.00 L:7462.75 C:7465.25 V:306.0
  📈 Trend: strong_bearish | 🌍 Regime: ranging
  🗺️  Grid: 0.080% | 🔺 7463.75 🔻 7460.25
  📡 RSI: 23.2 | MACD: -7.31 | ATR: 4.64
  📊 Filled: 0 | Pending: 0
  🕐 Outside session (22:08 CT) — no entries
  💰 Daily P&L: $+0.00

[2026-07-28 22:09] O:7465.00 H:7467.50 L:7465.00 C:7466.75 V:214.0
  📈 Trend: strong_bearish | 🌍 Regime: ranging
  🗺️  Grid: 0.080% | 🔺 7466.00 🔻 7462.75
  📡 RSI: 24.6 | MACD: -7.44 | ATR: 4.66
  📊 Filled: 0 | Pending: 0
  🕐 Outside session (22:09 CT) — no entries
  💰 Daily P&L: $+0.00

[2026-07-28 22:10] O:7466.75 H:7468.00 L:7466.00 C:7467.00 V:216.0
  📈 Trend: strong_bearish | 🌍 Regime: ranging
  🗺️  Grid: 0.080% | 🔺 7467.50 🔻 7465.00
  📡 RSI: 25.0 | MACD: -7.43 | ATR: 4.68
  📊 Filled: 0 | Pending: 0
  🕐 Outside session (22:10 CT) — no entries
  💰 Daily P&L: $+0.00

[2026-07-28 22:11] O:7467.00 H:7467.00 L:7465.75 C:7466.00 V:190.0
  📈 Trend: strong_bearish | 🌍 Regime: ranging
  🗺️  Grid: 0.080% | 🔺 7468.00 🔻 7466.00
  📡 RSI: 25.1 | MACD: -7.42 | ATR: 4.64
  📊 Filled: 0 | Pending: 0
  🕐 Outside session (22:11 CT) — no entries
  💰 Daily P&L: $+0.00

[2026-07-28 22:12] O:7465.75 H:7465.75 L:7462.75 C:7462.75 V:109.0
  📈 Trend: strong_bearish | 🌍 Regime: ranging
  🗺️  Grid: 0.080% | 🔺 7467.00 🔻 7465.75
  📡 RSI: 24.4 | MACD: -7.59 | ATR: 4.66
  📊 Filled: 0 | Pending: 0
  🕐 Outside session (22:12 CT) — no entries
  💰 Daily P&L: $+0.00

[2026-07-28 22:13] O:7463.00 H:7463.25 L:7461.25 C:7461.50 V:82.0
  📈 Trend: strong_bearish | 🌍 Regime: ranging
  🗺️  Grid: 0.080% | 🔺 7465.75 🔻 7462.75
  📡 RSI: 24.0 | MACD: -7.73 | ATR: 4.73
  📊 Filled: 0 | Pending: 0
  🕐 Outside session (22:13 CT) — no entries
  💰 Daily P&L: $+0.00

[2026-07-28 22:14] O:7461.25 H:7461.25 L:7460.25 C:7461.00 V:98.0
  📈 Trend: strong_bearish | 🌍 Regime: ranging
  🗺️  Grid: 0.080% | 🔺 7463.25 🔻 7461.25
  📡 RSI: 19.0 | MACD: -7.79 | ATR: 4.52
  📊 Filled: 0 | Pending: 0
  🕐 Outside session (22:14 CT) — no entries
  💰 Daily P&L: $+0.00

[2026-07-28 22:15] O:7460.75 H:7461.25 L:7460.25 C:7460.75 V:90.0
  📈 Trend: strong_bearish | 🌍 Regime: ranging
  🗺️  Grid: 0.080% | 🔺 7461.25 🔻 7460.25
  📡 RSI: 19.2 | MACD: -7.78 | ATR: 4.43
  📊 Filled: 0 | Pending: 0
  🕐 Outside session (22:15 CT) — no entries
  💰 Daily P&L: $+0.00

[2026-07-28 22:16] O:7460.75 H:7461.75 L:7459.50 C:7461.50 V:95.0
  📈 Trend: strong_bearish | 🌍 Regime: ranging
  🗺️  Grid: 0.080% | 🔺 7461.25 🔻 7460.25
  📡 RSI: 18.0 | MACD: -7.61 | ATR: 4.43
  📊 Filled: 0 | Pending: 0
  🕐 Outside session (22:16 CT) — no entries
  💰 Daily P&L: $+0.00

[2026-07-28 22:17] O:7461.25 H:7461.25 L:7460.25 C:7460.50 V:112.0
  📈 Trend: strong_bearish | 🌍 Regime: ranging
  🗺️  Grid: 0.080% | 🔺 7461.75 🔻 7459.50
  📡 RSI: 18.0 | MACD: -7.48 | ATR: 4.46
  📊 Filled: 0 | Pending: 0
  🕐 Outside session (22:17 CT) — no entries
  💰 Daily P&L: $+0.00

[2026-07-28 22:18] O:7460.25 H:7460.75 L:7459.75 C:7460.25 V:251.0
  📈 Trend: strong_bearish | 🌍 Regime: ranging
  🗺️  Grid: 0.080% | 🔺 7461.25 🔻 7460.25
  📡 RSI: 55.2 | MACD: -7.31 | ATR: 2.00
  📊 Filled: 0 | Pending: 0
  🕐 Outside session (22:18 CT) — no entries
  💰 Daily P&L: $+0.00

[2026-07-28 22:19] O:7460.00 H:7460.25 L:7458.75 C:7459.25 V:104.0
  📈 Trend: strong_bearish | 🌍 Regime: ranging
  🗺️  Grid: 0.080% | 🔺 7460.75 🔻 7459.75
  📡 RSI: 48.5 | MACD: -7.17 | ATR: 1.98
  📊 Filled: 0 | Pending: 0
  🕐 Outside session (22:19 CT) — no entries
  💰 Daily P&L: $+0.00

[2026-07-28 22:20] O:7459.25 H:7461.50 L:7459.25 C:7461.50 V:64.0
  📈 Trend: strong_bearish (raw: moderate_bearish) | 🌍 Regime: ranging
  🗺️  Grid: 0.080% | 🔺 7460.25 🔻 7458.75
  📡 RSI: 53.4 | MACD: -6.80 | ATR: 2.04
  📊 Filled: 0 | Pending: 0
  🕐 Outside session (22:20 CT) — no entries
  💰 Daily P&L: $+0.00

[2026-07-28 22:21] O:7461.50 H:7462.25 L:7459.75 C:7459.75 V:120.0
  📈 Trend: moderate_bearish | 🌍 Regime: ranging
  🗺️  Grid: 0.080% | 🔺 7461.50 🔻 7459.25
  📡 RSI: 42.3 | MACD: -6.57 | ATR: 1.96
  📊 Filled: 0 | Pending: 0
  🕐 Outside session (22:21 CT) — no entries
  💰 Daily P&L: $+0.00

[2026-07-28 22:22] O:7459.75 H:7460.25 L:7458.75 C:7459.50 V:100.0
  📈 Trend: moderate_bearish | 🌍 Regime: ranging
  🗺️  Grid: 0.080% | 🔺 7462.25 🔻 7459.75
  📡 RSI: 31.1 | MACD: -6.34 | ATR: 1.82
  📊 Filled: 0 | Pending: 0
  🕐 Outside session (22:22 CT) — no entries
  💰 Daily P&L: $+0.00

[2026-07-28 22:23] O:7459.75 H:7459.75 L:7458.25 C:7458.50 V:59.0
  📈 Trend: moderate_bearish | 🌍 Regime: ranging
  🗺️  Grid: 0.080% | 🔺 7460.25 🔻 7458.75
  📡 RSI: 22.0 | MACD: -6.17 | ATR: 1.75
  📊 Filled: 0 | Pending: 0
  🕐 Outside session (22:23 CT) — no entries
  💰 Daily P&L: $+0.00

[2026-07-28 22:24] O:7458.25 H:7458.75 L:7457.25 C:7458.25 V:224.0
  📈 Trend: moderate_bearish | 🌍 Regime: ranging
  🗺️  Grid: 0.080% | 🔺 7459.75 🔻 7458.25
  📡 RSI: 20.3 | MACD: -5.98 | ATR: 1.71
  📊 Filled: 0 | Pending: 0
  🕐 Outside session (22:24 CT) — no entries
  💰 Daily P&L: $+0.00

[2026-07-28 22:25] O:7458.25 H:7458.50 L:7456.00 C:7457.75 V:206.0
  📈 Trend: moderate_bearish | 🌍 Regime: ranging
  🗺️  Grid: 0.080% | 🔺 7458.75 🔻 7457.25
  📡 RSI: 21.1 | MACD: -5.80 | ATR: 1.80
  📊 Filled: 0 | Pending: 0
  🕐 Outside session (22:25 CT) — no entries
  💰 Daily P&L: $+0.00

[2026-07-28 22:26] O:7457.75 H:7458.25 L:7457.50 C:7458.00 V:88.0
  📈 Trend: moderate_bearish | 🌍 Regime: ranging
  🗺️  Grid: 0.080% | 🔺 7458.50 🔻 7456.00
  📡 RSI: 28.9 | MACD: -5.58 | ATR: 1.62
  📊 Filled: 0 | Pending: 0
  🕐 Outside session (22:26 CT) — no entries
  💰 Daily P&L: $+0.00

[2026-07-28 22:27] O:7457.75 H:7458.50 L:7456.75 C:7458.00 V:140.0
  📈 Trend: moderate_bearish | 🌍 Regime: ranging
  🗺️  Grid: 0.080% | 🔺 7458.25 🔻 7457.50
  📡 RSI: 32.5 | MACD: -5.34 | ATR: 1.61
  📊 Filled: 0 | Pending: 0
  🕐 Outside session (22:27 CT) — no entries
  💰 Daily P&L: $+0.00

[2026-07-28 22:28] O:7457.75 H:7458.00 L:7456.75 C:7458.00 V:110.0
  📈 Trend: moderate_bearish | 🌍 Regime: ranging
  🗺️  Grid: 0.080% | 🔺 7458.50 🔻 7456.75
  📡 RSI: 34.2 | MACD: -5.10 | ATR: 1.61
  📊 Filled: 0 | Pending: 0
  🕐 Outside session (22:28 CT) — no entries
  💰 Daily P&L: $+0.00

[2026-07-28 22:29] O:7458.00 H:7458.25 L:7455.50 C:7455.75 V:205.0
  📈 Trend: moderate_bearish | 🌍 Regime: ranging
  🗺️  Grid: 0.080% | 🔺 7458.00 🔻 7456.75
  📡 RSI: 28.3 | MACD: -5.02 | ATR: 1.73
  📊 Filled: 0 | Pending: 0
  🕐 Outside session (22:29 CT) — no entries
  💰 Daily P&L: $+0.00

[2026-07-28 22:30] O:7455.50 H:7455.50 L:7452.25 C:7453.75 V:750.0
  📈 Trend: moderate_bearish | 🌍 Regime: ranging
  🗺️  Grid: 0.080% | 🔺 7458.25 🔻 7455.50
  📡 RSI: 19.6 | MACD: -5.07 | ATR: 1.82
  📊 Filled: 0 | Pending: 0
  🕐 Outside session (22:30 CT) — no entries
  💰 Daily P&L: $+0.00

[2026-07-28 22:31] O:7453.75 H:7453.75 L:7451.50 C:7453.00 V:315.0
  📈 Trend: moderate_bearish | 🌍 Regime: ranging
  🗺️  Grid: 0.080% | 🔺 7455.50 🔻 7452.25
  📡 RSI: 20.0 | MACD: -5.11 | ATR: 1.89
  📊 Filled: 0 | Pending: 0
  🕐 Outside session (22:31 CT) — no entries
  💰 Daily P&L: $+0.00

[2026-07-28 22:32] O:7453.00 H:7455.25 L:7453.00 C:7455.25 V:130.0
  📈 Trend: moderate_bearish | 🌍 Regime: ranging
  🗺️  Grid: 0.080% | 🔺 7453.75 🔻 7451.50
  📡 RSI: 32.8 | MACD: -4.90 | ATR: 1.98
  📊 Filled: 0 | Pending: 0
  🕐 Outside session (22:32 CT) — no entries
  💰 Daily P&L: $+0.00

[2026-07-28 22:33] O:7455.25 H:7456.00 L:7454.25 C:7456.00 V:92.0
  📈 Trend: moderate_bearish | 🌍 Regime: ranging
  🗺️  Grid: 0.080% | 🔺 7455.25 🔻 7453.00
  📡 RSI: 38.6 | MACD: -4.62 | ATR: 2.00
  📊 Filled: 0 | Pending: 0
  🕐 Outside session (22:33 CT) — no entries
  💰 Daily P&L: $+0.00

[2026-07-28 22:34] O:7455.75 H:7456.25 L:7454.75 C:7456.25 V:117.0
  📈 Trend: moderate_bearish | 🌍 Regime: ranging
  🗺️  Grid: 0.080% | 🔺 7456.00 🔻 7454.25
  📡 RSI: 28.6 | MACD: -4.33 | ATR: 1.95
  📊 Filled: 0 | Pending: 0
  🕐 Outside session (22:34 CT) — no entries
  💰 Daily P&L: $+0.00

[2026-07-28 22:35] O:7456.25 H:7457.00 L:7455.75 C:7457.00 V:116.0
  📈 Trend: moderate_bearish | 🌍 Regime: ranging
  🗺️  Grid: 0.080% | 🔺 7456.25 🔻 7454.75
  📡 RSI: 37.8 | MACD: -3.99 | ATR: 1.86
  📊 Filled: 0 | Pending: 0
  🕐 Outside session (22:35 CT) — no entries
  💰 Daily P&L: $+0.00

[2026-07-28 22:36] O:7456.75 H:7457.50 L:7456.25 C:7457.00 V:116.0
  📈 Trend: moderate_bearish (raw: strong_bearish) | 🌍 Regime: ranging
  🗺️  Grid: 0.080% | 🔺 7457.00 🔻 7455.75
  📡 RSI: 38.6 | MACD: -3.68 | ATR: 1.84
  📊 Filled: 0 | Pending: 0
  🕐 Outside session (22:36 CT) — no entries
  💰 Daily P&L: $+0.00

[2026-07-28 22:37] O:7457.50 H:7457.50 L:7455.50 C:7456.50 V:125.0
  📈 Trend: strong_bearish | 🌍 Regime: ranging
  🗺️  Grid: 0.080% | 🔺 7457.50 🔻 7456.25
  📡 RSI: 40.5 | MACD: -3.44 | ATR: 1.88
  📊 Filled: 0 | Pending: 0
  🕐 Outside session (22:37 CT) — no entries
  💰 Daily P&L: $+0.00

[2026-07-28 22:38] O:7456.50 H:7457.00 L:7454.75 C:7454.75 V:117.0
  📈 Trend: strong_bearish | 🌍 Regime: ranging
  🗺️  Grid: 0.080% | 🔺 7457.50 🔻 7455.50
  📡 RSI: 35.4 | MACD: -3.35 | ATR: 1.93
  📊 Filled: 0 | Pending: 0
  🕐 Outside session (22:38 CT) — no entries
  💰 Daily P&L: $+0.00

[2026-07-28 22:39] O:7455.00 H:7455.00 L:7453.50 C:7453.75 V:149.0
  📈 Trend: strong_bearish | 🌍 Regime: ranging
  🗺️  Grid: 0.080% | 🔺 7457.00 🔻 7454.75
  📡 RSI: 34.0 | MACD: -3.32 | ATR: 1.86
  📊 Filled: 0 | Pending: 0
  🕐 Outside session (22:39 CT) — no entries
  💰 Daily P&L: $+0.00

[2026-07-28 22:40] O:7453.75 H:7454.25 L:7453.75 C:7454.00 V:108.0
  📈 Trend: strong_bearish | 🌍 Regime: ranging
  🗺️  Grid: 0.080% | 🔺 7455.00 🔻 7453.50
  📡 RSI: 34.0 | MACD: -3.23 | ATR: 1.84
  📊 Filled: 0 | Pending: 0
  🕐 Outside session (22:40 CT) — no entries
  💰 Daily P&L: $+0.00

[2026-07-28 22:41] O:7454.00 H:7454.00 L:7452.75 C:7453.25 V:165.0
  📈 Trend: strong_bearish | 🌍 Regime: ranging
  🗺️  Grid: 0.080% | 🔺 7454.25 🔻 7453.75
  📡 RSI: 32.1 | MACD: -3.19 | ATR: 1.80
  📊 Filled: 0 | Pending: 0
  🕐 Outside session (22:41 CT) — no entries
  💰 Daily P&L: $+0.00

[2026-07-28 22:42] O:7453.25 H:7453.75 L:7452.50 C:7452.50 V:197.0
  📈 Trend: strong_bearish | 🌍 Regime: ranging
  🗺️  Grid: 0.080% | 🔺 7454.00 🔻 7452.75
  📡 RSI: 30.4 | MACD: -3.19 | ATR: 1.80
  📊 Filled: 0 | Pending: 0
  🕐 Outside session (22:42 CT) — no entries
  💰 Daily P&L: $+0.00

[2026-07-28 22:43] O:7452.50 H:7454.00 L:7451.25 C:7453.75 V:499.0
  📈 Trend: strong_bearish | 🌍 Regime: ranging
  🗺️  Grid: 0.080% | 🔺 7453.75 🔻 7452.50
  📡 RSI: 42.3 | MACD: -3.04 | ATR: 1.80
  📊 Filled: 0 | Pending: 0
  🕐 Outside session (22:43 CT) — no entries
  💰 Daily P&L: $+0.00

[2026-07-28 22:44] O:7453.75 H:7455.00 L:7452.75 C:7454.75 V:166.0
  📈 Trend: strong_bearish | 🌍 Regime: ranging
  🗺️  Grid: 0.080% | 🔺 7454.00 🔻 7451.25
  📡 RSI: 54.2 | MACD: -2.82 | ATR: 1.71
  📊 Filled: 0 | Pending: 0
  🕐 Outside session (22:44 CT) — no entries
  💰 Daily P&L: $+0.00

[2026-07-28 22:45] O:7454.75 H:7456.00 L:7454.50 C:7455.00 V:230.0
  📈 Trend: strong_bearish | 🌍 Regime: ranging
  🗺️  Grid: 0.080% | 🔺 7455.00 🔻 7452.75
  📡 RSI: 58.7 | MACD: -2.59 | ATR: 1.66
  📊 Filled: 0 | Pending: 0
  🕐 Outside session (22:45 CT) — no entries
  💰 Daily P&L: $+0.00

[2026-07-28 22:46] O:7455.25 H:7455.75 L:7455.00 C:7455.75 V:32.0
  📈 Trend: strong_bearish | 🌍 Regime: ranging
  🗺️  Grid: 0.080% | 🔺 7456.00 🔻 7454.50
  📡 RSI: 52.5 | MACD: -2.32 | ATR: 1.55
  📊 Filled: 0 | Pending: 0
  🕐 Outside session (22:46 CT) — no entries
  💰 Daily P&L: $+0.00

[2026-07-29 07:55] O:7464.25 H:7464.50 L:7464.25 C:7464.50 V:8.0
  📈 Trend: strong_bearish (raw: moderate_bearish) | 🌍 Regime: ranging
  🗺️  Grid: 0.080% | 🔺 7455.75 🔻 7455.00
  📡 RSI: 73.6 | MACD: -1.38 | ATR: 2.05
  📊 Filled: 0 | Pending: 0
  🕐 Outside session (07:55 CT) — no entries
  💰 Daily P&L: $+0.00

[2026-07-29 07:56] O:7464.75 H:7466.00 L:7463.75 C:7465.75 V:338.0
  📈 Trend: moderate_bearish | 🌍 Regime: ranging
  🗺️  Grid: 0.080% | 🔺 7464.50 🔻 7464.25
  📡 RSI: 75.0 | MACD: -0.54 | ATR: 2.11
  📊 Filled: 0 | Pending: 0
  🕐 Outside session (07:56 CT) — no entries
  💰 Daily P&L: $+0.00

[2026-07-29 07:57] O:7465.75 H:7465.75 L:7463.00 C:7463.25 V:218.0
  📈 Trend: moderate_bearish | 🌍 Regime: ranging
  🗺️  Grid: 0.080% | 🔺 7466.00 🔻 7463.75
  📡 RSI: 65.1 | MACD: -0.06 | ATR: 2.21
  📊 Filled: 0 | Pending: 0
  🕐 Outside session (07:57 CT) — no entries
  💰 Daily P&L: $+0.00

[2026-07-29 07:58] O:7463.25 H:7463.75 L:7462.50 C:7463.00 V:157.0
  📈 Trend: moderate_bearish (raw: moderate_bullish) | 🌍 Regime: ranging
  🗺️  Grid: 0.080% | 🔺 7465.75 🔻 7463.00
  📡 RSI: 64.3 | MACD: 0.29 | ATR: 2.21
  📊 Filled: 0 | Pending: 0
  🕐 Outside session (07:58 CT) — no entries
  💰 Daily P&L: $+0.00

[2026-07-29 07:59] O:7462.75 H:7463.75 L:7462.50 C:7463.50 V:223.0
  📈 Trend: moderate_bullish | 🌍 Regime: ranging
  🗺️  Grid: 0.080% | 🔺 7463.75 🔻 7462.50
  📡 RSI: 66.7 | MACD: 0.60 | ATR: 2.16
  📊 Filled: 0 | Pending: 0
  🕐 Outside session (07:59 CT) — no entries
  💰 Daily P&L: $+0.00

[2026-07-29 08:00] O:7463.50 H:7464.50 L:7462.00 C:7462.75 V:518.0
  📈 Trend: moderate_bullish | 🌍 Regime: ranging
  🗺️  Grid: 0.080% | 🔺 7463.75 🔻 7462.50
  📡 RSI: 70.0 | MACD: 0.77 | ATR: 2.18
  📊 Filled: 0 | Pending: 0
  🕐 Outside session (08:00 CT) — no entries
  💰 Daily P&L: $+0.00

[2026-07-29 08:01] O:7462.50 H:7463.25 L:7462.00 C:7462.00 V:441.0
  📈 Trend: moderate_bullish | 🌍 Regime: ranging
  🗺️  Grid: 0.080% | 🔺 7464.50 🔻 7462.00
  📡 RSI: 70.9 | MACD: 0.84 | ATR: 2.16
  📊 Filled: 0 | Pending: 0
  🕐 Outside session (08:01 CT) — no entries
  💰 Daily P&L: $+0.00

[2026-07-29 08:02] O:7462.25 H:7463.00 L:7460.50 C:7460.50 V:544.0
  📈 Trend: moderate_bullish | 🌍 Regime: ranging
  🗺️  Grid: 0.080% | 🔺 7463.25 🔻 7462.00
  📡 RSI: 65.5 | MACD: 0.77 | ATR: 2.30
  📊 Filled: 0 | Pending: 0
  🕐 Outside session (08:02 CT) — no entries
  💰 Daily P&L: $+0.00

[2026-07-29 08:03] O:7460.25 H:7460.25 L:7457.25 C:7457.50 V:681.0
  📈 Trend: moderate_bullish | 🌍 Regime: ranging
  🗺️  Grid: 0.080% | 🔺 7463.00 🔻 7460.50
  📡 RSI: 59.1 | MACD: 0.46 | ATR: 2.45
  📊 Filled: 0 | Pending: 0
  🕐 Outside session (08:03 CT) — no entries
  💰 Daily P&L: $+0.00

[2026-07-29 08:04] O:7457.50 H:7457.50 L:7456.00 C:7456.75 V:472.0
  📈 Trend: moderate_bullish | 🌍 Regime: ranging
  🗺️  Grid: 0.080% | 🔺 7460.25 🔻 7457.25
  📡 RSI: 59.1 | MACD: 0.16 | ATR: 2.46
  📊 Filled: 0 | Pending: 0
  🕐 Outside session (08:04 CT) — no entries
  💰 Daily P&L: $+0.00

[2026-07-29 08:05] O:7456.75 H:7457.75 L:7456.00 C:7456.75 V:440.0
  📈 Trend: moderate_bullish (raw: strong_bearish) | 🌍 Regime: ranging
  🗺️  Grid: 0.080% | 🔺 7457.50 🔻 7456.00
  📡 RSI: 56.8 | MACD: -0.08 | ATR: 2.39
  📊 Filled: 0 | Pending: 0
  🕐 Outside session (08:05 CT) — no entries
  💰 Daily P&L: $+0.00

[2026-07-29 08:06] O:7456.75 H:7458.00 L:7455.50 C:7456.50 V:734.0
  📈 Trend: strong_bearish | 🌍 Regime: ranging
  🗺️  Grid: 0.080% | 🔺 7457.75 🔻 7456.00
  📡 RSI: 54.1 | MACD: -0.29 | ATR: 2.41
  📊 Filled: 0 | Pending: 0
  🕐 Outside session (08:06 CT) — no entries
  💰 Daily P&L: $+0.00

[2026-07-29 08:07] O:7456.50 H:7458.00 L:7456.50 C:7457.75 V:390.0
  📈 Trend: strong_bearish | 🌍 Regime: ranging
  🗺️  Grid: 0.080% | 🔺 7458.00 🔻 7455.50
  📡 RSI: 56.2 | MACD: -0.35 | ATR: 2.41
  📊 Filled: 0 | Pending: 0
  🕐 Outside session (08:07 CT) — no entries
  💰 Daily P&L: $+0.00

[2026-07-29 08:08] O:7457.75 H:7458.50 L:7457.25 C:7458.00 V:415.0
  📈 Trend: strong_bearish (raw: moderate_bullish) | 🌍 Regime: ranging
  🗺️  Grid: 0.080% | 🔺 7458.00 🔻 7456.50
  📡 RSI: 55.2 | MACD: -0.37 | ATR: 2.45
  📊 Filled: 0 | Pending: 0
  🕐 Outside session (08:08 CT) — no entries
  💰 Daily P&L: $+0.00

[2026-07-29 08:09] O:7458.00 H:7458.50 L:7457.25 C:7458.00 V:356.0
  📈 Trend: moderate_bullish | 🌍 Regime: ranging
  🗺️  Grid: 0.080% | 🔺 7458.50 🔻 7457.25
  📡 RSI: 25.0 | MACD: -0.39 | ATR: 1.91
  📊 Filled: 0 | Pending: 0
  🕐 Outside session (08:09 CT) — no entries
  💰 Daily P&L: $+0.00

[2026-07-29 08:10] O:7457.75 H:7459.00 L:7457.25 C:7457.75 V:494.0
  📈 Trend: moderate_bullish | 🌍 Regime: ranging
  🗺️  Grid: 0.080% | 🔺 7458.50 🔻 7457.25
  📡 RSI: 16.7 | MACD: -0.41 | ATR: 1.88
  📊 Filled: 0 | Pending: 0
  🕐 Outside session (08:10 CT) — no entries
  💰 Daily P&L: $+0.00

[2026-07-29 08:11] O:7457.50 H:7457.50 L:7455.75 C:7455.75 V:392.0
  📈 Trend: moderate_bullish | 🌍 Regime: ranging
  🗺️  Grid: 0.080% | 🔺 7459.00 🔻 7457.25
  📡 RSI: 17.4 | MACD: -0.59 | ATR: 1.82
  📊 Filled: 0 | Pending: 0
  🕐 Outside session (08:11 CT) — no entries
  💰 Daily P&L: $+0.00

[2026-07-29 08:12] O:7456.00 H:7456.50 L:7454.75 C:7455.25 V:824.0
  📈 Trend: moderate_bullish | 🌍 Regime: ranging
  🗺️  Grid: 0.080% | 🔺 7457.50 🔻 7455.75
  📡 RSI: 17.0 | MACD: -0.76 | ATR: 1.86
  📊 Filled: 0 | Pending: 0
  🕐 Outside session (08:12 CT) — no entries
  💰 Daily P&L: $+0.00

[2026-07-29 08:13] O:7455.25 H:7455.75 L:7454.75 C:7455.00 V:436.0
  📈 Trend: moderate_bullish (raw: strong_bearish) | 🌍 Regime: ranging
  🗺️  Grid: 0.080% | 🔺 7456.50 🔻 7454.75
  📡 RSI: 13.0 | MACD: -0.90 | ATR: 1.84
  📊 Filled: 0 | Pending: 0
  🕐 Outside session (08:13 CT) — no entries
  💰 Daily P&L: $+0.00

[2026-07-29 08:14] O:7455.25 H:7455.75 L:7453.75 C:7454.50 V:844.0
  📈 Trend: strong_bearish | 🌍 Regime: ranging
  🗺️  Grid: 0.080% | 🔺 7455.75 🔻 7454.75
  📡 RSI: 13.3 | MACD: -1.05 | ATR: 1.80
  📊 Filled: 0 | Pending: 0
  🕐 Outside session (08:14 CT) — no entries
  💰 Daily P&L: $+0.00

[2026-07-29 08:15] O:7454.50 H:7456.00 L:7453.75 C:7455.75 V:706.0
  📈 Trend: strong_bearish | 🌍 Regime: ranging
  🗺️  Grid: 0.080% | 🔺 7455.75 🔻 7453.75
  📡 RSI: 23.4 | MACD: -1.05 | ATR: 1.88
  📊 Filled: 0 | Pending: 0
  🕐 Outside session (08:15 CT) — no entries
  💰 Daily P&L: $+0.00

[2026-07-29 08:16] O:7455.75 H:7456.50 L:7454.25 C:7455.00 V:613.0
  📈 Trend: strong_bearish | 🌍 Regime: ranging
  🗺️  Grid: 0.080% | 🔺 7456.00 🔻 7453.75
  📡 RSI: 25.0 | MACD: -1.10 | ATR: 1.86
  📊 Filled: 0 | Pending: 0
  🕐 Outside session (08:16 CT) — no entries
  💰 Daily P&L: $+0.00

[2026-07-29 08:17] O:7455.00 H:7455.25 L:7452.75 C:7454.00 V:701.0
  📈 Trend: strong_bearish | 🌍 Regime: ranging
  🗺️  Grid: 0.080% | 🔺 7456.50 🔻 7454.25
  📡 RSI: 30.6 | MACD: -1.20 | ATR: 1.80
  📊 Filled: 0 | Pending: 0
  🕐 Outside session (08:17 CT) — no entries
  💰 Daily P&L: $+0.00

[2026-07-29 08:18] O:7453.75 H:7453.75 L:7452.00 C:7453.25 V:721.0
  📈 Trend: strong_bearish | 🌍 Regime: ranging
  🗺️  Grid: 0.080% | 🔺 7455.25 🔻 7452.75
  📡 RSI: 30.6 | MACD: -1.33 | ATR: 1.84
  📊 Filled: 0 | Pending: 0
  🕐 Outside session (08:18 CT) — no entries
  💰 Daily P&L: $+0.00

[2026-07-29 08:19] O:7453.25 H:7454.50 L:7453.25 C:7453.75 V:498.0
  📈 Trend: strong_bearish | 🌍 Regime: ranging
  🗺️  Grid: 0.080% | 🔺 7453.75 🔻 7452.00
  📡 RSI: 34.2 | MACD: -1.38 | ATR: 1.80
  📊 Filled: 0 | Pending: 0
  🕐 Outside session (08:19 CT) — no entries
  💰 Daily P&L: $+0.00

[2026-07-29 08:20] O:7453.75 H:7454.25 L:7452.00 C:7452.75 V:770.0
  📈 Trend: strong_bearish | 🌍 Regime: ranging
  🗺️  Grid: 0.080% | 🔺 7454.50 🔻 7453.25
  📡 RSI: 31.7 | MACD: -1.48 | ATR: 1.79
  📊 Filled: 0 | Pending: 0
  🕐 Outside session (08:20 CT) — no entries
  💰 Daily P&L: $+0.00

[2026-07-29 08:21] O:7452.75 H:7457.00 L:7452.75 C:7456.50 V:1047.0
  📈 Trend: strong_bearish | 🌍 Regime: ranging
  🗺️  Grid: 0.080% | 🔺 7454.25 🔻 7452.00
  📡 RSI: 45.1 | MACD: -1.24 | ATR: 1.98
  📊 Filled: 0 | Pending: 0
  🕐 Outside session (08:21 CT) — no entries
  💰 Daily P&L: $+0.00

[2026-07-29 08:22] O:7456.50 H:7461.25 L:7456.50 C:7459.75 V:2090.0
  📈 Trend: strong_bearish (raw: moderate_bearish) | 🌍 Regime: ranging
  🗺️  Grid: 0.080% | 🔺 7457.00 🔻 7452.75
  📡 RSI: 55.6 | MACD: -0.78 | ATR: 2.23
  📊 Filled: 0 | Pending: 0
  🕐 Outside session (08:22 CT) — no entries
  💰 Daily P&L: $+0.00

[2026-07-29 08:23] O:7459.50 H:7460.25 L:7458.50 C:7459.75 V:475.0
  📈 Trend: moderate_bearish | 🌍 Regime: ranging
  🗺️  Grid: 0.080% | 🔺 7461.25 🔻 7456.50
  📡 RSI: 55.6 | MACD: -0.41 | ATR: 2.27
  📊 Filled: 0 | Pending: 0
  🕐 Outside session (08:23 CT) — no entries
  💰 Daily P&L: $+0.00

[2026-07-29 08:24] O:7460.00 H:7460.75 L:7459.50 C:7460.75 V:612.0
  📈 Trend: moderate_bearish | 🌍 Regime: ranging
  🗺️  Grid: 0.080% | 🔺 7460.25 🔻 7458.50
  📡 RSI: 59.1 | MACD: -0.04 | ATR: 2.23
  📊 Filled: 0 | Pending: 0
  🕐 Outside session (08:24 CT) — no entries
  💰 Daily P&L: $+0.00

[2026-07-29 08:25] O:7460.50 H:7462.00 L:7459.25 C:7461.25 V:944.0
  📈 Trend: moderate_bearish (raw: moderate_bullish) | 🌍 Regime: ranging
  🗺️  Grid: 0.080% | 🔺 7460.75 🔻 7459.50
  📡 RSI: 68.3 | MACD: 0.30 | ATR: 2.29
  📊 Filled: 0 | Pending: 0
  🕐 Outside session (08:25 CT) — no entries
  💰 Daily P&L: $+0.00

[2026-07-29 08:26] O:7461.25 H:7464.00 L:7460.75 C:7464.00 V:724.0
  📈 Trend: moderate_bullish | 🌍 Regime: ranging
  🗺️  Grid: 0.080% | 🔺 7462.00 🔻 7459.25
  📡 RSI: 75.4 | MACD: 0.77 | ATR: 2.39
  📊 Filled: 0 | Pending: 0
  🕐 Outside session (08:26 CT) — no entries
  💰 Daily P&L: $+0.00

[2026-07-29 08:27] O:7464.00 H:7464.75 L:7461.00 C:7461.50 V:1281.0
  📈 Trend: moderate_bullish | 🌍 Regime: ranging
  🗺️  Grid: 0.080% | 🔺 7464.00 🔻 7460.75
  📡 RSI: 66.7 | MACD: 0.94 | ATR: 2.59
  📊 Filled: 0 | Pending: 0
  🕐 Outside session (08:27 CT) — no entries
  💰 Daily P&L: $+0.00

[2026-07-29 08:28] O:7461.75 H:7463.25 L:7460.75 C:7462.00 V:1398.0
  📈 Trend: moderate_bullish | 🌍 Regime: ranging
  🗺️  Grid: 0.080% | 🔺 7464.75 🔻 7461.00
  📡 RSI: 69.2 | MACD: 1.10 | ATR: 2.62
  📊 Filled: 0 | Pending: 0
  🕐 Outside session (08:28 CT) — no entries
  💰 Daily P&L: $+0.00

[2026-07-29 08:29] O:7462.00 H:7462.25 L:7456.00 C:7456.50 V:2301.0
  📈 Trend: moderate_bullish (raw: strong_bearish) | 🌍 Regime: ranging
  🗺️  Grid: 0.080% | 🔺 7463.25 🔻 7460.75
  📡 RSI: 51.6 | MACD: 0.77 | ATR: 2.91
  📊 Filled: 0 | Pending: 0
  🕐 Outside session (08:29 CT) — no entries
  💰 Daily P&L: $+0.00

[2026-07-29 08:30] O:7456.50 H:7456.75 L:7445.50 C:7451.25 V:13583.0
  📈 Trend: strong_bearish | 🌍 Regime: ranging
  🗺️  Grid: 0.080% | 🔺 7462.25 🔻 7456.00
  📡 RSI: 43.4 | MACD: 0.09 | ATR: 3.55
  📊 Filled: 0 | Pending: 0
  🕐 Outside session (08:30 CT) — no entries
  💰 Daily P&L: $+0.00

[2026-07-29 08:31] O:7451.00 H:7453.00 L:7444.25 C:7445.25 V:7621.0
  📈 Trend: strong_bearish | 🌍 Regime: ranging
  🗺️  Grid: 0.080% | 🔺 7456.75 🔻 7445.50
  📡 RSI: 36.8 | MACD: -0.93 | ATR: 4.00
  📊 Filled: 0 | Pending: 0
  🕐 Outside session (08:31 CT) — no entries
  💰 Daily P&L: $+0.00

[2026-07-29 08:32] O:7445.50 H:7452.00 L:7445.00 C:7450.75 V:6563.0
  📈 Trend: strong_bearish | 🌍 Regime: ranging
  🗺️  Grid: 0.080% | 🔺 7453.00 🔻 7444.25
  📡 RSI: 46.7 | MACD: -1.27 | ATR: 4.36
  📊 Filled: 0 | Pending: 0
  🕐 Outside session (08:32 CT) — no entries
  💰 Daily P&L: $+0.00

[2026-07-29 08:33] O:7450.50 H:7458.00 L:7449.00 C:7457.75 V:6850.0
  📈 Trend: strong_bearish | 🌍 Regime: ranging
  🗺️  Grid: 0.080% | 🔺 7452.00 🔻 7445.00
  📡 RSI: 54.5 | MACD: -0.97 | ATR: 4.91
  📊 Filled: 0 | Pending: 0
  🕐 Outside session (08:33 CT) — no entries
  💰 Daily P&L: $+0.00

[2026-07-29 08:34] O:7458.00 H:7461.00 L:7456.00 C:7457.25 V:5869.0
  📈 Trend: strong_bearish | 🌍 Regime: ranging
  🗺️  Grid: 0.082% | 🔺 7458.00 🔻 7449.00
  📡 RSI: 55.1 | MACD: -0.76 | ATR: 5.11
  📊 Filled: 0 | Pending: 0
  🕐 Outside session (08:34 CT) — no entries
  💰 Daily P&L: $+0.00

[2026-07-29 08:35] O:7457.25 H:7459.50 L:7456.00 C:7457.75 V:5512.0
  📈 Trend: strong_bearish | 🌍 Regime: ranging
  🗺️  Grid: 0.081% | 🔺 7461.00 🔻 7456.00
  📡 RSI: 51.5 | MACD: -0.55 | ATR: 5.05
  📊 Filled: 0 | Pending: 0
  🕐 Outside session (08:35 CT) — no entries
  💰 Daily P&L: $+0.00

[2026-07-29 08:36] O:7457.75 H:7458.75 L:7454.50 C:7457.25 V:4431.0
  📈 Trend: strong_bearish (raw: moderate_bearish) | 🌍 Regime: ranging
  🗺️  Grid: 0.081% | 🔺 7459.50 🔻 7456.00
  📡 RSI: 46.7 | MACD: -0.42 | ATR: 5.02
  📊 Filled: 0 | Pending: 0
  🕐 Outside session (08:36 CT) — no entries
  💰 Daily P&L: $+0.00

[2026-07-29 08:37] O:7457.25 H:7458.00 L:7450.75 C:7455.00 V:4493.0
  📈 Trend: strong_bearish | 🌍 Regime: ranging
  🗺️  Grid: 0.087% | 🔺 7458.75 🔻 7454.50
  📡 RSI: 44.1 | MACD: -0.49 | ATR: 5.41
  📊 Filled: 0 | Pending: 0
  🕐 Outside session (08:37 CT) — no entries
  💰 Daily P&L: $+0.00

[2026-07-29 08:38] O:7455.00 H:7457.75 L:7448.75 C:7449.25 V:5513.0
  📈 Trend: strong_bearish | 🌍 Regime: ranging
  🗺️  Grid: 0.096% | 🔺 7458.00 🔻 7450.75
  📡 RSI: 37.2 | MACD: -1.00 | ATR: 5.96
  📊 Filled: 0 | Pending: 0
  🕐 Outside session (08:38 CT) — no entries
  💰 Daily P&L: $+0.00

[2026-07-29 08:39] O:7449.25 H:7457.50 L:7448.50 C:7455.75 V:4680.0
  📈 Trend: strong_bearish | 🌍 Regime: ranging
  🗺️  Grid: 0.103% | 🔺 7457.75 🔻 7448.75
  📡 RSI: 44.6 | MACD: -0.87 | ATR: 6.41
  📊 Filled: 0 | Pending: 0
  🕐 Outside session (08:39 CT) — no entries
  💰 Daily P&L: $+0.00

[2026-07-29 08:40] O:7455.75 H:7457.50 L:7451.25 C:7456.75 V:5991.0
  📈 Trend: strong_bearish | 🌍 Regime: ranging
  🗺️  Grid: 0.107% | 🔺 7457.50 🔻 7448.50
  📡 RSI: 42.6 | MACD: -0.68 | ATR: 6.62
  📊 Filled: 0 | Pending: 0
  🕐 Outside session (08:40 CT) — no entries
  💰 Daily P&L: $+0.00

[2026-07-29 08:41] O:7456.75 H:7457.50 L:7453.00 C:7454.00 V:3740.0
  📈 Trend: strong_bearish | 🌍 Regime: ranging
  🗺️  Grid: 0.108% | 🔺 7457.50 🔻 7451.25
  📡 RSI: 42.4 | MACD: -0.74 | ATR: 6.68
  📊 Filled: 0 | Pending: 0
  🕐 Outside session (08:41 CT) — no entries
  💰 Daily P&L: $+0.00

[2026-07-29 08:42] O:7454.00 H:7455.00 L:7450.75 C:7452.25 V:3701.0
  📈 Trend: strong_bearish | 🌍 Regime: ranging
  🗺️  Grid: 0.110% | 🔺 7457.50 🔻 7453.00
  📡 RSI: 40.4 | MACD: -0.92 | ATR: 6.80
  📊 Filled: 0 | Pending: 0
  🕐 Outside session (08:42 CT) — no entries
  💰 Daily P&L: $+0.00

[2026-07-29 08:43] O:7452.00 H:7454.25 L:7450.00 C:7452.00 V:3685.0
  📈 Trend: strong_bearish | 🌍 Regime: ranging
  🗺️  Grid: 0.107% | 🔺 7455.00 🔻 7450.75
  📡 RSI: 45.1 | MACD: -1.07 | ATR: 6.66
  📊 Filled: 0 | Pending: 0
  🕐 Outside session (08:43 CT) — no entries
  💰 Daily P&L: $+0.00

[2026-07-29 08:44] O:7452.25 H:7454.25 L:7451.75 C:7453.25 V:4382.0
  📈 Trend: strong_bearish | 🌍 Regime: trending_bearish
  🗺️  Grid: 0.097% | 🔺 7454.25 🔻 7450.00
  📡 RSI: 52.4 | MACD: -1.07 | ATR: 6.04
  📊 Filled: 0 | Pending: 0
  🕐 Outside session (08:44 CT) — no entries
  💰 Daily P&L: $+0.00

[2026-07-29 08:45] O:7453.50 H:7459.00 L:7452.75 C:7456.50 V:6021.0
  📈 Trend: strong_bearish | 🌍 Regime: trending_bearish
  🗺️  Grid: 0.094% | 🔺 7454.25 🔻 7451.75
  📡 RSI: 64.5 | MACD: -0.81 | ATR: 5.86
  📊 Filled: 0 | Pending: 0
  💰 Daily P&L: $+0.00

[2026-07-29 08:46] O:7456.50 H:7458.25 L:7451.00 C:7452.25 V:3637.0
  📈 Trend: strong_bearish | 🌍 Regime: trending_bearish
  🗺️  Grid: 0.095% | 🔺 7459.00 🔻 7452.75
  📡 RSI: 52.0 | MACD: -0.93 | ATR: 5.88
  📊 Filled: 0 | Pending: 0
  💰 Daily P&L: $+0.00

[2026-07-29 08:47] O:7452.25 H:7453.00 L:7446.75 C:7448.75 V:4120.0
  📈 Trend: strong_bearish | 🌍 Regime: trending_bearish
  🗺️  Grid: 0.091% | 🔺 7458.25 🔻 7451.00
  📡 RSI: 36.8 | MACD: -1.29 | ATR: 5.68
  📊 Filled: 0 | Pending: 0
  💰 Daily P&L: $+0.00

[2026-07-29 08:48] O:7449.00 H:7450.25 L:7447.00 C:7448.75 V:3351.0
  📈 Trend: strong_bearish | 🌍 Regime: trending_bearish
  🗺️  Grid: 0.089% | 🔺 7453.00 🔻 7446.75
  📡 RSI: 37.3 | MACD: -1.56 | ATR: 5.55
  📊 Filled: 0 | Pending: 0
  💰 Daily P&L: $+0.00

[2026-07-29 08:49] O:7448.75 H:7450.75 L:7445.25 C:7448.50 V:3832.0
  📈 Trend: strong_bearish | 🌍 Regime: trending_bearish
  🗺️  Grid: 0.092% | 🔺 7450.25 🔻 7447.00
  📡 RSI: 36.1 | MACD: -1.77 | ATR: 5.70
  📊 Filled: 0 | Pending: 0
  💰 Daily P&L: $+0.00

[2026-07-29 08:50] O:7448.50 H:7448.75 L:7439.25 C:7439.50 V:5157.0
  📈 Trend: strong_bearish | 🌍 Regime: trending_bearish
  🗺️  Grid: 0.098% | 🔺 7450.75 🔻 7445.25
  📡 RSI: 28.7 | MACD: -2.64 | ATR: 6.07
  📊 Filled: 0 | Pending: 0
  💰 Daily P&L: $+0.00

[2026-07-29 08:51] O:7439.25 H:7439.50 L:7435.00 C:7435.50 V:5854.0
  📈 Trend: strong_bearish | 🌍 Regime: trending_bearish
  🗺️  Grid: 0.095% | 🔺 7448.75 🔻 7439.25
  📡 RSI: 27.6 | MACD: -3.60 | ATR: 5.88
  📊 Filled: 0 | Pending: 0
  💰 Daily P&L: $+0.00

[2026-07-29 08:52] O:7435.25 H:7435.50 L:7430.75 C:7431.75 V:5779.0
  📈 Trend: strong_bearish | 🌍 Regime: trending_bearish
  🗺️  Grid: 0.090% | 🔺 7439.50 🔻 7435.00
  📡 RSI: 28.9 | MACD: -4.62 | ATR: 5.57
  📊 Filled: 0 | Pending: 0
  💰 Daily P&L: $+0.00

[2026-07-29 08:53] O:7431.75 H:7436.50 L:7430.50 C:7436.25 V:5543.0
  📈 Trend: strong_bearish | 🌍 Regime: trending_bearish
  🗺️  Grid: 0.086% | 🔺 7435.50 🔻 7430.75
  📡 RSI: 25.3 | MACD: -5.00 | ATR: 5.36
  📊 Filled: 0 | Pending: 0
  💰 Daily P&L: $+0.00

[2026-07-29 08:54] O:7436.25 H:7437.25 L:7432.25 C:7434.25 V:5008.0
  📈 Trend: strong_bearish | 🌍 Regime: trending_bearish
  🗺️  Grid: 0.085% | 🔺 7436.50 🔻 7430.50
  📡 RSI: 22.2 | MACD: -5.41 | ATR: 5.27
  📊 Filled: 0 | Pending: 0
  💰 Daily P&L: $+0.00

[2026-07-29 08:55] O:7434.00 H:7434.00 L:7426.50 C:7428.75 V:5611.0
  📈 Trend: strong_bearish | 🌍 Regime: trending_bearish
  🗺️  Grid: 0.089% | 🔺 7437.25 🔻 7432.25
  📡 RSI: 20.8 | MACD: -6.10 | ATR: 5.50
  📊 Filled: 0 | Pending: 0
  💰 Daily P&L: $+0.00

[2026-07-29 08:56] O:7428.75 H:7429.25 L:7425.00 C:7425.50 V:4446.0
  📈 Trend: strong_bearish | 🌍 Regime: trending_bearish
  🗺️  Grid: 0.089% | 🔺 7434.00 🔻 7426.50
  📡 RSI: 20.1 | MACD: -6.83 | ATR: 5.50
  📊 Filled: 0 | Pending: 0
  💰 Daily P&L: $+0.00

[2026-07-29 08:57] O:7425.50 H:7427.50 L:7422.00 C:7426.50 V:5434.0
  📈 Trend: strong_bearish | 🌍 Regime: trending_bearish
  🗺️  Grid: 0.090% | 🔺 7429.25 🔻 7425.00
  📡 RSI: 22.0 | MACD: -7.25 | ATR: 5.59
  📊 Filled: 0 | Pending: 0
  💰 Daily P&L: $+0.00

[2026-07-29 08:58] O:7426.75 H:7431.25 L:7426.75 C:7431.00 V:4676.0
  📈 Trend: strong_bearish | 🌍 Regime: trending_bearish
  🗺️  Grid: 0.093% | 🔺 7427.50 🔻 7422.00
  📡 RSI: 27.2 | MACD: -7.13 | ATR: 5.75
  📊 Filled: 0 | Pending: 0
  💰 Daily P&L: $+0.00

[2026-07-29 08:59] O:7430.75 H:7432.50 L:7426.25 C:7430.00 V:5538.0
  📈 Trend: strong_bearish | 🌍 Regime: trending_bearish
  🗺️  Grid: 0.093% | 🔺 7431.25 🔻 7426.75
  📡 RSI: 21.5 | MACD: -7.04 | ATR: 5.75
  📊 Filled: 0 | Pending: 0
  💰 Daily P&L: $+0.00

[2026-07-29 09:00] O:7430.00 H:7434.50 L:7429.50 C:7432.00 V:7752.0
  📈 Trend: strong_bearish | 🌍 Regime: trending_bearish
  🗺️  Grid: 0.090% | 🔺 7432.50 🔻 7426.25
  📡 RSI: 27.1 | MACD: -6.73 | ATR: 5.59
  📊 Filled: 0 | Pending: 0
  💰 Daily P&L: $+0.00

[2026-07-29 09:01] O:7432.00 H:7433.25 L:7429.50 C:7431.25 V:4920.0
  📈 Trend: strong_bearish | 🌍 Regime: trending_bearish
  🗺️  Grid: 0.087% | 🔺 7434.50 🔻 7429.50
  📡 RSI: 28.9 | MACD: -6.47 | ATR: 5.41
  📊 Filled: 0 | Pending: 0
  💰 Daily P&L: $+0.00

[2026-07-29 09:02] O:7431.25 H:7437.00 L:7430.75 C:7434.00 V:5097.0
  📈 Trend: strong_bearish | 🌍 Regime: trending_bearish
  🗺️  Grid: 0.091% | 🔺 7433.25 🔻 7429.50
  📡 RSI: 33.3 | MACD: -5.97 | ATR: 5.62
  📊 Filled: 0 | Pending: 0
  💰 Daily P&L: $+0.00

[2026-07-29 09:03] O:7434.00 H:7436.25 L:7431.25 C:7431.50 V:4721.0
  📈 Trend: strong_bearish | 🌍 Regime: trending_bearish
  🗺️  Grid: 0.090% | 🔺 7437.00 🔻 7430.75
  📡 RSI: 31.7 | MACD: -5.71 | ATR: 5.59
  📊 Filled: 0 | Pending: 0
  💰 Daily P&L: $+0.00

[2026-07-29 09:04] O:7431.25 H:7434.25 L:7429.75 C:7434.00 V:3874.0
  📈 Trend: strong_bearish | 🌍 Regime: trending_bearish
  🗺️  Grid: 0.084% | 🔺 7436.25 🔻 7431.25
  📡 RSI: 43.1 | MACD: -5.25 | ATR: 5.23
  📊 Filled: 0 | Pending: 0
  💰 Daily P&L: $+0.00

[2026-07-29 09:05] O:7434.00 H:7439.75 L:7434.00 C:7434.75 V:4288.0
  📈 Trend: strong_bearish | 🌍 Regime: trending_bearish
  🗺️  Grid: 0.086% | 🔺 7434.25 🔻 7429.75
  📡 RSI: 49.0 | MACD: -4.76 | ATR: 5.32
  📊 Filled: 0 | Pending: 0
  💰 Daily P&L: $+0.00

[2026-07-29 09:06] O:7434.50 H:7435.50 L:7428.75 C:7429.25 V:4418.0
  📈 Trend: strong_bearish | 🌍 Regime: trending_bearish
  🗺️  Grid: 0.088% | 🔺 7439.75 🔻 7434.00
  📡 RSI: 46.8 | MACD: -4.76 | ATR: 5.46
  📊 Filled: 0 | Pending: 0
  💰 Daily P&L: $+0.00

[2026-07-29 09:07] O:7429.50 H:7429.50 L:7424.50 C:7426.75 V:4310.0
  📈 Trend: strong_bearish | 🌍 Regime: trending_bearish
  🗺️  Grid: 0.087% | 🔺 7435.50 🔻 7428.75
  📡 RSI: 37.0 | MACD: -4.91 | ATR: 5.39
  📊 Filled: 0 | Pending: 0
  💰 Daily P&L: $+0.00

[2026-07-29 09:08] O:7426.75 H:7428.00 L:7423.50 C:7425.25 V:3254.0
  📈 Trend: strong_bearish | 🌍 Regime: trending_bearish
  🗺️  Grid: 0.087% | 🔺 7429.50 🔻 7424.50
  📡 RSI: 37.5 | MACD: -5.09 | ATR: 5.36
  📊 Filled: 0 | Pending: 0
  💰 Daily P&L: $+0.00

[2026-07-29 09:09] O:7425.25 H:7427.25 L:7423.25 C:7424.00 V:3308.0
  📈 Trend: strong_bearish | 🌍 Regime: trending_bearish
  🗺️  Grid: 0.082% | 🔺 7428.00 🔻 7423.50
  📡 RSI: 42.5 | MACD: -5.28 | ATR: 5.09
  📊 Filled: 0 | Pending: 0
  💰 Daily P&L: $+0.00

[2026-07-29 09:10] O:7423.75 H:7424.00 L:7421.25 C:7423.75 V:4202.0
  📈 Trend: strong_bearish | 🌍 Regime: trending_bearish
  🗺️  Grid: 0.081% | 🔺 7427.25 🔻 7423.25
  📡 RSI: 47.0 | MACD: -5.38 | ATR: 4.98
  📊 Filled: 0 | Pending: 0
  💰 Daily P&L: $+0.00

[2026-07-29 09:11] O:7424.00 H:7426.50 L:7423.00 C:7425.00 V:4365.0
  📈 Trend: strong_bearish | 🌍 Regime: trending_bearish
  🗺️  Grid: 0.080% | 🔺 7424.00 🔻 7421.25
  📡 RSI: 47.4 | MACD: -5.30 | ATR: 4.84
  📊 Filled: 0 | Pending: 0
  💰 Daily P&L: $+0.00

[2026-07-29 09:12] O:7424.75 H:7426.00 L:7413.00 C:7413.50 V:7875.0
  📈 Trend: strong_bearish | 🌍 Regime: trending_bearish
  🗺️  Grid: 0.088% | 🔺 7426.50 🔻 7423.00
  📡 RSI: 25.7 | MACD: -6.09 | ATR: 5.43
  📊 Filled: 0 | Pending: 0
  💰 Daily P&L: $+0.00

[2026-07-29 09:13] O:7413.25 H:7413.25 L:7406.00 C:7409.50 V:7769.0
  📈 Trend: strong_bearish | 🌍 Regime: trending_bearish
  🗺️  Grid: 0.089% | 🔺 7426.00 🔻 7413.00
  📡 RSI: 23.7 | MACD: -6.96 | ATR: 5.52
  📊 Filled: 0 | Pending: 0
  💰 Daily P&L: $+0.00

[2026-07-29 09:14] O:7409.25 H:7411.50 L:7407.00 C:7410.00 V:6139.0
  📈 Trend: strong_bearish | 🌍 Regime: trending_bearish
  🗺️  Grid: 0.089% | 🔺 7413.25 🔻 7406.00
  📡 RSI: 20.7 | MACD: -7.53 | ATR: 5.48
  📊 Filled: 0 | Pending: 0
  💰 Daily P&L: $+0.00

[2026-07-29 09:15] O:7410.25 H:7414.50 L:7409.50 C:7412.50 V:6988.0
  📈 Trend: strong_bearish | 🌍 Regime: trending_bearish
  🗺️  Grid: 0.090% | 🔺 7411.50 🔻 7407.00
  📡 RSI: 26.1 | MACD: -7.68 | ATR: 5.57
  📊 Filled: 0 | Pending: 0
  💰 Daily P&L: $+0.00

[2026-07-29 09:16] O:7412.75 H:7415.25 L:7411.00 C:7414.75 V:5583.0
  📈 Trend: strong_bearish | 🌍 Regime: trending_bearish
  🗺️  Grid: 0.088% | 🔺 7414.50 🔻 7409.50
  📡 RSI: 25.2 | MACD: -7.54 | ATR: 5.43
  📊 Filled: 0 | Pending: 0
  💰 Daily P&L: $+0.00

[2026-07-29 09:17] O:7414.50 H:7416.00 L:7410.75 C:7412.00 V:5461.0
  📈 Trend: strong_bearish | 🌍 Regime: trending_bearish
  🗺️  Grid: 0.088% | 🔺 7415.25 🔻 7411.00
  📡 RSI: 25.0 | MACD: -7.56 | ATR: 5.45
  📊 Filled: 0 | Pending: 0
  💰 Daily P&L: $+0.00

[2026-07-29 09:18] O:7412.00 H:7418.75 L:7411.75 C:7416.50 V:4960.0
  📈 Trend: strong_bearish | 🌍 Regime: trending_bearish
  🗺️  Grid: 0.091% | 🔺 7416.00 🔻 7410.75
  📡 RSI: 28.7 | MACD: -7.13 | ATR: 5.62
  📊 Filled: 0 | Pending: 0
  💰 Daily P&L: $+0.00

[2026-07-29 09:19] O:7416.75 H:7417.75 L:7413.50 C:7414.75 V:4268.0
  📈 Trend: strong_bearish | 🌍 Regime: trending_bearish
  🗺️  Grid: 0.089% | 🔺 7418.75 🔻 7411.75
  📡 RSI: 26.2 | MACD: -6.85 | ATR: 5.52
  📊 Filled: 0 | Pending: 0
  💰 Daily P&L: $+0.00

[2026-07-29 09:20] O:7414.75 H:7417.50 L:7412.50 C:7416.25 V:3452.0
  📈 Trend: strong_bearish | 🌍 Regime: trending_bearish
  🗺️  Grid: 0.087% | 🔺 7417.75 🔻 7413.50
  📡 RSI: 32.9 | MACD: -6.44 | ATR: 5.39
  📊 Filled: 0 | Pending: 0
  💰 Daily P&L: $+0.00

[2026-07-29 09:21] O:7416.00 H:7418.75 L:7414.25 C:7418.00 V:3638.0
  📈 Trend: strong_bearish | 🌍 Regime: trending_bearish
  🗺️  Grid: 0.087% | 🔺 7417.50 🔻 7412.50
  📡 RSI: 38.3 | MACD: -5.90 | ATR: 5.36
  📊 Filled: 0 | Pending: 0
  💰 Daily P&L: $+0.00

[2026-07-29 09:22] O:7418.00 H:7420.50 L:7416.75 C:7418.25 V:3402.0
  📈 Trend: strong_bearish | 🌍 Regime: trending_bearish
  🗺️  Grid: 0.086% | 🔺 7418.75 🔻 7414.25
  📡 RSI: 40.3 | MACD: -5.39 | ATR: 5.30
  📊 Filled: 0 | Pending: 0
  💰 Daily P&L: $+0.00

[2026-07-29 09:23] O:7418.25 H:7420.00 L:7414.75 C:7415.75 V:3897.0
  📈 Trend: strong_bearish | 🌍 Regime: trending_bearish
  🗺️  Grid: 0.087% | 🔺 7420.50 🔻 7416.75
  📡 RSI: 38.9 | MACD: -5.13 | ATR: 5.39
  📊 Filled: 0 | Pending: 0
  💰 Daily P&L: $+0.00

[2026-07-29 09:24] O:7415.75 H:7416.50 L:7408.75 C:7410.75 V:4269.0
  📈 Trend: strong_bearish | 🌍 Regime: trending_bearish
  🗺️  Grid: 0.093% | 🔺 7420.00 🔻 7414.75
  📡 RSI: 34.5 | MACD: -5.26 | ATR: 5.75
  📊 Filled: 0 | Pending: 0
  💰 Daily P&L: $+0.00

[2026-07-29 09:25] O:7410.75 H:7411.00 L:7403.25 C:7403.75 V:5144.0
  📈 Trend: strong_bearish | 🌍 Regime: trending_bearish
  🗺️  Grid: 0.098% | 🔺 7416.50 🔻 7408.75
  📡 RSI: 27.7 | MACD: -5.87 | ATR: 6.05
  📊 Filled: 0 | Pending: 0
  💰 Daily P&L: $+0.00

[2026-07-29 09:26] O:7403.75 H:7404.00 L:7398.25 C:7402.50 V:7899.0
  📈 Trend: strong_bearish | 🌍 Regime: trending_bearish
  🗺️  Grid: 0.090% | 🔺 7411.00 🔻 7403.25
  📡 RSI: 35.3 | MACD: -6.38 | ATR: 5.54
  📊 Filled: 0 | Pending: 0
  💰 Daily P&L: $+0.00

[2026-07-29 09:27] O:7402.25 H:7405.25 L:7399.75 C:7404.00 V:4840.0
  📈 Trend: strong_bearish | 🌍 Regime: trending_bearish
  🗺️  Grid: 0.087% | 🔺 7404.00 🔻 7398.25
  📡 RSI: 42.1 | MACD: -6.58 | ATR: 5.39
  📊 Filled: 0 | Pending: 0
  💰 Daily P&L: $+0.00

[2026-07-29 09:28] O:7404.00 H:7407.00 L:7403.50 C:7406.25 V:5589.0
  📈 Trend: strong_bearish | 🌍 Regime: trending_bearish
  🗺️  Grid: 0.086% | 🔺 7405.25 🔻 7399.75
  📡 RSI: 44.9 | MACD: -6.49 | ATR: 5.32
  📊 Filled: 0 | Pending: 0
  💰 Daily P&L: $+0.00

[2026-07-29 09:29] O:7406.50 H:7408.00 L:7404.00 C:7404.75 V:4139.0
  📈 Trend: strong_bearish | 🌍 Regime: trending_bearish
  🗺️  Grid: 0.085% | 🔺 7407.00 🔻 7403.50
  📡 RSI: 39.2 | MACD: -6.46 | ATR: 5.25
  📊 Filled: 0 | Pending: 0
  💰 Daily P&L: $+0.00

[2026-07-29 09:30] O:7404.75 H:7409.75 L:7403.75 C:7408.75 V:4225.0
  📈 Trend: strong_bearish | 🌍 Regime: trending_bearish
  🗺️  Grid: 0.087% | 🔺 7408.00 🔻 7404.00
  📡 RSI: 42.0 | MACD: -6.04 | ATR: 5.38
  📊 Filled: 0 | Pending: 0
  💰 Daily P&L: $+0.00

[2026-07-29 09:31] O:7408.75 H:7410.25 L:7406.25 C:7407.75 V:3719.0
  📈 Trend: strong_bearish | 🌍 Regime: trending_bearish
  🗺️  Grid: 0.086% | 🔺 7409.75 🔻 7403.75
  📡 RSI: 44.1 | MACD: -5.73 | ATR: 5.29
  📊 Filled: 0 | Pending: 0
  💰 Daily P&L: $+0.00

[2026-07-29 09:32] O:7408.00 H:7411.50 L:7407.25 C:7410.50 V:4097.0
  📈 Trend: strong_bearish (raw: moderate_bearish) | 🌍 Regime: trending_bearish
  🗺️  Grid: 0.082% | 🔺 7410.25 🔻 7406.25
  📡 RSI: 41.2 | MACD: -5.20 | ATR: 5.09
  📊 Filled: 0 | Pending: 0
  💰 Daily P&L: $+0.00

[2026-07-29 09:33] O:7410.50 H:7414.50 L:7410.00 C:7410.50 V:4105.0
  📈 Trend: moderate_bearish | 🌍 Regime: trending_bearish
  🗺️  Grid: 0.083% | 🔺 7411.50 🔻 7407.25
  📡 RSI: 43.4 | MACD: -4.73 | ATR: 5.11
  📊 Filled: 0 | Pending: 0
  💰 Daily P&L: $+0.00

[2026-07-29 09:34] O:7410.75 H:7410.75 L:7406.25 C:7408.75 V:3221.0
  📈 Trend: moderate_bearish (raw: strong_bearish) | 🌍 Regime: trending_bearish
  🗺️  Grid: 0.082% | 🔺 7414.50 🔻 7410.00
  📡 RSI: 38.5 | MACD: -4.44 | ATR: 5.07
  📊 Filled: 0 | Pending: 0
  💰 Daily P&L: $+0.00

[2026-07-29 09:35] O:7409.00 H:7409.75 L:7405.00 C:7408.75 V:3302.0
  📈 Trend: strong_bearish | 🌍 Regime: trending_bearish
  🗺️  Grid: 0.082% | 🔺 7410.75 🔻 7406.25
  📡 RSI: 35.0 | MACD: -4.16 | ATR: 5.09
  📊 Filled: 0 | Pending: 0
  💰 Daily P&L: $+0.00

[2026-07-29 09:36] O:7408.75 H:7410.25 L:7406.75 C:7409.00 V:2932.0
  📈 Trend: strong_bearish | 🌍 Regime: trending_bearish
  🗺️  Grid: 0.082% | 🔺 7409.75 🔻 7405.00
  📡 RSI: 35.0 | MACD: -3.88 | ATR: 5.07
  📊 Filled: 0 | Pending: 0
  💰 Daily P&L: $+0.00

[2026-07-29 09:37] O:7409.25 H:7409.25 L:7406.50 C:7407.50 V:2299.0
  📈 Trend: strong_bearish | 🌍 Regime: trending_bearish
  🗺️  Grid: 0.080% | 🔺 7410.25 🔻 7406.75
  📡 RSI: 36.1 | MACD: -3.73 | ATR: 4.89
  📊 Filled: 0 | Pending: 0
  💰 Daily P&L: $+0.00

[2026-07-29 09:38] O:7407.50 H:7410.00 L:7404.75 C:7409.75 V:2930.0
  📈 Trend: strong_bearish | 🌍 Regime: trending_bearish
  🗺️  Grid: 0.080% | 🔺 7409.25 🔻 7406.50
  📡 RSI: 48.1 | MACD: -3.40 | ATR: 4.71
  📊 Filled: 0 | Pending: 0
  💰 Daily P&L: $+0.00

[2026-07-29 09:39] O:7409.75 H:7410.25 L:7402.50 C:7403.75 V:3286.0
  📈 Trend: strong_bearish | 🌍 Regime: trending_bearish
  🗺️  Grid: 0.080% | 🔺 7410.00 🔻 7404.75
  📡 RSI: 50.0 | MACD: -3.57 | ATR: 4.71
  📊 Filled: 0 | Pending: 0
  💰 Daily P&L: $+0.00

[2026-07-29 09:40] O:7403.75 H:7404.00 L:7396.00 C:7398.50 V:5470.0
  📈 Trend: strong_bearish | 🌍 Regime: trending_bearish
  🗺️  Grid: 0.080% | 🔺 7410.25 🔻 7402.50
  📡 RSI: 43.3 | MACD: -4.09 | ATR: 4.88
  📊 Filled: 0 | Pending: 0
  💰 Daily P&L: $+0.00

[2026-07-29 09:41] O:7398.50 H:7403.25 L:7397.75 C:7399.50 V:3405.0
  📈 Trend: strong_bearish | 🌍 Regime: trending_bearish
  🗺️  Grid: 0.080% | 🔺 7404.00 🔻 7396.00
  📡 RSI: 42.4 | MACD: -4.37 | ATR: 4.88
  📊 Filled: 0 | Pending: 0
  💰 Daily P&L: $+0.00

[2026-07-29 09:42] O:7399.50 H:7399.75 L:7395.25 C:7395.25 V:3068.0
  📈 Trend: strong_bearish | 🌍 Regime: trending_bearish
  🗺️  Grid: 0.080% | 🔺 7403.25 🔻 7397.75
  📡 RSI: 32.5 | MACD: -4.88 | ATR: 4.95
  📊 Filled: 0 | Pending: 0
  💰 Daily P&L: $+0.00

[2026-07-29 09:43] O:7395.25 H:7399.25 L:7394.50 C:7397.00 V:4974.0
  📈 Trend: strong_bearish | 🌍 Regime: trending_bearish
  🗺️  Grid: 0.081% | 🔺 7399.75 🔻 7395.25
  📡 RSI: 37.8 | MACD: -5.08 | ATR: 5.00
  📊 Filled: 0 | Pending: 0
  💰 Daily P&L: $+0.00

[2026-07-29 09:44] O:7396.75 H:7398.25 L:7393.00 C:7398.00 V:3957.0
  📈 Trend: strong_bearish | 🌍 Regime: trending_bearish
  🗺️  Grid: 0.080% | 🔺 7399.25 🔻 7394.50
  📡 RSI: 31.3 | MACD: -5.10 | ATR: 4.95
  📊 Filled: 0 | Pending: 0
  💰 Daily P&L: $+0.00

[2026-07-29 09:45] O:7397.75 H:7399.50 L:7396.00 C:7398.00 V:3659.0
  📈 Trend: strong_bearish | 🌍 Regime: trending_bearish
  🗺️  Grid: 0.080% | 🔺 7398.25 🔻 7393.00
  📡 RSI: 32.4 | MACD: -5.06 | ATR: 4.91
  📊 Filled: 0 | Pending: 0
  💰 Daily P&L: $+0.00

[2026-07-29 09:46] O:7398.00 H:7401.75 L:7395.50 C:7401.00 V:3663.0
  📈 Trend: strong_bearish | 🌍 Regime: trending_bearish
  🗺️  Grid: 0.082% | 🔺 7399.50 🔻 7396.00
  📡 RSI: 33.0 | MACD: -4.73 | ATR: 5.05
  📊 Filled: 0 | Pending: 0
  💰 Daily P&L: $+0.00

[2026-07-29 09:47] O:7401.00 H:7403.75 L:7398.25 C:7398.50 V:3935.0
  📈 Trend: strong_bearish | 🌍 Regime: trending_bearish
  🗺️  Grid: 0.083% | 🔺 7401.75 🔻 7395.50
  📡 RSI: 30.3 | MACD: -4.61 | ATR: 5.12
  📊 Filled: 0 | Pending: 0
  💰 Daily P&L: $+0.00

[2026-07-29 09:48] O:7398.50 H:7398.75 L:7394.50 C:7396.00 V:2703.0
  📈 Trend: strong_bearish | 🌍 Regime: trending_bearish
  🗺️  Grid: 0.083% | 🔺 7403.75 🔻 7398.25
  📡 RSI: 29.6 | MACD: -4.67 | ATR: 5.11
  📊 Filled: 0 | Pending: 0
  💰 Daily P&L: $+0.00

[2026-07-29 09:49] O:7396.25 H:7400.25 L:7395.25 C:7400.25 V:3592.0
  📈 Trend: strong_bearish | 🌍 Regime: trending_bearish
  🗺️  Grid: 0.083% | 🔺 7398.75 🔻 7394.50
  📡 RSI: 38.0 | MACD: -4.33 | ATR: 5.12
  📊 Filled: 0 | Pending: 0
  💰 Daily P&L: $+0.00

[2026-07-29 09:50] O:7400.00 H:7402.50 L:7398.25 C:7401.50 V:3847.0
  📈 Trend: strong_bearish | 🌍 Regime: trending_bearish
  🗺️  Grid: 0.084% | 🔺 7400.25 🔻 7395.25
  📡 RSI: 39.7 | MACD: -3.91 | ATR: 5.18
  📊 Filled: 0 | Pending: 0
  💰 Daily P&L: $+0.00

[2026-07-29 09:51] O:7401.25 H:7402.50 L:7399.00 C:7401.25 V:4211.0
  📈 Trend: strong_bearish | 🌍 Regime: trending_bearish
  🗺️  Grid: 0.085% | 🔺 7402.50 🔻 7398.25
  📡 RSI: 41.1 | MACD: -3.55 | ATR: 5.23
  📊 Filled: 0 | Pending: 0
  💰 Daily P&L: $+0.00

[2026-07-29 09:52] O:7401.50 H:7409.50 L:7401.25 C:7405.50 V:8163.0
  📈 Trend: strong_bearish | 🌍 Regime: trending_bearish
  🗺️  Grid: 0.088% | 🔺 7402.50 🔻 7399.00
  📡 RSI: 44.3 | MACD: -2.89 | ATR: 5.45
  📊 Filled: 0 | Pending: 0
  💰 Daily P&L: $+0.00

[2026-07-29 09:53] O:7405.25 H:7408.50 L:7404.50 C:7407.00 V:5143.0
  📈 Trend: strong_bearish | 🌍 Regime: trending_bearish
  🗺️  Grid: 0.084% | 🔺 7409.50 🔻 7401.25
  📡 RSI: 55.0 | MACD: -2.23 | ATR: 5.18
  📊 Filled: 0 | Pending: 0
  💰 Daily P&L: $+0.00

[2026-07-29 09:54] O:7407.00 H:7407.25 L:7403.00 C:7406.25 V:2591.0
  📈 Trend: strong_bearish | 🌍 Regime: trending_bearish
  🗺️  Grid: 0.080% | 🔺 7408.50 🔻 7404.50
  📡 RSI: 63.7 | MACD: -1.74 | ATR: 4.91
  📊 Filled: 0 | Pending: 0
  💰 Daily P&L: $+0.00

[2026-07-29 09:55] O:7406.25 H:7407.00 L:7401.50 C:7401.50 V:2286.0
  📈 Trend: strong_bearish | 🌍 Regime: trending_bearish
  🗺️  Grid: 0.080% | 🔺 7407.25 🔻 7403.00
  📡 RSI: 53.1 | MACD: -1.72 | ATR: 4.91
  📊 Filled: 0 | Pending: 0
  💰 Daily P&L: $+0.00

[2026-07-29 09:56] O:7401.75 H:7401.75 L:7399.50 C:7400.75 V:2995.0
  📈 Trend: strong_bearish | 🌍 Regime: trending_bearish
  🗺️  Grid: 0.080% | 🔺 7407.00 🔻 7401.50
  📡 RSI: 59.6 | MACD: -1.74 | ATR: 4.75
  📊 Filled: 0 | Pending: 0
  💰 Daily P&L: $+0.00

[2026-07-29 09:57] O:7400.75 H:7402.75 L:7398.50 C:7399.50 V:2714.0
  📈 Trend: strong_bearish | 🌍 Regime: trending_bearish
  🗺️  Grid: 0.080% | 🔺 7401.75 🔻 7399.50
  📡 RSI: 54.5 | MACD: -1.83 | ATR: 4.71
  📊 Filled: 0 | Pending: 0
  💰 Daily P&L: $+0.00

[2026-07-29 09:58] O:7399.50 H:7403.75 L:7399.00 C:7402.50 V:2355.0
  📈 Trend: strong_bearish | 🌍 Regime: trending_bearish
  🗺️  Grid: 0.080% | 🔺 7402.75 🔻 7398.50
  📡 RSI: 57.5 | MACD: -1.65 | ATR: 4.68
  📊 Filled: 0 | Pending: 0
  💰 Daily P&L: $+0.00

[2026-07-29 09:59] O:7402.50 H:7405.50 L:7402.50 C:7403.75 V:2630.0
  📈 Trend: strong_bearish (raw: moderate_bearish) | 🌍 Regime: trending_bearish
  🗺️  Grid: 0.080% | 🔺 7403.75 🔻 7399.00
  📡 RSI: 59.2 | MACD: -1.39 | ATR: 4.64
  📊 Filled: 0 | Pending: 0
  💰 Daily P&L: $+0.00

[2026-07-29 10:00] O:7403.75 H:7407.50 L:7400.00 C:7402.25 V:3980.0
  📈 Trend: moderate_bearish | 🌍 Regime: trending_bearish
  🗺️  Grid: 0.080% | 🔺 7405.50 🔻 7402.50
  📡 RSI: 52.1 | MACD: -1.29 | ATR: 4.73
  📊 Filled: 0 | Pending: 0
  💰 Daily P&L: $+0.00

[2026-07-29 10:01] O:7402.00 H:7407.25 L:7401.00 C:7407.25 V:3498.0
  📈 Trend: moderate_bearish | 🌍 Regime: trending_bearish
  🗺️  Grid: 0.080% | 🔺 7407.50 🔻 7400.00
  📡 RSI: 63.6 | MACD: -0.79 | ATR: 4.79
  📊 Filled: 0 | Pending: 0
  💰 Daily P&L: $+0.00

[2026-07-29 10:02] O:7407.00 H:7410.25 L:7406.75 C:7408.75 V:3907.0
  📈 Trend: moderate_bearish | 🌍 Regime: trending_bearish
  🗺️  Grid: 0.080% | 🔺 7407.25 🔻 7401.00
  📡 RSI: 70.4 | MACD: -0.28 | ATR: 4.73
  📊 Filled: 0 | Pending: 0
  💰 Daily P&L: $+0.00

[2026-07-29 10:03] O:7408.75 H:7411.25 L:7407.50 C:7408.75 V:2850.0
  📈 Trend: moderate_bearish (raw: moderate_bullish) | 🌍 Regime: trending_bullish
  🗺️  Grid: 0.080% | 🔺 7410.25 🔻 7406.75
  📡 RSI: 65.7 | MACD: 0.13 | ATR: 4.64
  📊 Filled: 0 | Pending: 0
  💰 Daily P&L: $+0.00

[2026-07-29 10:04] O:7408.75 H:7409.50 L:7406.50 C:7409.00 V:3285.0
  📈 Trend: moderate_bullish | 🌍 Regime: trending_bullish
  🗺️  Grid: 0.080% | 🔺 7411.25 🔻 7407.50
  📡 RSI: 64.4 | MACD: 0.47 | ATR: 4.55
  📊 Filled: 0 | Pending: 0
  💰 Daily P&L: $+0.00

[2026-07-29 10:05] O:7409.00 H:7409.50 L:7402.25 C:7405.50 V:3249.0
  📈 Trend: moderate_bullish | 🌍 Regime: trending_bullish
  🗺️  Grid: 0.080% | 🔺 7409.50 🔻 7406.50
  📡 RSI: 57.3 | MACD: 0.45 | ATR: 4.82
  📊 Filled: 0 | Pending: 0
  💰 Daily P&L: $+0.00

[2026-07-29 10:06] O:7405.25 H:7407.75 L:7405.00 C:7405.25 V:2888.0
  📈 Trend: moderate_bullish | 🌍 Regime: trending_bullish
  🗺️  Grid: 0.080% | 🔺 7409.50 🔻 7402.25
  📡 RSI: 49.5 | MACD: 0.41 | ATR: 4.43
  📊 Filled: 0 | Pending: 0
  💰 Daily P&L: $+0.00

[2026-07-29 10:07] O:7405.25 H:7409.75 L:7404.75 C:7409.25 V:2233.0
  📈 Trend: moderate_bullish | 🌍 Regime: trending_bullish
  🗺️  Grid: 0.080% | 🔺 7407.75 🔻 7405.00
  📡 RSI: 54.1 | MACD: 0.69 | ATR: 4.50
  📊 Filled: 0 | Pending: 0
  💰 Daily P&L: $+0.00

[2026-07-29 10:08] O:7409.50 H:7412.00 L:7407.75 C:7408.00 V:3079.0
  📈 Trend: moderate_bullish | 🌍 Regime: trending_bullish
  🗺️  Grid: 0.080% | 🔺 7409.75 🔻 7404.75
  📡 RSI: 53.1 | MACD: 0.80 | ATR: 4.50
  📊 Filled: 0 | Pending: 0
  💰 Daily P&L: $+0.00

[2026-07-29 10:09] O:7408.00 H:7412.00 L:7407.75 C:7411.75 V:2895.0
  📈 Trend: moderate_bullish | 🌍 Regime: trending_bullish
  🗺️  Grid: 0.080% | 🔺 7412.00 🔻 7407.75
  📡 RSI: 68.8 | MACD: 1.18 | ATR: 4.41
  📊 Filled: 0 | Pending: 0
  💰 Daily P&L: $+0.00

[2026-07-29 10:10] O:7411.75 H:7412.50 L:7408.00 C:7408.00 V:2928.0
  📈 Trend: moderate_bullish (raw: strong_bullish) | 🌍 Regime: trending_bullish
  🗺️  Grid: 0.080% | 🔺 7412.00 🔻 7407.75
  📡 RSI: 62.0 | MACD: 1.17 | ATR: 4.57
  📊 Filled: 0 | Pending: 0
  💰 Daily P&L: $+0.00

[2026-07-29 10:11] O:7408.00 H:7408.00 L:7401.00 C:7403.75 V:3306.0
  📈 Trend: moderate_bullish | 🌍 Regime: trending_bullish
  🗺️  Grid: 0.080% | 🔺 7412.50 🔻 7408.00
  📡 RSI: 56.4 | MACD: 0.80 | ATR: 4.77
  📊 Filled: 0 | Pending: 0
  💰 Daily P&L: $+0.00

[2026-07-29 10:12] O:7403.75 H:7406.50 L:7403.25 C:7405.00 V:2791.0
  📈 Trend: moderate_bullish | 🌍 Regime: trending_bullish
  🗺️  Grid: 0.080% | 🔺 7408.00 🔻 7401.00
  📡 RSI: 54.0 | MACD: 0.61 | ATR: 4.66
  📊 Filled: 0 | Pending: 0
  💰 Daily P&L: $+0.00

[2026-07-29 10:13] O:7404.75 H:7406.50 L:7403.00 C:7403.50 V:2365.0
  📈 Trend: moderate_bullish (raw: moderate_bearish) | 🌍 Regime: ranging
  🗺️  Grid: 0.080% | 🔺 7406.50 🔻 7403.25
  📡 RSI: 49.6 | MACD: 0.33 | ATR: 4.70
  📊 Filled: 0 | Pending: 0
  🔲 Regime: RANGING | Range pos: 10% | RSI: 49.6
  💰 Daily P&L: $+0.00

[2026-07-29 10:14] O:7403.75 H:7405.50 L:7400.75 C:7402.25 V:2313.0
  📈 Trend: moderate_bullish | 🌍 Regime: ranging
  🗺️  Grid: 0.080% | 🔺 7406.50 🔻 7403.00
  📡 RSI: 50.0 | MACD: 0.00 | ATR: 4.50
  📊 Filled: 0 | Pending: 0
  🔲 Regime: RANGING | Range pos: 9% | RSI: 50.0
  💰 Daily P&L: $+0.00

[2026-07-29 10:15] O:7402.25 H:7406.00 L:7401.00 C:7406.00 V:2326.0
  📈 Trend: moderate_bullish | 🌍 Regime: ranging
  🗺️  Grid: 0.080% | 🔺 7405.50 🔻 7400.75
  📡 RSI: 47.9 | MACD: 0.05 | ATR: 4.41
  📊 Filled: 0 | Pending: 0
  🔲 Regime: RANGING | Range pos: 12% | RSI: 47.9
  💰 Daily P&L: $+0.00

[2026-07-29 10:16] O:7406.00 H:7410.50 L:7404.75 C:7409.75 V:3263.0
  📈 Trend: moderate_bullish (raw: strong_bullish) | 🌍 Regime: ranging
  🗺️  Grid: 0.080% | 🔺 7406.00 🔻 7401.00
  📡 RSI: 51.5 | MACD: 0.39 | ATR: 4.57
  📊 Filled: 0 | Pending: 0
  🔲 Regime: RANGING | Range pos: 16% | RSI: 51.5
  💰 Daily P&L: $+0.00

[2026-07-29 10:17] O:7410.00 H:7410.25 L:7405.25 C:7407.75 V:2427.0
  📈 Trend: strong_bullish | 🌍 Regime: ranging
  🗺️  Grid: 0.080% | 🔺 7410.50 🔻 7404.75
  📡 RSI: 48.6 | MACD: 0.48 | ATR: 4.66
  📊 Filled: 0 | Pending: 0
  🔲 Regime: RANGING | Range pos: 14% | RSI: 48.6
  💰 Daily P&L: $+0.00

[2026-07-29 10:18] O:7407.75 H:7410.75 L:7407.50 C:7408.25 V:2160.0
  📈 Trend: strong_bullish | 🌍 Regime: ranging
  🗺️  Grid: 0.080% | 🔺 7410.25 🔻 7405.25
  📡 RSI: 48.9 | MACD: 0.60 | ATR: 4.68
  📊 Filled: 0 | Pending: 0
  🔲 Regime: RANGING | Range pos: 14% | RSI: 48.9
  💰 Daily P&L: $+0.00

[2026-07-29 10:19] O:7408.25 H:7408.75 L:7401.00 C:7401.25 V:2258.0
  📈 Trend: strong_bullish (raw: moderate_bearish) | 🌍 Regime: ranging
  🗺️  Grid: 0.080% | 🔺 7410.75 🔻 7407.50
  📡 RSI: 44.4 | MACD: 0.12 | ATR: 4.71
  📊 Filled: 0 | Pending: 0
  🔲 Regime: RANGING | Range pos: 8% | RSI: 44.4
  💰 Daily P&L: $+0.00

[2026-07-29 10:20] O:7401.50 H:7403.00 L:7399.25 C:7402.50 V:2411.0
  📈 Trend: strong_bullish (raw: strong_bearish) | 🌍 Regime: ranging
  🗺️  Grid: 0.080% | 🔺 7408.75 🔻 7401.00
  📡 RSI: 46.5 | MACD: -0.16 | ATR: 4.79
  📊 Filled: 0 | Pending: 0
  🔲 Regime: RANGING | Range pos: 9% | RSI: 46.5
  💰 Daily P&L: $+0.00

[2026-07-29 10:21] O:7402.50 H:7403.25 L:7400.50 C:7403.00 V:1866.0
  📈 Trend: strong_bearish | 🌍 Regime: ranging
  🗺️  Grid: 0.080% | 🔺 7403.00 🔻 7399.25
  📡 RSI: 41.3 | MACD: -0.33 | ATR: 4.62
  📊 Filled: 0 | Pending: 0
  🔲 Regime: RANGING | Range pos: 9% | RSI: 41.3
  💰 Daily P&L: $+0.00

[2026-07-29 10:22] O:7403.25 H:7403.25 L:7400.00 C:7402.50 V:2409.0
  📈 Trend: strong_bearish | 🌍 Regime: ranging
  🗺️  Grid: 0.080% | 🔺 7403.25 🔻 7400.50
  📡 RSI: 42.1 | MACD: -0.50 | ATR: 4.55
  📊 Filled: 0 | Pending: 0
  🔲 Regime: RANGING | Range pos: 9% | RSI: 42.1
  💰 Daily P&L: $+0.00

[2026-07-29 10:23] O:7402.75 H:7405.50 L:7402.00 C:7405.25 V:2402.0
  📈 Trend: strong_bearish | 🌍 Regime: ranging
  🗺️  Grid: 0.080% | 🔺 7403.25 🔻 7400.00
  📡 RSI: 40.4 | MACD: -0.42 | ATR: 4.50
  📊 Filled: 0 | Pending: 0
  🔲 Regime: RANGING | Range pos: 11% | RSI: 40.4
  💰 Daily P&L: $+0.00

[2026-07-29 10:24] O:7405.25 H:7406.25 L:7403.00 C:7406.00 V:1888.0
  📈 Trend: strong_bearish (raw: moderate_bullish) | 🌍 Regime: ranging
  🗺️  Grid: 0.080% | 🔺 7405.50 🔻 7402.00
  📡 RSI: 46.8 | MACD: -0.28 | ATR: 4.41
  📊 Filled: 0 | Pending: 0
  🔲 Regime: RANGING | Range pos: 12% | RSI: 46.8
  💰 Daily P&L: $+0.00

[2026-07-29 10:25] O:7405.75 H:7406.75 L:7401.75 C:7405.25 V:2110.0
  📈 Trend: strong_bearish | 🌍 Regime: ranging
  🗺️  Grid: 0.080% | 🔺 7406.25 🔻 7403.00
  📡 RSI: 52.7 | MACD: -0.23 | ATR: 4.27
  📊 Filled: 0 | Pending: 0
  🔲 Regime: RANGING | Range pos: 11% | RSI: 52.7
  💰 Daily P&L: $+0.00

[2026-07-29 10:26] O:7405.25 H:7407.75 L:7399.75 C:7402.00 V:2275.0
  📈 Trend: strong_bearish | 🌍 Regime: ranging
  🗺️  Grid: 0.080% | 🔺 7406.75 🔻 7401.75
  📡 RSI: 44.9 | MACD: -0.45 | ATR: 4.61
  📊 Filled: 0 | Pending: 0
  🔲 Regime: RANGING | Range pos: 8% | RSI: 44.9
  💰 Daily P&L: $+0.00

[2026-07-29 10:27] O:7402.25 H:7403.75 L:7400.25 C:7400.50 V:1473.0
  📈 Trend: strong_bearish | 🌍 Regime: ranging
  🗺️  Grid: 0.080% | 🔺 7407.75 🔻 7399.75
  📡 RSI: 44.9 | MACD: -0.74 | ATR: 4.61
  📊 Filled: 0 | Pending: 0
  🔲 Regime: RANGING | Range pos: 7% | RSI: 44.9
  💰 Daily P&L: $+0.00

[2026-07-29 10:28] O:7400.75 H:7403.00 L:7400.25 C:7401.50 V:2003.0
  📈 Trend: strong_bearish | 🌍 Regime: ranging
  🗺️  Grid: 0.080% | 🔺 7403.75 🔻 7400.25
  📡 RSI: 48.7 | MACD: -0.87 | ATR: 4.46
  📊 Filled: 0 | Pending: 0
  🔲 Regime: RANGING | Range pos: 8% | RSI: 48.7
  💰 Daily P&L: $+0.00

[2026-07-29 10:29] O:7401.75 H:7402.50 L:7399.00 C:7400.00 V:2315.0
  📈 Trend: strong_bearish | 🌍 Regime: ranging
  🗺️  Grid: 0.080% | 🔺 7403.00 🔻 7400.25
  📡 RSI: 38.9 | MACD: -1.09 | ATR: 4.36
  📊 Filled: 0 | Pending: 0
  🔲 Regime: RANGING | Range pos: 6% | RSI: 38.9
  💰 Daily P&L: $+0.00

[2026-07-29 10:30] O:7400.25 H:7402.00 L:7398.50 C:7401.25 V:2918.0
  📈 Trend: strong_bearish | 🌍 Regime: ranging
  🗺️  Grid: 0.080% | 🔺 7402.50 🔻 7399.00
  📡 RSI: 32.7 | MACD: -1.14 | ATR: 4.20
  📊 Filled: 0 | Pending: 0
  🔲 Regime: RANGING | Range pos: 8% | RSI: 32.7
  🚫 Raw trend blocks RANGING LONG | raw: strong_bearish
  💰 Daily P&L: $+0.00

[2026-07-29 10:31] O:7401.25 H:7402.50 L:7399.50 C:7402.50 V:1716.0
  📈 Trend: strong_bearish | 🌍 Regime: ranging
  🗺️  Grid: 0.080% | 🔺 7402.00 🔻 7398.50
  📡 RSI: 38.9 | MACD: -1.08 | ATR: 4.05
  📊 Filled: 0 | Pending: 0
  🔲 Regime: RANGING | Range pos: 9% | RSI: 38.9
  💰 Daily P&L: $+0.00

[2026-07-29 10:32] O:7402.75 H:7404.50 L:7401.75 C:7402.75 V:2933.0
  📈 Trend: strong_bearish | 🌍 Regime: ranging
  🗺️  Grid: 0.080% | 🔺 7402.50 🔻 7399.50
  📡 RSI: 38.3 | MACD: -0.99 | ATR: 4.02
  📊 Filled: 0 | Pending: 0
  🔲 Regime: RANGING | Range pos: 9% | RSI: 38.3
  💰 Daily P&L: $+0.00

[2026-07-29 10:33] O:7402.75 H:7405.75 L:7401.00 C:7404.00 V:2317.0
  📈 Trend: strong_bearish | 🌍 Regime: ranging
  🗺️  Grid: 0.080% | 🔺 7404.50 🔻 7401.75
  📡 RSI: 57.7 | MACD: -0.81 | ATR: 3.80
  📊 Filled: 0 | Pending: 0
  🔲 Regime: RANGING | Range pos: 10% | RSI: 57.7
  💰 Daily P&L: $+0.00

[2026-07-29 10:34] O:7404.00 H:7405.50 L:7399.50 C:7401.50 V:2570.0
  📈 Trend: strong_bearish | 🌍 Regime: ranging
  🗺️  Grid: 0.080% | 🔺 7405.75 🔻 7401.00
  📡 RSI: 47.4 | MACD: -0.86 | ATR: 3.96
  📊 Filled: 0 | Pending: 0
  🔲 Regime: RANGING | Range pos: 8% | RSI: 47.4
  💰 Daily P&L: $+0.00

[2026-07-29 10:35] O:7401.50 H:7404.50 L:7400.00 C:7404.00 V:2373.0
  📈 Trend: strong_bearish | 🌍 Regime: ranging
  🗺️  Grid: 0.080% | 🔺 7405.50 🔻 7399.50
  📡 RSI: 52.4 | MACD: -0.69 | ATR: 4.09
  📊 Filled: 0 | Pending: 0
  🔲 Regime: RANGING | Range pos: 10% | RSI: 52.4
  💰 Daily P&L: $+0.00

[2026-07-29 10:36] O:7404.25 H:7404.75 L:7401.50 C:7403.75 V:2192.0
  📈 Trend: strong_bearish | 🌍 Regime: trending_bearish
  🗺️  Grid: 0.080% | 🔺 7404.50 🔻 7400.00
  📡 RSI: 53.0 | MACD: -0.57 | ATR: 4.09
  📊 Filled: 0 | Pending: 0
  💰 Daily P&L: $+0.00

[2026-07-29 10:37] O:7404.00 H:7405.50 L:7401.50 C:7402.50 V:2018.0
  📈 Trend: strong_bearish | 🌍 Regime: trending_bearish
  🗺️  Grid: 0.080% | 🔺 7404.75 🔻 7401.50
  📡 RSI: 42.9 | MACD: -0.57 | ATR: 4.12
  📊 Filled: 0 | Pending: 0
  💰 Daily P&L: $+0.00

[2026-07-29 10:38] O:7402.75 H:7404.50 L:7399.25 C:7399.75 V:2082.0
  📈 Trend: strong_bearish | 🌍 Regime: trending_bearish
  🗺️  Grid: 0.080% | 🔺 7405.50 🔻 7401.50
  📡 RSI: 35.3 | MACD: -0.78 | ATR: 4.27
  📊 Filled: 0 | Pending: 0
  💰 Daily P&L: $+0.00

[2026-07-29 10:39] O:7399.75 H:7400.00 L:7395.50 C:7395.75 V:2822.0
  📈 Trend: strong_bearish | 🌍 Regime: trending_bearish
  🗺️  Grid: 0.080% | 🔺 7404.50 🔻 7399.25
  📡 RSI: 30.6 | MACD: -1.26 | ATR: 4.23
  📊 Filled: 0 | Pending: 0
  💰 Daily P&L: $+0.00

[2026-07-29 10:40] O:7395.75 H:7398.00 L:7395.00 C:7396.50 V:2500.0
  📈 Trend: strong_bearish | 🌍 Regime: trending_bearish
  🗺️  Grid: 0.080% | 🔺 7400.00 🔻 7395.50
  📡 RSI: 37.5 | MACD: -1.56 | ATR: 3.88
  📊 Filled: 0 | Pending: 0
  💰 Daily P&L: $+0.00

[2026-07-29 10:41] O:7396.75 H:7400.00 L:7396.50 C:7398.75 V:1904.0
  📈 Trend: strong_bearish | 🌍 Regime: trending_bearish
  🗺️  Grid: 0.080% | 🔺 7398.00 🔻 7395.00
  📡 RSI: 46.2 | MACD: -1.59 | ATR: 3.88
  📊 Filled: 0 | Pending: 0
  💰 Daily P&L: $+0.00

[2026-07-29 10:42] O:7398.75 H:7400.25 L:7395.50 C:7395.50 V:1707.0
  📈 Trend: strong_bearish | 🌍 Regime: trending_bearish
  🗺️  Grid: 0.080% | 🔺 7400.00 🔻 7396.50
  📡 RSI: 38.0 | MACD: -1.86 | ATR: 4.02
  📊 Filled: 0 | Pending: 0
  💰 Daily P&L: $+0.00

[2026-07-29 10:43] O:7395.50 H:7396.00 L:7393.00 C:7393.00 V:1934.0
  📈 Trend: strong_bearish | 🌍 Regime: trending_bearish
  🗺️  Grid: 0.080% | 🔺 7400.25 🔻 7395.50
  📡 RSI: 36.5 | MACD: -2.25 | ATR: 3.98
  📊 Filled: 0 | Pending: 0
  💰 Daily P&L: $+0.00

[2026-07-29 10:44] O:7393.00 H:7396.50 L:7393.00 C:7395.75 V:2139.0
  📈 Trend: strong_bearish | 🌍 Regime: trending_bearish
  🗺️  Grid: 0.080% | 🔺 7396.00 🔻 7393.00
  📡 RSI: 40.0 | MACD: -2.31 | ATR: 3.98
  📊 Filled: 0 | Pending: 0
  💰 Daily P&L: $+0.00

[2026-07-29 10:45] O:7395.50 H:7397.25 L:7393.50 C:7395.00 V:2955.0
  📈 Trend: strong_bearish | 🌍 Regime: trending_bearish
  🗺️  Grid: 0.080% | 🔺 7396.50 🔻 7393.00
  📡 RSI: 36.1 | MACD: -2.40 | ATR: 4.04
  📊 Filled: 0 | Pending: 0
  💰 Daily P&L: $+0.00

[2026-07-29 10:46] O:7395.25 H:7398.25 L:7395.00 C:7397.00 V:2108.0
  📈 Trend: strong_bearish | 🌍 Regime: trending_bearish
  🗺️  Grid: 0.080% | 🔺 7397.25 🔻 7393.50
  📡 RSI: 40.0 | MACD: -2.27 | ATR: 4.07
  📊 Filled: 0 | Pending: 0
  💰 Daily P&L: $+0.00

[2026-07-29 10:47] O:7396.75 H:7399.50 L:7396.25 C:7398.75 V:2632.0
  📈 Trend: strong_bearish | 🌍 Regime: trending_bearish
  🗺️  Grid: 0.080% | 🔺 7398.25 🔻 7395.00
  📡 RSI: 41.0 | MACD: -2.01 | ATR: 3.96
  📊 Filled: 0 | Pending: 0
  💰 Daily P&L: $+0.00

[2026-07-29 10:48] O:7398.75 H:7400.50 L:7397.50 C:7398.00 V:2033.0
  📈 Trend: strong_bearish | 🌍 Regime: trending_bearish
  🗺️  Grid: 0.080% | 🔺 7399.50 🔻 7396.25
  📡 RSI: 43.6 | MACD: -1.84 | ATR: 3.75
  📊 Filled: 0 | Pending: 0
  💰 Daily P&L: $+0.00

[2026-07-29 10:49] O:7398.00 H:7400.75 L:7397.25 C:7400.00 V:2159.0
  📈 Trend: strong_bearish | 🌍 Regime: trending_bearish
  🗺️  Grid: 0.080% | 🔺 7400.50 🔻 7397.50
  📡 RSI: 42.6 | MACD: -1.53 | ATR: 3.68
  📊 Filled: 0 | Pending: 0
  💰 Daily P&L: $+0.00

[2026-07-29 10:50] O:7400.00 H:7401.50 L:7397.00 C:7399.25 V:1954.0
  📈 Trend: strong_bearish | 🌍 Regime: trending_bearish
  🗺️  Grid: 0.080% | 🔺 7400.75 🔻 7397.25
  📡 RSI: 41.8 | MACD: -1.33 | ATR: 3.77
  📊 Filled: 0 | Pending: 0
  💰 Daily P&L: $+0.00

[2026-07-29 10:51] O:7399.00 H:7400.00 L:7397.50 C:7398.50 V:1839.0
  📈 Trend: strong_bearish | 🌍 Regime: trending_bearish
  🗺️  Grid: 0.080% | 🔺 7401.50 🔻 7397.00
  📡 RSI: 42.6 | MACD: -1.21 | ATR: 3.66
  📊 Filled: 0 | Pending: 0
  💰 Daily P&L: $+0.00

[2026-07-29 10:52] O:7398.25 H:7399.50 L:7396.25 C:7399.25 V:2391.0
  📈 Trend: strong_bearish | 🌍 Regime: trending_bearish
  🗺️  Grid: 0.080% | 🔺 7400.00 🔻 7397.50
  📡 RSI: 49.0 | MACD: -1.05 | ATR: 3.52
  📊 Filled: 0 | Pending: 0
  💰 Daily P&L: $+0.00

[2026-07-29 10:53] O:7399.25 H:7399.50 L:7395.25 C:7396.50 V:1588.0
  📈 Trend: strong_bearish | 🌍 Regime: trending_bearish
  🗺️  Grid: 0.080% | 🔺 7399.50 🔻 7396.25
  📡 RSI: 51.6 | MACD: -1.13 | ATR: 3.50
  📊 Filled: 0 | Pending: 0
  💰 Daily P&L: $+0.00

[2026-07-29 10:54] O:7396.25 H:7396.50 L:7390.25 C:7390.25 V:3750.0
  📈 Trend: strong_bearish | 🌍 Regime: trending_bearish
  🗺️  Grid: 0.080% | 🔺 7399.50 🔻 7395.25
  📡 RSI: 39.3 | MACD: -1.68 | ATR: 3.73
  📊 Filled: 0 | Pending: 0
  💰 Daily P&L: $+0.00

[2026-07-29 10:55] O:7390.50 H:7390.75 L:7386.75 C:7387.75 V:4193.0
  📈 Trend: strong_bearish | 🌍 Regime: trending_bearish
  🗺️  Grid: 0.080% | 🔺 7396.50 🔻 7390.25
  📡 RSI: 31.4 | MACD: -2.29 | ATR: 3.77
  📊 Filled: 0 | Pending: 0
  💰 Daily P&L: $+0.00

[2026-07-29 10:56] O:7388.00 H:7389.50 L:7385.75 C:7389.25 V:2911.0
  📈 Trend: strong_bearish | 🌍 Regime: trending_bearish
  🗺️  Grid: 0.080% | 🔺 7390.75 🔻 7386.75
  📡 RSI: 38.7 | MACD: -2.62 | ATR: 3.70
  📊 Filled: 0 | Pending: 0
  💰 Daily P&L: $+0.00

[2026-07-29 10:57] O:7389.50 H:7390.50 L:7388.25 C:7389.50 V:2413.0
  📈 Trend: strong_bearish | 🌍 Regime: trending_bearish
  🗺️  Grid: 0.080% | 🔺 7389.50 🔻 7385.75
  📡 RSI: 43.1 | MACD: -2.83 | ATR: 3.64
  📊 Filled: 0 | Pending: 0
  💰 Daily P&L: $+0.00

[2026-07-29 10:58] O:7389.50 H:7391.25 L:7388.50 C:7390.75 V:2017.0
  📈 Trend: strong_bearish | 🌍 Regime: trending_bearish
  🗺️  Grid: 0.080% | 🔺 7390.50 🔻 7388.25
  📡 RSI: 39.6 | MACD: -2.86 | ATR: 3.59
  📊 Filled: 0 | Pending: 0
  💰 Daily P&L: $+0.00

[2026-07-29 10:59] O:7391.00 H:7394.50 L:7390.00 C:7393.00 V:2839.0
  📈 Trend: strong_bearish | 🌍 Regime: trending_bearish
  🗺️  Grid: 0.080% | 🔺 7391.25 🔻 7388.50
  📡 RSI: 46.1 | MACD: -2.68 | ATR: 3.64
  📊 Filled: 0 | Pending: 0
  💰 Daily P&L: $+0.00

[2026-07-29 11:00] O:7393.25 H:7396.00 L:7389.25 C:7389.25 V:3802.0
  📈 Trend: strong_bearish | 🌍 Regime: trending_bearish
  🗺️  Grid: 0.080% | 🔺 7394.50 🔻 7390.00
  📡 RSI: 35.8 | MACD: -2.80 | ATR: 3.89
  📊 Filled: 0 | Pending: 0
  💰 Daily P&L: $+0.00

[2026-07-29 11:01] O:7389.50 H:7391.00 L:7386.75 C:7387.25 V:2397.0
  📈 Trend: strong_bearish | 🌍 Regime: trending_bearish
  🗺️  Grid: 0.080% | 🔺 7396.00 🔻 7389.25
  📡 RSI: 29.1 | MACD: -3.02 | ATR: 3.96
  📊 Filled: 0 | Pending: 0
  💰 Daily P&L: $+0.00

[2026-07-29 11:02] O:7387.25 H:7388.75 L:7386.25 C:7387.25 V:1832.0
  📈 Trend: strong_bearish | 🌍 Regime: trending_bearish
  🗺️  Grid: 0.080% | 🔺 7391.00 🔻 7386.75
  📡 RSI: 29.9 | MACD: -3.16 | ATR: 3.93
  📊 Filled: 0 | Pending: 0
  💰 Daily P&L: $+0.00

[2026-07-29 11:03] O:7387.50 H:7388.25 L:7386.50 C:7386.75 V:1284.0
  📈 Trend: strong_bearish | 🌍 Regime: trending_bearish
  🗺️  Grid: 0.080% | 🔺 7388.75 🔻 7386.25
  📡 RSI: 23.8 | MACD: -3.28 | ATR: 3.80
  📊 Filled: 0 | Pending: 0
  💰 Daily P&L: $+0.00

[2026-07-29 11:04] O:7386.75 H:7387.00 L:7382.25 C:7383.75 V:3879.0
  📈 Trend: strong_bearish | 🌍 Regime: trending_bearish
  🗺️  Grid: 0.080% | 🔺 7388.25 🔻 7386.50
  📡 RSI: 21.8 | MACD: -3.57 | ATR: 3.82
  📊 Filled: 0 | Pending: 0
  💰 Daily P&L: $+0.00

[2026-07-29 11:05] O:7383.75 H:7384.00 L:7377.50 C:7380.00 V:5786.0
  📈 Trend: strong_bearish | 🌍 Regime: trending_bearish
  🗺️  Grid: 0.080% | 🔺 7387.00 🔻 7382.25
  📡 RSI: 19.7 | MACD: -4.06 | ATR: 4.11
  📊 Filled: 0 | Pending: 0
  💰 Daily P&L: $+0.00

[2026-07-29 11:06] O:7380.00 H:7382.50 L:7378.75 C:7380.75 V:3003.0
  📈 Trend: strong_bearish | 🌍 Regime: trending_bearish
  🗺️  Grid: 0.080% | 🔺 7384.00 🔻 7377.50
  📡 RSI: 19.7 | MACD: -4.33 | ATR: 4.14
  📊 Filled: 0 | Pending: 0
  💰 Daily P&L: $+0.00

[2026-07-29 11:07] O:7380.75 H:7382.50 L:7379.75 C:7382.00 V:2060.0
  📈 Trend: strong_bearish | 🌍 Regime: trending_bearish
  🗺️  Grid: 0.080% | 🔺 7382.50 🔻 7378.75
  📡 RSI: 25.0 | MACD: -4.40 | ATR: 4.04
  📊 Filled: 0 | Pending: 0
  💰 Daily P&L: $+0.00

[2026-07-29 11:08] O:7382.25 H:7383.75 L:7380.75 C:7383.00 V:2692.0
  📈 Trend: strong_bearish | 🌍 Regime: trending_bearish
  🗺️  Grid: 0.080% | 🔺 7382.50 🔻 7379.75
  📡 RSI: 34.7 | MACD: -4.32 | ATR: 3.80
  📊 Filled: 0 | Pending: 0
  💰 Daily P&L: $+0.00

[2026-07-29 11:09] O:7382.75 H:7383.25 L:7380.50 C:7382.50 V:1770.0
  📈 Trend: strong_bearish | 🌍 Regime: trending_bearish
  🗺️  Grid: 0.080% | 🔺 7383.75 🔻 7380.75
  📡 RSI: 37.9 | MACD: -4.25 | ATR: 3.71
  📊 Filled: 0 | Pending: 0
  💰 Daily P&L: $+0.00

[2026-07-29 11:10] O:7382.50 H:7383.00 L:7381.00 C:7382.00 V:1949.0
  📈 Trend: strong_bearish | 🌍 Regime: trending_bearish
  🗺️  Grid: 0.080% | 🔺 7383.25 🔻 7380.50
  📡 RSI: 32.5 | MACD: -4.19 | ATR: 3.59
  📊 Filled: 0 | Pending: 0
  💰 Daily P&L: $+0.00

[2026-07-29 11:11] O:7382.00 H:7382.75 L:7379.75 C:7380.50 V:1746.0
  📈 Trend: strong_bearish | 🌍 Regime: trending_bearish
  🗺️  Grid: 0.080% | 🔺 7383.00 🔻 7381.00
  📡 RSI: 29.5 | MACD: -4.21 | ATR: 3.64
  📊 Filled: 0 | Pending: 0
  💰 Daily P&L: $+0.00

[2026-07-29 11:12] O:7380.50 H:7382.75 L:7380.50 C:7380.50 V:1661.0
  📈 Trend: strong_bearish | 🌍 Regime: trending_bearish
  🗺️  Grid: 0.080% | 🔺 7382.75 🔻 7379.75
  📡 RSI: 25.3 | MACD: -4.18 | ATR: 3.61
  📊 Filled: 0 | Pending: 0
  💰 Daily P&L: $+0.00

[2026-07-29 11:13] O:7380.75 H:7382.25 L:7380.00 C:7380.50 V:1680.0
  📈 Trend: strong_bearish | 🌍 Regime: trending_bearish
  🗺️  Grid: 0.080% | 🔺 7382.75 🔻 7380.50
  📡 RSI: 16.2 | MACD: -4.11 | ATR: 3.45
  📊 Filled: 0 | Pending: 0
  💰 Daily P&L: $+0.00

[2026-07-29 11:14] O:7380.50 H:7381.50 L:7375.50 C:7375.50 V:2365.0
  📈 Trend: strong_bearish | 🌍 Regime: trending_bearish
  🗺️  Grid: 0.080% | 🔺 7382.25 🔻 7380.00
  📡 RSI: 15.2 | MACD: -4.40 | ATR: 3.39
  📊 Filled: 0 | Pending: 0
  💰 Daily P&L: $+0.00

[2026-07-29 11:15] O:7375.50 H:7377.00 L:7371.75 C:7376.25 V:4918.0
  📈 Trend: strong_bearish | 🌍 Regime: trending_bearish
  🗺️  Grid: 0.080% | 🔺 7381.50 🔻 7375.50
  📡 RSI: 20.3 | MACD: -4.52 | ATR: 3.46
  📊 Filled: 0 | Pending: 0
  💰 Daily P&L: $+0.00

[2026-07-29 11:16] O:7376.00 H:7376.50 L:7374.00 C:7376.00 V:2219.0
  📈 Trend: strong_bearish | 🌍 Regime: trending_bearish
  🗺️  Grid: 0.080% | 🔺 7377.00 🔻 7371.75
  📡 RSI: 20.0 | MACD: -4.59 | ATR: 3.46
  📊 Filled: 0 | Pending: 0
  💰 Daily P&L: $+0.00

[2026-07-29 11:17] O:7376.00 H:7378.25 L:7374.75 C:7377.50 V:2281.0
  📈 Trend: strong_bearish | 🌍 Regime: trending_bearish
  🗺️  Grid: 0.080% | 🔺 7376.50 🔻 7374.00
  📡 RSI: 26.6 | MACD: -4.47 | ATR: 3.59
  📊 Filled: 0 | Pending: 0
  💰 Daily P&L: $+0.00

[2026-07-29 11:18] O:7377.25 H:7378.50 L:7375.75 C:7378.25 V:2318.0
  📈 Trend: strong_bearish | 🌍 Regime: trending_bearish
  🗺️  Grid: 0.080% | 🔺 7378.25 🔻 7374.75
  📡 RSI: 34.3 | MACD: -4.26 | ATR: 3.45
  📊 Filled: 0 | Pending: 0
  💰 Daily P&L: $+0.00

[2026-07-29 11:19] O:7378.00 H:7379.00 L:7377.00 C:7377.75 V:1320.0
  📈 Trend: strong_bearish | 🌍 Regime: trending_bearish
  🗺️  Grid: 0.080% | 🔺 7378.50 🔻 7375.75
  📡 RSI: 42.1 | MACD: -4.09 | ATR: 3.12
  📊 Filled: 0 | Pending: 0
  💰 Daily P&L: $+0.00

[2026-07-29 11:20] O:7377.75 H:7380.50 L:7376.25 C:7380.50 V:1941.0
  📈 Trend: strong_bearish | 🌍 Regime: trending_bearish
  🗺️  Grid: 0.080% | 🔺 7379.00 🔻 7377.00
  📡 RSI: 49.2 | MACD: -3.69 | ATR: 3.16
  📊 Filled: 0 | Pending: 0
  💰 Daily P&L: $+0.00

[2026-07-29 11:21] O:7380.50 H:7382.50 L:7380.25 C:7380.75 V:2257.0
  📈 Trend: strong_bearish | 🌍 Regime: trending_bearish
  🗺️  Grid: 0.080% | 🔺 7380.50 🔻 7376.25
  📡 RSI: 45.9 | MACD: -3.32 | ATR: 3.12
  📊 Filled: 0 | Pending: 0
  💰 Daily P&L: $+0.00

[2026-07-29 11:22] O:7380.75 H:7385.50 L:7380.75 C:7385.00 V:2193.0
  📈 Trend: strong_bearish | 🌍 Regime: trending_bearish
  🗺️  Grid: 0.080% | 🔺 7382.50 🔻 7380.25
  📡 RSI: 55.4 | MACD: -2.64 | ATR: 3.25
  📊 Filled: 0 | Pending: 0
  💰 Daily P&L: $+0.00

[2026-07-29 11:23] O:7385.25 H:7391.50 L:7384.50 C:7388.00 V:6428.0
  📈 Trend: strong_bearish (raw: moderate_bearish) | 🌍 Regime: trending_bearish
  🗺️  Grid: 0.080% | 🔺 7385.50 🔻 7380.75
  📡 RSI: 63.1 | MACD: -1.85 | ATR: 3.55
  📊 Filled: 0 | Pending: 0
  💰 Daily P&L: $+0.00

[2026-07-29 11:24] O:7388.00 H:7389.50 L:7386.75 C:7388.75 V:2652.0
  📈 Trend: moderate_bearish | 🌍 Regime: trending_bearish
  🗺️  Grid: 0.080% | 🔺 7391.50 🔻 7384.50
  📡 RSI: 65.9 | MACD: -1.15 | ATR: 3.61
  📊 Filled: 0 | Pending: 0
  💰 Daily P&L: $+0.00

[2026-07-29 11:25] O:7389.00 H:7391.75 L:7388.75 C:7389.50 V:1817.0
  📈 Trend: moderate_bearish | 🌍 Regime: trending_bearish
  🗺️  Grid: 0.080% | 🔺 7389.50 🔻 7386.75
  📡 RSI: 72.0 | MACD: -0.52 | ATR: 3.61
  📊 Filled: 0 | Pending: 0
  💰 Daily P&L: $+0.00

[2026-07-29 11:26] O:7389.50 H:7392.25 L:7388.25 C:7392.00 V:2075.0
  📈 Trend: moderate_bearish (raw: moderate_bullish) | 🌍 Regime: trending_bullish
  🗺️  Grid: 0.080% | 🔺 7391.75 🔻 7388.75
  📡 RSI: 75.0 | MACD: 0.17 | ATR: 3.73
  📊 Filled: 0 | Pending: 0
  💰 Daily P&L: $+0.00

[2026-07-29 11:27] O:7392.00 H:7392.50 L:7390.25 C:7391.00 V:1810.0
  📈 Trend: moderate_bullish | 🌍 Regime: trending_bullish
  🗺️  Grid: 0.080% | 🔺 7392.25 🔻 7388.25
  📡 RSI: 71.9 | MACD: 0.63 | ATR: 3.73
  📊 Filled: 0 | Pending: 0
  💰 Daily P&L: $+0.00

[2026-07-29 11:28] O:7391.00 H:7393.50 L:7389.25 C:7393.25 V:1831.0
  📈 Trend: moderate_bullish | 🌍 Regime: trending_bullish
  🗺️  Grid: 0.080% | 🔺 7392.50 🔻 7390.25
  📡 RSI: 91.8 | MACD: 1.17 | ATR: 3.61
  📊 Filled: 0 | Pending: 0
  💰 Daily P&L: $+0.00

[2026-07-29 11:29] O:7393.00 H:7394.75 L:7392.50 C:7394.00 V:1783.0
  📈 Trend: moderate_bullish | 🌍 Regime: trending_bullish
  🗺️  Grid: 0.080% | 🔺 7393.50 🔻 7389.25
  📡 RSI: 91.8 | MACD: 1.63 | ATR: 3.39
  📊 Filled: 0 | Pending: 0
  💰 Daily P&L: $+0.00

[2026-07-29 11:30] O:7393.75 H:7398.75 L:7393.25 C:7397.00 V:3433.0
  📈 Trend: moderate_bullish | 🌍 Regime: trending_bullish
  🗺️  Grid: 0.080% | 🔺 7394.75 🔻 7392.50
  📡 RSI: 93.8 | MACD: 2.22 | ATR: 3.61
  📊 Filled: 0 | Pending: 0
  💰 Daily P&L: $+0.00

[2026-07-29 11:31] O:7397.00 H:7397.75 L:7393.75 C:7395.25 V:2231.0
  📈 Trend: moderate_bullish | 🌍 Regime: trending_bullish
  🗺️  Grid: 0.080% | 🔺 7398.75 🔻 7393.25
  📡 RSI: 86.6 | MACD: 2.51 | ATR: 3.64
  📊 Filled: 0 | Pending: 0
  💰 Daily P&L: $+0.00

[2026-07-29 11:32] O:7395.50 H:7395.75 L:7390.75 C:7391.75 V:1928.0
  📈 Trend: moderate_bullish | 🌍 Regime: trending_bullish
  🗺️  Grid: 0.080% | 🔺 7397.75 🔻 7393.75
  📡 RSI: 75.0 | MACD: 2.44 | ATR: 3.80
  📊 Filled: 0 | Pending: 0
  💰 Daily P&L: $+0.00

[2026-07-29 11:33] O:7392.00 H:7394.00 L:7391.25 C:7392.75 V:1826.0
  📈 Trend: moderate_bullish | 🌍 Regime: trending_bullish
  🗺️  Grid: 0.080% | 🔺 7395.75 🔻 7390.75
  📡 RSI: 77.3 | MACD: 2.43 | ATR: 3.86
  📊 Filled: 0 | Pending: 0
  💰 Daily P&L: $+0.00

[2026-07-29 11:34] O:7393.00 H:7395.00 L:7389.50 C:7389.50 V:2346.0
  📈 Trend: moderate_bullish | 🌍 Regime: trending_bullish
  🗺️  Grid: 0.080% | 🔺 7394.00 🔻 7391.25
  📡 RSI: 66.1 | MACD: 2.13 | ATR: 3.95
  📊 Filled: 0 | Pending: 0
  💰 Daily P&L: $+0.00

[2026-07-29 11:35] O:7389.50 H:7390.25 L:7386.25 C:7388.00 V:2119.0
  📈 Trend: moderate_bullish | 🌍 Regime: trending_bullish
  🗺️  Grid: 0.080% | 🔺 7395.00 🔻 7389.50
  📡 RSI: 62.4 | MACD: 1.76 | ATR: 4.07
  📊 Filled: 0 | Pending: 0
  💰 Daily P&L: $+0.00

[2026-07-29 11:36] O:7388.25 H:7389.25 L:7385.25 C:7386.00 V:1610.0
  📈 Trend: moderate_bullish | 🌍 Regime: trending_bullish
  🗺️  Grid: 0.080% | 🔺 7390.25 🔻 7386.25
  📡 RSI: 51.9 | MACD: 1.29 | ATR: 4.02
  📊 Filled: 0 | Pending: 0
  💰 Daily P&L: $+0.00

[2026-07-29 11:37] O:7386.25 H:7389.75 L:7386.00 C:7389.25 V:2043.0
  📈 Trend: moderate_bullish | 🌍 Regime: trending_bullish
  🗺️  Grid: 0.080% | 🔺 7389.25 🔻 7385.25
  📡 RSI: 52.3 | MACD: 1.16 | ATR: 3.79
  📊 Filled: 0 | Pending: 0
  💰 Daily P&L: $+0.00

[2026-07-29 11:38] O:7389.00 H:7390.75 L:7388.00 C:7388.75 V:1458.0
  📈 Trend: moderate_bullish | 🌍 Regime: trending_bullish
  🗺️  Grid: 0.080% | 🔺 7389.75 🔻 7386.00
  📡 RSI: 50.0 | MACD: 1.01 | ATR: 3.79
  📊 Filled: 0 | Pending: 0
  💰 Daily P&L: $+0.00

[2026-07-29 11:39] O:7388.75 H:7392.25 L:7388.50 C:7391.50 V:2616.0
  📈 Trend: moderate_bullish | 🌍 Regime: trending_bullish
  🗺️  Grid: 0.080% | 🔺 7390.75 🔻 7388.00
  📡 RSI: 53.4 | MACD: 1.10 | ATR: 3.84
  📊 Filled: 0 | Pending: 0
  💰 Daily P&L: $+0.00

[2026-07-29 11:40] O:7391.25 H:7392.25 L:7388.25 C:7392.00 V:1556.0
  📈 Trend: moderate_bullish | 🌍 Regime: trending_bullish
  🗺️  Grid: 0.080% | 🔺 7392.25 🔻 7388.50
  📡 RSI: 50.0 | MACD: 1.19 | ATR: 3.84
  📊 Filled: 0 | Pending: 0
  💰 Daily P&L: $+0.00

[2026-07-29 11:41] O:7392.25 H:7392.75 L:7388.50 C:7389.00 V:1308.0
  📈 Trend: moderate_bullish | 🌍 Regime: trending_bullish
  🗺️  Grid: 0.080% | 🔺 7392.25 🔻 7388.25
  📡 RSI: 46.6 | MACD: 1.02 | ATR: 3.98
  📊 Filled: 0 | Pending: 0
  💰 Daily P&L: $+0.00

[2026-07-29 11:42] O:7389.00 H:7389.25 L:7384.50 C:7386.25 V:1777.0
  📈 Trend: moderate_bullish (raw: moderate_bearish) | 🌍 Regime: trending_bearish
  🗺️  Grid: 0.080% | 🔺 7392.75 🔻 7388.50
  📡 RSI: 38.1 | MACD: 0.65 | ATR: 4.02
  📊 Filled: 0 | Pending: 0
  💰 Daily P&L: $+0.00

[2026-07-29 11:43] O:7386.25 H:7387.50 L:7385.00 C:7385.00 V:1820.0
  📈 Trend: moderate_bearish | 🌍 Regime: trending_bearish
  🗺️  Grid: 0.080% | 🔺 7389.25 🔻 7384.50
  📡 RSI: 35.0 | MACD: 0.25 | ATR: 4.04
  📊 Filled: 0 | Pending: 0
  💰 Daily P&L: $+0.00

[2026-07-29 11:44] O:7385.00 H:7388.00 L:7384.00 C:7387.75 V:1922.0
  📈 Trend: moderate_bearish | 🌍 Regime: trending_bearish
  🗺️  Grid: 0.080% | 🔺 7387.50 🔻 7385.00
  📡 RSI: 34.5 | MACD: 0.16 | ATR: 3.93
  📊 Filled: 0 | Pending: 0
  💰 Daily P&L: $+0.00

[2026-07-29 11:45] O:7387.75 H:7389.00 L:7385.75 C:7387.25 V:2047.0
  📈 Trend: moderate_bearish | 🌍 Regime: trending_bearish
  🗺️  Grid: 0.080% | 🔺 7388.00 🔻 7384.00
  📡 RSI: 36.0 | MACD: 0.04 | ATR: 3.88
  📊 Filled: 0 | Pending: 0
  💰 Daily P&L: $+0.00

[2026-07-29 11:46] O:7387.00 H:7388.00 L:7385.50 C:7387.00 V:1975.0
  📈 Trend: moderate_bearish (raw: strong_bearish) | 🌍 Regime: trending_bearish
  🗺️  Grid: 0.080% | 🔺 7389.00 🔻 7385.75
  📡 RSI: 40.6 | MACD: -0.07 | ATR: 3.70
  📊 Filled: 0 | Pending: 0
  💰 Daily P&L: $+0.00

[2026-07-29 11:47] O:7387.00 H:7391.75 L:7387.00 C:7391.50 V:2013.0
  📈 Trend: moderate_bearish | 🌍 Regime: trending_bearish
  🗺️  Grid: 0.080% | 🔺 7388.00 🔻 7385.50
  📡 RSI: 47.8 | MACD: 0.20 | ATR: 3.84
  📊 Filled: 0 | Pending: 0
  💰 Daily P&L: $+0.00

[2026-07-29 11:48] O:7391.50 H:7392.75 L:7390.25 C:7391.00 V:2129.0
  📈 Trend: moderate_bearish | 🌍 Regime: trending_bearish
  🗺️  Grid: 0.080% | 🔺 7391.75 🔻 7387.00
  📡 RSI: 52.9 | MACD: 0.38 | ATR: 3.62
  📊 Filled: 0 | Pending: 0
  💰 Daily P&L: $+0.00

[2026-07-29 11:49] O:7390.75 H:7395.00 L:7390.75 C:7394.75 V:2266.0
  📈 Trend: moderate_bearish (raw: moderate_bullish) | 🌍 Regime: ranging
  🗺️  Grid: 0.080% | 🔺 7392.75 🔻 7390.25
  📡 RSI: 61.9 | MACD: 0.80 | ATR: 3.64
  📊 Filled: 0 | Pending: 0
  🔲 Regime: RANGING | Range pos: 18% | RSI: 61.9
  💰 Daily P&L: $+0.00

[2026-07-29 11:50] O:7394.75 H:7396.50 L:7393.25 C:7395.75 V:2036.0
  📈 Trend: moderate_bearish (raw: strong_bullish) | 🌍 Regime: ranging
  🗺️  Grid: 0.080% | 🔺 7395.00 🔻 7390.75
  📡 RSI: 67.9 | MACD: 1.21 | ATR: 3.59
  📊 Filled: 0 | Pending: 0
  🔲 Regime: RANGING | Range pos: 19% | RSI: 67.9
  💰 Daily P&L: $+0.00

[2026-07-29 11:51] O:7395.50 H:7397.25 L:7394.50 C:7395.25 V:2338.0
  📈 Trend: strong_bullish | 🌍 Regime: ranging
  🗺️  Grid: 0.080% | 🔺 7396.50 🔻 7393.25
  📡 RSI: 62.2 | MACD: 1.48 | ATR: 3.52
  📊 Filled: 0 | Pending: 0
  🔲 Regime: RANGING | Range pos: 18% | RSI: 62.2
  💰 Daily P&L: $+0.00

[2026-07-29 11:52] O:7395.25 H:7399.25 L:7392.50 C:7399.00 V:3394.0
  📈 Trend: strong_bullish | 🌍 Regime: ranging
  🗺️  Grid: 0.080% | 🔺 7397.25 🔻 7394.50
  📡 RSI: 68.5 | MACD: 1.97 | ATR: 3.80
  📊 Filled: 0 | Pending: 0
  🔲 Regime: RANGING | Range pos: 21% | RSI: 68.5
  💰 Daily P&L: $+0.00

[2026-07-29 11:53] O:7399.00 H:7401.00 L:7398.25 C:7399.25 V:3186.0
  📈 Trend: strong_bullish | 🌍 Regime: ranging
  🗺️  Grid: 0.080% | 🔺 7399.25 🔻 7392.50
  📡 RSI: 65.3 | MACD: 2.35 | ATR: 3.73
  📊 Filled: 0 | Pending: 0
  🔲 Regime: RANGING | Range pos: 21% | RSI: 65.3
  💰 Daily P&L: $+0.00

[2026-07-29 11:54] O:7399.25 H:7399.75 L:7396.75 C:7398.50 V:2208.0
  📈 Trend: strong_bullish | 🌍 Regime: ranging
  🗺️  Grid: 0.080% | 🔺 7401.00 🔻 7398.25
  📡 RSI: 62.7 | MACD: 2.56 | ATR: 3.66
  📊 Filled: 0 | Pending: 0
  🔲 Regime: RANGING | Range pos: 21% | RSI: 62.7
  💰 Daily P&L: $+0.00

[2026-07-29 11:55] O:7398.25 H:7400.75 L:7397.00 C:7398.50 V:2655.0
  📈 Trend: strong_bullish | 🌍 Regime: ranging
  🗺️  Grid: 0.080% | 🔺 7399.75 🔻 7396.75
  📡 RSI: 71.1 | MACD: 2.70 | ATR: 3.62
  📊 Filled: 0 | Pending: 0
  🔲 Regime: RANGING | Range pos: 21% | RSI: 71.1
  💰 Daily P&L: $+0.00

[2026-07-29 11:56] O:7398.50 H:7400.50 L:7396.75 C:7400.25 V:1921.0
  📈 Trend: strong_bullish | 🌍 Regime: ranging
  🗺️  Grid: 0.080% | 🔺 7400.75 🔻 7397.00
  📡 RSI: 82.6 | MACD: 2.91 | ATR: 3.55
  📊 Filled: 0 | Pending: 0
  🔲 Regime: RANGING | Range pos: 22% | RSI: 82.6
  💰 Daily P&L: $+0.00

[2026-07-29 11:57] O:7400.50 H:7402.25 L:7399.50 C:7400.50 V:2263.0
  📈 Trend: strong_bullish | 🌍 Regime: ranging
  🗺️  Grid: 0.080% | 🔺 7400.50 🔻 7396.75
  📡 RSI: 87.8 | MACD: 3.07 | ATR: 3.57
  📊 Filled: 0 | Pending: 0
  🔲 Regime: RANGING | Range pos: 22% | RSI: 87.8
  💰 Daily P&L: $+0.00

[2026-07-29 11:58] O:7400.75 H:7401.50 L:7398.75 C:7400.75 V:2216.0
  📈 Trend: strong_bullish | 🌍 Regime: ranging
  🗺️  Grid: 0.080% | 🔺 7402.25 🔻 7399.50
  📡 RSI: 86.1 | MACD: 3.18 | ATR: 3.48
  📊 Filled: 0 | Pending: 0
  🔲 Regime: RANGING | Range pos: 22% | RSI: 86.1
  💰 Daily P&L: $+0.00

[2026-07-29 11:59] O:7400.75 H:7404.50 L:7400.75 C:7404.50 V:3177.0
  📈 Trend: strong_bullish | 🌍 Regime: ranging
  🗺️  Grid: 0.080% | 🔺 7401.50 🔻 7398.75
  📡 RSI: 90.6 | MACD: 3.52 | ATR: 3.52
  📊 Filled: 0 | Pending: 0
  🔲 Regime: RANGING | Range pos: 25% | RSI: 90.6
  💰 Daily P&L: $+0.00

[2026-07-29 12:00] O:7404.25 H:7405.75 L:7402.75 C:7404.25 V:3431.0
  📈 Trend: strong_bullish | 🌍 Regime: ranging
  🗺️  Grid: 0.080% | 🔺 7404.50 🔻 7400.75
  📡 RSI: 90.6 | MACD: 3.74 | ATR: 3.55
  📊 Filled: 0 | Pending: 0
  🔲 Regime: RANGING | Range pos: 25% | RSI: 90.6
  💰 Daily P&L: $+0.00

[2026-07-29 12:01] O:7404.25 H:7407.00 L:7404.00 C:7405.75 V:2803.0
  📈 Trend: strong_bullish | 🌍 Regime: ranging
  🗺️  Grid: 0.080% | 🔺 7405.75 🔻 7402.75
  📡 RSI: 89.0 | MACD: 3.98 | ATR: 3.43
  📊 Filled: 0 | Pending: 0
  🔲 Regime: RANGING | Range pos: 26% | RSI: 89.0
  💰 Daily P&L: $+0.00

[2026-07-29 12:02] O:7405.75 H:7407.00 L:7404.25 C:7406.00 V:2079.0
  📈 Trend: strong_bullish | 🌍 Regime: ranging
  🗺️  Grid: 0.080% | 🔺 7407.00 🔻 7404.00
  📡 RSI: 91.7 | MACD: 4.14 | ATR: 3.45
  📊 Filled: 0 | Pending: 0
  🔲 Regime: RANGING | Range pos: 26% | RSI: 91.7
  💰 Daily P&L: $+0.00

[2026-07-29 12:03] O:7406.25 H:7411.75 L:7405.75 C:7411.25 V:2980.0
  📈 Trend: strong_bullish | 🌍 Regime: ranging
  🗺️  Grid: 0.080% | 🔺 7407.00 🔻 7404.25
  📡 RSI: 92.3 | MACD: 4.65 | ATR: 3.57
  📊 Filled: 0 | Pending: 0
  🔲 Regime: RANGING | Range pos: 31% | RSI: 92.3
  💰 Daily P&L: $+0.00

[2026-07-29 12:04] O:7411.00 H:7415.50 L:7410.00 C:7414.50 V:4115.0
  📈 Trend: strong_bullish | 🌍 Regime: ranging
  🗺️  Grid: 0.080% | 🔺 7411.75 🔻 7405.75
  📡 RSI: 93.1 | MACD: 5.24 | ATR: 3.73
  📊 Filled: 0 | Pending: 0
  🔲 Regime: RANGING | Range pos: 33% | RSI: 93.1
  💰 Daily P&L: $+0.00

[2026-07-29 12:05] O:7414.25 H:7415.00 L:7410.50 C:7411.75 V:2905.0
  📈 Trend: strong_bullish | 🌍 Regime: trending_bullish
  🗺️  Grid: 0.080% | 🔺 7415.50 🔻 7410.00
  📡 RSI: 84.4 | MACD: 5.43 | ATR: 3.86
  📊 Filled: 0 | Pending: 0
  💰 Daily P&L: $+0.00

[2026-07-29 12:06] O:7411.75 H:7414.25 L:7410.75 C:7413.75 V:2556.0
  📈 Trend: strong_bullish | 🌍 Regime: trending_bullish
  🗺️  Grid: 0.080% | 🔺 7415.00 🔻 7410.50
  📡 RSI: 83.1 | MACD: 5.68 | ATR: 3.62
  📊 Filled: 0 | Pending: 0
  💰 Daily P&L: $+0.00

[2026-07-29 12:07] O:7414.00 H:7414.00 L:7409.75 C:7410.00 V:2543.0
  📈 Trend: strong_bullish | 🌍 Regime: trending_bullish
  🗺️  Grid: 0.080% | 🔺 7414.25 🔻 7410.75
  📡 RSI: 70.9 | MACD: 5.51 | ATR: 3.73
  📊 Filled: 0 | Pending: 0
  💰 Daily P&L: $+0.00

[2026-07-29 12:08] O:7410.00 H:7412.25 L:7408.75 C:7410.75 V:3149.0
  📈 Trend: strong_bullish | 🌍 Regime: trending_bullish
  🗺️  Grid: 0.080% | 🔺 7414.00 🔻 7409.75
  📡 RSI: 73.8 | MACD: 5.37 | ATR: 3.77
  📊 Filled: 0 | Pending: 0
  💰 Daily P&L: $+0.00

[2026-07-29 12:09] O:7410.75 H:7412.00 L:7409.00 C:7409.50 V:2332.0
  📈 Trend: strong_bullish | 🌍 Regime: trending_bullish
  🗺️  Grid: 0.080% | 🔺 7412.25 🔻 7408.75
  📡 RSI: 70.4 | MACD: 5.10 | ATR: 3.71
  📊 Filled: 0 | Pending: 0
  💰 Daily P&L: $+0.00

[2026-07-29 12:10] O:7409.50 H:7415.25 L:7409.00 C:7414.25 V:2720.0
  📈 Trend: strong_bullish | 🌍 Regime: trending_bullish
  🗺️  Grid: 0.080% | 🔺 7412.00 🔻 7409.00
  📡 RSI: 73.3 | MACD: 5.22 | ATR: 3.89
  📊 Filled: 0 | Pending: 0
  💰 Daily P&L: $+0.00

[2026-07-29 12:11] O:7414.50 H:7415.75 L:7413.75 C:7415.25 V:1920.0
  📈 Trend: strong_bullish | 🌍 Regime: trending_bullish
  🗺️  Grid: 0.080% | 🔺 7415.25 🔻 7409.00
  📡 RSI: 74.0 | MACD: 5.32 | ATR: 3.84
  📊 Filled: 0 | Pending: 0
  💰 Daily P&L: $+0.00

[2026-07-29 12:12] O:7415.25 H:7417.50 L:7413.00 C:7417.25 V:2203.0
  📈 Trend: strong_bullish | 🌍 Regime: trending_bullish
  🗺️  Grid: 0.080% | 🔺 7415.75 🔻 7413.75
  📡 RSI: 75.4 | MACD: 5.51 | ATR: 3.96
  📊 Filled: 0 | Pending: 0
  💰 Daily P&L: $+0.00

[2026-07-29 12:13] O:7417.25 H:7420.75 L:7417.25 C:7418.75 V:3518.0
  📈 Trend: strong_bullish | 🌍 Regime: trending_bullish
  🗺️  Grid: 0.080% | 🔺 7417.50 🔻 7413.00
  📡 RSI: 73.6 | MACD: 5.71 | ATR: 3.95
  📊 Filled: 0 | Pending: 0
  💰 Daily P&L: $+0.00

[2026-07-29 12:14] O:7418.75 H:7422.00 L:7417.50 C:7421.50 V:2426.0
  📈 Trend: strong_bullish | 🌍 Regime: trending_bullish
  🗺️  Grid: 0.080% | 🔺 7420.75 🔻 7417.25
  📡 RSI: 76.3 | MACD: 6.02 | ATR: 4.05
  📊 Filled: 0 | Pending: 0
  💰 Daily P&L: $+0.00

[2026-07-29 12:15] O:7421.75 H:7422.50 L:7419.00 C:7419.75 V:2568.0
  📈 Trend: strong_bullish | 🌍 Regime: trending_bullish
  🗺️  Grid: 0.080% | 🔺 7422.00 🔻 7417.50
  📡 RSI: 71.2 | MACD: 6.05 | ATR: 4.09
  📊 Filled: 0 | Pending: 0
  💰 Daily P&L: $+0.00

[2026-07-29 12:16] O:7419.75 H:7421.00 L:7418.50 C:7419.75 V:2487.0
  📈 Trend: strong_bullish | 🌍 Regime: trending_bullish
  🗺️  Grid: 0.080% | 🔺 7422.50 🔻 7419.00
  📡 RSI: 71.0 | MACD: 6.01 | ATR: 4.07
  📊 Filled: 0 | Pending: 0
  💰 Daily P&L: $+0.00

[2026-07-29 12:17] O:7419.75 H:7423.25 L:7419.00 C:7422.00 V:2292.0
  📈 Trend: strong_bullish | 🌍 Regime: trending_bullish
  🗺️  Grid: 0.080% | 🔺 7421.00 🔻 7418.50
  📡 RSI: 68.1 | MACD: 6.09 | ATR: 3.95
  📊 Filled: 0 | Pending: 0
  💰 Daily P&L: $+0.00

[2026-07-29 12:18] O:7422.25 H:7424.50 L:7420.75 C:7422.25 V:2533.0
  📈 Trend: strong_bullish | 🌍 Regime: trending_bullish
  🗺️  Grid: 0.080% | 🔺 7423.25 🔻 7419.00
  📡 RSI: 64.5 | MACD: 6.10 | ATR: 3.82
  📊 Filled: 0 | Pending: 0
  💰 Daily P&L: $+0.00

[2026-07-29 12:19] O:7422.25 H:7423.50 L:7421.50 C:7423.00 V:1479.0
  📈 Trend: strong_bullish | 🌍 Regime: trending_bullish
  🗺️  Grid: 0.080% | 🔺 7424.50 🔻 7420.75
  📡 RSI: 72.7 | MACD: 6.10 | ATR: 3.64
  📊 Filled: 0 | Pending: 0
  💰 Daily P&L: $+0.00

[2026-07-29 12:20] O:7423.25 H:7426.00 L:7422.75 C:7424.00 V:2654.0
  📈 Trend: strong_bullish | 🌍 Regime: trending_bullish
  🗺️  Grid: 0.080% | 🔺 7423.50 🔻 7421.50
  📡 RSI: 71.6 | MACD: 6.11 | ATR: 3.62
  📊 Filled: 0 | Pending: 0
  💰 Daily P&L: $+0.00

[2026-07-29 12:21] O:7424.25 H:7428.25 L:7423.50 C:7428.00 V:2165.0
  📈 Trend: strong_bullish | 🌍 Regime: trending_bullish
  🗺️  Grid: 0.080% | 🔺 7426.00 🔻 7422.75
  📡 RSI: 87.5 | MACD: 6.37 | ATR: 3.66
  📊 Filled: 0 | Pending: 0
  💰 Daily P&L: $+0.00

[2026-07-29 12:22] O:7428.00 H:7428.25 L:7424.25 C:7424.50 V:1657.0
  📈 Trend: strong_bullish | 🌍 Regime: trending_bullish
  🗺️  Grid: 0.080% | 🔺 7428.25 🔻 7423.50
  📡 RSI: 75.7 | MACD: 6.22 | ATR: 3.70
  📊 Filled: 0 | Pending: 0
  💰 Daily P&L: $+0.00

[2026-07-29 12:23] O:7424.50 H:7426.00 L:7422.75 C:7424.75 V:3277.0
  📈 Trend: strong_bullish | 🌍 Regime: trending_bullish
  🗺️  Grid: 0.080% | 🔺 7428.25 🔻 7424.25
  📡 RSI: 79.6 | MACD: 6.05 | ATR: 3.71
  📊 Filled: 0 | Pending: 0
  💰 Daily P&L: $+0.00

[2026-07-29 12:24] O:7424.75 H:7425.00 L:7418.75 C:7419.00 V:2984.0
  📈 Trend: strong_bullish | 🌍 Regime: trending_bullish
  🗺️  Grid: 0.080% | 🔺 7426.00 🔻 7422.75
  📡 RSI: 58.9 | MACD: 5.39 | ATR: 3.71
  📊 Filled: 0 | Pending: 0
  💰 Daily P&L: $+0.00

[2026-07-29 12:25] O:7419.25 H:7420.00 L:7417.00 C:7418.00 V:3052.0
  📈 Trend: strong_bullish | 🌍 Regime: trending_bullish
  🗺️  Grid: 0.080% | 🔺 7425.00 🔻 7418.75
  📡 RSI: 55.1 | MACD: 4.73 | ATR: 3.79
  📊 Filled: 0 | Pending: 0
  💰 Daily P&L: $+0.00

[2026-07-29 12:26] O:7418.25 H:7420.50 L:7417.50 C:7419.75 V:2664.0
  📈 Trend: strong_bullish | 🌍 Regime: trending_bullish
  🗺️  Grid: 0.080% | 🔺 7420.00 🔻 7417.00
  📡 RSI: 54.7 | MACD: 4.30 | ATR: 3.68
  📊 Filled: 0 | Pending: 0
  💰 Daily P&L: $+0.00

[2026-07-29 12:27] O:7420.00 H:7420.50 L:7417.75 C:7418.25 V:1610.0
  📈 Trend: strong_bullish | 🌍 Regime: trending_bullish
  🗺️  Grid: 0.080% | 🔺 7420.50 🔻 7417.50
  📡 RSI: 49.1 | MACD: 3.80 | ATR: 3.62
  📊 Filled: 0 | Pending: 0
  💰 Daily P&L: $+0.00

[2026-07-29 12:28] O:7418.25 H:7420.25 L:7417.50 C:7418.75 V:2038.0
  📈 Trend: strong_bullish | 🌍 Regime: trending_bullish
  🗺️  Grid: 0.080% | 🔺 7420.50 🔻 7417.75
  📡 RSI: 44.3 | MACD: 3.40 | ATR: 3.50
  📊 Filled: 0 | Pending: 0
  💰 Daily P&L: $+0.00

[2026-07-29 12:29] O:7419.00 H:7419.25 L:7412.50 C:7413.00 V:2866.0
  📈 Trend: strong_bullish (raw: moderate_bullish) | 🌍 Regime: trending_bullish
  🗺️  Grid: 0.080% | 🔺 7420.25 🔻 7417.50
  📡 RSI: 38.1 | MACD: 2.59 | ATR: 3.73
  📊 Filled: 0 | Pending: 0
  💰 Daily P&L: $+0.00

[2026-07-29 12:30] O:7413.00 H:7413.25 L:7409.25 C:7409.25 V:3519.0
  📈 Trend: moderate_bullish | 🌍 Regime: trending_bullish
  🗺️  Grid: 0.080% | 🔺 7419.25 🔻 7412.50
  📡 RSI: 33.6 | MACD: 1.62 | ATR: 3.84
  📊 Filled: 0 | Pending: 0
  💰 Daily P&L: $+0.00

[2026-07-29 12:31] O:7409.25 H:7413.50 L:7408.50 C:7413.25 V:2960.0
  📈 Trend: moderate_bullish | 🌍 Regime: trending_bullish
  🗺️  Grid: 0.080% | 🔺 7413.25 🔻 7409.25
  📡 RSI: 37.0 | MACD: 1.17 | ATR: 3.89
  📊 Filled: 0 | Pending: 0
  💰 Daily P&L: $+0.00

[2026-07-29 12:32] O:7413.25 H:7416.50 L:7412.50 C:7416.25 V:2985.0
  📈 Trend: moderate_bullish | 🌍 Regime: trending_bullish
  🗺️  Grid: 0.080% | 🔺 7413.50 🔻 7408.50
  📡 RSI: 41.8 | MACD: 1.04 | ATR: 3.91
  📊 Filled: 0 | Pending: 0
  💰 Daily P&L: $+0.00

[2026-07-29 12:33] O:7416.25 H:7418.75 L:7416.00 C:7418.75 V:2468.0
  📈 Trend: moderate_bullish | 🌍 Regime: trending_bullish
  🗺️  Grid: 0.080% | 🔺 7416.50 🔻 7412.50
  📡 RSI: 44.4 | MACD: 1.13 | ATR: 3.96
  📊 Filled: 0 | Pending: 0
  💰 Daily P&L: $+0.00

[2026-07-29 12:34] O:7418.75 H:7419.50 L:7413.25 C:7414.00 V:2201.0
  📈 Trend: moderate_bullish | 🌍 Regime: trending_bullish
  🗺️  Grid: 0.080% | 🔺 7418.75 🔻 7416.00
  📡 RSI: 38.1 | MACD: 0.80 | ATR: 4.18
  📊 Filled: 0 | Pending: 0
  💰 Daily P&L: $+0.00

[2026-07-29 12:35] O:7414.00 H:7415.25 L:7410.50 C:7411.00 V:1650.0
  📈 Trend: moderate_bullish | 🌍 Regime: trending_bullish
  🗺️  Grid: 0.080% | 🔺 7419.50 🔻 7413.25
  📡 RSI: 29.3 | MACD: 0.30 | ATR: 4.18
  📊 Filled: 0 | Pending: 0
  💰 Daily P&L: $+0.00

[2026-07-29 12:36] O:7411.00 H:7412.25 L:7409.75 C:7409.75 V:1694.0
  📈 Trend: moderate_bullish | 🌍 Regime: trending_bullish
  🗺️  Grid: 0.080% | 🔺 7415.25 🔻 7410.50
  📡 RSI: 31.0 | MACD: -0.20 | ATR: 4.07
  📊 Filled: 0 | Pending: 0
  💰 Daily P&L: $+0.00

[2026-07-29 12:37] O:7409.75 H:7412.75 L:7409.00 C:7410.25 V:2021.0
  📈 Trend: moderate_bullish | 🌍 Regime: trending_bullish
  🗺️  Grid: 0.080% | 🔺 7412.25 🔻 7409.75
  📡 RSI: 31.4 | MACD: -0.55 | ATR: 4.11
  📊 Filled: 0 | Pending: 0
  💰 Daily P&L: $+0.00

[2026-07-29 12:38] O:7410.50 H:7412.75 L:7410.25 C:7410.75 V:1358.0
  📈 Trend: moderate_bullish | 🌍 Regime: trending_bullish
  🗺️  Grid: 0.080% | 🔺 7412.75 🔻 7409.00
  📡 RSI: 37.8 | MACD: -0.77 | ATR: 3.84
  📊 Filled: 0 | Pending: 0
  💰 Daily P&L: $+0.00

[2026-07-29 12:39] O:7411.00 H:7413.25 L:7410.75 C:7412.00 V:1886.0
  📈 Trend: moderate_bullish | 🌍 Regime: trending_bullish
  🗺️  Grid: 0.080% | 🔺 7412.75 🔻 7410.25
  📡 RSI: 41.2 | MACD: -0.84 | ATR: 3.80
  📊 Filled: 0 | Pending: 0
  💰 Daily P&L: $+0.00

[2026-07-29 12:40] O:7412.25 H:7413.00 L:7410.75 C:7411.50 V:2387.0
  📈 Trend: moderate_bullish | 🌍 Regime: trending_bullish
  🗺️  Grid: 0.080% | 🔺 7413.25 🔻 7410.75
  📡 RSI: 37.4 | MACD: -0.92 | ATR: 3.75
  📊 Filled: 0 | Pending: 0
  💰 Daily P&L: $+0.00

[2026-07-29 12:41] O:7411.75 H:7413.50 L:7411.25 C:7412.50 V:1894.0
  📈 Trend: moderate_bullish | 🌍 Regime: trending_bullish
  🗺️  Grid: 0.080% | 🔺 7413.00 🔻 7410.75
  📡 RSI: 41.1 | MACD: -0.90 | ATR: 3.71
  📊 Filled: 0 | Pending: 0
  💰 Daily P&L: $+0.00

[2026-07-29 12:42] O:7412.75 H:7414.25 L:7410.50 C:7410.75 V:2714.0
  📈 Trend: moderate_bullish | 🌍 Regime: trending_bullish
  🗺️  Grid: 0.080% | 🔺 7413.50 🔻 7411.25
  📡 RSI: 38.1 | MACD: -1.01 | ATR: 3.79
  📊 Filled: 0 | Pending: 0
  💰 Daily P&L: $+0.00

[2026-07-29 12:43] O:7410.75 H:7414.50 L:7409.25 C:7414.00 V:1381.0
  📈 Trend: moderate_bullish | 🌍 Regime: trending_bullish
  🗺️  Grid: 0.080% | 🔺 7414.25 🔻 7410.50
  📡 RSI: 51.6 | MACD: -0.83 | ATR: 3.68
  📊 Filled: 0 | Pending: 0
  💰 Daily P&L: $+0.00

[2026-07-29 12:44] O:7414.00 H:7414.75 L:7412.75 C:7413.25 V:1214.0
  📈 Trend: moderate_bullish (raw: strong_bearish) | 🌍 Regime: trending_bearish
  🗺️  Grid: 0.080% | 🔺 7414.50 🔻 7409.25
  📡 RSI: 57.1 | MACD: -0.73 | ATR: 3.54
  📊 Filled: 0 | Pending: 0
  💰 Daily P&L: $+0.00

[2026-07-29 12:45] O:7413.50 H:7414.50 L:7410.50 C:7410.75 V:1732.0
  📈 Trend: strong_bearish | 🌍 Regime: trending_bearish
  🗺️  Grid: 0.080% | 🔺 7414.75 🔻 7412.75
  📡 RSI: 45.3 | MACD: -0.85 | ATR: 3.46
  📊 Filled: 0 | Pending: 0
  💰 Daily P&L: $+0.00

[2026-07-29 12:46] O:7410.75 H:7413.00 L:7409.25 C:7412.25 V:1577.0
  📈 Trend: strong_bearish | 🌍 Regime: trending_bearish
  🗺️  Grid: 0.080% | 🔺 7414.50 🔻 7410.50
  📡 RSI: 42.0 | MACD: -0.81 | ATR: 3.45
  📊 Filled: 0 | Pending: 0
  💰 Daily P&L: $+0.00

[2026-07-29 12:47] O:7412.25 H:7413.25 L:7411.50 C:7413.00 V:1125.0
  📈 Trend: strong_bearish | 🌍 Regime: trending_bearish
  🗺️  Grid: 0.080% | 🔺 7413.00 🔻 7409.25
  📡 RSI: 37.6 | MACD: -0.71 | ATR: 3.38
  📊 Filled: 0 | Pending: 0
  💰 Daily P&L: $+0.00

[2026-07-29 12:48] O:7413.00 H:7415.00 L:7412.00 C:7415.00 V:1669.0
  📈 Trend: strong_bearish (raw: moderate_bullish) | 🌍 Regime: trending_bullish
  🗺️  Grid: 0.080% | 🔺 7413.25 🔻 7411.50
  📡 RSI: 52.4 | MACD: -0.47 | ATR: 3.14
  📊 Filled: 0 | Pending: 0
  💰 Daily P&L: $+0.00

[2026-07-29 12:49] O:7414.75 H:7416.25 L:7414.00 C:7415.75 V:1827.0
  📈 Trend: moderate_bullish | 🌍 Regime: trending_bullish
  🗺️  Grid: 0.080% | 🔺 7415.00 🔻 7412.00
  📡 RSI: 63.0 | MACD: -0.21 | ATR: 2.96
  📊 Filled: 0 | Pending: 0
  💰 Daily P&L: $+0.00

[2026-07-29 12:50] O:7415.75 H:7417.50 L:7415.25 C:7417.00 V:1774.0
  📈 Trend: moderate_bullish (raw: strong_bullish) | 🌍 Regime: ranging
  🗺️  Grid: 0.080% | 🔺 7416.25 🔻 7414.00
  📡 RSI: 69.9 | MACD: 0.09 | ATR: 2.95
  📊 Filled: 0 | Pending: 0
  🔲 Regime: RANGING | Range pos: 35% | RSI: 69.9
  💰 Daily P&L: $+0.00

[2026-07-29 12:51] O:7417.00 H:7418.25 L:7416.50 C:7418.00 V:1870.0
  📈 Trend: strong_bullish | 🌍 Regime: ranging
  🗺️  Grid: 0.080% | 🔺 7417.50 🔻 7415.25
  📡 RSI: 70.7 | MACD: 0.41 | ATR: 2.80
  📊 Filled: 0 | Pending: 0
  🔲 Regime: RANGING | Range pos: 36% | RSI: 70.7
  💰 Daily P&L: $+0.00

[2026-07-29 12:52] O:7417.75 H:7420.00 L:7416.50 C:7417.25 V:1826.0
  📈 Trend: strong_bullish (raw: moderate_bullish) | 🌍 Regime: ranging
  🗺️  Grid: 0.080% | 🔺 7418.25 🔻 7416.50
  📡 RSI: 67.1 | MACD: 0.59 | ATR: 2.88
  📊 Filled: 0 | Pending: 0
  🔲 Regime: RANGING | Range pos: 35% | RSI: 67.1
  💰 Daily P&L: $+0.00

[2026-07-29 12:53] O:7417.25 H:7418.50 L:7416.25 C:7418.25 V:1710.0
  📈 Trend: strong_bullish | 🌍 Regime: ranging
  🗺️  Grid: 0.080% | 🔺 7420.00 🔻 7416.50
  📡 RSI: 66.7 | MACD: 0.81 | ATR: 2.86
  📊 Filled: 0 | Pending: 0
  🔲 Regime: RANGING | Range pos: 36% | RSI: 66.7
  💰 Daily P&L: $+0.00

[2026-07-29 12:54] O:7418.25 H:7418.25 L:7416.25 C:7417.75 V:874.0
  📈 Trend: strong_bullish | 🌍 Regime: ranging
  🗺️  Grid: 0.080% | 🔺 7418.50 🔻 7416.25
  📡 RSI: 66.7 | MACD: 0.93 | ATR: 2.84
  📊 Filled: 0 | Pending: 0
  🔲 Regime: RANGING | Range pos: 36% | RSI: 66.7
  💰 Daily P&L: $+0.00

[2026-07-29 12:55] O:7417.50 H:7418.00 L:7413.50 C:7414.75 V:2253.0
  📈 Trend: strong_bullish | 🌍 Regime: ranging
  🗺️  Grid: 0.080% | 🔺 7418.25 🔻 7416.25
  📡 RSI: 55.4 | MACD: 0.77 | ATR: 3.00
  📊 Filled: 0 | Pending: 0
  🔲 Regime: RANGING | Range pos: 33% | RSI: 55.4
  💰 Daily P&L: $+0.00

[2026-07-29 12:56] O:7414.75 H:7414.75 L:7412.75 C:7413.50 V:1461.0
  📈 Trend: strong_bullish | 🌍 Regime: ranging
  🗺️  Grid: 0.080% | 🔺 7418.00 🔻 7413.50
  📡 RSI: 56.8 | MACD: 0.54 | ATR: 2.88
  📊 Filled: 0 | Pending: 0
  🔲 Regime: RANGING | Range pos: 32% | RSI: 56.8
  💰 Daily P&L: $+0.00

[2026-07-29 12:57] O:7413.25 H:7414.00 L:7412.25 C:7414.00 V:1371.0
  📈 Trend: strong_bullish (raw: moderate_bullish) | 🌍 Regime: ranging
  🗺️  Grid: 0.080% | 🔺 7414.75 🔻 7412.75
  📡 RSI: 50.0 | MACD: 0.40 | ATR: 2.62
  📊 Filled: 0 | Pending: 0
  🔲 Regime: RANGING | Range pos: 33% | RSI: 50.0
  💰 Daily P&L: $+0.00

[2026-07-29 12:58] O:7413.75 H:7415.25 L:7411.00 C:7414.50 V:1600.0
  📈 Trend: moderate_bullish | 🌍 Regime: ranging
  🗺️  Grid: 0.080% | 🔺 7414.00 🔻 7412.25
  📡 RSI: 53.6 | MACD: 0.32 | ATR: 2.79
  📊 Filled: 0 | Pending: 0
  🔲 Regime: RANGING | Range pos: 33% | RSI: 53.6
  💰 Daily P&L: $+0.00

[2026-07-29 12:59] O:7414.50 H:7420.00 L:7414.25 C:7419.50 V:1665.0
  📈 Trend: moderate_bullish (raw: strong_bullish) | 🌍 Regime: ranging
  🗺️  Grid: 0.080% | 🔺 7415.25 🔻 7411.00
  📡 RSI: 72.2 | MACD: 0.65 | ATR: 2.91
  📊 Filled: 0 | Pending: 0
  🔲 Regime: RANGING | Range pos: 37% | RSI: 72.2
  💰 Daily P&L: $+0.00

[2026-07-29 13:00] O:7419.75 H:7445.50 L:7418.50 C:7444.25 V:13518.0
  📈 Trend: strong_bullish | 🌍 Regime: ranging
  🗺️  Grid: 0.080% | 🔺 7420.00 🔻 7414.25
  📡 RSI: 87.2 | MACD: 2.88 | ATR: 4.57
  📊 Filled: 0 | Pending: 0
  🔲 Regime: RANGING | Range pos: 56% | RSI: 87.2
  💰 Daily P&L: $+0.00

[2026-07-29 13:01] O:7444.25 H:7451.00 L:7438.25 C:7448.00 V:10456.0
  📈 Trend: strong_bullish | 🌍 Regime: ranging
  🗺️  Grid: 0.086% | 🔺 7445.50 🔻 7418.50
  📡 RSI: 88.0 | MACD: 4.89 | ATR: 5.36
  📊 Filled: 0 | Pending: 0
  🔲 Regime: RANGING | Range pos: 59% | RSI: 88.0
  💰 Daily P&L: $+0.00

[2026-07-29 13:02] O:7447.75 H:7451.50 L:7442.00 C:7443.50 V:7721.0
  📈 Trend: strong_bullish | 🌍 Regime: ranging
  🗺️  Grid: 0.094% | 🔺 7451.00 🔻 7438.25
  📡 RSI: 79.4 | MACD: 6.05 | ATR: 5.82
  📊 Filled: 0 | Pending: 0
  🔲 Regime: RANGING | Range pos: 56% | RSI: 79.4
  💰 Daily P&L: $+0.00

[2026-07-29 13:03] O:7443.25 H:7446.25 L:7438.25 C:7441.25 V:5203.0
  📈 Trend: strong_bullish | 🌍 Regime: ranging
  🗺️  Grid: 0.101% | 🔺 7451.50 🔻 7442.00
  📡 RSI: 75.5 | MACD: 6.71 | ATR: 6.23
  📊 Filled: 0 | Pending: 0
  🔲 Regime: RANGING | Range pos: 54% | RSI: 75.5
  💰 Daily P&L: $+0.00

[2026-07-29 13:04] O:7441.25 H:7441.75 L:7434.00 C:7437.25 V:4115.0
  📈 Trend: strong_bullish | 🌍 Regime: ranging
  🗺️  Grid: 0.107% | 🔺 7446.25 🔻 7438.25
  📡 RSI: 69.2 | MACD: 6.84 | ATR: 6.62
  📊 Filled: 0 | Pending: 0
  🔲 Regime: RANGING | Range pos: 51% | RSI: 69.2
  💰 Daily P&L: $+0.00

[2026-07-29 13:05] O:7437.00 H:7442.50 L:7435.25 C:7440.00 V:4824.0
  📈 Trend: strong_bullish | 🌍 Regime: ranging
  🗺️  Grid: 0.113% | 🔺 7441.75 🔻 7434.00
  📡 RSI: 70.2 | MACD: 7.07 | ATR: 7.02
  📊 Filled: 0 | Pending: 0
  🔲 Regime: RANGING | Range pos: 53% | RSI: 70.2
  💰 Daily P&L: $+0.00

[2026-07-29 13:06] O:7439.75 H:7446.50 L:7439.50 C:7443.00 V:3655.0
  📈 Trend: strong_bullish | 🌍 Regime: ranging
  🗺️  Grid: 0.117% | 🔺 7442.50 🔻 7435.25
  📡 RSI: 72.7 | MACD: 7.42 | ATR: 7.27
  📊 Filled: 0 | Pending: 0
  🔲 Regime: RANGING | Range pos: 55% | RSI: 72.7
  💰 Daily P&L: $+0.00

[2026-07-29 13:07] O:7443.00 H:7444.00 L:7438.00 C:7438.50 V:3796.0
  📈 Trend: strong_bullish | 🌍 Regime: ranging
  🗺️  Grid: 0.122% | 🔺 7446.50 🔻 7439.50
  📡 RSI: 66.8 | MACD: 7.24 | ATR: 7.54
  📊 Filled: 0 | Pending: 0
  🔲 Regime: RANGING | Range pos: 52% | RSI: 66.8
  💰 Daily P&L: $+0.00

[2026-07-29 13:08] O:7438.50 H:7440.25 L:7435.25 C:7437.25 V:4198.0
  📈 Trend: strong_bullish | 🌍 Regime: ranging
  🗺️  Grid: 0.125% | 🔺 7444.00 🔻 7438.00
  📡 RSI: 66.0 | MACD: 6.93 | ATR: 7.75
  📊 Filled: 0 | Pending: 0
  🔲 Regime: RANGING | Range pos: 51% | RSI: 66.0
  💰 Daily P&L: $+0.00

[2026-07-29 13:09] O:7437.00 H:7437.75 L:7432.00 C:7436.25 V:5336.0
  📈 Trend: strong_bullish | 🌍 Regime: ranging
  🗺️  Grid: 0.127% | 🔺 7440.25 🔻 7435.25
  📡 RSI: 68.2 | MACD: 6.52 | ATR: 7.84
  📊 Filled: 0 | Pending: 0
  🔲 Regime: RANGING | Range pos: 50% | RSI: 68.2
  💰 Daily P&L: $+0.00

[2026-07-29 13:10] O:7436.50 H:7439.25 L:7431.75 C:7433.50 V:4670.0
  📈 Trend: strong_bullish | 🌍 Regime: trending_bullish
  🗺️  Grid: 0.133% | 🔺 7437.75 🔻 7432.00
  📡 RSI: 66.5 | MACD: 5.91 | ATR: 8.23
  📊 Filled: 0 | Pending: 0
  💰 Daily P&L: $+0.00

[2026-07-29 13:11] O:7433.75 H:7439.50 L:7432.00 C:7437.50 V:3353.0
  📈 Trend: strong_bullish | 🌍 Regime: trending_bullish
  🗺️  Grid: 0.139% | 🔺 7439.25 🔻 7431.75
  📡 RSI: 68.4 | MACD: 5.68 | ATR: 8.64
  📊 Filled: 0 | Pending: 0
  💰 Daily P&L: $+0.00

[2026-07-29 13:12] O:7437.50 H:7439.25 L:7433.00 C:7434.00 V:2716.0
  📈 Trend: strong_bullish | 🌍 Regime: trending_bullish
  🗺️  Grid: 0.142% | 🔺 7439.50 🔻 7432.00
  📡 RSI: 64.6 | MACD: 5.15 | ATR: 8.79
  📊 Filled: 0 | Pending: 0
  💰 Daily P&L: $+0.00

[2026-07-29 13:13] O:7434.00 H:7435.75 L:7429.50 C:7432.25 V:2902.0
  📈 Trend: strong_bullish | 🌍 Regime: trending_bullish
  🗺️  Grid: 0.142% | 🔺 7439.25 🔻 7433.00
  📡 RSI: 60.0 | MACD: 4.55 | ATR: 8.82
  📊 Filled: 0 | Pending: 0
  💰 Daily P&L: $+0.00

[2026-07-29 13:14] O:7432.25 H:7433.00 L:7425.00 C:7429.50 V:3152.0
  📈 Trend: strong_bullish | 🌍 Regime: trending_bullish
  🗺️  Grid: 0.121% | 🔺 7435.75 🔻 7429.50
  📡 RSI: 32.3 | MACD: 3.80 | ATR: 7.46
  📊 Filled: 0 | Pending: 0
  💰 Daily P&L: $+0.00

[2026-07-29 13:15] O:7429.75 H:7436.50 L:7429.50 C:7434.75 V:2798.0
  📈 Trend: strong_bullish | 🌍 Regime: trending_bullish
  🗺️  Grid: 0.114% | 🔺 7433.00 🔻 7425.00
  📡 RSI: 34.7 | MACD: 3.59 | ATR: 7.05
  📊 Filled: 0 | Pending: 0
  📤 Limit BUY 5 @ 7434.75 submitted (ID: 564)
  📋 Order 564 status: Submitted
  ⬆️ LONG ORDER @ 7434.75 | Size: 1.00 | SL: 7420.75 | TP: 7456.00 [HIGH VOL ATR:7.05→5cts]
     Reason: Grid Long (strong_bullish, RSI: 34.7)
  🔬 SHADOW [long trending]: 🟥 ROBUST WOULD BLOCK (1 filter)
       MACD=BLOCK (+3.59 vs +3.80, Δ-0.21) | 5m=PASS (1m=strong_bullish, 5m=sideways)
     ⏳ Order 564 PENDING - awaiting fill confirmation
  💰 Daily P&L: $+0.00
  ✅ Fill: BOT 1.0 @ 7434.75
  📋 Order 564 status: Submitted
  ✅ Fill: BOT 1.0 @ 7434.75
  📋 Order 564 status: Submitted
  ✅ Fill: BOT 1.0 @ 7434.75
  📋 Order 564 status: Submitted
  ✅ Fill: BOT 1.0 @ 7434.75
  📋 Order 564 status: Submitted
  ✅ Fill: BOT 1.0 @ 7434.75
  📋 Order 564 status: Filled
  📤 Stop-Limit SELL 5 @ stop:7420.75 / lmt:7416.75 submitted (ID: 565) [OCA:exit_564_1785349027]
  📋 Order 565 status: PreSubmitted
  📤 Limit SELL 5 @ 7456.00 submitted (ID: 566) [OCA:exit_564_1785349027]
  📋 Order 566 status: PreSubmitted
  ✅ FILL CONFIRMED: LONG @ 7434.75 (order 564)
     📊 Bracket placed: SL #565 @ 7420.75 | TP #566 @ 7456.00
     Trail activates @ +7.5 pts

[2026-07-29 13:16] O:7434.75 H:7438.25 L:7431.75 C:7432.75 V:2589.0
  📈 Trend: strong_bullish | 🌍 Regime: trending_bullish
  🗺️  Grid: 0.110% | 🔺 7436.50 🔻 7429.50
  📡 RSI: 36.8 | MACD: 3.22 | ATR: 6.84
  📊 Filled: 1 | Pending: 0
  📍 LONG @ 7434.75 | SL: 7420.75 | TP: 7456.00 | P&L: $-500.00 | +7.5 to trail
  💰 Daily P&L: $+0.00
  📋 Order 566 status: Submitted

[2026-07-29 13:17] O:7432.75 H:7433.50 L:7426.75 C:7430.75 V:2679.0
  📈 Trend: strong_bullish | 🌍 Regime: trending_bullish
  🗺️  Grid: 0.109% | 🔺 7438.25 🔻 7431.75
  📡 RSI: 37.0 | MACD: 2.74 | ATR: 6.75
  📊 Filled: 1 | Pending: 0
  📍 LONG @ 7434.75 | SL: 7420.75 | TP: 7456.00 | P&L: $-1,000.00 | +4.0 to trail
  💰 Daily P&L: $+0.00

[2026-07-29 13:18] O:7430.50 H:7431.50 L:7427.00 C:7428.00 V:1890.0
  📈 Trend: strong_bullish | 🌍 Regime: trending_bullish
  🗺️  Grid: 0.105% | 🔺 7433.50 🔻 7426.75
  📡 RSI: 38.2 | MACD: 2.11 | ATR: 6.52
  📊 Filled: 1 | Pending: 0
  📍 LONG @ 7434.75 | SL: 7420.75 | TP: 7456.00 | P&L: $-1,687.50 | +4.0 to trail
  💰 Daily P&L: $+0.00

[2026-07-29 13:19] O:7428.00 H:7428.75 L:7423.50 C:7425.50 V:2844.0
  📈 Trend: strong_bullish (raw: moderate_bullish) | 🌍 Regime: trending_bullish
  🗺️  Grid: 0.103% | 🔺 7431.50 🔻 7427.00
  📡 RSI: 31.4 | MACD: 1.40 | ATR: 6.38
  📊 Filled: 1 | Pending: 0
  📍 LONG @ 7434.75 | SL: 7420.75 | TP: 7456.00 | P&L: $-2,312.50 | +4.0 to trail
  💰 Daily P&L: $+0.00
  📋 Order 566 status: PreSubmitted
  📋 Order 566 status: PendingCancel
  ✅ Fill: SLD 2.0 @ 7420.75
  📋 Order 565 status: PreSubmitted
  📋 Order 565 status: Submitted
  📋 Order 566 status: Cancelled
  ✅ Fill: SLD 3.0 @ 7416.75
  📋 Order 565 status: Filled

[2026-07-29 13:20] O:7425.50 H:7426.50 L:7420.50 C:7423.50 V:3053.0
  📈 Trend: moderate_bullish | 🌍 Regime: trending_bullish
  🗺️  Grid: 0.102% | 🔺 7428.75 🔻 7423.50
  📡 RSI: 24.3 | MACD: 0.66 | ATR: 6.30
  📊 Filled: 1 | Pending: 0
  📍 LONG @ 7434.75 | SL: 7420.75 | TP: 7456.00 | P&L: $-2,812.50 | +4.0 to trail
  ❌ EXIT LONG @ 7418.35 | Stop Loss
     P&L: -16.40 pts ($-4,100.00) | Daily: $-4,100.00
  ⏸️ Cooldown: 2 bar(s) remaining after exit
  💰 Daily P&L: $-4,100.00

[2026-07-29 13:21] O:7423.25 H:7425.50 L:7420.25 C:7422.25 V:2438.0
  📈 Trend: moderate_bullish | 🌍 Regime: trending_bullish
  🗺️  Grid: 0.101% | 🔺 7426.50 🔻 7420.50
  📡 RSI: 26.6 | MACD: -0.02 | ATR: 6.25
  📊 Filled: 0 | Pending: 0
  ⏸️ Cooldown: 1 bar(s) remaining after exit
  💰 Daily P&L: $-4,100.00

[2026-07-29 13:22] O:7422.25 H:7422.75 L:7419.00 C:7422.25 V:3321.0
  📈 Trend: moderate_bullish | 🌍 Regime: trending_bullish
  🗺️  Grid: 0.100% | 🔺 7425.50 🔻 7420.25
  📡 RSI: 27.6 | MACD: -0.56 | ATR: 6.16
  📊 Filled: 0 | Pending: 0
  💰 Daily P&L: $-4,100.00

[2026-07-29 13:23] O:7422.50 H:7425.75 L:7418.25 C:7418.75 V:2465.0
  📈 Trend: moderate_bullish | 🌍 Regime: trending_bullish
  🗺️  Grid: 0.102% | 🔺 7422.75 🔻 7419.00
  📡 RSI: 25.7 | MACD: -1.25 | ATR: 6.29
  📊 Filled: 0 | Pending: 0
  💰 Daily P&L: $-4,100.00

[2026-07-29 13:24] O:7418.75 H:7424.75 L:7418.75 C:7421.75 V:2403.0
  📈 Trend: moderate_bullish | 🌍 Regime: trending_bullish
  🗺️  Grid: 0.100% | 🔺 7425.75 🔻 7418.25
  📡 RSI: 33.8 | MACD: -1.54 | ATR: 6.18
  📊 Filled: 0 | Pending: 0
  💰 Daily P&L: $-4,100.00

[2026-07-29 13:25] O:7422.00 H:7424.25 L:7419.25 C:7422.25 V:2572.0
  📈 Trend: moderate_bullish | 🌍 Regime: trending_bullish
  🗺️  Grid: 0.097% | 🔺 7424.75 🔻 7418.75
  📡 RSI: 26.7 | MACD: -1.71 | ATR: 6.00
  📊 Filled: 0 | Pending: 0
  💰 Daily P&L: $-4,100.00

[2026-07-29 13:26] O:7422.50 H:7425.75 L:7420.75 C:7423.25 V:2628.0
  📈 Trend: moderate_bullish | 🌍 Regime: trending_bullish
  🗺️  Grid: 0.096% | 🔺 7424.25 🔻 7419.25
  📡 RSI: 32.2 | MACD: -1.74 | ATR: 5.91
  📊 Filled: 0 | Pending: 0
  💰 Daily P&L: $-4,100.00

[2026-07-29 13:27] O:7423.25 H:7423.75 L:7420.00 C:7422.25 V:1878.0
  📈 Trend: moderate_bullish | 🌍 Regime: trending_bullish
  🗺️  Grid: 0.093% | 🔺 7425.75 🔻 7420.75
  📡 RSI: 33.1 | MACD: -1.83 | ATR: 5.73
  📊 Filled: 0 | Pending: 0
  💰 Daily P&L: $-4,100.00

[2026-07-29 13:28] O:7422.50 H:7425.75 L:7422.25 C:7424.75 V:2303.0
  📈 Trend: moderate_bullish | 🌍 Regime: trending_bullish
  🗺️  Grid: 0.087% | 🔺 7423.75 🔻 7420.00
  📡 RSI: 41.9 | MACD: -1.68 | ATR: 5.41
  📊 Filled: 0 | Pending: 0
  💰 Daily P&L: $-4,100.00

[2026-07-29 13:29] O:7425.00 H:7428.75 L:7423.50 C:7428.50 V:2102.0
  📈 Trend: moderate_bullish | 🌍 Regime: trending_bullish
  🗺️  Grid: 0.085% | 🔺 7425.75 🔻 7422.25
  📡 RSI: 38.7 | MACD: -1.24 | ATR: 5.29
  📊 Filled: 0 | Pending: 0
  📤 Limit BUY 5 @ 7428.50 submitted (ID: 567)
  📋 Order 567 status: Submitted
  ⬆️ LONG ORDER @ 7428.50 | Size: 1.00 | SL: 7418.00 | TP: 7444.25 [HIGH VOL ATR:5.29→5cts]
     Reason: Grid Long (moderate_bullish, RSI: 38.7)
  🔬 SHADOW [long trending]: 🟩 ROBUST WOULD ALLOW
       MACD=PASS (-1.24 vs -1.68, Δ+0.44) | 5m=PASS (1m=moderate_bullish, 5m=sideways)
     ⏳ Order 567 PENDING - awaiting fill confirmation
  💰 Daily P&L: $-4,100.00

[2026-07-29 13:30] O:7428.50 H:7433.75 L:7428.50 C:7433.50 V:2998.0
  📈 Trend: moderate_bullish | 🌍 Regime: trending_bullish
  🗺️  Grid: 0.084% | 🔺 7428.75 🔻 7423.50
  📡 RSI: 51.2 | MACD: -0.48 | ATR: 5.20
  📊 Filled: 0 | Pending: 1
     ⏳ PENDING LONG @ 7428.50 (order 567, 60s)
  💰 Daily P&L: $-4,100.00
  ✅ Fill: BOT 2.0 @ 7428.5
  📋 Order 567 status: Submitted
  ✅ Fill: BOT 1.0 @ 7428.5
  📋 Order 567 status: Submitted
  ✅ Fill: BOT 2.0 @ 7428.5
  📋 Order 567 status: Filled
  📤 Stop-Limit SELL 5 @ stop:7418.00 / lmt:7414.00 submitted (ID: 568) [OCA:exit_567_1785349927]
  📋 Order 568 status: PreSubmitted
  📤 Limit SELL 5 @ 7444.25 submitted (ID: 569) [OCA:exit_567_1785349927]
  📋 Order 569 status: PreSubmitted
  ✅ FILL CONFIRMED: LONG @ 7428.50 (order 567)
     📊 Bracket placed: SL #568 @ 7418.00 | TP #569 @ 7444.25
     Trail activates @ +7.5 pts

[2026-07-29 13:31] O:7433.50 H:7436.00 L:7423.75 C:7424.75 V:6772.0
  📈 Trend: moderate_bullish | 🌍 Regime: trending_bullish
  🗺️  Grid: 0.090% | 🔺 7433.75 🔻 7428.50
  📡 RSI: 42.0 | MACD: -0.58 | ATR: 5.59
  📊 Filled: 1 | Pending: 0
  📍 LONG @ 7428.50 | SL: 7418.00 | TP: 7444.25 | P&L: $-937.50 | +7.5 to trail
  ✏️ Stop order 568 modified → 7434.50 [confirmed]
  🔄 TRAILING ACTIVATED @ +7.50pts | Stop: 7418.00 → 7434.50
  💰 Daily P&L: $-4,100.00
  📋 Order 568 status: Submitted
  📋 Order 569 status: PendingCancel
  📋 Order 569 status: Cancelled
  📋 Order 568 status: Cancelled

[2026-07-29 13:32] O:7424.75 H:7425.25 L:7414.75 C:7422.75 V:7510.0
  📈 Trend: moderate_bullish | 🌍 Regime: trending_bullish
  🗺️  Grid: 0.097% | 🔺 7436.00 🔻 7423.75
  📡 RSI: 42.9 | MACD: -0.81 | ATR: 6.02
  📊 Filled: 1 | Pending: 0
  📍 LONG @ 7428.50 | Trail: 7434.50 | TP: 7444.25 | P&L: $-1,437.50 | 🔒 Trailing
  💰 Daily P&L: $-4,100.00

[2026-07-29 13:33] O:7422.75 H:7428.25 L:7417.25 C:7425.25 V:5683.0
  📈 Trend: moderate_bullish (raw: strong_bearish) | 🌍 Regime: trending_bearish
  🗺️  Grid: 0.104% | 🔺 7425.25 🔻 7414.75
  📡 RSI: 49.7 | MACD: -0.79 | ATR: 6.43
  📊 Filled: 1 | Pending: 0
  📍 LONG @ 7428.50 | Trail: 7434.50 | TP: 7444.25 | P&L: $-812.50 | 🔒 Trailing
  💰 Daily P&L: $-4,100.00

[2026-07-29 13:34] O:7425.25 H:7426.50 L:7420.00 C:7424.00 V:2041.0
  📈 Trend: strong_bearish | 🌍 Regime: trending_bearish
  🗺️  Grid: 0.104% | 🔺 7428.25 🔻 7417.25
  📡 RSI: 50.7 | MACD: -0.86 | ATR: 6.46
  📊 Filled: 1 | Pending: 0
  📍 LONG @ 7428.50 | Trail: 7434.50 | TP: 7444.25 | P&L: $-1,125.00 | 🔒 Trailing
  💰 Daily P&L: $-4,100.00

[2026-07-29 13:35] O:7424.00 H:7425.50 L:7418.00 C:7421.50 V:2898.0
  📈 Trend: strong_bearish | 🌍 Regime: trending_bearish
  🗺️  Grid: 0.107% | 🔺 7426.50 🔻 7420.00
  📡 RSI: 49.0 | MACD: -1.10 | ATR: 6.62
  📊 Filled: 1 | Pending: 0
  📍 LONG @ 7428.50 | Trail: 7434.50 | TP: 7444.25 | P&L: $-1,750.00 | 🔒 Trailing
  💰 Daily P&L: $-4,100.00

[2026-07-29 13:36] O:7421.75 H:7429.75 L:7418.75 C:7429.50 V:2925.0
  📈 Trend: strong_bearish (raw: moderate_bearish) | 🌍 Regime: trending_bearish
  🗺️  Grid: 0.115% | 🔺 7425.50 🔻 7418.00
  📡 RSI: 58.0 | MACD: -0.64 | ATR: 7.14
  📊 Filled: 1 | Pending: 0
  📍 LONG @ 7428.50 | Trail: 7434.50 | TP: 7444.25 | P&L: $+250.00 | 🔒 Trailing
  💰 Daily P&L: $-4,100.00

[2026-07-29 13:37] O:7429.25 H:7434.75 L:7427.50 C:7433.75 V:3330.0
  📈 Trend: strong_bearish (raw: strong_bullish) | 🌍 Regime: ranging
  🗺️  Grid: 0.115% | 🔺 7429.75 🔻 7418.75
  📡 RSI: 66.3 | MACD: 0.07 | ATR: 7.12
  📊 Filled: 1 | Pending: 0
  📍 LONG @ 7428.50 | Trail: 7434.50 | TP: 7444.25 | P&L: $+1,312.50 | 🔒 Trailing
  💰 Daily P&L: $-4,100.00

[2026-07-29 13:38] O:7433.75 H:7444.75 L:7433.75 C:7440.75 V:4875.0
  📈 Trend: strong_bullish | 🌍 Regime: ranging
  🗺️  Grid: 0.121% | 🔺 7434.75 🔻 7427.50
  📡 RSI: 69.0 | MACD: 1.18 | ATR: 7.48
  📊 Filled: 1 | Pending: 0
  📍 LONG @ 7428.50 | Trail: 7434.50 | TP: 7444.25 | P&L: $+3,062.50 | 🔒 Trailing
  ⚠️ Failed to modify order 568: 
  📈 TRAIL UPDATE: High 7444.75 | Stop: 7434.50 → 7443.25
  💰 Daily P&L: $-4,100.00

[2026-07-29 13:39] O:7441.00 H:7448.00 L:7437.25 C:7444.25 V:3870.0
  📈 Trend: strong_bullish | 🌍 Regime: trending_bullish
  🗺️  Grid: 0.127% | 🔺 7444.75 🔻 7433.75
  📡 RSI: 70.8 | MACD: 2.31 | ATR: 7.89
  📊 Filled: 1 | Pending: 0
  📍 LONG @ 7428.50 | Trail: 7443.25 | TP: 7444.25 | P&L: $+3,937.50 | 🔒 Trailing
  ⚠️ Failed to modify order 568: 
  📈 TRAIL UPDATE: High 7448.00 | Stop: 7443.25 → 7446.50
  💰 Daily P&L: $-4,100.00

[2026-07-29 13:40] O:7444.00 H:7453.25 L:7443.25 C:7450.75 V:5383.0
  📈 Trend: strong_bullish | 🌍 Regime: trending_bullish
  🗺️  Grid: 0.133% | 🔺 7448.00 🔻 7437.25
  📡 RSI: 73.5 | MACD: 3.70 | ATR: 8.25
  📊 Filled: 1 | Pending: 0
  📍 LONG @ 7428.50 | Trail: 7446.50 | TP: 7444.25 | P&L: $+5,562.50 | 🔒 Trailing
  ⚠️ Failed to modify order 568: 
  📈 TRAIL UPDATE: High 7453.25 | Stop: 7446.50 → 7451.75
  💰 Daily P&L: $-4,100.00

[2026-07-29 13:41] O:7451.00 H:7458.00 L:7450.75 C:7453.75 V:5459.0
  📈 Trend: strong_bullish | 🌍 Regime: trending_bullish
  🗺️  Grid: 0.137% | 🔺 7453.25 🔻 7443.25
  📡 RSI: 76.0 | MACD: 4.98 | ATR: 8.50
  📊 Filled: 1 | Pending: 0
  📍 LONG @ 7428.50 | Trail: 7451.75 | TP: 7444.25 | P&L: $+6,312.50 | 🔒 Trailing
  ⚠️ Failed to modify order 568: 
  📈 TRAIL UPDATE: High 7458.00 | Stop: 7451.75 → 7456.50
  💰 Daily P&L: $-4,100.00
→ Real-time bars cancelled
✓ Disconnected from IBKR
