Logging to: es_bot_20260701_092333.log

============================================================
📈 MODE: SCALP
   • 10 contract(s) max
   • Grid entries only
   • Trailing stop enabled
   • SL: ~8 pts | TP: ~12 pts | Trail activates: +6 pts
   • Best for: Normal sessions, choppy/ranging opens
============================================================
✓ Connected to IBKR (paper) - clientId=10
✓ Front-month contract: ESU6 expiry=20260918

============================================================
Loading historical data for indicator warm-up...
============================================================
→ Fetching historical bars (1 D, 1 min)...
✓ Loaded 924 historical bars

Processing 924 historical bars...

Indicators ready!
  Bars loaded: 924
  Last price: 7536.75
  Trend: strong_bullish
  RSI: 77.4
  ATR: 3.11
  MACD: 2.23 / Signal: 1.18
  MA: 7530.55 / 7529.57 / 7533.16

------------------------------------------------------------
Account Value: $1,018,822.87
Buying Power: $4,038,754.72
Current Position: 0 contracts
------------------------------------------------------------

============================================================
Starting live 1-minute bar stream...
Strategy is now ACTIVE (SCALP mode)
============================================================

→ Subscribed to 5-second real-time bars (aggregating to 1 min)

[2026-07-01 08:23] O:7536.75 H:7537.50 L:7536.00 C:7536.50 V:421.0
  📈 Trend: sideways (raw: strong_bullish) | 🌍 Regime: trending_bullish
  🗺️  Grid: 0.080% | 🔺 7538.75 🔻 7536.75
  📡 RSI: 76.2 | MACD: 2.25 | ATR: 3.09
  📊 Filled: 0 | Pending: 0
  🕐 Outside session (08:23 CT) — no entries
  💰 Daily P&L: $+0.00

[2026-07-01 08:24] O:7536.50 H:7538.75 L:7535.75 C:7537.50 V:666.0
  📈 Trend: strong_bullish | 🌍 Regime: trending_bullish
  🗺️  Grid: 0.080% | 🔺 7537.50 🔻 7536.00
  📡 RSI: 76.2 | MACD: 2.33 | ATR: 3.11
  📊 Filled: 0 | Pending: 0
  🕐 Outside session (08:24 CT) — no entries
  💰 Daily P&L: $+0.00

[2026-07-01 08:25] O:7537.75 H:7538.00 L:7532.00 C:7532.75 V:1722.0
  📈 Trend: strong_bullish | 🌍 Regime: trending_bullish
  🗺️  Grid: 0.080% | 🔺 7538.75 🔻 7535.75
  📡 RSI: 65.3 | MACD: 1.98 | ATR: 3.39
  📊 Filled: 0 | Pending: 0
  🕐 Outside session (08:25 CT) — no entries
  💰 Daily P&L: $+0.00

[2026-07-01 08:26] O:7532.50 H:7534.00 L:7532.00 C:7533.50 V:1289.0
  📈 Trend: strong_bullish | 🌍 Regime: trending_bullish
  🗺️  Grid: 0.080% | 🔺 7538.00 🔻 7532.00
  📡 RSI: 63.8 | MACD: 1.75 | ATR: 3.27
  📊 Filled: 0 | Pending: 0
  🕐 Outside session (08:26 CT) — no entries
  💰 Daily P&L: $+0.00

[2026-07-01 08:27] O:7533.50 H:7536.25 L:7533.25 C:7534.75 V:1899.0
  📈 Trend: strong_bullish (raw: moderate_bullish) | 🌍 Regime: trending_bullish
  🗺️  Grid: 0.080% | 🔺 7534.00 🔻 7532.00
  📡 RSI: 64.9 | MACD: 1.64 | ATR: 3.32
  📊 Filled: 0 | Pending: 0
  🕐 Outside session (08:27 CT) — no entries
  💰 Daily P&L: $+0.00

[2026-07-01 08:28] O:7535.00 H:7535.75 L:7532.25 C:7532.75 V:1827.0
  📈 Trend: moderate_bullish | 🌍 Regime: trending_bullish
  🗺️  Grid: 0.080% | 🔺 7536.25 🔻 7533.25
  📡 RSI: 58.8 | MACD: 1.38 | ATR: 3.38
  📊 Filled: 0 | Pending: 0
  🕐 Outside session (08:28 CT) — no entries
  💰 Daily P&L: $+0.00

[2026-07-01 08:29] O:7532.75 H:7534.75 L:7528.75 C:7532.00 V:3802.0
  📈 Trend: moderate_bullish | 🌍 Regime: trending_bullish
  🗺️  Grid: 0.080% | 🔺 7535.75 🔻 7532.25
  📡 RSI: 55.0 | MACD: 1.10 | ATR: 3.59
  📊 Filled: 0 | Pending: 0
  🕐 Outside session (08:29 CT) — no entries
  💰 Daily P&L: $+0.00

[2026-07-01 08:30] O:7532.00 H:7534.00 L:7520.25 C:7527.75 V:15820.0
  📈 Trend: moderate_bullish | 🌍 Regime: trending_bullish
  🗺️  Grid: 0.080% | 🔺 7534.75 🔻 7528.75
  📡 RSI: 27.9 | MACD: 0.53 | ATR: 3.96
  📊 Filled: 0 | Pending: 0
  🕐 Outside session (08:30 CT) — no entries
  💰 Daily P&L: $+0.00

[2026-07-01 08:31] O:7527.75 H:7528.00 L:7517.00 C:7522.25 V:10515.0
  📈 Trend: moderate_bullish (raw: strong_bearish) | 🌍 Regime: trending_bearish
  🗺️  Grid: 0.080% | 🔺 7534.00 🔻 7520.25
  📡 RSI: 22.4 | MACD: -0.36 | ATR: 4.52
  📊 Filled: 0 | Pending: 0
  🕐 Outside session (08:31 CT) — no entries
  💰 Daily P&L: $+0.00

[2026-07-01 08:32] O:7522.50 H:7527.75 L:7517.50 C:7520.00 V:9142.0
  📈 Trend: strong_bearish | 🌍 Regime: trending_bearish
  🗺️  Grid: 0.081% | 🔺 7528.00 🔻 7517.00
  📡 RSI: 22.2 | MACD: -1.23 | ATR: 5.07
  📊 Filled: 0 | Pending: 0
  🕐 Outside session (08:32 CT) — no entries
  💰 Daily P&L: $+0.00

[2026-07-01 08:33] O:7519.75 H:7521.00 L:7512.50 C:7512.75 V:7879.0
  📈 Trend: strong_bearish | 🌍 Regime: trending_bearish
  🗺️  Grid: 0.087% | 🔺 7527.75 🔻 7517.50
  📡 RSI: 11.7 | MACD: -2.48 | ATR: 5.46
  📊 Filled: 0 | Pending: 0
  🕐 Outside session (08:33 CT) — no entries
  💰 Daily P&L: $+0.00

[2026-07-01 08:34] O:7512.75 H:7514.75 L:7507.50 C:7508.75 V:8978.0
  📈 Trend: strong_bearish | 🌍 Regime: trending_bearish
  🗺️  Grid: 0.093% | 🔺 7521.00 🔻 7512.50
  📡 RSI: 10.4 | MACD: -3.75 | ATR: 5.80
  📊 Filled: 0 | Pending: 0
  🕐 Outside session (08:34 CT) — no entries
  💰 Daily P&L: $+0.00

[2026-07-01 08:35] O:7508.75 H:7512.75 L:7505.75 C:7508.50 V:9217.0
  📈 Trend: strong_bearish | 🌍 Regime: trending_bearish
  🗺️  Grid: 0.097% | 🔺 7514.75 🔻 7507.50
  📡 RSI: 8.5 | MACD: -4.72 | ATR: 6.05
  📊 Filled: 0 | Pending: 0
  🕐 Outside session (08:35 CT) — no entries
  💰 Daily P&L: $+0.00

[2026-07-01 08:36] O:7508.50 H:7511.75 L:7507.25 C:7509.50 V:7672.0
  📈 Trend: strong_bearish | 🌍 Regime: trending_bearish
  🗺️  Grid: 0.100% | 🔺 7512.75 🔻 7505.75
  📡 RSI: 11.3 | MACD: -5.35 | ATR: 6.23
  📊 Filled: 0 | Pending: 0
  🕐 Outside session (08:36 CT) — no entries
  💰 Daily P&L: $+0.00

[2026-07-01 08:37] O:7509.50 H:7516.50 L:7509.00 C:7511.75 V:7654.0
  📈 Trend: strong_bearish | 🌍 Regime: trending_bearish
  🗺️  Grid: 0.106% | 🔺 7511.75 🔻 7507.25
  📡 RSI: 16.8 | MACD: -5.60 | ATR: 6.66
  📊 Filled: 0 | Pending: 0
  🕐 Outside session (08:37 CT) — no entries
  💰 Daily P&L: $+0.00

[2026-07-01 08:38] O:7512.00 H:7513.75 L:7508.00 C:7513.50 V:6745.0
  📈 Trend: strong_bearish | 🌍 Regime: trending_bearish
  🗺️  Grid: 0.110% | 🔺 7516.50 🔻 7509.00
  📡 RSI: 18.4 | MACD: -5.59 | ATR: 6.86
  📊 Filled: 0 | Pending: 0
  🕐 Outside session (08:38 CT) — no entries
  💰 Daily P&L: $+0.00

[2026-07-01 08:39] O:7513.75 H:7516.75 L:7511.75 C:7513.50 V:6796.0
  📈 Trend: strong_bearish | 🌍 Regime: trending_bearish
  🗺️  Grid: 0.108% | 🔺 7513.75 🔻 7508.00
  📡 RSI: 21.1 | MACD: -5.53 | ATR: 6.79
  📊 Filled: 0 | Pending: 0
  🕐 Outside session (08:39 CT) — no entries
  💰 Daily P&L: $+0.00

[2026-07-01 08:40] O:7513.50 H:7518.25 L:7510.00 C:7516.00 V:9417.0
  📈 Trend: strong_bearish | 🌍 Regime: trending_bearish
  🗺️  Grid: 0.115% | 🔺 7516.75 🔻 7511.75
  📡 RSI: 25.0 | MACD: -5.21 | ATR: 7.23
  📊 Filled: 0 | Pending: 0
  🕐 Outside session (08:40 CT) — no entries
  💰 Daily P&L: $+0.00

[2026-07-01 08:41] O:7516.25 H:7520.00 L:7513.75 C:7516.00 V:6586.0
  📈 Trend: strong_bearish | 🌍 Regime: trending_bearish
  🗺️  Grid: 0.119% | 🔺 7518.25 🔻 7510.00
  📡 RSI: 22.2 | MACD: -4.90 | ATR: 7.46
  📊 Filled: 0 | Pending: 0
  🕐 Outside session (08:41 CT) — no entries
  💰 Daily P&L: $+0.00

[2026-07-01 08:42] O:7516.25 H:7519.25 L:7513.00 C:7518.00 V:5273.0
  📈 Trend: strong_bearish | 🌍 Regime: trending_bearish
  🗺️  Grid: 0.122% | 🔺 7520.00 🔻 7513.75
  📡 RSI: 28.1 | MACD: -4.45 | ATR: 7.66
  📊 Filled: 0 | Pending: 0
  🕐 Outside session (08:42 CT) — no entries
  💰 Daily P&L: $+0.00

[2026-07-01 08:43] O:7518.50 H:7520.00 L:7515.50 C:7517.50 V:4735.0
  📈 Trend: strong_bearish | 🌍 Regime: trending_bearish
  🗺️  Grid: 0.121% | 🔺 7519.25 🔻 7513.00
  📡 RSI: 28.4 | MACD: -4.08 | ATR: 7.55
  📊 Filled: 0 | Pending: 0
  🕐 Outside session (08:43 CT) — no entries
  💰 Daily P&L: $+0.00

[2026-07-01 08:44] O:7517.50 H:7518.00 L:7513.25 C:7515.00 V:3041.0
  📈 Trend: strong_bearish | 🌍 Regime: trending_bearish
  🗺️  Grid: 0.110% | 🔺 7520.00 🔻 7515.50
  📡 RSI: 29.9 | MACD: -3.94 | ATR: 6.91
  📊 Filled: 0 | Pending: 0
  🕐 Outside session (08:44 CT) — no entries
  💰 Daily P&L: $+0.00

[2026-07-01 08:45] O:7515.00 H:7519.75 L:7511.25 C:7519.50 V:6019.0
  📈 Trend: strong_bearish | 🌍 Regime: trending_bearish
  🗺️  Grid: 0.107% | 🔺 7518.00 🔻 7513.25
  📡 RSI: 45.5 | MACD: -3.43 | ATR: 6.73
  📊 Filled: 0 | Pending: 0
  💰 Daily P&L: $+0.00

[2026-07-01 08:46] O:7519.75 H:7523.25 L:7519.00 C:7519.75 V:5297.0
  📈 Trend: strong_bearish | 🌍 Regime: trending_bearish
  🗺️  Grid: 0.101% | 🔺 7519.75 🔻 7511.25
  📡 RSI: 49.6 | MACD: -2.97 | ATR: 6.30
  📊 Filled: 0 | Pending: 0
  💰 Daily P&L: $+0.00

[2026-07-01 08:47] O:7519.75 H:7521.75 L:7517.50 C:7520.00 V:5185.0
  📈 Trend: strong_bearish | 🌍 Regime: trending_bearish
  🗺️  Grid: 0.096% | 🔺 7523.25 🔻 7519.00
  📡 RSI: 66.7 | MACD: -2.56 | ATR: 6.00
  📊 Filled: 0 | Pending: 0
  💰 Daily P&L: $+0.00

[2026-07-01 08:48] O:7520.00 H:7524.00 L:7519.50 C:7520.50 V:4295.0
  📈 Trend: strong_bearish | 🌍 Regime: trending_bearish
  🗺️  Grid: 0.093% | 🔺 7521.75 🔻 7517.50
  📡 RSI: 82.2 | MACD: -2.17 | ATR: 5.80
  📊 Filled: 0 | Pending: 0
  💰 Daily P&L: $+0.00

[2026-07-01 08:49] O:7520.75 H:7522.00 L:7518.00 C:7519.75 V:4076.0
  📈 Trend: strong_bearish | 🌍 Regime: trending_bearish
  🗺️  Grid: 0.089% | 🔺 7524.00 🔻 7519.50
  📡 RSI: 80.0 | MACD: -1.90 | ATR: 5.59
  📊 Filled: 0 | Pending: 0
  💰 Daily P&L: $+0.00

[2026-07-01 08:50] O:7520.00 H:7525.75 L:7519.25 C:7525.00 V:3992.0
  📈 Trend: strong_bearish (raw: moderate_bearish) | 🌍 Regime: trending_bearish
  🗺️  Grid: 0.091% | 🔺 7522.00 🔻 7518.00
  📡 RSI: 83.7 | MACD: -1.24 | ATR: 5.73
  📊 Filled: 0 | Pending: 0
  💰 Daily P&L: $+0.00

[2026-07-01 08:51] O:7525.25 H:7528.50 L:7524.00 C:7527.00 V:4722.0
  📈 Trend: moderate_bearish | 🌍 Regime: trending_bearish
  🗺️  Grid: 0.088% | 🔺 7525.75 🔻 7519.25
  📡 RSI: 83.5 | MACD: -0.56 | ATR: 5.52
  📊 Filled: 0 | Pending: 0
  💰 Daily P&L: $+0.00

[2026-07-01 08:52] O:7527.00 H:7530.25 L:7526.00 C:7529.25 V:3797.0
  📈 Trend: moderate_bearish (raw: moderate_bullish) | 🌍 Regime: trending_bullish
  🗺️  Grid: 0.086% | 🔺 7528.50 🔻 7524.00
  📡 RSI: 83.9 | MACD: 0.17 | ATR: 5.41
  📊 Filled: 0 | Pending: 0
  💰 Daily P&L: $+0.00

[2026-07-01 08:53] O:7529.50 H:7532.50 L:7529.25 C:7530.75 V:4327.0
  📈 Trend: moderate_bullish | 🌍 Regime: trending_bullish
  🗺️  Grid: 0.084% | 🔺 7530.25 🔻 7526.00
  📡 RSI: 84.8 | MACD: 0.85 | ATR: 5.29
  📊 Filled: 0 | Pending: 0
  💰 Daily P&L: $+0.00

[2026-07-01 08:54] O:7530.75 H:7532.50 L:7529.25 C:7530.75 V:3531.0
  📈 Trend: moderate_bullish | 🌍 Regime: trending_bullish
  🗺️  Grid: 0.080% | 🔺 7532.50 🔻 7529.25
  📡 RSI: 83.1 | MACD: 1.38 | ATR: 4.93
  📊 Filled: 0 | Pending: 0
  💰 Daily P&L: $+0.00

[2026-07-01 08:55] O:7530.50 H:7533.00 L:7529.00 C:7530.75 V:4472.0
  📈 Trend: moderate_bullish | 🌍 Regime: trending_bullish
  🗺️  Grid: 0.080% | 🔺 7532.50 🔻 7529.25
  📡 RSI: 83.1 | MACD: 1.78 | ATR: 4.77
  📊 Filled: 0 | Pending: 0
  💰 Daily P&L: $+0.00

[2026-07-01 08:56] O:7530.75 H:7531.50 L:7528.00 C:7530.00 V:2628.0
  📈 Trend: moderate_bullish | 🌍 Regime: trending_bullish
  🗺️  Grid: 0.080% | 🔺 7533.00 🔻 7529.00
  📡 RSI: 78.6 | MACD: 2.01 | ATR: 4.57
  📊 Filled: 0 | Pending: 0
  💰 Daily P&L: $+0.00

[2026-07-01 08:57] O:7530.25 H:7531.25 L:7528.25 C:7530.75 V:2642.0
  📈 Trend: moderate_bullish | 🌍 Regime: trending_bullish
  🗺️  Grid: 0.080% | 🔺 7531.50 🔻 7528.00
  📡 RSI: 81.2 | MACD: 2.22 | ATR: 4.46
  📊 Filled: 0 | Pending: 0
  💰 Daily P&L: $+0.00

[2026-07-01 08:58] O:7530.75 H:7535.00 L:7530.50 C:7533.75 V:3862.0
  📈 Trend: moderate_bullish | 🌍 Regime: trending_bullish
  🗺️  Grid: 0.080% | 🔺 7531.25 🔻 7528.25
  📡 RSI: 93.1 | MACD: 2.61 | ATR: 4.45
  📊 Filled: 0 | Pending: 0
  💰 Daily P&L: $+0.00

[2026-07-01 08:59] O:7534.00 H:7536.75 L:7532.00 C:7536.25 V:2830.0
  📈 Trend: moderate_bullish | 🌍 Regime: trending_bullish
  🗺️  Grid: 0.080% | 🔺 7535.00 🔻 7530.50
  📡 RSI: 92.4 | MACD: 3.08 | ATR: 4.18
  📊 Filled: 0 | Pending: 0
  💰 Daily P&L: $+0.00

[2026-07-01 09:00] O:7536.75 H:7539.50 L:7535.50 C:7538.00 V:6734.0
  📈 Trend: moderate_bullish | 🌍 Regime: trending_bullish
  🗺️  Grid: 0.080% | 🔺 7536.75 🔻 7532.00
  📡 RSI: 92.9 | MACD: 3.55 | ATR: 4.16
  📊 Filled: 0 | Pending: 0
  💰 Daily P&L: $+0.00

[2026-07-01 09:01] O:7537.75 H:7538.50 L:7533.00 C:7536.00 V:4019.0
  📈 Trend: moderate_bullish (raw: strong_bullish) | 🌍 Regime: trending_bullish
  🗺️  Grid: 0.080% | 🔺 7539.50 🔻 7535.50
  📡 RSI: 84.8 | MACD: 3.72 | ATR: 4.25
  📊 Filled: 0 | Pending: 0
  💰 Daily P&L: $+0.00

[2026-07-01 09:02] O:7536.00 H:7537.75 L:7533.75 C:7535.00 V:2742.0
  📈 Trend: strong_bullish | 🌍 Regime: trending_bullish
  🗺️  Grid: 0.080% | 🔺 7538.50 🔻 7533.00
  📡 RSI: 80.9 | MACD: 3.74 | ATR: 4.21
  📊 Filled: 0 | Pending: 0
  💰 Daily P&L: $+0.00

[2026-07-01 09:03] O:7535.00 H:7538.50 L:7534.00 C:7538.00 V:2984.0
  📈 Trend: strong_bullish | 🌍 Regime: trending_bullish
  🗺️  Grid: 0.080% | 🔺 7537.75 🔻 7533.75
  📡 RSI: 85.4 | MACD: 3.94 | ATR: 4.25
  📊 Filled: 0 | Pending: 0
  💰 Daily P&L: $+0.00

[2026-07-01 09:04] O:7538.00 H:7539.00 L:7536.75 C:7537.50 V:2930.0
  📈 Trend: strong_bullish | 🌍 Regime: trending_bullish
  🗺️  Grid: 0.080% | 🔺 7538.50 🔻 7534.00
  📡 RSI: 79.8 | MACD: 4.02 | ATR: 3.95
  📊 Filled: 0 | Pending: 0
  💰 Daily P&L: $+0.00

[2026-07-01 09:05] O:7537.25 H:7542.50 L:7536.75 C:7541.50 V:4161.0
  📈 Trend: strong_bullish | 🌍 Regime: trending_bullish
  🗺️  Grid: 0.080% | 🔺 7539.00 🔻 7536.75
  📡 RSI: 81.5 | MACD: 4.35 | ATR: 4.04
  📊 Filled: 0 | Pending: 0
  💰 Daily P&L: $+0.00

[2026-07-01 09:06] O:7541.25 H:7544.00 L:7541.25 C:7543.75 V:4180.0
  📈 Trend: strong_bullish | 🌍 Regime: trending_bullish
  🗺️  Grid: 0.080% | 🔺 7542.50 🔻 7536.75
  📡 RSI: 81.5 | MACD: 4.74 | ATR: 3.93
  📊 Filled: 0 | Pending: 0
  💰 Daily P&L: $+0.00

[2026-07-01 09:07] O:7543.75 H:7545.75 L:7542.50 C:7545.00 V:3786.0
  📈 Trend: strong_bullish | 🌍 Regime: trending_bullish
  🗺️  Grid: 0.080% | 🔺 7544.00 🔻 7541.25
  📡 RSI: 81.3 | MACD: 5.10 | ATR: 3.93
  📊 Filled: 0 | Pending: 0
  💰 Daily P&L: $+0.00

[2026-07-01 09:08] O:7545.00 H:7546.50 L:7544.50 C:7545.25 V:2513.0
  📈 Trend: strong_bullish | 🌍 Regime: trending_bullish
  🗺️  Grid: 0.080% | 🔺 7545.75 🔻 7542.50
  📡 RSI: 81.5 | MACD: 5.33 | ATR: 3.84
  📊 Filled: 0 | Pending: 0
  💰 Daily P&L: $+0.00

[2026-07-01 09:09] O:7545.25 H:7545.50 L:7543.00 C:7544.50 V:2571.0
  📈 Trend: strong_bullish | 🌍 Regime: trending_bullish
  🗺️  Grid: 0.080% | 🔺 7546.50 🔻 7544.50
  📡 RSI: 78.9 | MACD: 5.40 | ATR: 3.73
  📊 Filled: 0 | Pending: 0
  💰 Daily P&L: $+0.00

[2026-07-01 09:10] O:7544.25 H:7547.75 L:7543.50 C:7547.25 V:3139.0
  📈 Trend: strong_bullish | 🌍 Regime: trending_bullish
  🗺️  Grid: 0.080% | 🔺 7545.50 🔻 7543.00
  📡 RSI: 83.5 | MACD: 5.61 | ATR: 3.79
  📊 Filled: 0 | Pending: 0
  💰 Daily P&L: $+0.00

[2026-07-01 09:11] O:7547.25 H:7550.75 L:7547.00 C:7550.25 V:4542.0
  📈 Trend: strong_bullish | 🌍 Regime: trending_bullish
  🗺️  Grid: 0.080% | 🔺 7547.75 🔻 7543.50
  📡 RSI: 84.8 | MACD: 5.95 | ATR: 3.84
  📊 Filled: 0 | Pending: 0
  💰 Daily P&L: $+0.00

[2026-07-01 09:12] O:7550.25 H:7551.50 L:7549.00 C:7549.50 V:4244.0
  📈 Trend: strong_bullish | 🌍 Regime: trending_bullish
  🗺️  Grid: 0.080% | 🔺 7550.75 🔻 7547.00
  📡 RSI: 80.6 | MACD: 6.09 | ATR: 3.70
  📊 Filled: 0 | Pending: 0
  💰 Daily P&L: $+0.00

[2026-07-01 09:13] O:7549.50 H:7552.25 L:7548.00 C:7551.50 V:4915.0
  📈 Trend: strong_bullish | 🌍 Regime: trending_bullish
  🗺️  Grid: 0.080% | 🔺 7551.50 🔻 7549.00
  📡 RSI: 80.2 | MACD: 6.28 | ATR: 3.66
  📊 Filled: 0 | Pending: 0
  💰 Daily P&L: $+0.00

[2026-07-01 09:14] O:7551.25 H:7552.25 L:7549.00 C:7549.75 V:3552.0
  📈 Trend: strong_bullish | 🌍 Regime: trending_bullish
  🗺️  Grid: 0.080% | 🔺 7552.25 🔻 7548.00
  📡 RSI: 73.3 | MACD: 6.23 | ATR: 3.61
  📊 Filled: 0 | Pending: 0
  💰 Daily P&L: $+0.00

[2026-07-01 09:15] O:7549.75 H:7551.50 L:7548.50 C:7548.50 V:3459.0
  📈 Trend: strong_bullish | 🌍 Regime: trending_bullish
  🗺️  Grid: 0.080% | 🔺 7552.25 🔻 7549.00
  📡 RSI: 75.5 | MACD: 6.01 | ATR: 3.43
  📊 Filled: 0 | Pending: 0
  💰 Daily P&L: $+0.00

[2026-07-01 09:16] O:7548.50 H:7550.75 L:7546.75 C:7548.75 V:4211.0
  📈 Trend: strong_bullish | 🌍 Regime: trending_bullish
  🗺️  Grid: 0.080% | 🔺 7551.50 🔻 7548.50
  📡 RSI: 78.9 | MACD: 5.80 | ATR: 3.43
  📊 Filled: 0 | Pending: 0
  💰 Daily P&L: $+0.00

[2026-07-01 09:17] O:7548.50 H:7549.50 L:7547.25 C:7549.50 V:3198.0
  📈 Trend: strong_bullish (raw: moderate_bullish) | 🌍 Regime: trending_bullish
  🗺️  Grid: 0.080% | 🔺 7550.75 🔻 7546.75
  📡 RSI: 76.7 | MACD: 5.62 | ATR: 3.27
  📊 Filled: 0 | Pending: 0
  💰 Daily P&L: $+0.00

[2026-07-01 09:18] O:7549.75 H:7550.25 L:7547.50 C:7548.00 V:2438.0
  📈 Trend: moderate_bullish | 🌍 Regime: trending_bullish
  🗺️  Grid: 0.080% | 🔺 7549.50 🔻 7547.25
  📡 RSI: 73.3 | MACD: 5.30 | ATR: 3.30
  📊 Filled: 0 | Pending: 0
  💰 Daily P&L: $+0.00

[2026-07-01 09:19] O:7548.00 H:7552.00 L:7547.50 C:7550.75 V:2822.0
  📈 Trend: moderate_bullish | 🌍 Regime: trending_bullish
  🗺️  Grid: 0.080% | 🔺 7550.25 🔻 7547.50
  📡 RSI: 71.8 | MACD: 5.21 | ATR: 3.21
  📊 Filled: 0 | Pending: 0
  💰 Daily P&L: $+0.00

[2026-07-01 09:20] O:7550.75 H:7552.00 L:7549.75 C:7550.50 V:2486.0
  📈 Trend: moderate_bullish | 🌍 Regime: trending_bullish
  🗺️  Grid: 0.080% | 🔺 7552.00 🔻 7547.50
  📡 RSI: 67.5 | MACD: 5.05 | ATR: 3.18
  📊 Filled: 0 | Pending: 0
  💰 Daily P&L: $+0.00

[2026-07-01 09:21] O:7550.50 H:7553.50 L:7550.00 C:7552.50 V:3454.0
  📈 Trend: moderate_bullish | 🌍 Regime: trending_bullish
  🗺️  Grid: 0.080% | 🔺 7552.00 🔻 7549.75
  📡 RSI: 68.8 | MACD: 5.04 | ATR: 3.20
  📊 Filled: 0 | Pending: 0
  💰 Daily P&L: $+0.00

[2026-07-01 09:22] O:7552.50 H:7553.25 L:7550.75 C:7551.00 V:2567.0
  📈 Trend: moderate_bullish | 🌍 Regime: trending_bullish
  🗺️  Grid: 0.080% | 🔺 7553.50 🔻 7550.00
  📡 RSI: 63.5 | MACD: 4.85 | ATR: 3.23
  📊 Filled: 0 | Pending: 0
  💰 Daily P&L: $+0.00

[2026-07-01 09:23] O:7551.00 H:7553.00 L:7551.00 C:7552.00 V:2527.0
  📈 Trend: moderate_bullish (raw: strong_bullish) | 🌍 Regime: trending_bullish
  🗺️  Grid: 0.080% | 🔺 7553.25 🔻 7550.75
  📡 RSI: 67.4 | MACD: 4.72 | ATR: 3.20
  📊 Filled: 0 | Pending: 0
  💰 Daily P&L: $+0.00

[2026-07-01 09:24] O:7552.00 H:7552.50 L:7551.00 C:7551.50 V:2352.0
  📈 Trend: strong_bullish | 🌍 Regime: trending_bullish
  🗺️  Grid: 0.080% | 🔺 7553.00 🔻 7551.00
  📡 RSI: 61.0 | MACD: 4.53 | ATR: 3.00
  📊 Filled: 0 | Pending: 0
  💰 Daily P&L: $+0.00

[2026-07-01 09:25] O:7551.50 H:7552.25 L:7550.25 C:7551.00 V:1973.0
  📈 Trend: strong_bullish | 🌍 Regime: trending_bullish
  🗺️  Grid: 0.080% | 🔺 7552.50 🔻 7551.00
  📡 RSI: 52.2 | MACD: 4.29 | ATR: 2.88
  📊 Filled: 0 | Pending: 0
  💰 Daily P&L: $+0.00

[2026-07-01 09:26] O:7551.00 H:7553.75 L:7551.00 C:7551.75 V:2916.0
  📈 Trend: strong_bullish | 🌍 Regime: trending_bullish
  🗺️  Grid: 0.080% | 🔺 7552.25 🔻 7550.25
  📡 RSI: 56.7 | MACD: 4.11 | ATR: 2.89
  📊 Filled: 0 | Pending: 0
  💰 Daily P&L: $+0.00

[2026-07-01 09:27] O:7551.75 H:7553.75 L:7550.50 C:7553.25 V:2468.0
  📈 Trend: strong_bullish | 🌍 Regime: trending_bullish
  🗺️  Grid: 0.080% | 🔺 7553.75 🔻 7551.00
  📡 RSI: 55.4 | MACD: 4.04 | ATR: 2.82
  📊 Filled: 0 | Pending: 0
  💰 Daily P&L: $+0.00

[2026-07-01 09:28] O:7553.25 H:7553.50 L:7550.75 C:7551.50 V:2205.0
  📈 Trend: strong_bullish | 🌍 Regime: trending_bullish
  🗺️  Grid: 0.080% | 🔺 7553.75 🔻 7550.50
  📡 RSI: 55.4 | MACD: 3.81 | ATR: 2.79
  📊 Filled: 0 | Pending: 0
  💰 Daily P&L: $+0.00

[2026-07-01 09:29] O:7551.75 H:7552.75 L:7551.25 C:7551.75 V:1799.0
  📈 Trend: strong_bullish | 🌍 Regime: trending_bullish
  🗺️  Grid: 0.080% | 🔺 7553.50 🔻 7550.75
  📡 RSI: 60.7 | MACD: 3.60 | ATR: 2.68
  📊 Filled: 0 | Pending: 0
  💰 Daily P&L: $+0.00

[2026-07-01 09:30] O:7551.75 H:7552.50 L:7546.00 C:7546.75 V:4457.0
  📈 Trend: strong_bullish (raw: moderate_bullish) | 🌍 Regime: trending_bullish
  🗺️  Grid: 0.080% | 🔺 7552.75 🔻 7551.25
  📡 RSI: 45.0 | MACD: 2.99 | ATR: 2.86
  📊 Filled: 0 | Pending: 0
  💰 Daily P&L: $+0.00

[2026-07-01 09:31] O:7547.00 H:7548.25 L:7545.50 C:7547.75 V:3578.0
  📈 Trend: moderate_bullish | 🌍 Regime: trending_bullish
  🗺️  Grid: 0.080% | 🔺 7552.50 🔻 7546.00
  📡 RSI: 45.7 | MACD: 2.56 | ATR: 2.89
  📊 Filled: 0 | Pending: 0
  💰 Daily P&L: $+0.00

[2026-07-01 09:32] O:7547.75 H:7549.25 L:7544.50 C:7546.50 V:3768.0
  📈 Trend: moderate_bullish | 🌍 Regime: trending_bullish
  🗺️  Grid: 0.080% | 🔺 7548.25 🔻 7545.50
  📡 RSI: 46.2 | MACD: 2.10 | ATR: 3.04
  📊 Filled: 0 | Pending: 0
  💰 Daily P&L: $+0.00

[2026-07-01 09:33] O:7546.50 H:7547.25 L:7544.25 C:7545.00 V:2878.0
  📈 Trend: moderate_bullish | 🌍 Regime: trending_bullish
  🗺️  Grid: 0.080% | 🔺 7549.25 🔻 7544.50
  📡 RSI: 34.7 | MACD: 1.59 | ATR: 2.93
  📊 Filled: 0 | Pending: 0
  💰 Daily P&L: $+0.00

[2026-07-01 09:34] O:7544.75 H:7547.75 L:7543.25 C:7546.50 V:3167.0
  📈 Trend: moderate_bullish | 🌍 Regime: trending_bullish
  🗺️  Grid: 0.080% | 🔺 7547.25 🔻 7544.25
  📡 RSI: 40.0 | MACD: 1.30 | ATR: 3.09
  📊 Filled: 0 | Pending: 0
  💰 Daily P&L: $+0.00

[2026-07-01 09:35] O:7546.50 H:7546.75 L:7543.75 C:7544.75 V:2514.0
  📈 Trend: moderate_bullish | 🌍 Regime: trending_bullish
  🗺️  Grid: 0.080% | 🔺 7547.75 🔻 7543.25
  📡 RSI: 30.4 | MACD: 0.91 | ATR: 3.05
  📊 Filled: 0 | Pending: 0
  💰 Daily P&L: $+0.00

[2026-07-01 09:36] O:7544.75 H:7547.50 L:7543.25 C:7547.25 V:2740.0
  📈 Trend: moderate_bullish | 🌍 Regime: trending_bullish
  🗺️  Grid: 0.080% | 🔺 7546.75 🔻 7543.75
  📡 RSI: 41.0 | MACD: 0.80 | ATR: 3.18
  📊 Filled: 0 | Pending: 0
  💰 Daily P&L: $+0.00

[2026-07-01 09:37] O:7547.25 H:7550.75 L:7547.25 C:7550.75 V:2983.0
  📈 Trend: moderate_bullish (raw: strong_bullish) | 🌍 Regime: trending_bullish
  🗺️  Grid: 0.080% | 🔺 7547.50 🔻 7543.25
  📡 RSI: 47.3 | MACD: 0.98 | ATR: 3.29
  📊 Filled: 0 | Pending: 0
  💰 Daily P&L: $+0.00

[2026-07-01 09:38] O:7550.75 H:7552.75 L:7548.00 C:7551.25 V:2368.0
  📈 Trend: strong_bullish | 🌍 Regime: trending_bullish
  🗺️  Grid: 0.080% | 🔺 7550.75 🔻 7547.25
  📡 RSI: 49.5 | MACD: 1.15 | ATR: 3.52
  📊 Filled: 0 | Pending: 0
  💰 Daily P&L: $+0.00

[2026-07-01 09:39] O:7551.25 H:7552.50 L:7550.75 C:7552.50 V:1849.0
  📈 Trend: strong_bullish | 🌍 Regime: trending_bullish
  🗺️  Grid: 0.080% | 🔺 7552.75 🔻 7548.00
  📡 RSI: 53.1 | MACD: 1.37 | ATR: 3.50
  📊 Filled: 0 | Pending: 0
  💰 Daily P&L: $+0.00

[2026-07-01 09:40] O:7552.50 H:7553.25 L:7551.00 C:7552.25 V:2071.0
  📈 Trend: strong_bullish (raw: moderate_bullish) | 🌍 Regime: ranging
  🗺️  Grid: 0.080% | 🔺 7552.50 🔻 7550.75
  📡 RSI: 51.1 | MACD: 1.51 | ATR: 3.46
  📊 Filled: 0 | Pending: 0
  🔲 Regime: RANGING | Range pos: 97% | RSI: 51.1
  💰 Daily P&L: $+0.00

[2026-07-01 09:41] O:7552.50 H:7552.50 L:7548.00 C:7548.50 V:2320.0
  📈 Trend: moderate_bullish | 🌍 Regime: ranging
  🗺️  Grid: 0.080% | 🔺 7553.25 🔻 7551.00
  📡 RSI: 40.8 | MACD: 1.30 | ATR: 3.55
  📊 Filled: 0 | Pending: 0
  🔲 Regime: RANGING | Range pos: 89% | RSI: 40.8
  💰 Daily P&L: $+0.00

[2026-07-01 09:42] O:7548.50 H:7550.00 L:7548.00 C:7549.25 V:1739.0
  📈 Trend: moderate_bullish | 🌍 Regime: trending_bullish
  🗺️  Grid: 0.080% | 🔺 7552.50 🔻 7548.00
  📡 RSI: 45.5 | MACD: 1.18 | ATR: 3.50
  📊 Filled: 0 | Pending: 0
  💰 Daily P&L: $+0.00

[2026-07-01 09:43] O:7549.25 H:7552.75 L:7549.00 C:7551.75 V:2020.0
  📈 Trend: moderate_bullish (raw: strong_bullish) | 🌍 Regime: ranging
  🗺️  Grid: 0.080% | 🔺 7550.00 🔻 7548.00
  📡 RSI: 50.0 | MACD: 1.27 | ATR: 3.66
  📊 Filled: 0 | Pending: 0
  🔲 Regime: RANGING | Range pos: 96% | RSI: 50.0
  💰 Daily P&L: $+0.00

[2026-07-01 09:44] O:7551.75 H:7554.50 L:7549.75 C:7549.75 V:3416.0
  📈 Trend: moderate_bullish | 🌍 Regime: ranging
  🗺️  Grid: 0.080% | 🔺 7552.75 🔻 7549.00
  📡 RSI: 56.2 | MACD: 1.17 | ATR: 3.54
  📊 Filled: 0 | Pending: 0
  🔲 Regime: RANGING | Range pos: 90% | RSI: 56.2
  💰 Daily P&L: $+0.00

[2026-07-01 09:45] O:7549.75 H:7550.25 L:7543.00 C:7543.00 V:5138.0
  📈 Trend: moderate_bullish | 🌍 Regime: ranging
  🗺️  Grid: 0.080% | 🔺 7554.50 🔻 7549.75
  📡 RSI: 42.0 | MACD: 0.54 | ATR: 3.86
  📊 Filled: 0 | Pending: 0
  🔲 Regime: RANGING | Range pos: 76% | RSI: 42.0
  💰 Daily P&L: $+0.00

[2026-07-01 09:46] O:7543.25 H:7545.00 L:7540.25 C:7544.75 V:4882.0
  📈 Trend: moderate_bullish | 🌍 Regime: ranging
  🗺️  Grid: 0.080% | 🔺 7550.25 🔻 7543.00
  📡 RSI: 47.1 | MACD: 0.18 | ATR: 3.86
  📊 Filled: 0 | Pending: 0
  🔲 Regime: RANGING | Range pos: 80% | RSI: 47.1
  💰 Daily P&L: $+0.00

[2026-07-01 09:47] O:7544.75 H:7548.25 L:7543.25 C:7545.75 V:3309.0
  📈 Trend: moderate_bullish | 🌍 Regime: ranging
  🗺️  Grid: 0.080% | 🔺 7545.00 🔻 7540.25
  📡 RSI: 51.3 | MACD: -0.03 | ATR: 4.00
  📊 Filled: 0 | Pending: 0
  🔲 Regime: RANGING | Range pos: 82% | RSI: 51.3
  💰 Daily P&L: $+0.00

[2026-07-01 09:48] O:7545.75 H:7546.25 L:7543.50 C:7545.25 V:2323.0
  📈 Trend: moderate_bullish | 🌍 Regime: ranging
  🗺️  Grid: 0.080% | 🔺 7548.25 🔻 7543.25
  📡 RSI: 47.8 | MACD: -0.23 | ATR: 3.88
  📊 Filled: 0 | Pending: 0
  🔲 Regime: RANGING | Range pos: 81% | RSI: 47.8
  💰 Daily P&L: $+0.00

[2026-07-01 09:49] O:7545.25 H:7548.25 L:7545.25 C:7548.00 V:2092.0
  📈 Trend: moderate_bullish (raw: strong_bullish) | 🌍 Regime: ranging
  🗺️  Grid: 0.080% | 🔺 7546.25 🔻 7543.50
  📡 RSI: 55.5 | MACD: -0.16 | ATR: 3.88
  📊 Filled: 0 | Pending: 0
  🔲 Regime: RANGING | Range pos: 87% | RSI: 55.5
  💰 Daily P&L: $+0.00

[2026-07-01 09:50] O:7548.00 H:7551.75 L:7547.25 C:7551.50 V:3147.0
  📈 Trend: strong_bullish | 🌍 Regime: ranging
  🗺️  Grid: 0.080% | 🔺 7548.25 🔻 7545.25
  📡 RSI: 56.9 | MACD: 0.17 | ATR: 3.89
  📊 Filled: 0 | Pending: 0
  🔲 Regime: RANGING | Range pos: 94% | RSI: 56.9
  💰 Daily P&L: $+0.00

[2026-07-01 09:51] O:7551.75 H:7554.00 L:7550.50 C:7552.50 V:2702.0
  📈 Trend: strong_bullish | 🌍 Regime: ranging
  🗺️  Grid: 0.080% | 🔺 7551.75 🔻 7547.25
  📡 RSI: 53.1 | MACD: 0.51 | ATR: 3.89
  📊 Filled: 0 | Pending: 0
  🔲 Regime: RANGING | Range pos: 96% | RSI: 53.1
  💰 Daily P&L: $+0.00

[2026-07-01 09:52] O:7552.75 H:7552.75 L:7550.00 C:7550.25 V:2416.0
  📈 Trend: strong_bullish | 🌍 Regime: ranging
  🗺️  Grid: 0.080% | 🔺 7554.00 🔻 7550.50
  📡 RSI: 48.3 | MACD: 0.59 | ATR: 3.75
  📊 Filled: 0 | Pending: 0
  🔲 Regime: RANGING | Range pos: 91% | RSI: 48.3
  💰 Daily P&L: $+0.00

[2026-07-01 09:53] O:7550.50 H:7552.50 L:7550.25 C:7552.50 V:1897.0
  📈 Trend: strong_bullish | 🌍 Regime: ranging
  🗺️  Grid: 0.080% | 🔺 7552.75 🔻 7550.00
  📡 RSI: 50.0 | MACD: 0.82 | ATR: 3.79
  📊 Filled: 0 | Pending: 0
  🔲 Regime: RANGING | Range pos: 96% | RSI: 50.0
  💰 Daily P&L: $+0.00

[2026-07-01 09:54] O:7552.50 H:7552.50 L:7550.75 C:7552.25 V:2009.0
  📈 Trend: strong_bullish | 🌍 Regime: ranging
  🗺️  Grid: 0.080% | 🔺 7552.50 🔻 7550.25
  📡 RSI: 50.0 | MACD: 0.98 | ATR: 3.75
  📊 Filled: 0 | Pending: 0
  🔲 Regime: RANGING | Range pos: 95% | RSI: 50.0
  💰 Daily P&L: $+0.00

[2026-07-01 09:55] O:7552.25 H:7553.00 L:7550.75 C:7551.50 V:2336.0
  📈 Trend: strong_bullish | 🌍 Regime: ranging
  🗺️  Grid: 0.080% | 🔺 7552.50 🔻 7550.75
  📡 RSI: 55.4 | MACD: 1.03 | ATR: 3.59
  📊 Filled: 0 | Pending: 0
  🔲 Regime: RANGING | Range pos: 94% | RSI: 55.4
  💰 Daily P&L: $+0.00

[2026-07-01 09:56] O:7551.50 H:7552.50 L:7550.00 C:7551.25 V:2470.0
  📈 Trend: strong_bullish | 🌍 Regime: ranging
  🗺️  Grid: 0.080% | 🔺 7553.00 🔻 7550.75
  📡 RSI: 53.6 | MACD: 1.04 | ATR: 3.62
  📊 Filled: 0 | Pending: 0
  🔲 Regime: RANGING | Range pos: 93% | RSI: 53.6
  💰 Daily P&L: $+0.00

[2026-07-01 09:57] O:7551.50 H:7552.25 L:7550.25 C:7550.25 V:2644.0
  📈 Trend: strong_bullish | 🌍 Regime: ranging
  🗺️  Grid: 0.080% | 🔺 7552.50 🔻 7550.00
  📡 RSI: 47.1 | MACD: 0.95 | ATR: 3.50
  📊 Filled: 0 | Pending: 0
  🔲 Regime: RANGING | Range pos: 91% | RSI: 47.1
  💰 Daily P&L: $+0.00

[2026-07-01 09:58] O:7550.50 H:7551.25 L:7547.50 C:7547.75 V:2053.0
  📈 Trend: strong_bullish (raw: moderate_bullish) | 🌍 Regime: ranging
  🗺️  Grid: 0.080% | 🔺 7552.25 🔻 7550.25
  📡 RSI: 46.2 | MACD: 0.67 | ATR: 3.43
  📊 Filled: 0 | Pending: 0
  🔲 Regime: RANGING | Range pos: 86% | RSI: 46.2
  💰 Daily P&L: $+0.00

[2026-07-01 09:59] O:7547.50 H:7553.50 L:7547.00 C:7553.50 V:2286.0
  📈 Trend: strong_bullish | 🌍 Regime: ranging
  🗺️  Grid: 0.080% | 🔺 7551.25 🔻 7547.50
  📡 RSI: 70.6 | MACD: 0.91 | ATR: 3.38
  📊 Filled: 0 | Pending: 0
  🔲 Regime: RANGING | Range pos: 98% | RSI: 70.6
  🚫 Raw trend blocks RANGING SHORT | raw: strong_bullish
  💰 Daily P&L: $+0.00

[2026-07-01 10:00] O:7553.50 H:7555.25 L:7552.50 C:7553.00 V:3512.0
  📈 Trend: strong_bullish | 🌍 Regime: ranging
  🗺️  Grid: 0.080% | 🔺 7553.50 🔻 7547.00
  📡 RSI: 67.0 | MACD: 1.04 | ATR: 3.23
  📊 Filled: 0 | Pending: 0
  🔲 Regime: RANGING | Range pos: 95% | RSI: 67.0
  💰 Daily P&L: $+0.00

[2026-07-01 10:01] O:7553.25 H:7556.50 L:7552.75 C:7556.50 V:3021.0
  📈 Trend: strong_bullish | 🌍 Regime: ranging
  🗺️  Grid: 0.080% | 🔺 7555.25 🔻 7552.50
  📡 RSI: 70.1 | MACD: 1.41 | ATR: 3.14
  📊 Filled: 0 | Pending: 0
  🔲 Regime: RANGING | Range pos: 100% | RSI: 70.1
  🚫 Raw trend blocks RANGING SHORT | raw: strong_bullish
  💰 Daily P&L: $+0.00

[2026-07-01 10:02] O:7556.50 H:7557.75 L:7555.25 C:7557.25 V:3257.0
  📈 Trend: strong_bullish | 🌍 Regime: ranging
  🗺️  Grid: 0.080% | 🔺 7556.50 🔻 7552.75
  📡 RSI: 72.2 | MACD: 1.75 | ATR: 3.12
  📊 Filled: 0 | Pending: 0
  🔲 Regime: RANGING | Range pos: 99% | RSI: 72.2
  🚫 Raw trend blocks RANGING SHORT | raw: strong_bullish
  💰 Daily P&L: $+0.00

[2026-07-01 10:03] O:7557.00 H:7559.25 L:7556.75 C:7559.00 V:3035.0
  📈 Trend: strong_bullish | 🌍 Regime: ranging
  🗺️  Grid: 0.080% | 🔺 7557.75 🔻 7555.25
  📡 RSI: 71.2 | MACD: 2.13 | ATR: 3.09
  📊 Filled: 0 | Pending: 0
  🔲 Regime: RANGING | Range pos: 100% | RSI: 71.2
  🚫 Raw trend blocks RANGING SHORT | raw: strong_bullish
  💰 Daily P&L: $+0.00

[2026-07-01 10:04] O:7559.00 H:7563.00 L:7558.75 C:7561.50 V:4136.0
  📈 Trend: strong_bullish | 🌍 Regime: ranging
  🗺️  Grid: 0.080% | 🔺 7559.25 🔻 7556.75
  📡 RSI: 70.0 | MACD: 2.60 | ATR: 3.07
  📊 Filled: 0 | Pending: 0
  🔲 Regime: RANGING | Range pos: 97% | RSI: 70.0
  💰 Daily P&L: $+0.00

[2026-07-01 10:05] O:7561.25 H:7564.25 L:7560.25 C:7563.25 V:4738.0
  📈 Trend: strong_bullish | 🌍 Regime: ranging
  🗺️  Grid: 0.080% | 🔺 7563.00 🔻 7558.75
  📡 RSI: 70.9 | MACD: 3.08 | ATR: 3.11
  📊 Filled: 0 | Pending: 0
  🔲 Regime: RANGING | Range pos: 98% | RSI: 70.9
  🚫 Raw trend blocks RANGING SHORT | raw: strong_bullish
  💰 Daily P&L: $+0.00

[2026-07-01 10:06] O:7563.25 H:7563.25 L:7562.00 C:7562.75 V:2461.0
  📈 Trend: strong_bullish | 🌍 Regime: trending_bullish
  🗺️  Grid: 0.080% | 🔺 7564.25 🔻 7560.25
  📡 RSI: 76.0 | MACD: 3.39 | ATR: 3.00
  📊 Filled: 0 | Pending: 0
  💰 Daily P&L: $+0.00

[2026-07-01 10:07] O:7562.75 H:7564.75 L:7562.00 C:7562.00 V:3165.0
  📈 Trend: strong_bullish | 🌍 Regime: trending_bullish
  🗺️  Grid: 0.080% | 🔺 7563.25 🔻 7562.00
  📡 RSI: 71.1 | MACD: 3.53 | ATR: 3.04
  📊 Filled: 0 | Pending: 0
  💰 Daily P&L: $+0.00

[2026-07-01 10:08] O:7561.75 H:7562.00 L:7558.75 C:7559.75 V:4185.0
  📈 Trend: strong_bullish | 🌍 Regime: trending_bullish
  🗺️  Grid: 0.080% | 🔺 7564.75 🔻 7562.00
  📡 RSI: 65.3 | MACD: 3.41 | ATR: 3.14
  📊 Filled: 0 | Pending: 0
  💰 Daily P&L: $+0.00

[2026-07-01 10:09] O:7559.75 H:7560.75 L:7557.75 C:7560.25 V:2884.0
  📈 Trend: strong_bullish | 🌍 Regime: trending_bullish
  🗺️  Grid: 0.080% | 🔺 7562.00 🔻 7558.75
  📡 RSI: 68.0 | MACD: 3.33 | ATR: 3.20
  📊 Filled: 0 | Pending: 0
  💰 Daily P&L: $+0.00

[2026-07-01 10:10] O:7560.50 H:7562.25 L:7558.75 C:7562.00 V:2076.0
  📈 Trend: strong_bullish | 🌍 Regime: trending_bullish
  🗺️  Grid: 0.080% | 🔺 7560.75 🔻 7557.75
  📡 RSI: 70.9 | MACD: 3.36 | ATR: 3.27
  📊 Filled: 0 | Pending: 0
  💰 Daily P&L: $+0.00

[2026-07-01 10:11] O:7562.00 H:7562.00 L:7558.50 C:7560.50 V:1776.0
  📈 Trend: strong_bullish | 🌍 Regime: trending_bullish
  🗺️  Grid: 0.080% | 🔺 7562.25 🔻 7558.75
  📡 RSI: 69.5 | MACD: 3.23 | ATR: 3.38
  📊 Filled: 0 | Pending: 0
  💰 Daily P&L: $+0.00

[2026-07-01 10:12] O:7560.50 H:7563.25 L:7559.75 C:7563.00 V:1624.0
  📈 Trend: strong_bullish | 🌍 Regime: trending_bullish
  🗺️  Grid: 0.080% | 🔺 7562.00 🔻 7558.50
  📡 RSI: 79.0 | MACD: 3.29 | ATR: 3.36
  📊 Filled: 0 | Pending: 0
  💰 Daily P&L: $+0.00

[2026-07-01 10:13] O:7563.00 H:7564.00 L:7562.50 C:7563.50 V:1378.0
  📈 Trend: strong_bullish | 🌍 Regime: trending_bullish
  🗺️  Grid: 0.080% | 🔺 7563.25 🔻 7559.75
  📡 RSI: 73.8 | MACD: 3.34 | ATR: 3.00
  📊 Filled: 0 | Pending: 0
  💰 Daily P&L: $+0.00

[2026-07-01 10:14] O:7563.50 H:7564.50 L:7562.25 C:7564.50 V:2297.0
  📈 Trend: strong_bullish | 🌍 Regime: trending_bullish
  🗺️  Grid: 0.080% | 🔺 7564.00 🔻 7562.50
  📡 RSI: 76.7 | MACD: 3.42 | ATR: 2.96
  📊 Filled: 0 | Pending: 0
  💰 Daily P&L: $+0.00

[2026-07-01 10:15] O:7564.25 H:7566.75 L:7564.25 C:7565.75 V:3851.0
  📈 Trend: strong_bullish | 🌍 Regime: trending_bullish
  🗺️  Grid: 0.080% | 🔺 7564.50 🔻 7562.25
  📡 RSI: 74.0 | MACD: 3.54 | ATR: 2.88
  📊 Filled: 0 | Pending: 0
  💰 Daily P&L: $+0.00

[2026-07-01 10:16] O:7565.75 H:7565.75 L:7564.00 C:7564.75 V:2048.0
  📈 Trend: strong_bullish | 🌍 Regime: trending_bullish
  🗺️  Grid: 0.080% | 🔺 7566.75 🔻 7564.25
  📡 RSI: 69.2 | MACD: 3.52 | ATR: 2.82
  📊 Filled: 0 | Pending: 0
  💰 Daily P&L: $+0.00

[2026-07-01 10:17] O:7564.75 H:7568.00 L:7564.75 C:7567.75 V:2103.0
  📈 Trend: strong_bullish | 🌍 Regime: trending_bullish
  🗺️  Grid: 0.080% | 🔺 7565.75 🔻 7564.00
  📡 RSI: 71.1 | MACD: 3.70 | ATR: 2.88
  📊 Filled: 0 | Pending: 0
  💰 Daily P&L: $+0.00

[2026-07-01 10:18] O:7567.75 H:7568.00 L:7566.75 C:7567.50 V:2168.0
  📈 Trend: strong_bullish | 🌍 Regime: trending_bullish
  🗺️  Grid: 0.080% | 🔺 7568.00 🔻 7564.75
  📡 RSI: 66.2 | MACD: 3.78 | ATR: 2.66
  📊 Filled: 0 | Pending: 0
  💰 Daily P&L: $+0.00

[2026-07-01 10:19] O:7567.50 H:7570.50 L:7567.00 C:7568.75 V:3632.0
  📈 Trend: strong_bullish | 🌍 Regime: trending_bullish
  🗺️  Grid: 0.080% | 🔺 7568.00 🔻 7566.75
  📡 RSI: 65.3 | MACD: 3.90 | ATR: 2.62
  📊 Filled: 0 | Pending: 0
  💰 Daily P&L: $+0.00

[2026-07-01 10:20] O:7568.75 H:7573.00 L:7568.50 C:7571.50 V:3452.0
  📈 Trend: strong_bullish | 🌍 Regime: trending_bullish
  🗺️  Grid: 0.080% | 🔺 7570.50 🔻 7567.00
  📡 RSI: 71.6 | MACD: 4.17 | ATR: 2.86
  📊 Filled: 0 | Pending: 0
  💰 Daily P&L: $+0.00

[2026-07-01 10:21] O:7571.25 H:7573.50 L:7571.25 C:7571.75 V:2630.0
  📈 Trend: strong_bullish | 🌍 Regime: trending_bullish
  🗺️  Grid: 0.080% | 🔺 7573.00 🔻 7568.50
  📡 RSI: 74.7 | MACD: 4.35 | ATR: 2.82
  📊 Filled: 0 | Pending: 0
  💰 Daily P&L: $+0.00

[2026-07-01 10:22] O:7571.75 H:7574.50 L:7571.50 C:7574.00 V:3823.0
  📈 Trend: strong_bullish | 🌍 Regime: trending_bullish
  🗺️  Grid: 0.080% | 🔺 7573.50 🔻 7571.25
  📡 RSI: 86.1 | MACD: 4.62 | ATR: 2.80
  📊 Filled: 0 | Pending: 0
  💰 Daily P&L: $+0.00

[2026-07-01 10:23] O:7574.00 H:7574.75 L:7573.00 C:7574.25 V:2419.0
  📈 Trend: strong_bullish | 🌍 Regime: trending_bullish
  🗺️  Grid: 0.080% | 🔺 7574.50 🔻 7571.50
  📡 RSI: 85.9 | MACD: 4.81 | ATR: 2.71
  📊 Filled: 0 | Pending: 0
  💰 Daily P&L: $+0.00

[2026-07-01 10:24] O:7574.25 H:7574.25 L:7572.25 C:7573.00 V:3387.0
  📈 Trend: strong_bullish | 🌍 Regime: trending_bullish
  🗺️  Grid: 0.080% | 🔺 7574.75 🔻 7573.00
  📡 RSI: 78.9 | MACD: 4.79 | ATR: 2.61
  📊 Filled: 0 | Pending: 0
  💰 Daily P&L: $+0.00

[2026-07-01 10:25] O:7573.00 H:7574.25 L:7572.00 C:7573.75 V:2668.0
  📈 Trend: strong_bullish | 🌍 Regime: trending_bullish
  🗺️  Grid: 0.080% | 🔺 7574.25 🔻 7572.25
  📡 RSI: 86.3 | MACD: 4.79 | ATR: 2.52
  📊 Filled: 0 | Pending: 0
  💰 Daily P&L: $+0.00

[2026-07-01 10:26] O:7573.50 H:7574.25 L:7572.75 C:7573.50 V:2167.0
  📈 Trend: strong_bullish | 🌍 Regime: trending_bullish
  🗺️  Grid: 0.080% | 🔺 7574.25 🔻 7572.00
  📡 RSI: 82.8 | MACD: 4.71 | ATR: 2.38
  📊 Filled: 0 | Pending: 0
  💰 Daily P&L: $+0.00

[2026-07-01 10:27] O:7573.50 H:7574.75 L:7573.25 C:7574.25 V:1982.0
  📈 Trend: strong_bullish | 🌍 Regime: trending_bullish
  🗺️  Grid: 0.080% | 🔺 7574.25 🔻 7572.75
  📡 RSI: 83.1 | MACD: 4.65 | ATR: 2.38
  📊 Filled: 0 | Pending: 0
  💰 Daily P&L: $+0.00

[2026-07-01 10:28] O:7574.25 H:7578.00 L:7574.25 C:7576.75 V:3309.0
  📈 Trend: strong_bullish | 🌍 Regime: trending_bullish
  🗺️  Grid: 0.080% | 🔺 7574.75 🔻 7573.25
  📡 RSI: 84.5 | MACD: 4.76 | ATR: 2.48
  📊 Filled: 0 | Pending: 0
  💰 Daily P&L: $+0.00

[2026-07-01 10:29] O:7576.75 H:7577.75 L:7575.75 C:7577.50 V:3743.0
  📈 Trend: strong_bullish | 🌍 Regime: trending_bullish
  🗺️  Grid: 0.080% | 🔺 7578.00 🔻 7574.25
  📡 RSI: 84.1 | MACD: 4.84 | ATR: 2.45
  📊 Filled: 0 | Pending: 0
  💰 Daily P&L: $+0.00

[2026-07-01 10:30] O:7577.50 H:7578.50 L:7574.50 C:7575.00 V:4630.0
  📈 Trend: strong_bullish | 🌍 Regime: trending_bullish
  🗺️  Grid: 0.080% | 🔺 7577.75 🔻 7575.75
  📡 RSI: 77.3 | MACD: 4.66 | ATR: 2.61
  📊 Filled: 0 | Pending: 0
  💰 Daily P&L: $+0.00

[2026-07-01 10:31] O:7575.00 H:7577.50 L:7574.25 C:7576.75 V:2530.0
  📈 Trend: strong_bullish | 🌍 Regime: trending_bullish
  🗺️  Grid: 0.080% | 🔺 7578.50 🔻 7574.50
  📡 RSI: 75.7 | MACD: 4.60 | ATR: 2.61
  📊 Filled: 0 | Pending: 0
  💰 Daily P&L: $+0.00

[2026-07-01 10:32] O:7576.75 H:7576.75 L:7573.75 C:7574.25 V:2686.0
  📈 Trend: strong_bullish | 🌍 Regime: trending_bullish
  🗺️  Grid: 0.080% | 🔺 7577.50 🔻 7574.25
  📡 RSI: 67.1 | MACD: 4.30 | ATR: 2.73
  📊 Filled: 0 | Pending: 0
  💰 Daily P&L: $+0.00

[2026-07-01 10:33] O:7574.00 H:7574.75 L:7572.00 C:7572.75 V:2571.0
  📈 Trend: strong_bullish | 🌍 Regime: trending_bullish
  🗺️  Grid: 0.080% | 🔺 7576.75 🔻 7573.75
  📡 RSI: 60.0 | MACD: 3.90 | ATR: 2.68
  📊 Filled: 0 | Pending: 0
  💰 Daily P&L: $+0.00

[2026-07-01 10:34] O:7573.00 H:7573.50 L:7570.50 C:7570.75 V:2722.0
  📈 Trend: strong_bullish | 🌍 Regime: trending_bullish
  🗺️  Grid: 0.080% | 🔺 7574.75 🔻 7572.00
  📡 RSI: 48.1 | MACD: 3.38 | ATR: 2.57
  📊 Filled: 0 | Pending: 0
  💰 Daily P&L: $+0.00

[2026-07-01 10:35] O:7570.75 H:7573.00 L:7570.00 C:7570.50 V:3022.0
  📈 Trend: strong_bullish | 🌍 Regime: trending_bullish
  🗺️  Grid: 0.080% | 🔺 7573.50 🔻 7570.50
  📡 RSI: 46.8 | MACD: 2.91 | ATR: 2.62
  📊 Filled: 0 | Pending: 0
  💰 Daily P&L: $+0.00

[2026-07-01 10:36] O:7570.25 H:7570.50 L:7567.50 C:7570.00 V:3226.0
  📈 Trend: strong_bullish | 🌍 Regime: trending_bullish
  🗺️  Grid: 0.080% | 🔺 7573.00 🔻 7570.00
  📡 RSI: 38.6 | MACD: 2.47 | ATR: 2.62
  📊 Filled: 0 | Pending: 0
  💰 Daily P&L: $+0.00

[2026-07-01 10:37] O:7570.00 H:7572.25 L:7569.00 C:7569.25 V:2359.0
  📈 Trend: strong_bullish | 🌍 Regime: trending_bullish
  🗺️  Grid: 0.080% | 🔺 7570.50 🔻 7567.50
  📡 RSI: 36.1 | MACD: 2.04 | ATR: 2.73
  📊 Filled: 0 | Pending: 0
  💰 Daily P&L: $+0.00

[2026-07-01 10:38] O:7569.25 H:7571.75 L:7569.00 C:7569.75 V:1566.0
  📈 Trend: strong_bullish | 🌍 Regime: trending_bullish
  🗺️  Grid: 0.080% | 🔺 7572.25 🔻 7569.00
  📡 RSI: 40.6 | MACD: 1.72 | ATR: 2.79
  📊 Filled: 0 | Pending: 0
  💰 Daily P&L: $+0.00

[2026-07-01 10:39] O:7569.75 H:7571.50 L:7569.50 C:7570.75 V:1518.0
  📈 Trend: strong_bullish (raw: moderate_bullish) | 🌍 Regime: trending_bullish
  🗺️  Grid: 0.080% | 🔺 7571.75 🔻 7569.00
  📡 RSI: 41.4 | MACD: 1.53 | ATR: 2.77
  📊 Filled: 0 | Pending: 0
  💰 Daily P&L: $+0.00

[2026-07-01 10:40] O:7570.75 H:7571.50 L:7569.50 C:7570.50 V:1723.0
  📈 Trend: moderate_bullish | 🌍 Regime: trending_bullish
  🗺️  Grid: 0.080% | 🔺 7571.50 🔻 7569.50
  📡 RSI: 41.4 | MACD: 1.34 | ATR: 2.80
  📊 Filled: 0 | Pending: 0
  💰 Daily P&L: $+0.00

[2026-07-01 10:41] O:7570.75 H:7572.50 L:7569.25 C:7572.50 V:1802.0
  📈 Trend: moderate_bullish | 🌍 Regime: trending_bullish
  🗺️  Grid: 0.080% | 🔺 7571.50 🔻 7569.50
  📡 RSI: 45.3 | MACD: 1.34 | ATR: 2.93
  📊 Filled: 0 | Pending: 0
  💰 Daily P&L: $+0.00

[2026-07-01 10:42] O:7572.50 H:7573.50 L:7572.25 C:7573.00 V:1383.0
  📈 Trend: moderate_bullish | 🌍 Regime: trending_bullish
  🗺️  Grid: 0.080% | 🔺 7572.50 🔻 7569.25
  📡 RSI: 38.8 | MACD: 1.36 | ATR: 2.75
  📊 Filled: 0 | Pending: 0
  📤 Limit BUY 10 @ 7573.00 submitted (ID: 507)
  📋 Order 507 status: PreSubmitted
  ✅ Fill: BOT 10.0 @ 7573.0
  ⬆️ LONG ORDER @ 7573.00 | Size: 1.00 | SL: 7567.50 | TP: 7581.25 [10cts]
     Reason: Grid Long (moderate_bullish, RSI: 38.8)
  🔬 SHADOW [long trending]: 🟩 ROBUST WOULD ALLOW
       MACD=PASS (+1.36 vs +1.34, Δ+0.02) | 5m=PASS (1m=moderate_bullish, 5m=sideways)
     ⏳ Order 507 PENDING - awaiting fill confirmation
  💰 Daily P&L: $+0.00
  📋 Order 507 status: Filled
  📤 Stop-Limit SELL 10 @ stop:7565.00 / lmt:7561.00 submitted (ID: 508)
  📤 Limit SELL 10 @ 7581.25 submitted (ID: 509)
  📋 Order 508 status: PreSubmitted
  ✅ FILL CONFIRMED: LONG @ 7573.00 (order 507)
     📊 Bracket placed: SL #508 @ 7565.00 | TP #509 @ 7581.25
     Trail activates @ +7.5 pts

[2026-07-01 10:43] O:7573.00 H:7573.25 L:7570.75 C:7571.25 V:1304.0
  📈 Trend: moderate_bullish | 🌍 Regime: trending_bullish
  🗺️  Grid: 0.080% | 🔺 7573.50 🔻 7572.25
  📡 RSI: 32.4 | MACD: 1.23 | ATR: 2.79
  📊 Filled: 1 | Pending: 0
  📍 LONG @ 7573.00 | SL: 7565.00 | TP: 7581.25 | P&L: $-875.00 | +7.5 to trail
  💰 Daily P&L: $+0.00
  📋 Order 509 status: Submitted

[2026-07-01 10:44] O:7571.25 H:7573.00 L:7571.25 C:7572.75 V:1520.0
  📈 Trend: moderate_bullish | 🌍 Regime: trending_bullish
  🗺️  Grid: 0.080% | 🔺 7573.25 🔻 7570.75
  📡 RSI: 43.3 | MACD: 1.22 | ATR: 2.62
  📊 Filled: 1 | Pending: 0
  📍 LONG @ 7573.00 | SL: 7565.00 | TP: 7581.25 | P&L: $-125.00 | +7.2 to trail
  💰 Daily P&L: $+0.00

[2026-07-01 10:45] O:7572.50 H:7573.75 L:7572.00 C:7573.00 V:1645.0
  📈 Trend: moderate_bullish | 🌍 Regime: trending_bullish
  🗺️  Grid: 0.080% | 🔺 7573.00 🔻 7571.25
  📡 RSI: 37.7 | MACD: 1.23 | ATR: 2.52
  📊 Filled: 1 | Pending: 0
  📍 LONG @ 7573.00 | SL: 7565.00 | TP: 7581.25 | P&L: $+0.00 | +7.2 to trail
  💰 Daily P&L: $+0.00

[2026-07-01 10:46] O:7572.75 H:7573.00 L:7571.50 C:7572.25 V:1525.0
  📈 Trend: moderate_bullish | 🌍 Regime: trending_bullish
  🗺️  Grid: 0.080% | 🔺 7573.75 🔻 7572.00
  📡 RSI: 42.6 | MACD: 1.16 | ATR: 2.41
  📊 Filled: 1 | Pending: 0
  📍 LONG @ 7573.00 | SL: 7565.00 | TP: 7581.25 | P&L: $-375.00 | +6.8 to trail
  💰 Daily P&L: $+0.00

[2026-07-01 10:47] O:7572.00 H:7572.75 L:7571.25 C:7571.75 V:1725.0
  📈 Trend: moderate_bullish | 🌍 Regime: trending_bullish
  🗺️  Grid: 0.080% | 🔺 7573.00 🔻 7571.50
  📡 RSI: 46.0 | MACD: 1.05 | ATR: 2.32
  📊 Filled: 1 | Pending: 0
  📍 LONG @ 7573.00 | SL: 7565.00 | TP: 7581.25 | P&L: $-625.00 | +6.8 to trail
  💰 Daily P&L: $+0.00

[2026-07-01 10:48] O:7571.50 H:7573.50 L:7571.25 C:7571.75 V:1564.0
  📈 Trend: moderate_bullish | 🌍 Regime: trending_bullish
  🗺️  Grid: 0.080% | 🔺 7572.75 🔻 7571.25
  📡 RSI: 54.8 | MACD: 0.95 | ATR: 2.27
  📊 Filled: 1 | Pending: 0
  📍 LONG @ 7573.00 | SL: 7565.00 | TP: 7581.25 | P&L: $-625.00 | +6.8 to trail
  💰 Daily P&L: $+0.00

[2026-07-01 10:49] O:7571.75 H:7572.00 L:7568.25 C:7569.00 V:2303.0
  📈 Trend: moderate_bullish | 🌍 Regime: trending_bullish
  🗺️  Grid: 0.080% | 🔺 7573.50 🔻 7571.25
  📡 RSI: 44.2 | MACD: 0.65 | ATR: 2.32
  📊 Filled: 1 | Pending: 0
  📍 LONG @ 7573.00 | SL: 7565.00 | TP: 7581.25 | P&L: $-2,000.00 | +6.8 to trail
  💰 Daily P&L: $+0.00

[2026-07-01 10:50] O:7569.00 H:7570.50 L:7569.00 C:7569.25 V:2114.0
  📈 Trend: moderate_bullish | 🌍 Regime: trending_bullish
  🗺️  Grid: 0.080% | 🔺 7572.00 🔻 7568.25
  📡 RSI: 47.1 | MACD: 0.42 | ATR: 2.21
  📊 Filled: 1 | Pending: 0
  📍 LONG @ 7573.00 | SL: 7565.00 | TP: 7581.25 | P&L: $-1,875.00 | +6.8 to trail
  💰 Daily P&L: $+0.00

[2026-07-01 10:51] O:7569.25 H:7570.25 L:7568.00 C:7569.25 V:2105.0
  📈 Trend: moderate_bullish | 🌍 Regime: trending_bullish
  🗺️  Grid: 0.080% | 🔺 7570.50 🔻 7569.00
  📡 RSI: 50.0 | MACD: 0.24 | ATR: 2.14
  📊 Filled: 1 | Pending: 0
  📍 LONG @ 7573.00 | SL: 7565.00 | TP: 7581.25 | P&L: $-1,875.00 | +6.8 to trail
  💰 Daily P&L: $+0.00

[2026-07-01 10:52] O:7569.25 H:7570.75 L:7568.75 C:7570.00 V:1554.0
  📈 Trend: moderate_bullish | 🌍 Regime: trending_bullish
  🗺️  Grid: 0.080% | 🔺 7570.25 🔻 7568.00
  📡 RSI: 51.0 | MACD: 0.15 | ATR: 2.09
  📊 Filled: 1 | Pending: 0
  📍 LONG @ 7573.00 | SL: 7565.00 | TP: 7581.25 | P&L: $-1,500.00 | +6.8 to trail
  💰 Daily P&L: $+0.00

[2026-07-01 10:53] O:7569.75 H:7573.00 L:7569.50 C:7572.25 V:1454.0
  📈 Trend: moderate_bullish (raw: strong_bullish) | 🌍 Regime: trending_bullish
  🗺️  Grid: 0.080% | 🔺 7570.75 🔻 7568.75
  📡 RSI: 55.6 | MACD: 0.26 | ATR: 2.20
  📊 Filled: 1 | Pending: 0
  📍 LONG @ 7573.00 | SL: 7565.00 | TP: 7581.25 | P&L: $-375.00 | +6.8 to trail
  💰 Daily P&L: $+0.00

[2026-07-01 10:54] O:7572.00 H:7572.25 L:7569.50 C:7569.75 V:1119.0
  📈 Trend: moderate_bullish | 🌍 Regime: trending_bullish
  🗺️  Grid: 0.080% | 🔺 7573.00 🔻 7569.50
  📡 RSI: 47.6 | MACD: 0.15 | ATR: 2.25
  📊 Filled: 1 | Pending: 0
  📍 LONG @ 7573.00 | SL: 7565.00 | TP: 7581.25 | P&L: $-1,625.00 | +6.8 to trail
  💰 Daily P&L: $+0.00

[2026-07-01 10:55] O:7569.50 H:7570.50 L:7568.25 C:7568.50 V:1402.0
  📈 Trend: moderate_bullish | 🌍 Regime: trending_bullish
  🗺️  Grid: 0.080% | 🔺 7572.25 🔻 7569.50
  📡 RSI: 36.7 | MACD: -0.05 | ATR: 2.18
  📊 Filled: 1 | Pending: 0
  📍 LONG @ 7573.00 | SL: 7565.00 | TP: 7581.25 | P&L: $-2,250.00 | +6.8 to trail
  💰 Daily P&L: $+0.00

[2026-07-01 10:56] O:7568.75 H:7570.00 L:7568.25 C:7570.00 V:1269.0
  📈 Trend: moderate_bullish (raw: strong_bullish) | 🌍 Regime: ranging
  🗺️  Grid: 0.080% | 🔺 7570.50 🔻 7568.25
  📡 RSI: 40.6 | MACD: -0.08 | ATR: 2.21
  📊 Filled: 1 | Pending: 0
  📍 LONG @ 7573.00 | SL: 7565.00 | TP: 7581.25 | P&L: $-1,500.00 | +6.8 to trail
  💰 Daily P&L: $+0.00

[2026-07-01 10:57] O:7569.75 H:7571.25 L:7568.75 C:7570.75 V:1389.0
  📈 Trend: strong_bullish | 🌍 Regime: ranging
  🗺️  Grid: 0.080% | 🔺 7570.00 🔻 7568.25
  📡 RSI: 48.3 | MACD: -0.04 | ATR: 2.21
  📊 Filled: 1 | Pending: 0
  📍 LONG @ 7573.00 | SL: 7565.00 | TP: 7581.25 | P&L: $-1,125.00 | +6.8 to trail
  💰 Daily P&L: $+0.00

[2026-07-01 10:58] O:7571.00 H:7573.25 L:7570.50 C:7572.00 V:1948.0
  📈 Trend: strong_bullish | 🌍 Regime: ranging
  🗺️  Grid: 0.080% | 🔺 7571.25 🔻 7568.75
  📡 RSI: 47.5 | MACD: 0.09 | ATR: 2.29
  📊 Filled: 1 | Pending: 0
  📍 LONG @ 7573.00 | SL: 7565.00 | TP: 7581.25 | P&L: $-500.00 | +6.8 to trail
  💰 Daily P&L: $+0.00

[2026-07-01 10:59] O:7571.75 H:7573.25 L:7571.75 C:7572.50 V:1007.0
  📈 Trend: strong_bullish | 🌍 Regime: ranging
  🗺️  Grid: 0.080% | 🔺 7573.25 🔻 7570.50
  📡 RSI: 48.3 | MACD: 0.23 | ATR: 2.27
  📊 Filled: 1 | Pending: 0
  📍 LONG @ 7573.00 | SL: 7565.00 | TP: 7581.25 | P&L: $-250.00 | +6.8 to trail
  💰 Daily P&L: $+0.00

[2026-07-01 11:00] O:7572.50 H:7573.00 L:7571.50 C:7573.00 V:1241.0
  📈 Trend: strong_bullish | 🌍 Regime: ranging
  🗺️  Grid: 0.080% | 🔺 7573.25 🔻 7571.75
  📡 RSI: 52.5 | MACD: 0.38 | ATR: 2.27
  📊 Filled: 1 | Pending: 0
  📍 LONG @ 7573.00 | SL: 7565.00 | TP: 7581.25 | P&L: $+0.00 | +6.8 to trail
  💰 Daily P&L: $+0.00

[2026-07-01 11:01] O:7573.00 H:7573.75 L:7572.00 C:7572.75 V:1519.0
  📈 Trend: strong_bullish | 🌍 Regime: ranging
  🗺️  Grid: 0.080% | 🔺 7573.00 🔻 7571.50
  📡 RSI: 53.4 | MACD: 0.47 | ATR: 2.29
  📊 Filled: 1 | Pending: 0
  📍 LONG @ 7573.00 | SL: 7565.00 | TP: 7581.25 | P&L: $-125.00 | +6.8 to trail
  💰 Daily P&L: $+0.00

[2026-07-01 11:02] O:7572.75 H:7575.25 L:7571.75 C:7574.75 V:2276.0
  📈 Trend: strong_bullish | 🌍 Regime: ranging
  🗺️  Grid: 0.080% | 🔺 7573.75 🔻 7572.00
  📡 RSI: 59.1 | MACD: 0.69 | ATR: 2.38
  📊 Filled: 1 | Pending: 0
  📍 LONG @ 7573.00 | SL: 7565.00 | TP: 7581.25 | P&L: $+875.00 | +6.8 to trail
  💰 Daily P&L: $+0.00

[2026-07-01 11:03] O:7575.00 H:7576.00 L:7573.75 C:7574.00 V:2171.0
  📈 Trend: strong_bullish | 🌍 Regime: ranging
  🗺️  Grid: 0.080% | 🔺 7575.25 🔻 7571.75
  📡 RSI: 67.2 | MACD: 0.80 | ATR: 2.27
  📊 Filled: 1 | Pending: 0
  📍 LONG @ 7573.00 | SL: 7565.00 | TP: 7581.25 | P&L: $+500.00 | +5.2 to trail
  💰 Daily P&L: $+0.00

[2026-07-01 11:04] O:7574.25 H:7575.00 L:7571.75 C:7572.50 V:2255.0
  📈 Trend: strong_bullish (raw: moderate_bullish) | 🌍 Regime: ranging
  🗺️  Grid: 0.080% | 🔺 7576.00 🔻 7573.75
  📡 RSI: 60.3 | MACD: 0.76 | ATR: 2.39
  📊 Filled: 1 | Pending: 0
  📍 LONG @ 7573.00 | SL: 7565.00 | TP: 7581.25 | P&L: $-250.00 | +4.5 to trail
  💰 Daily P&L: $+0.00

[2026-07-01 11:05] O:7572.75 H:7573.25 L:7571.00 C:7573.00 V:2688.0
  📈 Trend: strong_bullish | 🌍 Regime: ranging
  🗺️  Grid: 0.080% | 🔺 7575.00 🔻 7571.75
  📡 RSI: 61.5 | MACD: 0.75 | ATR: 2.39
  📊 Filled: 1 | Pending: 0
  📍 LONG @ 7573.00 | SL: 7565.00 | TP: 7581.25 | P&L: $+0.00 | +4.5 to trail
  💰 Daily P&L: $+0.00

[2026-07-01 11:06] O:7573.25 H:7575.00 L:7573.00 C:7574.00 V:1341.0
  📈 Trend: strong_bullish | 🌍 Regime: ranging
  🗺️  Grid: 0.080% | 🔺 7573.25 🔻 7571.00
  📡 RSI: 62.1 | MACD: 0.82 | ATR: 2.39
  📊 Filled: 1 | Pending: 0
  📍 LONG @ 7573.00 | SL: 7565.00 | TP: 7581.25 | P&L: $+500.00 | +4.5 to trail
  💰 Daily P&L: $+0.00

[2026-07-01 11:07] O:7574.00 H:7575.50 L:7574.00 C:7574.50 V:1144.0
  📈 Trend: strong_bullish | 🌍 Regime: ranging
  🗺️  Grid: 0.080% | 🔺 7575.00 🔻 7573.00
  📡 RSI: 57.6 | MACD: 0.91 | ATR: 2.25
  📊 Filled: 1 | Pending: 0
  📍 LONG @ 7573.00 | SL: 7565.00 | TP: 7581.25 | P&L: $+750.00 | +4.5 to trail
  💰 Daily P&L: $+0.00

[2026-07-01 11:08] O:7574.25 H:7575.25 L:7573.50 C:7574.50 V:865.0
  📈 Trend: strong_bullish | 🌍 Regime: ranging
  🗺️  Grid: 0.080% | 🔺 7575.50 🔻 7574.00
  📡 RSI: 69.4 | MACD: 0.96 | ATR: 2.18
  📊 Filled: 1 | Pending: 0
  📍 LONG @ 7573.00 | SL: 7565.00 | TP: 7581.25 | P&L: $+750.00 | +4.5 to trail
  💰 Daily P&L: $+0.00

[2026-07-01 11:09] O:7574.25 H:7574.75 L:7573.25 C:7573.25 V:1439.0
  📈 Trend: strong_bullish | 🌍 Regime: ranging
  🗺️  Grid: 0.080% | 🔺 7575.25 🔻 7573.50
  📡 RSI: 69.4 | MACD: 0.90 | ATR: 2.12
  📊 Filled: 1 | Pending: 0
  📍 LONG @ 7573.00 | SL: 7565.00 | TP: 7581.25 | P&L: $+125.00 | +4.5 to trail
  💰 Daily P&L: $+0.00

[2026-07-01 11:10] O:7573.50 H:7573.75 L:7571.75 C:7573.25 V:1648.0
  📈 Trend: strong_bullish | 🌍 Regime: ranging
  🗺️  Grid: 0.080% | 🔺 7574.75 🔻 7573.25
  📡 RSI: 65.1 | MACD: 0.83 | ATR: 2.14
  📊 Filled: 1 | Pending: 0
  📍 LONG @ 7573.00 | SL: 7565.00 | TP: 7581.25 | P&L: $+125.00 | +4.5 to trail
  💰 Daily P&L: $+0.00

[2026-07-01 11:11] O:7573.25 H:7575.00 L:7573.00 C:7575.00 V:1576.0
  📈 Trend: strong_bullish | 🌍 Regime: ranging
  🗺️  Grid: 0.080% | 🔺 7573.75 🔻 7571.75
  📡 RSI: 68.1 | MACD: 0.92 | ATR: 2.11
  📊 Filled: 1 | Pending: 0
  📍 LONG @ 7573.00 | SL: 7565.00 | TP: 7581.25 | P&L: $+1,000.00 | +4.5 to trail
  💰 Daily P&L: $+0.00

[2026-07-01 11:12] O:7574.75 H:7575.75 L:7574.50 C:7575.50 V:1033.0
  📈 Trend: strong_bullish | 🌍 Regime: ranging
  🗺️  Grid: 0.080% | 🔺 7575.00 🔻 7573.00
  📡 RSI: 65.9 | MACD: 1.01 | ATR: 2.00
  📊 Filled: 1 | Pending: 0
  📍 LONG @ 7573.00 | SL: 7565.00 | TP: 7581.25 | P&L: $+1,250.00 | +4.5 to trail
  💰 Daily P&L: $+0.00

[2026-07-01 11:13] O:7575.50 H:7575.50 L:7574.25 C:7575.25 V:1108.0
  📈 Trend: strong_bullish | 🌍 Regime: ranging
  🗺️  Grid: 0.080% | 🔺 7575.75 🔻 7574.50
  📡 RSI: 62.8 | MACD: 1.05 | ATR: 1.98
  📊 Filled: 1 | Pending: 0
  📍 LONG @ 7573.00 | SL: 7565.00 | TP: 7581.25 | P&L: $+1,125.00 | +4.5 to trail
  💰 Daily P&L: $+0.00

[2026-07-01 11:14] O:7575.50 H:7576.00 L:7574.50 C:7575.75 V:1305.0
  📈 Trend: strong_bullish | 🌍 Regime: trending_bullish
  🗺️  Grid: 0.080% | 🔺 7575.50 🔻 7574.25
  📡 RSI: 62.8 | MACD: 1.11 | ATR: 1.98
  📊 Filled: 1 | Pending: 0
  📍 LONG @ 7573.00 | SL: 7565.00 | TP: 7581.25 | P&L: $+1,375.00 | +4.5 to trail
  💰 Daily P&L: $+0.00

[2026-07-01 11:15] O:7575.50 H:7576.50 L:7574.50 C:7574.75 V:1682.0
  📈 Trend: strong_bullish | 🌍 Regime: trending_bullish
  🗺️  Grid: 0.080% | 🔺 7576.00 🔻 7574.50
  📡 RSI: 58.7 | MACD: 1.07 | ATR: 2.00
  📊 Filled: 1 | Pending: 0
  📍 LONG @ 7573.00 | SL: 7565.00 | TP: 7581.25 | P&L: $+875.00 | +4.5 to trail
  💰 Daily P&L: $+0.00

[2026-07-01 11:16] O:7574.75 H:7575.50 L:7573.50 C:7575.25 V:1510.0
  📈 Trend: strong_bullish | 🌍 Regime: trending_bullish
  🗺️  Grid: 0.080% | 🔺 7576.50 🔻 7574.50
  📡 RSI: 52.5 | MACD: 1.06 | ATR: 1.89
  📊 Filled: 1 | Pending: 0
  📍 LONG @ 7573.00 | SL: 7565.00 | TP: 7581.25 | P&L: $+1,125.00 | +4.0 to trail
  💰 Daily P&L: $+0.00

[2026-07-01 11:17] O:7575.25 H:7575.75 L:7574.25 C:7574.75 V:1182.0
  📈 Trend: strong_bullish | 🌍 Regime: trending_bullish
  🗺️  Grid: 0.080% | 🔺 7575.50 🔻 7573.50
  📡 RSI: 53.8 | MACD: 1.00 | ATR: 1.84
  📊 Filled: 1 | Pending: 0
  📍 LONG @ 7573.00 | SL: 7565.00 | TP: 7581.25 | P&L: $+875.00 | +4.0 to trail
  💰 Daily P&L: $+0.00

[2026-07-01 11:18] O:7574.75 H:7574.75 L:7573.00 C:7574.50 V:1538.0
  📈 Trend: strong_bullish | 🌍 Regime: trending_bullish
  🗺️  Grid: 0.080% | 🔺 7575.75 🔻 7574.25
  📡 RSI: 61.8 | MACD: 0.92 | ATR: 1.73
  📊 Filled: 1 | Pending: 0
  📍 LONG @ 7573.00 | SL: 7565.00 | TP: 7581.25 | P&L: $+750.00 | +4.0 to trail
  💰 Daily P&L: $+0.00

[2026-07-01 11:19] O:7574.25 H:7575.75 L:7573.50 C:7575.75 V:1706.0
  📈 Trend: strong_bullish | 🌍 Regime: trending_bullish
  🗺️  Grid: 0.080% | 🔺 7574.75 🔻 7573.00
  📡 RSI: 64.9 | MACD: 0.95 | ATR: 1.73
  📊 Filled: 1 | Pending: 0
  📍 LONG @ 7573.00 | SL: 7565.00 | TP: 7581.25 | P&L: $+1,375.00 | +4.0 to trail
  💰 Daily P&L: $+0.00

[2026-07-01 11:20] O:7575.50 H:7575.75 L:7574.75 C:7575.25 V:1162.0
  📈 Trend: strong_bullish | 🌍 Regime: trending_bullish
  🗺️  Grid: 0.080% | 🔺 7575.75 🔻 7573.50
  📡 RSI: 57.1 | MACD: 0.92 | ATR: 1.66
  📊 Filled: 1 | Pending: 0
  📍 LONG @ 7573.00 | SL: 7565.00 | TP: 7581.25 | P&L: $+1,125.00 | +4.0 to trail
  💰 Daily P&L: $+0.00

[2026-07-01 11:21] O:7575.25 H:7576.00 L:7574.50 C:7575.00 V:1027.0
  📈 Trend: strong_bullish | 🌍 Regime: trending_bullish
  🗺️  Grid: 0.080% | 🔺 7575.75 🔻 7574.75
  📡 RSI: 52.9 | MACD: 0.87 | ATR: 1.66
  📊 Filled: 1 | Pending: 0
  📍 LONG @ 7573.00 | SL: 7565.00 | TP: 7581.25 | P&L: $+1,000.00 | +4.0 to trail
  💰 Daily P&L: $+0.00

[2026-07-01 11:22] O:7574.75 H:7576.75 L:7574.25 C:7576.50 V:1498.0
  📈 Trend: strong_bullish | 🌍 Regime: trending_bullish
  🗺️  Grid: 0.080% | 🔺 7576.00 🔻 7574.50
  📡 RSI: 60.0 | MACD: 0.94 | ATR: 1.71
  📊 Filled: 1 | Pending: 0
  📍 LONG @ 7573.00 | SL: 7565.00 | TP: 7581.25 | P&L: $+1,750.00 | +4.0 to trail
  💰 Daily P&L: $+0.00

[2026-07-01 11:23] O:7576.50 H:7578.75 L:7576.00 C:7578.75 V:2381.0
  📈 Trend: strong_bullish | 🌍 Regime: trending_bullish
  🗺️  Grid: 0.080% | 🔺 7576.75 🔻 7574.25
  📡 RSI: 75.0 | MACD: 1.16 | ATR: 1.80
  📊 Filled: 1 | Pending: 0
  📍 LONG @ 7573.00 | SL: 7565.00 | TP: 7581.25 | P&L: $+2,875.00 | +3.8 to trail
  💰 Daily P&L: $+0.00

[2026-07-01 11:24] O:7578.75 H:7579.00 L:7577.00 C:7577.25 V:2045.0
  📈 Trend: strong_bullish | 🌍 Regime: trending_bullish
  🗺️  Grid: 0.080% | 🔺 7578.75 🔻 7576.00
  📡 RSI: 66.0 | MACD: 1.20 | ATR: 1.80
  📊 Filled: 1 | Pending: 0
  📍 LONG @ 7573.00 | SL: 7565.00 | TP: 7581.25 | P&L: $+2,125.00 | +1.8 to trail
  💰 Daily P&L: $+0.00

[2026-07-01 11:25] O:7577.00 H:7578.25 L:7576.25 C:7576.50 V:1728.0
  📈 Trend: strong_bullish | 🌍 Regime: trending_bullish
  🗺️  Grid: 0.080% | 🔺 7579.00 🔻 7577.00
  📡 RSI: 56.5 | MACD: 1.16 | ATR: 1.80
  📊 Filled: 1 | Pending: 0
  📍 LONG @ 7573.00 | SL: 7565.00 | TP: 7581.25 | P&L: $+1,750.00 | +1.5 to trail
  💰 Daily P&L: $+0.00

[2026-07-01 11:26] O:7576.50 H:7577.75 L:7576.25 C:7577.25 V:862.0
  📈 Trend: strong_bullish | 🌍 Regime: trending_bullish
  🗺️  Grid: 0.080% | 🔺 7578.25 🔻 7576.25
  📡 RSI: 57.4 | MACD: 1.18 | ATR: 1.82
  📊 Filled: 1 | Pending: 0
  📍 LONG @ 7573.00 | SL: 7565.00 | TP: 7581.25 | P&L: $+2,125.00 | +1.5 to trail
  💰 Daily P&L: $+0.00

[2026-07-01 11:27] O:7577.25 H:7577.50 L:7576.00 C:7577.00 V:1196.0
  📈 Trend: strong_bullish | 🌍 Regime: trending_bullish
  🗺️  Grid: 0.080% | 🔺 7577.75 🔻 7576.25
  📡 RSI: 57.4 | MACD: 1.16 | ATR: 1.84
  📊 Filled: 1 | Pending: 0
  📍 LONG @ 7573.00 | SL: 7565.00 | TP: 7581.25 | P&L: $+2,000.00 | +1.5 to trail
  💰 Daily P&L: $+0.00

[2026-07-01 11:28] O:7577.00 H:7577.00 L:7575.00 C:7575.25 V:1077.0
  📈 Trend: strong_bullish | 🌍 Regime: trending_bullish
  🗺️  Grid: 0.080% | 🔺 7577.50 🔻 7576.00
  📡 RSI: 48.1 | MACD: 0.99 | ATR: 1.88
  📊 Filled: 1 | Pending: 0
  📍 LONG @ 7573.00 | SL: 7565.00 | TP: 7581.25 | P&L: $+1,125.00 | +1.5 to trail
  💰 Daily P&L: $+0.00

[2026-07-01 11:29] O:7575.25 H:7575.75 L:7574.00 C:7574.50 V:1680.0
  📈 Trend: strong_bullish | 🌍 Regime: trending_bullish
  🗺️  Grid: 0.080% | 🔺 7577.00 🔻 7575.00
  📡 RSI: 49.0 | MACD: 0.78 | ATR: 1.86
  📊 Filled: 1 | Pending: 0
  📍 LONG @ 7573.00 | SL: 7565.00 | TP: 7581.25 | P&L: $+750.00 | +1.5 to trail
  💰 Daily P&L: $+0.00

[2026-07-01 11:30] O:7574.50 H:7576.75 L:7574.25 C:7575.50 V:1619.0
  📈 Trend: strong_bullish | 🌍 Regime: ranging
  🗺️  Grid: 0.080% | 🔺 7575.75 🔻 7574.00
  📡 RSI: 50.9 | MACD: 0.69 | ATR: 1.89
  📊 Filled: 1 | Pending: 0
  📍 LONG @ 7573.00 | SL: 7565.00 | TP: 7581.25 | P&L: $+1,250.00 | +1.5 to trail
  💰 Daily P&L: $+0.00

[2026-07-01 11:31] O:7575.25 H:7576.75 L:7575.00 C:7576.25 V:1253.0
  📈 Trend: strong_bullish | 🌍 Regime: ranging
  🗺️  Grid: 0.080% | 🔺 7576.75 🔻 7574.25
  📡 RSI: 55.6 | MACD: 0.67 | ATR: 1.91
  📊 Filled: 1 | Pending: 0
  📍 LONG @ 7573.00 | SL: 7565.00 | TP: 7581.25 | P&L: $+1,625.00 | +1.5 to trail
  💰 Daily P&L: $+0.00

[2026-07-01 11:32] O:7576.50 H:7576.50 L:7574.50 C:7575.75 V:1020.0
  📈 Trend: strong_bullish | 🌍 Regime: ranging
  🗺️  Grid: 0.080% | 🔺 7576.75 🔻 7575.00
  📡 RSI: 54.5 | MACD: 0.61 | ATR: 1.93
  📊 Filled: 1 | Pending: 0
  📍 LONG @ 7573.00 | SL: 7565.00 | TP: 7581.25 | P&L: $+1,375.00 | +1.5 to trail
  💰 Daily P&L: $+0.00

[2026-07-01 11:33] O:7575.50 H:7576.25 L:7575.00 C:7575.50 V:882.0
  📈 Trend: strong_bullish (raw: moderate_bullish) | 🌍 Regime: ranging
  🗺️  Grid: 0.080% | 🔺 7576.50 🔻 7574.50
  📡 RSI: 49.0 | MACD: 0.54 | ATR: 1.86
  📊 Filled: 1 | Pending: 0
  📍 LONG @ 7573.00 | SL: 7565.00 | TP: 7581.25 | P&L: $+1,250.00 | +1.5 to trail
  💰 Daily P&L: $+0.00

[2026-07-01 11:34] O:7575.50 H:7575.50 L:7574.00 C:7575.00 V:730.0
  📈 Trend: strong_bullish | 🌍 Regime: ranging
  🗺️  Grid: 0.080% | 🔺 7576.25 🔻 7575.00
  📡 RSI: 49.0 | MACD: 0.43 | ATR: 1.89
  📊 Filled: 1 | Pending: 0
  📍 LONG @ 7573.00 | SL: 7565.00 | TP: 7581.25 | P&L: $+1,000.00 | +1.5 to trail
  💰 Daily P&L: $+0.00

[2026-07-01 11:35] O:7575.00 H:7575.00 L:7572.75 C:7573.00 V:1147.0
  📈 Trend: strong_bullish (raw: moderate_bullish) | 🌍 Regime: ranging
  🗺️  Grid: 0.080% | 🔺 7575.50 🔻 7574.00
  📡 RSI: 43.1 | MACD: 0.19 | ATR: 1.95
  📊 Filled: 1 | Pending: 0
  📍 LONG @ 7573.00 | SL: 7565.00 | TP: 7581.25 | P&L: $+0.00 | +1.5 to trail
  💰 Daily P&L: $+0.00

[2026-07-01 11:36] O:7573.00 H:7573.50 L:7572.50 C:7573.00 V:1425.0
  📈 Trend: moderate_bullish | 🌍 Regime: ranging
  🗺️  Grid: 0.080% | 🔺 7575.00 🔻 7572.75
  📡 RSI: 36.5 | MACD: -0.01 | ATR: 1.84
  📊 Filled: 1 | Pending: 0
  📍 LONG @ 7573.00 | SL: 7565.00 | TP: 7581.25 | P&L: $+0.00 | +1.5 to trail
  💰 Daily P&L: $+0.00

[2026-07-01 11:37] O:7572.75 H:7574.25 L:7572.25 C:7573.50 V:946.0
  📈 Trend: moderate_bullish | 🌍 Regime: ranging
  🗺️  Grid: 0.080% | 🔺 7573.50 🔻 7572.50
  📡 RSI: 26.7 | MACD: -0.12 | ATR: 1.79
  📊 Filled: 1 | Pending: 0
  📍 LONG @ 7573.00 | SL: 7565.00 | TP: 7581.25 | P&L: $+250.00 | +1.5 to trail
  💰 Daily P&L: $+0.00

[2026-07-01 11:38] O:7573.25 H:7573.50 L:7572.00 C:7572.50 V:1029.0
  📈 Trend: moderate_bullish | 🌍 Regime: ranging
  🗺️  Grid: 0.080% | 🔺 7574.25 🔻 7572.25
  📡 RSI: 27.9 | MACD: -0.29 | ATR: 1.75
  📊 Filled: 1 | Pending: 0
  📍 LONG @ 7573.00 | SL: 7565.00 | TP: 7581.25 | P&L: $-250.00 | +1.5 to trail
  💰 Daily P&L: $+0.00

[2026-07-01 11:39] O:7572.25 H:7573.00 L:7569.75 C:7570.00 V:1879.0
  📈 Trend: moderate_bullish | 🌍 Regime: ranging
  🗺️  Grid: 0.080% | 🔺 7573.50 🔻 7572.00
  📡 RSI: 24.0 | MACD: -0.62 | ATR: 1.84
  📊 Filled: 1 | Pending: 0
  📍 LONG @ 7573.00 | SL: 7565.00 | TP: 7581.25 | P&L: $-1,500.00 | +1.5 to trail
  💰 Daily P&L: $+0.00

[2026-07-01 11:40] O:7570.00 H:7571.50 L:7569.25 C:7569.50 V:2956.0
  📈 Trend: moderate_bullish | 🌍 Regime: ranging
  🗺️  Grid: 0.080% | 🔺 7573.00 🔻 7569.75
  📡 RSI: 18.4 | MACD: -0.91 | ATR: 1.89
  📊 Filled: 1 | Pending: 0
  📍 LONG @ 7573.00 | SL: 7565.00 | TP: 7581.25 | P&L: $-1,750.00 | +1.5 to trail
  💰 Daily P&L: $+0.00

[2026-07-01 11:41] O:7569.25 H:7570.00 L:7567.25 C:7568.25 V:2053.0
  📈 Trend: moderate_bullish | 🌍 Regime: ranging
  🗺️  Grid: 0.080% | 🔺 7571.50 🔻 7569.25
  📡 RSI: 17.0 | MACD: -1.22 | ATR: 1.98
  📊 Filled: 1 | Pending: 0
  📍 LONG @ 7573.00 | SL: 7565.00 | TP: 7581.25 | P&L: $-2,375.00 | +1.5 to trail
  💰 Daily P&L: $+0.00

[2026-07-01 11:42] O:7568.25 H:7569.00 L:7567.50 C:7568.50 V:1856.0
  📈 Trend: moderate_bullish | 🌍 Regime: ranging
  🗺️  Grid: 0.080% | 🔺 7570.00 🔻 7567.25
  📡 RSI: 21.3 | MACD: -1.44 | ATR: 1.95
  📊 Filled: 1 | Pending: 0
  📍 LONG @ 7573.00 | SL: 7565.00 | TP: 7581.25 | P&L: $-2,250.00 | +1.5 to trail
  💰 Daily P&L: $+0.00

[2026-07-01 11:43] O:7568.50 H:7569.50 L:7567.50 C:7568.75 V:1036.0
  📈 Trend: moderate_bullish (raw: strong_bearish) | 🌍 Regime: ranging
  🗺️  Grid: 0.080% | 🔺 7569.00 🔻 7567.50
  📡 RSI: 24.4 | MACD: -1.57 | ATR: 1.96
  📊 Filled: 1 | Pending: 0
  📍 LONG @ 7573.00 | SL: 7565.00 | TP: 7581.25 | P&L: $-2,125.00 | +1.5 to trail
  💰 Daily P&L: $+0.00

[2026-07-01 11:44] O:7568.75 H:7570.75 L:7568.50 C:7570.50 V:1547.0
  📈 Trend: strong_bearish | 🌍 Regime: ranging
  🗺️  Grid: 0.080% | 🔺 7569.50 🔻 7567.50
  📡 RSI: 29.2 | MACD: -1.51 | ATR: 1.95
  📊 Filled: 1 | Pending: 0
  📍 LONG @ 7573.00 | SL: 7565.00 | TP: 7581.25 | P&L: $-1,250.00 | +1.5 to trail
  💰 Daily P&L: $+0.00

[2026-07-01 11:45] O:7570.50 H:7570.50 L:7568.25 C:7568.75 V:1370.0
  📈 Trend: strong_bearish | 🌍 Regime: ranging
  🗺️  Grid: 0.080% | 🔺 7570.75 🔻 7568.50
  📡 RSI: 21.2 | MACD: -1.59 | ATR: 1.98
  📊 Filled: 1 | Pending: 0
  📍 LONG @ 7573.00 | SL: 7565.00 | TP: 7581.25 | P&L: $-2,125.00 | +1.5 to trail
  💰 Daily P&L: $+0.00

[2026-07-01 11:46] O:7568.75 H:7570.00 L:7568.75 C:7569.50 V:905.0
  📈 Trend: strong_bearish | 🌍 Regime: ranging
  🗺️  Grid: 0.080% | 🔺 7570.50 🔻 7568.25
  📡 RSI: 26.4 | MACD: -1.58 | ATR: 1.93
  📊 Filled: 1 | Pending: 0
  📍 LONG @ 7573.00 | SL: 7565.00 | TP: 7581.25 | P&L: $-1,750.00 | +1.5 to trail
  💰 Daily P&L: $+0.00

[2026-07-01 11:47] O:7569.50 H:7572.75 L:7569.25 C:7570.25 V:1890.0
  📈 Trend: strong_bearish | 🌍 Regime: ranging
  🗺️  Grid: 0.080% | 🔺 7570.00 🔻 7568.75
  📡 RSI: 30.9 | MACD: -1.49 | ATR: 2.09
  📊 Filled: 1 | Pending: 0
  📍 LONG @ 7573.00 | SL: 7565.00 | TP: 7581.25 | P&L: $-1,375.00 | +1.5 to trail
  💰 Daily P&L: $+0.00

[2026-07-01 11:48] O:7570.50 H:7570.75 L:7569.25 C:7569.75 V:1271.0
  📈 Trend: strong_bearish | 🌍 Regime: ranging
  🗺️  Grid: 0.080% | 🔺 7572.75 🔻 7569.25
  📡 RSI: 30.9 | MACD: -1.44 | ATR: 2.09
  📊 Filled: 1 | Pending: 0
  📍 LONG @ 7573.00 | SL: 7565.00 | TP: 7581.25 | P&L: $-1,625.00 | +1.5 to trail
  💰 Daily P&L: $+0.00

[2026-07-01 11:49] O:7570.00 H:7570.00 L:7567.50 C:7567.50 V:1313.0
  📈 Trend: strong_bearish | 🌍 Regime: ranging
  🗺️  Grid: 0.080% | 🔺 7570.75 🔻 7569.25
  📡 RSI: 30.4 | MACD: -1.56 | ATR: 2.11
  📊 Filled: 1 | Pending: 0
  📍 LONG @ 7573.00 | SL: 7565.00 | TP: 7581.25 | P&L: $-2,750.00 | +1.5 to trail
  💰 Daily P&L: $+0.00

[2026-07-01 11:50] O:7567.50 H:7569.75 L:7567.25 C:7569.75 V:1426.0
  📈 Trend: strong_bearish | 🌍 Regime: ranging
  🗺️  Grid: 0.080% | 🔺 7570.00 🔻 7567.50
  📡 RSI: 40.0 | MACD: -1.46 | ATR: 2.21
  📊 Filled: 1 | Pending: 0
  📍 LONG @ 7573.00 | SL: 7565.00 | TP: 7581.25 | P&L: $-1,625.00 | +1.5 to trail
  💰 Daily P&L: $+0.00

[2026-07-01 11:51] O:7569.50 H:7569.75 L:7566.25 C:7567.00 V:1836.0
  📈 Trend: strong_bearish | 🌍 Regime: ranging
  🗺️  Grid: 0.080% | 🔺 7569.75 🔻 7567.25
  📡 RSI: 32.4 | MACD: -1.59 | ATR: 2.32
  📊 Filled: 1 | Pending: 0
  📍 LONG @ 7573.00 | SL: 7565.00 | TP: 7581.25 | P&L: $-3,000.00 | +1.5 to trail
  💰 Daily P&L: $+0.00
  ✅ Fill: SLD 10.0 @ 7564.75
  📋 Order 508 status: Filled

[2026-07-01 11:52] O:7566.75 H:7567.50 L:7563.25 C:7563.50 V:3691.0
  📈 Trend: strong_bearish | 🌍 Regime: ranging
  🗺️  Grid: 0.080% | 🔺 7569.75 🔻 7566.25
  📡 RSI: 28.6 | MACD: -1.95 | ATR: 2.52
  📊 Filled: 1 | Pending: 0
  📍 LONG @ 7573.00 | SL: 7565.00 | TP: 7581.25 | P&L: $-4,750.00 | +1.5 to trail
  📋 Order 509 status: PendingCancel
  📋 Order 509 status: Cancelled
  ❌ EXIT LONG @ 7564.75 | Stop Loss
     P&L: -8.25 pts ($-4,125.00) | Daily: $-4,125.00
  ⏸️ Cooldown: 2 bar(s) remaining after exit
  💰 Daily P&L: $-4,125.00

[2026-07-01 11:53] O:7563.50 H:7566.00 L:7563.25 C:7564.00 V:2319.0
  📈 Trend: strong_bearish | 🌍 Regime: ranging
  🗺️  Grid: 0.080% | 🔺 7567.50 🔻 7563.25
  📡 RSI: 34.2 | MACD: -2.17 | ATR: 2.48
  📊 Filled: 0 | Pending: 0
  ⏸️ Cooldown: 1 bar(s) remaining after exit
  💰 Daily P&L: $-4,125.00

[2026-07-01 11:54] O:7564.00 H:7566.00 L:7563.50 C:7565.00 V:1426.0
  📈 Trend: strong_bearish | 🌍 Regime: ranging
  🗺️  Grid: 0.080% | 🔺 7566.00 🔻 7563.25
  📡 RSI: 38.5 | MACD: -2.24 | ATR: 2.50
  📊 Filled: 0 | Pending: 0
  🔲 Regime: RANGING | Range pos: 81% | RSI: 38.5
  💰 Daily P&L: $-4,125.00

[2026-07-01 11:55] O:7565.00 H:7565.75 L:7563.25 C:7563.25 V:1280.0
  📈 Trend: strong_bearish | 🌍 Regime: ranging
  🗺️  Grid: 0.080% | 🔺 7566.00 🔻 7563.50
  📡 RSI: 37.5 | MACD: -2.40 | ATR: 2.48
  📊 Filled: 0 | Pending: 0
  🔲 Regime: RANGING | Range pos: 78% | RSI: 37.5
  💰 Daily P&L: $-4,125.00

[2026-07-01 11:56] O:7563.25 H:7565.00 L:7562.50 C:7564.75 V:2092.0
  📈 Trend: strong_bearish | 🌍 Regime: ranging
  🗺️  Grid: 0.080% | 🔺 7565.75 🔻 7563.25
  📡 RSI: 41.2 | MACD: -2.39 | ATR: 2.55
  📊 Filled: 0 | Pending: 0
  🔲 Regime: RANGING | Range pos: 81% | RSI: 41.2
  💰 Daily P&L: $-4,125.00

[2026-07-01 11:57] O:7564.75 H:7565.25 L:7563.50 C:7563.75 V:1194.0
  📈 Trend: strong_bearish | 🌍 Regime: ranging
  🗺️  Grid: 0.080% | 🔺 7565.00 🔻 7562.50
  📡 RSI: 38.6 | MACD: -2.43 | ATR: 2.54
  📊 Filled: 0 | Pending: 0
  🔲 Regime: RANGING | Range pos: 79% | RSI: 38.6
  💰 Daily P&L: $-4,125.00

[2026-07-01 11:58] O:7563.50 H:7564.00 L:7561.75 C:7562.50 V:2221.0
  📈 Trend: strong_bearish | 🌍 Regime: ranging
  🗺️  Grid: 0.080% | 🔺 7565.25 🔻 7563.50
  📡 RSI: 31.4 | MACD: -2.53 | ATR: 2.54
  📊 Filled: 0 | Pending: 0
  🔲 Regime: RANGING | Range pos: 77% | RSI: 31.4
  💰 Daily P&L: $-4,125.00

[2026-07-01 11:59] O:7562.50 H:7562.50 L:7557.50 C:7559.75 V:3386.0
  📈 Trend: strong_bearish | 🌍 Regime: ranging
  🗺️  Grid: 0.080% | 🔺 7564.00 🔻 7561.75
  📡 RSI: 30.0 | MACD: -2.80 | ATR: 2.73
  📊 Filled: 0 | Pending: 0
  🔲 Regime: RANGING | Range pos: 74% | RSI: 30.0
  💰 Daily P&L: $-4,125.00

[2026-07-01 12:00] O:7559.75 H:7563.75 L:7559.25 C:7562.25 V:2973.0
  📈 Trend: strong_bearish | 🌍 Regime: ranging
  🗺️  Grid: 0.080% | 🔺 7562.50 🔻 7557.50
  📡 RSI: 35.1 | MACD: -2.78 | ATR: 2.96
  📊 Filled: 0 | Pending: 0
  🔲 Regime: RANGING | Range pos: 77% | RSI: 35.1
  💰 Daily P&L: $-4,125.00

[2026-07-01 12:01] O:7562.25 H:7563.50 L:7561.50 C:7563.50 V:2019.0
  📈 Trend: strong_bearish | 🌍 Regime: ranging
  🗺️  Grid: 0.080% | 🔺 7563.75 🔻 7559.25
  📡 RSI: 36.4 | MACD: -2.64 | ATR: 2.86
  📊 Filled: 0 | Pending: 0
  🔲 Regime: RANGING | Range pos: 79% | RSI: 36.4
  💰 Daily P&L: $-4,125.00

[2026-07-01 12:02] O:7563.25 H:7563.50 L:7560.25 C:7560.75 V:2281.0
  📈 Trend: strong_bearish | 🌍 Regime: ranging
  🗺️  Grid: 0.080% | 🔺 7563.50 🔻 7561.50
  📡 RSI: 33.3 | MACD: -2.71 | ATR: 2.98
  📊 Filled: 0 | Pending: 0
  🔲 Regime: RANGING | Range pos: 75% | RSI: 33.3
  💰 Daily P&L: $-4,125.00

[2026-07-01 12:03] O:7560.75 H:7561.50 L:7558.25 C:7559.25 V:2378.0
  📈 Trend: strong_bearish | 🌍 Regime: ranging
  🗺️  Grid: 0.080% | 🔺 7563.50 🔻 7560.25
  📡 RSI: 34.3 | MACD: -2.86 | ATR: 3.04
  📊 Filled: 0 | Pending: 0
  🔲 Regime: RANGING | Range pos: 73% | RSI: 34.3
  💰 Daily P&L: $-4,125.00

[2026-07-01 12:04] O:7559.00 H:7560.25 L:7558.50 C:7559.50 V:1311.0
  📈 Trend: strong_bearish | 🌍 Regime: ranging
  🗺️  Grid: 0.080% | 🔺 7561.50 🔻 7558.25
  📡 RSI: 28.9 | MACD: -2.92 | ATR: 2.98
  📊 Filled: 0 | Pending: 0
  🔲 Regime: RANGING | Range pos: 73% | RSI: 28.9
  💰 Daily P&L: $-4,125.00

[2026-07-01 12:05] O:7559.50 H:7559.50 L:7556.25 C:7557.00 V:2590.0
  📈 Trend: strong_bearish | 🌍 Regime: ranging
  🗺️  Grid: 0.080% | 🔺 7560.25 🔻 7558.50
  📡 RSI: 29.2 | MACD: -3.14 | ATR: 2.96
  📊 Filled: 0 | Pending: 0
  🔲 Regime: RANGING | Range pos: 70% | RSI: 29.2
  💰 Daily P&L: $-4,125.00

[2026-07-01 12:06] O:7557.00 H:7557.75 L:7554.75 C:7556.25 V:3226.0
  📈 Trend: strong_bearish | 🌍 Regime: ranging
  🗺️  Grid: 0.080% | 🔺 7559.50 🔻 7556.25
  📡 RSI: 32.9 | MACD: -3.33 | ATR: 2.88
  📊 Filled: 0 | Pending: 0
  🔲 Regime: RANGING | Range pos: 69% | RSI: 32.9
  💰 Daily P&L: $-4,125.00

[2026-07-01 12:07] O:7556.00 H:7558.75 L:7556.00 C:7557.75 V:2930.0
  📈 Trend: strong_bearish | 🌍 Regime: ranging
  🗺️  Grid: 0.080% | 🔺 7557.75 🔻 7554.75
  📡 RSI: 36.0 | MACD: -3.32 | ATR: 2.88
  📊 Filled: 0 | Pending: 0
  🔲 Regime: RANGING | Range pos: 71% | RSI: 36.0
  💰 Daily P&L: $-4,125.00

[2026-07-01 12:08] O:7557.75 H:7558.50 L:7557.00 C:7557.50 V:1193.0
  📈 Trend: strong_bearish | 🌍 Regime: ranging
  🗺️  Grid: 0.080% | 🔺 7558.75 🔻 7556.00
  📡 RSI: 32.6 | MACD: -3.30 | ATR: 2.80
  📊 Filled: 0 | Pending: 0
  🔲 Regime: RANGING | Range pos: 71% | RSI: 32.6
  💰 Daily P&L: $-4,125.00

[2026-07-01 12:09] O:7557.50 H:7560.00 L:7557.25 C:7559.50 V:1316.0
  📈 Trend: strong_bearish | 🌍 Regime: ranging
  🗺️  Grid: 0.080% | 🔺 7558.50 🔻 7557.00
  📡 RSI: 41.4 | MACD: -3.09 | ATR: 2.82
  📊 Filled: 0 | Pending: 0
  🔲 Regime: RANGING | Range pos: 73% | RSI: 41.4
  💰 Daily P&L: $-4,125.00

[2026-07-01 12:10] O:7559.25 H:7559.75 L:7557.25 C:7558.00 V:1600.0
  📈 Trend: strong_bearish (raw: moderate_bearish) | 🌍 Regime: ranging
  🗺️  Grid: 0.080% | 🔺 7560.00 🔻 7557.25
  📡 RSI: 34.5 | MACD: -3.00 | ATR: 2.82
  📊 Filled: 0 | Pending: 0
  🔲 Regime: RANGING | Range pos: 71% | RSI: 34.5
  💰 Daily P&L: $-4,125.00

[2026-07-01 12:11] O:7558.00 H:7559.50 L:7557.00 C:7558.75 V:1631.0
  📈 Trend: moderate_bearish | 🌍 Regime: ranging
  🗺️  Grid: 0.080% | 🔺 7559.75 🔻 7557.25
  📡 RSI: 38.4 | MACD: -2.84 | ATR: 2.88
  📊 Filled: 0 | Pending: 0
  🔲 Regime: RANGING | Range pos: 72% | RSI: 38.4
  💰 Daily P&L: $-4,125.00

[2026-07-01 12:12] O:7558.75 H:7562.00 L:7558.25 C:7562.00 V:1934.0
  📈 Trend: moderate_bearish | 🌍 Regime: ranging
  🗺️  Grid: 0.080% | 🔺 7559.50 🔻 7557.00
  📡 RSI: 48.9 | MACD: -2.42 | ATR: 2.98
  📊 Filled: 0 | Pending: 0
  🔲 Regime: RANGING | Range pos: 77% | RSI: 48.9
  💰 Daily P&L: $-4,125.00

[2026-07-01 12:13] O:7561.75 H:7562.75 L:7560.25 C:7561.75 V:1777.0
  📈 Trend: moderate_bearish | 🌍 Regime: ranging
  🗺️  Grid: 0.080% | 🔺 7562.00 🔻 7558.25
  📡 RSI: 54.8 | MACD: -2.09 | ATR: 2.80
  📊 Filled: 0 | Pending: 0
  🔲 Regime: RANGING | Range pos: 76% | RSI: 54.8
  💰 Daily P&L: $-4,125.00

[2026-07-01 12:14] O:7561.50 H:7563.25 L:7561.50 C:7562.50 V:1284.0
  📈 Trend: moderate_bearish | 🌍 Regime: ranging
  🗺️  Grid: 0.080% | 🔺 7562.75 🔻 7560.25
  📡 RSI: 50.6 | MACD: -1.74 | ATR: 2.61
  📊 Filled: 0 | Pending: 0
  🔲 Regime: RANGING | Range pos: 77% | RSI: 50.6
  💰 Daily P&L: $-4,125.00

[2026-07-01 12:15] O:7562.75 H:7564.50 L:7562.25 C:7562.50 V:1591.0
  📈 Trend: moderate_bearish | 🌍 Regime: ranging
  🗺️  Grid: 0.080% | 🔺 7563.25 🔻 7561.50
  📡 RSI: 47.2 | MACD: -1.45 | ATR: 2.62
  📊 Filled: 0 | Pending: 0
  🔲 Regime: RANGING | Range pos: 77% | RSI: 47.2
  💰 Daily P&L: $-4,125.00

[2026-07-01 12:16] O:7562.50 H:7563.25 L:7561.75 C:7562.75 V:1166.0
  📈 Trend: moderate_bearish | 🌍 Regime: ranging
  🗺️  Grid: 0.080% | 🔺 7564.50 🔻 7562.25
  📡 RSI: 56.5 | MACD: -1.19 | ATR: 2.50
  📊 Filled: 0 | Pending: 0
  🔲 Regime: RANGING | Range pos: 78% | RSI: 56.5
  💰 Daily P&L: $-4,125.00

[2026-07-01 12:17] O:7562.75 H:7564.00 L:7561.75 C:7562.00 V:1336.0
  📈 Trend: moderate_bearish | 🌍 Regime: ranging
  🗺️  Grid: 0.080% | 🔺 7563.25 🔻 7561.75
  📡 RSI: 59.3 | MACD: -1.03 | ATR: 2.43
  📊 Filled: 0 | Pending: 0
  🔲 Regime: RANGING | Range pos: 77% | RSI: 59.3
  💰 Daily P&L: $-4,125.00

[2026-07-01 12:18] O:7562.00 H:7563.75 L:7562.00 C:7563.25 V:1097.0
  📈 Trend: moderate_bearish (raw: moderate_bullish) | 🌍 Regime: ranging
  🗺️  Grid: 0.080% | 🔺 7564.00 🔻 7561.75
  📡 RSI: 61.9 | MACD: -0.79 | ATR: 2.43
  📊 Filled: 0 | Pending: 0
  🔲 Regime: RANGING | Range pos: 78% | RSI: 61.9
  💰 Daily P&L: $-4,125.00

[2026-07-01 12:19] O:7563.25 H:7565.50 L:7563.00 C:7565.25 V:1317.0
  📈 Trend: moderate_bullish | 🌍 Regime: ranging
  🗺️  Grid: 0.080% | 🔺 7563.75 🔻 7562.00
  📡 RSI: 77.0 | MACD: -0.44 | ATR: 2.38
  📊 Filled: 0 | Pending: 0
  🔲 Regime: RANGING | Range pos: 81% | RSI: 77.0
  🚫 Raw trend blocks RANGING SHORT | raw: moderate_bullish
  💰 Daily P&L: $-4,125.00

[2026-07-01 12:20] O:7565.25 H:7567.00 L:7565.00 C:7566.25 V:1818.0
  📈 Trend: moderate_bullish | 🌍 Regime: ranging
  🗺️  Grid: 0.080% | 🔺 7565.50 🔻 7563.00
  📡 RSI: 82.3 | MACD: -0.07 | ATR: 2.30
  📊 Filled: 0 | Pending: 0
  🔲 Regime: RANGING | Range pos: 83% | RSI: 82.3
  🚫 Raw trend blocks RANGING SHORT | raw: moderate_bullish
  💰 Daily P&L: $-4,125.00

[2026-07-01 12:21] O:7566.25 H:7566.50 L:7565.00 C:7565.00 V:1189.0
  📈 Trend: moderate_bullish (raw: strong_bullish) | 🌍 Regime: ranging
  🗺️  Grid: 0.080% | 🔺 7567.00 🔻 7565.00
  📡 RSI: 73.8 | MACD: 0.11 | ATR: 2.21
  📊 Filled: 0 | Pending: 0
  🔲 Regime: RANGING | Range pos: 81% | RSI: 73.8
  🚫 Raw trend blocks RANGING SHORT | raw: strong_bullish
  💰 Daily P&L: $-4,125.00

[2026-07-01 12:22] O:7565.00 H:7566.25 L:7564.75 C:7565.50 V:1099.0
  📈 Trend: strong_bullish | 🌍 Regime: ranging
  🗺️  Grid: 0.080% | 🔺 7566.50 🔻 7565.00
  📡 RSI: 75.8 | MACD: 0.29 | ATR: 2.21
  📊 Filled: 0 | Pending: 0
  🔲 Regime: RANGING | Range pos: 82% | RSI: 75.8
  🚫 Raw trend blocks RANGING SHORT | raw: strong_bullish
  💰 Daily P&L: $-4,125.00

[2026-07-01 12:23] O:7565.50 H:7566.25 L:7565.00 C:7566.00 V:701.0
  📈 Trend: strong_bullish | 🌍 Regime: ranging
  🗺️  Grid: 0.080% | 🔺 7566.25 🔻 7564.75
  📡 RSI: 73.2 | MACD: 0.47 | ATR: 2.11
  📊 Filled: 0 | Pending: 0
  🔲 Regime: RANGING | Range pos: 82% | RSI: 73.2
  🚫 Raw trend blocks RANGING SHORT | raw: strong_bullish
  💰 Daily P&L: $-4,125.00

[2026-07-01 12:24] O:7565.75 H:7567.25 L:7565.50 C:7566.50 V:1090.0
  📈 Trend: strong_bullish | 🌍 Regime: ranging
  🗺️  Grid: 0.080% | 🔺 7566.25 🔻 7565.00
  📡 RSI: 82.7 | MACD: 0.65 | ATR: 2.05
  📊 Filled: 0 | Pending: 0
  🔲 Regime: RANGING | Range pos: 83% | RSI: 82.7
  🚫 Raw trend blocks RANGING SHORT | raw: strong_bullish
  💰 Daily P&L: $-4,125.00

[2026-07-01 12:25] O:7566.50 H:7568.50 L:7566.50 C:7567.00 V:1415.0
  📈 Trend: strong_bullish | 🌍 Regime: ranging
  🗺️  Grid: 0.080% | 🔺 7567.25 🔻 7565.50
  📡 RSI: 82.4 | MACD: 0.82 | ATR: 2.02
  📊 Filled: 0 | Pending: 0
  🔲 Regime: RANGING | Range pos: 84% | RSI: 82.4
  🚫 Raw trend blocks RANGING SHORT | raw: strong_bullish
  💰 Daily P&L: $-4,125.00

[2026-07-01 12:26] O:7567.00 H:7567.75 L:7566.25 C:7566.75 V:1009.0
  📈 Trend: strong_bullish | 🌍 Regime: ranging
  🗺️  Grid: 0.080% | 🔺 7568.50 🔻 7566.50
  📡 RSI: 74.4 | MACD: 0.93 | ATR: 1.86
  📊 Filled: 0 | Pending: 0
  🔲 Regime: RANGING | Range pos: 83% | RSI: 74.4
  🚫 Raw trend blocks RANGING SHORT | raw: strong_bullish
  💰 Daily P&L: $-4,125.00

[2026-07-01 12:27] O:7566.75 H:7567.00 L:7565.75 C:7565.75 V:932.0
  📈 Trend: strong_bullish | 🌍 Regime: ranging
  🗺️  Grid: 0.080% | 🔺 7567.75 🔻 7566.25
  📡 RSI: 69.0 | MACD: 0.92 | ATR: 1.77
  📊 Filled: 0 | Pending: 0
  🔲 Regime: RANGING | Range pos: 82% | RSI: 69.0
  💰 Daily P&L: $-4,125.00

[2026-07-01 12:28] O:7565.75 H:7566.00 L:7564.75 C:7565.00 V:1235.0
  📈 Trend: strong_bullish | 🌍 Regime: ranging
  🗺️  Grid: 0.080% | 🔺 7567.00 🔻 7565.75
  📡 RSI: 61.9 | MACD: 0.84 | ATR: 1.73
  📊 Filled: 0 | Pending: 0
  🔲 Regime: RANGING | Range pos: 81% | RSI: 61.9
  💰 Daily P&L: $-4,125.00

[2026-07-01 12:29] O:7564.75 H:7565.00 L:7563.50 C:7564.00 V:1535.0
  📈 Trend: strong_bullish | 🌍 Regime: ranging
  🗺️  Grid: 0.080% | 🔺 7566.00 🔻 7564.75
  📡 RSI: 56.5 | MACD: 0.69 | ATR: 1.68
  📊 Filled: 0 | Pending: 0
  🔲 Regime: RANGING | Range pos: 80% | RSI: 56.5
  💰 Daily P&L: $-4,125.00

[2026-07-01 12:30] O:7564.00 H:7566.25 L:7563.75 C:7565.75 V:1264.0
  📈 Trend: strong_bullish | 🌍 Regime: ranging
  🗺️  Grid: 0.080% | 🔺 7565.00 🔻 7563.50
  📡 RSI: 61.5 | MACD: 0.70 | ATR: 1.75
  📊 Filled: 0 | Pending: 0
  🔲 Regime: RANGING | Range pos: 82% | RSI: 61.5
  💰 Daily P&L: $-4,125.00

[2026-07-01 12:31] O:7565.75 H:7566.00 L:7564.50 C:7565.75 V:818.0
  📈 Trend: strong_bullish | 🌍 Regime: ranging
  🗺️  Grid: 0.080% | 🔺 7566.25 🔻 7563.75
  📡 RSI: 65.3 | MACD: 0.71 | ATR: 1.70
  📊 Filled: 0 | Pending: 0
  🔲 Regime: RANGING | Range pos: 82% | RSI: 65.3
  💰 Daily P&L: $-4,125.00

[2026-07-01 12:32] O:7565.75 H:7566.25 L:7561.25 C:7562.50 V:1882.0
  📈 Trend: strong_bullish (raw: moderate_bullish) | 🌍 Regime: ranging
  🗺️  Grid: 0.080% | 🔺 7566.00 🔻 7564.50
  📡 RSI: 47.4 | MACD: 0.44 | ATR: 1.93
  📊 Filled: 0 | Pending: 0
  🔲 Regime: RANGING | Range pos: 77% | RSI: 47.4
  💰 Daily P&L: $-4,125.00

[2026-07-01 12:33] O:7562.50 H:7563.50 L:7561.50 C:7562.50 V:986.0
  📈 Trend: strong_bullish (raw: moderate_bearish) | 🌍 Regime: ranging
  🗺️  Grid: 0.080% | 🔺 7566.25 🔻 7561.25
  📡 RSI: 38.8 | MACD: 0.23 | ATR: 1.89
  📊 Filled: 0 | Pending: 0
  🔲 Regime: RANGING | Range pos: 77% | RSI: 38.8
  💰 Daily P&L: $-4,125.00

[2026-07-01 12:34] O:7562.50 H:7563.50 L:7561.75 C:7562.75 V:1095.0
  📈 Trend: strong_bullish (raw: moderate_bullish) | 🌍 Regime: ranging
  🗺️  Grid: 0.080% | 🔺 7563.50 🔻 7561.50
  📡 RSI: 34.8 | MACD: 0.08 | ATR: 1.88
  📊 Filled: 0 | Pending: 0
  🔲 Regime: RANGING | Range pos: 78% | RSI: 34.8
  💰 Daily P&L: $-4,125.00

[2026-07-01 12:35] O:7562.75 H:7563.75 L:7561.00 C:7562.50 V:1273.0
  📈 Trend: strong_bullish (raw: strong_bearish) | 🌍 Regime: ranging
  🗺️  Grid: 0.080% | 🔺 7563.50 🔻 7561.75
  📡 RSI: 38.1 | MACD: -0.06 | ATR: 1.96
  📊 Filled: 0 | Pending: 0
  🔲 Regime: RANGING | Range pos: 77% | RSI: 38.1
  💰 Daily P&L: $-4,125.00

[2026-07-01 12:36] O:7562.50 H:7562.75 L:7562.00 C:7562.50 V:816.0
  📈 Trend: strong_bullish (raw: moderate_bullish) | 🌍 Regime: ranging
  🗺️  Grid: 0.080% | 🔺 7563.75 🔻 7561.00
  📡 RSI: 35.0 | MACD: -0.16 | ATR: 1.91
  📊 Filled: 0 | Pending: 0
  🔲 Regime: RANGING | Range pos: 77% | RSI: 35.0
  💰 Daily P&L: $-4,125.00

[2026-07-01 12:37] O:7562.50 H:7565.00 L:7562.50 C:7564.25 V:1528.0
  📈 Trend: moderate_bullish | 🌍 Regime: ranging
  🗺️  Grid: 0.080% | 🔺 7562.75 🔻 7562.00
  📡 RSI: 42.2 | MACD: -0.11 | ATR: 2.00
  📊 Filled: 0 | Pending: 0
  🔲 Regime: RANGING | Range pos: 80% | RSI: 42.2
  💰 Daily P&L: $-4,125.00

[2026-07-01 12:38] O:7564.00 H:7564.75 L:7563.50 C:7564.25 V:719.0
  📈 Trend: moderate_bullish (raw: strong_bearish) | 🌍 Regime: ranging
  🗺️  Grid: 0.080% | 🔺 7565.00 🔻 7562.50
  📡 RSI: 39.5 | MACD: -0.06 | ATR: 1.96
  📊 Filled: 0 | Pending: 0
  🔲 Regime: RANGING | Range pos: 80% | RSI: 39.5
  💰 Daily P&L: $-4,125.00

[2026-07-01 12:39] O:7564.25 H:7565.25 L:7563.25 C:7564.00 V:826.0
  📈 Trend: strong_bearish | 🌍 Regime: ranging
  🗺️  Grid: 0.080% | 🔺 7564.75 🔻 7563.50
  📡 RSI: 35.7 | MACD: -0.04 | ATR: 1.96
  📊 Filled: 0 | Pending: 0
  🔲 Regime: RANGING | Range pos: 80% | RSI: 35.7
  💰 Daily P&L: $-4,125.00

[2026-07-01 12:40] O:7564.00 H:7564.75 L:7562.50 C:7563.50 V:942.0
  📈 Trend: strong_bearish | 🌍 Regime: ranging
  🗺️  Grid: 0.080% | 🔺 7565.25 🔻 7563.25
  📡 RSI: 34.9 | MACD: -0.07 | ATR: 2.02
  📊 Filled: 0 | Pending: 0
  🔲 Regime: RANGING | Range pos: 79% | RSI: 34.9
  💰 Daily P&L: $-4,125.00

[2026-07-01 12:41] O:7563.25 H:7563.50 L:7562.00 C:7562.75 V:747.0
  📈 Trend: strong_bearish | 🌍 Regime: ranging
  🗺️  Grid: 0.080% | 🔺 7564.75 🔻 7562.50
  📡 RSI: 35.7 | MACD: -0.15 | ATR: 2.04
  📊 Filled: 0 | Pending: 0
  🔲 Regime: RANGING | Range pos: 78% | RSI: 35.7
  💰 Daily P&L: $-4,125.00

[2026-07-01 12:42] O:7563.00 H:7563.00 L:7561.00 C:7561.00 V:861.0
  📈 Trend: strong_bearish | 🌍 Regime: ranging
  🗺️  Grid: 0.080% | 🔺 7563.50 🔻 7562.00
  📡 RSI: 32.6 | MACD: -0.35 | ATR: 2.09
  📊 Filled: 0 | Pending: 0
  🔲 Regime: RANGING | Range pos: 75% | RSI: 32.6
  💰 Daily P&L: $-4,125.00

[2026-07-01 12:43] O:7561.25 H:7561.75 L:7560.00 C:7561.50 V:1257.0
  📈 Trend: strong_bearish | 🌍 Regime: ranging
  🗺️  Grid: 0.080% | 🔺 7563.00 🔻 7561.00
  📡 RSI: 38.6 | MACD: -0.46 | ATR: 2.11
  📊 Filled: 0 | Pending: 0
  🔲 Regime: RANGING | Range pos: 76% | RSI: 38.6
  💰 Daily P&L: $-4,125.00

[2026-07-01 12:44] O:7561.25 H:7562.00 L:7559.25 C:7559.25 V:1037.0
  📈 Trend: strong_bearish | 🌍 Regime: ranging
  🗺️  Grid: 0.080% | 🔺 7561.75 🔻 7560.00
  📡 RSI: 21.7 | MACD: -0.73 | ATR: 2.12
  📊 Filled: 0 | Pending: 0
  🔲 Regime: RANGING | Range pos: 73% | RSI: 21.7
  💰 Daily P&L: $-4,125.00

[2026-07-01 12:45] O:7559.50 H:7560.75 L:7558.25 C:7560.50 V:1343.0
  📈 Trend: strong_bearish | 🌍 Regime: ranging
  🗺️  Grid: 0.080% | 🔺 7562.00 🔻 7559.25
  📡 RSI: 29.4 | MACD: -0.82 | ATR: 2.20
  📊 Filled: 0 | Pending: 0
  🔲 Regime: RANGING | Range pos: 75% | RSI: 29.4
  💰 Daily P&L: $-4,125.00

[2026-07-01 12:46] O:7560.25 H:7561.25 L:7559.00 C:7559.50 V:913.0
  📈 Trend: strong_bearish | 🌍 Regime: ranging
  🗺️  Grid: 0.080% | 🔺 7560.75 🔻 7558.25
  📡 RSI: 35.7 | MACD: -0.97 | ATR: 2.00
  📊 Filled: 0 | Pending: 0
  🔲 Regime: RANGING | Range pos: 73% | RSI: 35.7
  💰 Daily P&L: $-4,125.00

[2026-07-01 12:47] O:7559.50 H:7560.00 L:7558.50 C:7558.50 V:1008.0
  📈 Trend: strong_bearish | 🌍 Regime: ranging
  🗺️  Grid: 0.080% | 🔺 7561.25 🔻 7559.00
  📡 RSI: 32.6 | MACD: -1.15 | ATR: 1.96
  📊 Filled: 0 | Pending: 0
  🔲 Regime: RANGING | Range pos: 72% | RSI: 32.6
  💰 Daily P&L: $-4,125.00

[2026-07-01 12:48] O:7558.75 H:7559.25 L:7557.50 C:7559.00 V:1121.0
  📈 Trend: strong_bearish | 🌍 Regime: ranging
  🗺️  Grid: 0.080% | 🔺 7560.00 🔻 7558.50
  📡 RSI: 34.0 | MACD: -1.25 | ATR: 1.96
  📊 Filled: 0 | Pending: 0
  🔲 Regime: RANGING | Range pos: 73% | RSI: 34.0
  💰 Daily P&L: $-4,125.00

[2026-07-01 12:49] O:7559.00 H:7559.50 L:7557.75 C:7558.75 V:942.0
  📈 Trend: strong_bearish | 🌍 Regime: ranging
  🗺️  Grid: 0.080% | 🔺 7559.25 🔻 7557.50
  📡 RSI: 34.0 | MACD: -1.32 | ATR: 1.89
  📊 Filled: 0 | Pending: 0
  🔲 Regime: RANGING | Range pos: 72% | RSI: 34.0
  💰 Daily P&L: $-4,125.00

[2026-07-01 12:50] O:7559.00 H:7560.75 L:7558.75 C:7560.50 V:1140.0
  📈 Trend: strong_bearish | 🌍 Regime: ranging
  🗺️  Grid: 0.080% | 🔺 7559.50 🔻 7557.75
  📡 RSI: 42.6 | MACD: -1.23 | ATR: 1.98
  📊 Filled: 0 | Pending: 0
  🔲 Regime: RANGING | Range pos: 75% | RSI: 42.6
  💰 Daily P&L: $-4,125.00

[2026-07-01 12:51] O:7560.25 H:7561.25 L:7558.75 C:7558.75 V:1135.0
  📈 Trend: strong_bearish | 🌍 Regime: ranging
  🗺️  Grid: 0.080% | 🔺 7560.75 🔻 7558.75
  📡 RSI: 29.6 | MACD: -1.28 | ATR: 1.98
  📊 Filled: 0 | Pending: 0
  🔲 Regime: RANGING | Range pos: 72% | RSI: 29.6
  💰 Daily P&L: $-4,125.00

[2026-07-01 12:52] O:7558.75 H:7559.25 L:7557.00 C:7558.75 V:1053.0
  📈 Trend: strong_bearish | 🌍 Regime: ranging
  🗺️  Grid: 0.080% | 🔺 7561.25 🔻 7558.75
  📡 RSI: 29.6 | MACD: -1.31 | ATR: 2.05
  📊 Filled: 0 | Pending: 0
  🔲 Regime: RANGING | Range pos: 72% | RSI: 29.6
  💰 Daily P&L: $-4,125.00

[2026-07-01 12:53] O:7558.75 H:7562.00 L:7558.75 C:7561.75 V:1235.0
  📈 Trend: strong_bearish | 🌍 Regime: ranging
  🗺️  Grid: 0.080% | 🔺 7559.25 🔻 7557.00
  📡 RSI: 43.1 | MACD: -1.07 | ATR: 2.14
  📊 Filled: 0 | Pending: 0
  🔲 Regime: RANGING | Range pos: 76% | RSI: 43.1
  💰 Daily P&L: $-4,125.00

[2026-07-01 12:54] O:7561.50 H:7561.50 L:7559.25 C:7560.50 V:750.0
  📈 Trend: strong_bearish | 🌍 Regime: ranging
  🗺️  Grid: 0.080% | 🔺 7562.00 🔻 7558.75
  📡 RSI: 41.2 | MACD: -0.98 | ATR: 2.16
  📊 Filled: 0 | Pending: 0
  🔲 Regime: RANGING | Range pos: 75% | RSI: 41.2
  💰 Daily P&L: $-4,125.00

[2026-07-01 12:55] O:7560.75 H:7560.75 L:7557.75 C:7559.75 V:1262.0
  📈 Trend: strong_bearish | 🌍 Regime: ranging
  🗺️  Grid: 0.080% | 🔺 7561.50 🔻 7559.25
  📡 RSI: 41.2 | MACD: -0.95 | ATR: 2.27
  📊 Filled: 0 | Pending: 0
  🔲 Regime: RANGING | Range pos: 74% | RSI: 41.2
  💰 Daily P&L: $-4,125.00

[2026-07-01 12:56] O:7559.75 H:7559.75 L:7558.25 C:7559.25 V:884.0
  📈 Trend: strong_bearish | 🌍 Regime: ranging
  🗺️  Grid: 0.080% | 🔺 7560.75 🔻 7557.75
  📡 RSI: 44.4 | MACD: -0.96 | ATR: 2.23
  📊 Filled: 0 | Pending: 0
  🔲 Regime: RANGING | Range pos: 73% | RSI: 44.4
  💰 Daily P&L: $-4,125.00

[2026-07-01 12:57] O:7559.00 H:7559.25 L:7557.25 C:7557.75 V:1033.0
  📈 Trend: strong_bearish | 🌍 Regime: ranging
  🗺️  Grid: 0.080% | 🔺 7559.75 🔻 7558.25
  📡 RSI: 38.8 | MACD: -1.07 | ATR: 2.25
  📊 Filled: 0 | Pending: 0
  🔲 Regime: RANGING | Range pos: 71% | RSI: 38.8
  💰 Daily P&L: $-4,125.00

[2026-07-01 12:58] O:7557.75 H:7558.25 L:7557.50 C:7558.00 V:1019.0
  📈 Trend: strong_bearish | 🌍 Regime: ranging
  🗺️  Grid: 0.080% | 🔺 7559.25 🔻 7557.25
  📡 RSI: 45.8 | MACD: -1.13 | ATR: 2.11
  📊 Filled: 0 | Pending: 0
  🔲 Regime: RANGING | Range pos: 71% | RSI: 45.8
  💰 Daily P&L: $-4,125.00

[2026-07-01 12:59] O:7557.75 H:7558.00 L:7556.25 C:7556.75 V:1738.0
  📈 Trend: strong_bearish | 🌍 Regime: ranging
  🗺️  Grid: 0.080% | 🔺 7558.25 🔻 7557.50
  📡 RSI: 37.3 | MACD: -1.26 | ATR: 2.05
  📊 Filled: 0 | Pending: 0
  🔲 Regime: RANGING | Range pos: 70% | RSI: 37.3
  💰 Daily P&L: $-4,125.00

[2026-07-01 13:00] O:7556.75 H:7560.00 L:7556.00 C:7559.50 V:2579.0
  📈 Trend: strong_bearish | 🌍 Regime: ranging
  🗺️  Grid: 0.080% | 🔺 7558.00 🔻 7556.25
  📡 RSI: 50.0 | MACD: -1.13 | ATR: 2.18
  📊 Filled: 0 | Pending: 0
  🔲 Regime: RANGING | Range pos: 73% | RSI: 50.0
  💰 Daily P&L: $-4,125.00

[2026-07-01 13:01] O:7559.50 H:7560.50 L:7558.50 C:7559.75 V:1291.0
  📈 Trend: strong_bearish | 🌍 Regime: ranging
  🗺️  Grid: 0.080% | 🔺 7560.00 🔻 7556.00
  📡 RSI: 54.0 | MACD: -1.00 | ATR: 2.21
  📊 Filled: 0 | Pending: 0
  🔲 Regime: RANGING | Range pos: 74% | RSI: 54.0
  💰 Daily P&L: $-4,125.00

[2026-07-01 13:02] O:7559.50 H:7560.25 L:7558.25 C:7559.75 V:958.0
  📈 Trend: strong_bearish | 🌍 Regime: ranging
  🗺️  Grid: 0.080% | 🔺 7560.50 🔻 7558.50
  📡 RSI: 52.5 | MACD: -0.88 | ATR: 2.23
  📊 Filled: 0 | Pending: 0
  🔲 Regime: RANGING | Range pos: 74% | RSI: 52.5
  💰 Daily P&L: $-4,125.00

[2026-07-01 13:03] O:7559.75 H:7560.50 L:7559.00 C:7560.25 V:1503.0
  📈 Trend: strong_bearish (raw: moderate_bearish) | 🌍 Regime: ranging
  🗺️  Grid: 0.080% | 🔺 7560.25 🔻 7558.25
  📡 RSI: 54.8 | MACD: -0.74 | ATR: 2.21
  📊 Filled: 0 | Pending: 0
  🔲 Regime: RANGING | Range pos: 74% | RSI: 54.8
  💰 Daily P&L: $-4,125.00

[2026-07-01 13:04] O:7560.25 H:7561.50 L:7559.75 C:7561.25 V:1010.0
  📈 Trend: moderate_bearish | 🌍 Regime: ranging
  🗺️  Grid: 0.080% | 🔺 7560.50 🔻 7559.00
  📡 RSI: 52.5 | MACD: -0.54 | ATR: 2.20
  📊 Filled: 0 | Pending: 0
  🔲 Regime: RANGING | Range pos: 76% | RSI: 52.5
  💰 Daily P&L: $-4,125.00

[2026-07-01 13:05] O:7561.25 H:7561.50 L:7559.75 C:7560.25 V:1343.0
  📈 Trend: moderate_bearish | 🌍 Regime: ranging
  🗺️  Grid: 0.080% | 🔺 7561.50 🔻 7559.75
  📡 RSI: 55.4 | MACD: -0.46 | ATR: 2.14
  📊 Filled: 0 | Pending: 0
  🔲 Regime: RANGING | Range pos: 74% | RSI: 55.4
  💰 Daily P&L: $-4,125.00

[2026-07-01 13:06] O:7560.25 H:7560.75 L:7557.25 C:7559.00 V:1205.0
  📈 Trend: moderate_bearish | 🌍 Regime: ranging
  🗺️  Grid: 0.080% | 🔺 7561.50 🔻 7559.75
  📡 RSI: 50.8 | MACD: -0.49 | ATR: 2.23
  📊 Filled: 0 | Pending: 0
  🔲 Regime: RANGING | Range pos: 73% | RSI: 50.8
  💰 Daily P&L: $-4,125.00

[2026-07-01 13:07] O:7559.00 H:7560.50 L:7558.25 C:7558.50 V:920.0
  📈 Trend: moderate_bearish (raw: strong_bearish) | 🌍 Regime: ranging
  🗺️  Grid: 0.080% | 🔺 7560.75 🔻 7557.25
  📡 RSI: 37.3 | MACD: -0.55 | ATR: 2.16
  📊 Filled: 0 | Pending: 0
  🔲 Regime: RANGING | Range pos: 72% | RSI: 37.3
  💰 Daily P&L: $-4,125.00

[2026-07-01 13:08] O:7558.25 H:7559.75 L:7558.25 C:7559.25 V:847.0
  📈 Trend: moderate_bearish | 🌍 Regime: ranging
  🗺️  Grid: 0.080% | 🔺 7560.50 🔻 7558.25
  📡 RSI: 44.9 | MACD: -0.53 | ATR: 2.09
  📊 Filled: 0 | Pending: 0
  🔲 Regime: RANGING | Range pos: 73% | RSI: 44.9
  💰 Daily P&L: $-4,125.00

[2026-07-01 13:09] O:7559.25 H:7559.75 L:7558.50 C:7559.50 V:881.0
  📈 Trend: moderate_bearish (raw: strong_bearish) | 🌍 Regime: ranging
  🗺️  Grid: 0.080% | 🔺 7559.75 🔻 7558.25
  📡 RSI: 48.9 | MACD: -0.48 | ATR: 1.96
  📊 Filled: 0 | Pending: 0
  🔲 Regime: RANGING | Range pos: 73% | RSI: 48.9
  💰 Daily P&L: $-4,125.00

[2026-07-01 13:10] O:7559.50 H:7559.75 L:7558.00 C:7558.00 V:995.0
  📈 Trend: strong_bearish | 🌍 Regime: ranging
  🗺️  Grid: 0.080% | 🔺 7559.75 🔻 7558.50
  📡 RSI: 45.1 | MACD: -0.56 | ATR: 1.98
  📊 Filled: 0 | Pending: 0
  🔲 Regime: RANGING | Range pos: 71% | RSI: 45.1
  💰 Daily P&L: $-4,125.00

[2026-07-01 13:11] O:7558.00 H:7558.25 L:7555.50 C:7556.00 V:1988.0
  📈 Trend: strong_bearish | 🌍 Regime: ranging
  🗺️  Grid: 0.080% | 🔺 7559.75 🔻 7558.00
  📡 RSI: 43.4 | MACD: -0.78 | ATR: 2.04
  📊 Filled: 0 | Pending: 0
  🔲 Regime: RANGING | Range pos: 69% | RSI: 43.4
  💰 Daily P&L: $-4,125.00

[2026-07-01 13:12] O:7555.75 H:7557.25 L:7555.75 C:7556.25 V:1445.0
  📈 Trend: strong_bearish | 🌍 Regime: ranging
  🗺️  Grid: 0.080% | 🔺 7558.25 🔻 7555.50
  📡 RSI: 43.4 | MACD: -0.92 | ATR: 2.09
  📊 Filled: 0 | Pending: 0
  🔲 Regime: RANGING | Range pos: 69% | RSI: 43.4
  💰 Daily P&L: $-4,125.00

[2026-07-01 13:13] O:7556.25 H:7557.00 L:7556.00 C:7557.00 V:997.0
  📈 Trend: strong_bearish | 🌍 Regime: ranging
  🗺️  Grid: 0.080% | 🔺 7557.25 🔻 7555.75
  📡 RSI: 51.0 | MACD: -0.96 | ATR: 2.04
  📊 Filled: 0 | Pending: 0
  🔲 Regime: RANGING | Range pos: 70% | RSI: 51.0
  💰 Daily P&L: $-4,125.00

[2026-07-01 13:14] O:7557.00 H:7557.00 L:7555.50 C:7555.50 V:921.0
  📈 Trend: strong_bearish | 🌍 Regime: ranging
  🗺️  Grid: 0.080% | 🔺 7557.00 🔻 7556.00
  📡 RSI: 32.6 | MACD: -1.10 | ATR: 1.86
  📊 Filled: 0 | Pending: 0
  🔲 Regime: RANGING | Range pos: 68% | RSI: 32.6
  💰 Daily P&L: $-4,125.00

[2026-07-01 13:15] O:7555.50 H:7555.75 L:7552.00 C:7553.50 V:3527.0
  📈 Trend: strong_bearish | 🌍 Regime: ranging
  🗺️  Grid: 0.080% | 🔺 7557.00 🔻 7555.50
  📡 RSI: 26.4 | MACD: -1.36 | ATR: 1.98
  📊 Filled: 0 | Pending: 0
  🔲 Regime: RANGING | Range pos: 65% | RSI: 26.4
  💰 Daily P&L: $-4,125.00

[2026-07-01 13:16] O:7553.50 H:7553.75 L:7551.50 C:7552.50 V:1901.0
  📈 Trend: strong_bearish | 🌍 Regime: ranging
  🗺️  Grid: 0.080% | 🔺 7555.75 🔻 7552.00
  📡 RSI: 24.6 | MACD: -1.62 | ATR: 2.00
  📊 Filled: 0 | Pending: 0
  🔲 Regime: RANGING | Range pos: 64% | RSI: 24.6
  💰 Daily P&L: $-4,125.00

[2026-07-01 13:17] O:7552.75 H:7554.25 L:7552.25 C:7553.50 V:1473.0
  📈 Trend: strong_bearish | 🌍 Regime: ranging
  🗺️  Grid: 0.080% | 🔺 7553.75 🔻 7551.50
  📡 RSI: 27.1 | MACD: -1.73 | ATR: 2.04
  📊 Filled: 0 | Pending: 0
  🔲 Regime: RANGING | Range pos: 65% | RSI: 27.1
  💰 Daily P&L: $-4,125.00

[2026-07-01 13:18] O:7553.50 H:7554.50 L:7552.75 C:7553.75 V:1028.0
  📈 Trend: strong_bearish | 🌍 Regime: ranging
  🗺️  Grid: 0.080% | 🔺 7554.25 🔻 7552.25
  📡 RSI: 23.2 | MACD: -1.78 | ATR: 2.04
  📊 Filled: 0 | Pending: 0
  🔲 Regime: RANGING | Range pos: 66% | RSI: 23.2
  💰 Daily P&L: $-4,125.00

[2026-07-01 13:19] O:7553.75 H:7557.25 L:7553.25 C:7556.75 V:1654.0
  📈 Trend: strong_bearish | 🌍 Regime: ranging
  🗺️  Grid: 0.080% | 🔺 7554.50 🔻 7552.75
  📡 RSI: 39.1 | MACD: -1.56 | ATR: 2.20
  📊 Filled: 0 | Pending: 0
  🔲 Regime: RANGING | Range pos: 70% | RSI: 39.1
  💰 Daily P&L: $-4,125.00

[2026-07-01 13:20] O:7556.75 H:7557.75 L:7555.50 C:7556.00 V:1706.0
  📈 Trend: strong_bearish | 🌍 Regime: ranging
  🗺️  Grid: 0.080% | 🔺 7557.25 🔻 7553.25
  📡 RSI: 40.3 | MACD: -1.42 | ATR: 2.11
  📊 Filled: 0 | Pending: 0
  🔲 Regime: RANGING | Range pos: 69% | RSI: 40.3
  💰 Daily P&L: $-4,125.00

[2026-07-01 13:21] O:7556.25 H:7558.50 L:7555.75 C:7557.75 V:1217.0
  📈 Trend: strong_bearish | 🌍 Regime: ranging
  🗺️  Grid: 0.080% | 🔺 7557.75 🔻 7555.50
  📡 RSI: 47.8 | MACD: -1.16 | ATR: 2.14
  📊 Filled: 0 | Pending: 0
  🔲 Regime: RANGING | Range pos: 71% | RSI: 47.8
  💰 Daily P&L: $-4,125.00

[2026-07-01 13:22] O:7558.00 H:7558.50 L:7557.00 C:7557.25 V:1093.0
  📈 Trend: strong_bearish | 🌍 Regime: ranging
  🗺️  Grid: 0.080% | 🔺 7558.50 🔻 7555.75
  📡 RSI: 43.9 | MACD: -0.99 | ATR: 2.14
  📊 Filled: 0 | Pending: 0
  🔲 Regime: RANGING | Range pos: 70% | RSI: 43.9
  💰 Daily P&L: $-4,125.00

[2026-07-01 13:23] O:7557.25 H:7557.50 L:7556.00 C:7556.50 V:805.0
  📈 Trend: strong_bearish | 🌍 Regime: ranging
  🗺️  Grid: 0.080% | 🔺 7558.50 🔻 7557.00
  📡 RSI: 41.2 | MACD: -0.90 | ATR: 2.16
  📊 Filled: 0 | Pending: 0
  🔲 Regime: RANGING | Range pos: 69% | RSI: 41.2
  💰 Daily P&L: $-4,125.00

[2026-07-01 13:24] O:7556.50 H:7559.50 L:7556.25 C:7559.00 V:1009.0
  📈 Trend: strong_bearish | 🌍 Regime: ranging
  🗺️  Grid: 0.080% | 🔺 7557.50 🔻 7556.00
  📡 RSI: 52.8 | MACD: -0.62 | ATR: 2.27
  📊 Filled: 0 | Pending: 0
  🔲 Regime: RANGING | Range pos: 73% | RSI: 52.8
  💰 Daily P&L: $-4,125.00

[2026-07-01 13:25] O:7559.00 H:7560.25 L:7558.50 C:7558.50 V:1146.0
  📈 Trend: strong_bearish | 🌍 Regime: ranging
  🗺️  Grid: 0.080% | 🔺 7559.50 🔻 7556.25
  📡 RSI: 57.6 | MACD: -0.43 | ATR: 2.20
  📊 Filled: 0 | Pending: 0
  🔲 Regime: RANGING | Range pos: 72% | RSI: 57.6
  💰 Daily P&L: $-4,125.00

[2026-07-01 13:26] O:7558.75 H:7558.75 L:7557.50 C:7557.75 V:795.0
  📈 Trend: strong_bearish | 🌍 Regime: ranging
  🗺️  Grid: 0.080% | 🔺 7560.25 🔻 7558.50
  📡 RSI: 54.4 | MACD: -0.34 | ATR: 2.18
  📊 Filled: 0 | Pending: 0
  🔲 Regime: RANGING | Range pos: 71% | RSI: 54.4
  💰 Daily P&L: $-4,125.00

[2026-07-01 13:27] O:7557.75 H:7558.50 L:7557.00 C:7557.25 V:573.0
  📈 Trend: strong_bearish | 🌍 Regime: ranging
  🗺️  Grid: 0.080% | 🔺 7558.75 🔻 7557.50
  📡 RSI: 50.7 | MACD: -0.30 | ATR: 2.21
  📊 Filled: 0 | Pending: 0
  🔲 Regime: RANGING | Range pos: 70% | RSI: 50.7
  💰 Daily P&L: $-4,125.00

[2026-07-01 13:28] O:7557.50 H:7557.50 L:7556.00 C:7557.00 V:723.0
  📈 Trend: strong_bearish | 🌍 Regime: ranging
  🗺️  Grid: 0.080% | 🔺 7558.50 🔻 7557.00
  📡 RSI: 54.8 | MACD: -0.29 | ATR: 2.21
  📊 Filled: 0 | Pending: 0
  🔲 Regime: RANGING | Range pos: 70% | RSI: 54.8
  💰 Daily P&L: $-4,125.00

[2026-07-01 13:29] O:7557.25 H:7557.25 L:7556.00 C:7556.00 V:747.0
  📈 Trend: strong_bearish | 🌍 Regime: ranging
  🗺️  Grid: 0.080% | 🔺 7557.50 🔻 7556.00
  📡 RSI: 58.6 | MACD: -0.36 | ATR: 2.04
  📊 Filled: 0 | Pending: 0
  🔲 Regime: RANGING | Range pos: 69% | RSI: 58.6
  💰 Daily P&L: $-4,125.00

[2026-07-01 13:30] O:7556.00 H:7556.50 L:7554.75 C:7555.75 V:1486.0
  📈 Trend: strong_bearish | 🌍 Regime: ranging
  🗺️  Grid: 0.080% | 🔺 7557.25 🔻 7556.00
  📡 RSI: 61.8 | MACD: -0.43 | ATR: 2.00
  📊 Filled: 0 | Pending: 0
  🔲 Regime: RANGING | Range pos: 68% | RSI: 61.8
  💰 Daily P&L: $-4,125.00

[2026-07-01 13:31] O:7556.00 H:7557.25 L:7554.75 C:7557.00 V:1163.0
  📈 Trend: strong_bearish (raw: moderate_bearish) | 🌍 Regime: ranging
  🗺️  Grid: 0.080% | 🔺 7556.50 🔻 7554.75
  📡 RSI: 62.5 | MACD: -0.38 | ATR: 2.04
  📊 Filled: 0 | Pending: 0
  🔲 Regime: RANGING | Range pos: 70% | RSI: 62.5
  💰 Daily P&L: $-4,125.00

[2026-07-01 13:32] O:7557.00 H:7557.50 L:7556.00 C:7556.00 V:1008.0
  📈 Trend: strong_bearish | 🌍 Regime: ranging
  🗺️  Grid: 0.080% | 🔺 7557.25 🔻 7554.75
  📡 RSI: 57.6 | MACD: -0.41 | ATR: 2.02
  📊 Filled: 0 | Pending: 0
  🔲 Regime: RANGING | Range pos: 69% | RSI: 57.6
  💰 Daily P&L: $-4,125.00

[2026-07-01 13:33] O:7556.00 H:7557.00 L:7555.25 C:7555.50 V:698.0
  📈 Trend: strong_bearish | 🌍 Regime: ranging
  🗺️  Grid: 0.080% | 🔺 7557.50 🔻 7556.00
  📡 RSI: 44.9 | MACD: -0.48 | ATR: 1.86
  📊 Filled: 0 | Pending: 0
  🔲 Regime: RANGING | Range pos: 68% | RSI: 44.9
  💰 Daily P&L: $-4,125.00

[2026-07-01 13:34] O:7555.75 H:7557.25 L:7555.50 C:7556.75 V:660.0
  📈 Trend: strong_bearish (raw: moderate_bearish) | 🌍 Regime: ranging
  🗺️  Grid: 0.080% | 🔺 7557.00 🔻 7555.25
  📡 RSI: 52.9 | MACD: -0.42 | ATR: 1.82
  📊 Filled: 0 | Pending: 0
  🔲 Regime: RANGING | Range pos: 70% | RSI: 52.9
  💰 Daily P&L: $-4,125.00

[2026-07-01 13:35] O:7556.75 H:7558.50 L:7556.50 C:7557.75 V:1191.0
  📈 Trend: moderate_bearish | 🌍 Regime: ranging
  🗺️  Grid: 0.080% | 🔺 7557.25 🔻 7555.50
  📡 RSI: 50.0 | MACD: -0.29 | ATR: 1.77
  📊 Filled: 0 | Pending: 0
  🔲 Regime: RANGING | Range pos: 71% | RSI: 50.0
  💰 Daily P&L: $-4,125.00

[2026-07-01 13:36] O:7557.75 H:7558.00 L:7555.75 C:7556.50 V:826.0
  📈 Trend: moderate_bearish | 🌍 Regime: ranging
  🗺️  Grid: 0.080% | 🔺 7558.50 🔻 7556.50
  📡 RSI: 47.1 | MACD: -0.29 | ATR: 1.82
  📊 Filled: 0 | Pending: 0
  🔲 Regime: RANGING | Range pos: 69% | RSI: 47.1
  💰 Daily P&L: $-4,125.00

[2026-07-01 13:37] O:7556.50 H:7557.50 L:7555.75 C:7555.75 V:839.0
  📈 Trend: moderate_bearish | 🌍 Regime: ranging
  🗺️  Grid: 0.080% | 🔺 7558.00 🔻 7555.75
  📡 RSI: 47.1 | MACD: -0.34 | ATR: 1.84
  📊 Filled: 0 | Pending: 0
  🔲 Regime: RANGING | Range pos: 68% | RSI: 47.1
  💰 Daily P&L: $-4,125.00

[2026-07-01 13:38] O:7555.75 H:7557.00 L:7555.50 C:7556.00 V:913.0
  📈 Trend: moderate_bearish (raw: strong_bearish) | 🌍 Regime: ranging
  🗺️  Grid: 0.080% | 🔺 7557.50 🔻 7555.75
  📡 RSI: 35.7 | MACD: -0.36 | ATR: 1.71
  📊 Filled: 0 | Pending: 0
  🔲 Regime: RANGING | Range pos: 69% | RSI: 35.7
  💰 Daily P&L: $-4,125.00

[2026-07-01 13:39] O:7556.00 H:7557.50 L:7556.00 C:7557.25 V:781.0
  📈 Trend: moderate_bearish | 🌍 Regime: ranging
  🗺️  Grid: 0.080% | 🔺 7557.00 🔻 7555.50
  📡 RSI: 44.4 | MACD: -0.27 | ATR: 1.70
  📊 Filled: 0 | Pending: 0
  🔲 Regime: RANGING | Range pos: 70% | RSI: 44.4
  💰 Daily P&L: $-4,125.00

[2026-07-01 13:40] O:7557.25 H:7558.00 L:7556.25 C:7556.25 V:1034.0
  📈 Trend: moderate_bearish (raw: strong_bearish) | 🌍 Regime: ranging
  🗺️  Grid: 0.080% | 🔺 7557.50 🔻 7556.00
  📡 RSI: 43.5 | MACD: -0.28 | ATR: 1.73
  📊 Filled: 0 | Pending: 0
  🔲 Regime: RANGING | Range pos: 69% | RSI: 43.5
  💰 Daily P&L: $-4,125.00

[2026-07-01 13:41] O:7556.25 H:7556.25 L:7555.25 C:7555.75 V:970.0
  📈 Trend: strong_bearish | 🌍 Regime: ranging
  🗺️  Grid: 0.080% | 🔺 7558.00 🔻 7556.25
  📡 RSI: 43.5 | MACD: -0.32 | ATR: 1.70
  📊 Filled: 0 | Pending: 0
  🔲 Regime: RANGING | Range pos: 68% | RSI: 43.5
  💰 Daily P&L: $-4,125.00

[2026-07-01 13:42] O:7555.75 H:7557.00 L:7555.75 C:7556.00 V:812.0
  📈 Trend: strong_bearish | 🌍 Regime: ranging
  🗺️  Grid: 0.080% | 🔺 7556.25 🔻 7555.25
  📡 RSI: 45.7 | MACD: -0.33 | ATR: 1.68
  📊 Filled: 0 | Pending: 0
  🔲 Regime: RANGING | Range pos: 69% | RSI: 45.7
  💰 Daily P&L: $-4,125.00

[2026-07-01 13:43] O:7556.00 H:7556.75 L:7555.50 C:7556.25 V:836.0
  📈 Trend: strong_bearish | 🌍 Regime: ranging
  🗺️  Grid: 0.080% | 🔺 7557.00 🔻 7555.75
  📡 RSI: 51.2 | MACD: -0.31 | ATR: 1.68
  📊 Filled: 0 | Pending: 0
  🔲 Regime: RANGING | Range pos: 69% | RSI: 51.2
  💰 Daily P&L: $-4,125.00

[2026-07-01 13:44] O:7556.25 H:7557.00 L:7555.50 C:7556.50 V:1081.0
  📈 Trend: strong_bearish | 🌍 Regime: ranging
  🗺️  Grid: 0.080% | 🔺 7556.75 🔻 7555.50
  📡 RSI: 53.5 | MACD: -0.27 | ATR: 1.66
  📊 Filled: 0 | Pending: 0
  🔲 Regime: RANGING | Range pos: 69% | RSI: 53.5
  💰 Daily P&L: $-4,125.00

[2026-07-01 13:45] O:7556.50 H:7557.00 L:7555.50 C:7556.00 V:821.0
  📈 Trend: strong_bearish | 🌍 Regime: ranging
  🗺️  Grid: 0.080% | 🔺 7557.00 🔻 7555.50
  📡 RSI: 45.0 | MACD: -0.28 | ATR: 1.59
  📊 Filled: 0 | Pending: 0
  🔲 Regime: RANGING | Range pos: 69% | RSI: 45.0
  💰 Daily P&L: $-4,125.00

[2026-07-01 13:46] O:7556.00 H:7556.25 L:7554.50 C:7554.75 V:1290.0
  📈 Trend: strong_bearish | 🌍 Regime: ranging
  🗺️  Grid: 0.080% | 🔺 7557.00 🔻 7555.50
  📡 RSI: 43.9 | MACD: -0.39 | ATR: 1.61
  📊 Filled: 0 | Pending: 0
  🔲 Regime: RANGING | Range pos: 67% | RSI: 43.9
  💰 Daily P&L: $-4,125.00

[2026-07-01 13:47] O:7554.75 H:7555.00 L:7552.25 C:7552.75 V:1988.0
  📈 Trend: strong_bearish | 🌍 Regime: ranging
  🗺️  Grid: 0.080% | 🔺 7556.25 🔻 7554.50
  📡 RSI: 38.3 | MACD: -0.62 | ATR: 1.68
  📊 Filled: 0 | Pending: 0
  🔲 Regime: RANGING | Range pos: 64% | RSI: 38.3
  💰 Daily P&L: $-4,125.00

[2026-07-01 13:48] O:7552.75 H:7553.75 L:7551.25 C:7553.50 V:2344.0
  📈 Trend: strong_bearish | 🌍 Regime: ranging
  🗺️  Grid: 0.080% | 🔺 7555.00 🔻 7552.25
  📡 RSI: 35.6 | MACD: -0.74 | ATR: 1.73
  📊 Filled: 0 | Pending: 0
  🔲 Regime: RANGING | Range pos: 65% | RSI: 35.6
  💰 Daily P&L: $-4,125.00

[2026-07-01 13:49] O:7553.25 H:7554.50 L:7553.00 C:7554.25 V:1847.0
  📈 Trend: strong_bearish | 🌍 Regime: ranging
  🗺️  Grid: 0.080% | 🔺 7553.75 🔻 7551.25
  📡 RSI: 34.1 | MACD: -0.76 | ATR: 1.70
  📊 Filled: 0 | Pending: 0
  🔲 Regime: RANGING | Range pos: 66% | RSI: 34.1
  💰 Daily P&L: $-4,125.00

[2026-07-01 13:50] O:7554.00 H:7554.75 L:7553.00 C:7553.25 V:1818.0
  📈 Trend: strong_bearish | 🌍 Regime: ranging
  🗺️  Grid: 0.080% | 🔺 7554.50 🔻 7553.00
  📡 RSI: 34.9 | MACD: -0.85 | ATR: 1.66
  📊 Filled: 0 | Pending: 0
  🔲 Regime: RANGING | Range pos: 65% | RSI: 34.9
  💰 Daily P&L: $-4,125.00

[2026-07-01 13:51] O:7553.25 H:7554.75 L:7553.25 C:7553.75 V:1321.0
  📈 Trend: strong_bearish | 🌍 Regime: ranging
  🗺️  Grid: 0.080% | 🔺 7554.75 🔻 7553.00
  📡 RSI: 40.5 | MACD: -0.87 | ATR: 1.64
  📊 Filled: 0 | Pending: 0
  🔲 Regime: RANGING | Range pos: 66% | RSI: 40.5
  💰 Daily P&L: $-4,125.00

[2026-07-01 13:52] O:7553.75 H:7554.25 L:7552.75 C:7553.00 V:1135.0
  📈 Trend: strong_bearish | 🌍 Regime: ranging
  🗺️  Grid: 0.080% | 🔺 7554.75 🔻 7553.25
  📡 RSI: 36.4 | MACD: -0.94 | ATR: 1.64
  📊 Filled: 0 | Pending: 0
  🔲 Regime: RANGING | Range pos: 65% | RSI: 36.4
  💰 Daily P&L: $-4,125.00

[2026-07-01 13:53] O:7552.75 H:7554.25 L:7550.25 C:7551.25 V:3836.0
  📈 Trend: strong_bearish | 🌍 Regime: ranging
  🗺️  Grid: 0.080% | 🔺 7554.25 🔻 7552.75
  📡 RSI: 23.9 | MACD: -1.12 | ATR: 1.82
  📊 Filled: 0 | Pending: 0
  🔲 Regime: RANGING | Range pos: 62% | RSI: 23.9
  💰 Daily P&L: $-4,125.00

[2026-07-01 13:54] O:7551.50 H:7551.75 L:7549.25 C:7549.50 V:1671.0
  📈 Trend: strong_bearish | 🌍 Regime: ranging
  🗺️  Grid: 0.080% | 🔺 7554.25 🔻 7550.25
  📡 RSI: 22.4 | MACD: -1.39 | ATR: 1.88
  📊 Filled: 0 | Pending: 0
  🔲 Regime: RANGING | Range pos: 60% | RSI: 22.4
  💰 Daily P&L: $-4,125.00

[2026-07-01 13:55] O:7549.50 H:7551.25 L:7549.25 C:7550.25 V:1442.0
  📈 Trend: strong_bearish | 🌍 Regime: ranging
  🗺️  Grid: 0.080% | 🔺 7551.75 🔻 7549.25
  📡 RSI: 28.0 | MACD: -1.52 | ATR: 1.95
  📊 Filled: 0 | Pending: 0
  🔲 Regime: RANGING | Range pos: 61% | RSI: 28.0
  💰 Daily P&L: $-4,125.00

[2026-07-01 13:56] O:7550.25 H:7550.50 L:7549.50 C:7550.25 V:1574.0
  📈 Trend: strong_bearish | 🌍 Regime: ranging
  🗺️  Grid: 0.080% | 🔺 7551.25 🔻 7549.25
  📡 RSI: 26.5 | MACD: -1.61 | ATR: 1.93
  📊 Filled: 0 | Pending: 0
  🔲 Regime: RANGING | Range pos: 61% | RSI: 26.5
  💰 Daily P&L: $-4,125.00

[2026-07-01 13:57] O:7550.50 H:7552.75 L:7550.00 C:7552.25 V:1636.0
  📈 Trend: strong_bearish | 🌍 Regime: ranging
  🗺️  Grid: 0.080% | 🔺 7550.50 🔻 7549.50
  📡 RSI: 35.7 | MACD: -1.50 | ATR: 2.04
  📊 Filled: 0 | Pending: 0
  🔲 Regime: RANGING | Range pos: 63% | RSI: 35.7
  💰 Daily P&L: $-4,125.00

[2026-07-01 13:58] O:7552.25 H:7553.25 L:7551.75 C:7552.75 V:1387.0
  📈 Trend: strong_bearish | 🌍 Regime: ranging
  🗺️  Grid: 0.080% | 🔺 7552.75 🔻 7550.00
  📡 RSI: 36.8 | MACD: -1.36 | ATR: 2.04
  📊 Filled: 0 | Pending: 0
  🔲 Regime: RANGING | Range pos: 64% | RSI: 36.8
  💰 Daily P&L: $-4,125.00

[2026-07-01 13:59] O:7552.50 H:7554.00 L:7552.50 C:7553.50 V:1317.0
  📈 Trend: strong_bearish | 🌍 Regime: ranging
  🗺️  Grid: 0.080% | 🔺 7553.25 🔻 7551.75
  📡 RSI: 41.4 | MACD: -1.17 | ATR: 2.04
  📊 Filled: 0 | Pending: 0
  🔲 Regime: RANGING | Range pos: 65% | RSI: 41.4
  💰 Daily P&L: $-4,125.00

[2026-07-01 14:00] O:7553.50 H:7556.25 L:7552.75 C:7554.00 V:2996.0
  📈 Trend: strong_bearish | 🌍 Regime: trending_bearish
  🗺️  Grid: 0.080% | 🔺 7554.00 🔻 7552.50
  📡 RSI: 47.3 | MACD: -0.97 | ATR: 2.16
  📊 Filled: 0 | Pending: 0
  💰 Daily P&L: $-4,125.00

[2026-07-01 14:01] O:7553.75 H:7554.25 L:7553.00 C:7554.00 V:1314.0
  📈 Trend: strong_bearish | 🌍 Regime: trending_bearish
  🗺️  Grid: 0.080% | 🔺 7556.25 🔻 7552.75
  📡 RSI: 55.3 | MACD: -0.81 | ATR: 2.05
  📊 Filled: 0 | Pending: 0
  💰 Daily P&L: $-4,125.00

[2026-07-01 14:02] O:7554.00 H:7557.00 L:7554.00 C:7556.25 V:1767.0
  📈 Trend: strong_bearish | 🌍 Regime: trending_bearish
  🗺️  Grid: 0.080% | 🔺 7554.25 🔻 7553.00
  📡 RSI: 60.4 | MACD: -0.49 | ATR: 2.09
  📊 Filled: 0 | Pending: 0
  💰 Daily P&L: $-4,125.00

[2026-07-01 14:03] O:7556.00 H:7557.00 L:7555.50 C:7556.50 V:1462.0
  📈 Trend: strong_bearish | 🌍 Regime: trending_bearish
  🗺️  Grid: 0.080% | 🔺 7557.00 🔻 7554.00
  📡 RSI: 58.8 | MACD: -0.21 | ATR: 2.09
  📊 Filled: 0 | Pending: 0
  💰 Daily P&L: $-4,125.00

[2026-07-01 14:04] O:7556.50 H:7558.00 L:7556.00 C:7557.75 V:1473.0
  📈 Trend: strong_bearish (raw: moderate_bullish) | 🌍 Regime: trending_bullish
  🗺️  Grid: 0.080% | 🔺 7557.00 🔻 7555.50
  📡 RSI: 67.3 | MACD: 0.11 | ATR: 2.11
  📊 Filled: 0 | Pending: 0
  💰 Daily P&L: $-4,125.00

[2026-07-01 14:05] O:7557.50 H:7560.50 L:7557.25 C:7560.00 V:2525.0
  📈 Trend: moderate_bullish | 🌍 Regime: trending_bullish
  🗺️  Grid: 0.080% | 🔺 7558.00 🔻 7556.00
  📡 RSI: 71.2 | MACD: 0.54 | ATR: 2.23
  📊 Filled: 0 | Pending: 0
  💰 Daily P&L: $-4,125.00

[2026-07-01 14:06] O:7560.00 H:7560.50 L:7558.50 C:7560.25 V:2152.0
  📈 Trend: moderate_bullish | 🌍 Regime: trending_bullish
  🗺️  Grid: 0.080% | 🔺 7560.50 🔻 7557.25
  📡 RSI: 75.4 | MACD: 0.88 | ATR: 2.27
  📊 Filled: 0 | Pending: 0
  💰 Daily P&L: $-4,125.00

[2026-07-01 14:07] O:7560.50 H:7560.50 L:7559.00 C:7559.50 V:1170.0
  📈 Trend: moderate_bullish | 🌍 Regime: trending_bullish
  🗺️  Grid: 0.080% | 🔺 7560.50 🔻 7558.50
  📡 RSI: 81.1 | MACD: 1.09 | ATR: 2.09
  📊 Filled: 0 | Pending: 0
  💰 Daily P&L: $-4,125.00

[2026-07-01 14:08] O:7559.50 H:7561.00 L:7559.25 C:7560.50 V:1230.0
  📈 Trend: moderate_bullish | 🌍 Regime: trending_bullish
  🗺️  Grid: 0.080% | 🔺 7560.50 🔻 7559.00
  📡 RSI: 94.0 | MACD: 1.31 | ATR: 2.04
  📊 Filled: 0 | Pending: 0
  💰 Daily P&L: $-4,125.00

[2026-07-01 14:09] O:7560.50 H:7561.75 L:7560.25 C:7561.00 V:1438.0
  📈 Trend: moderate_bullish | 🌍 Regime: trending_bullish
  🗺️  Grid: 0.080% | 🔺 7561.00 🔻 7559.25
  📡 RSI: 93.9 | MACD: 1.52 | ATR: 2.00
  📊 Filled: 0 | Pending: 0
  💰 Daily P&L: $-4,125.00

[2026-07-01 14:10] O:7561.00 H:7561.25 L:7559.50 C:7560.25 V:1520.0
  📈 Trend: moderate_bullish | 🌍 Regime: trending_bullish
  🗺️  Grid: 0.080% | 🔺 7561.75 🔻 7560.25
  📡 RSI: 88.5 | MACD: 1.60 | ATR: 2.05
  📊 Filled: 0 | Pending: 0
  💰 Daily P&L: $-4,125.00

[2026-07-01 14:11] O:7560.25 H:7560.75 L:7558.00 C:7558.00 V:1832.0
  📈 Trend: moderate_bullish | 🌍 Regime: trending_bullish
  🗺️  Grid: 0.080% | 🔺 7561.25 🔻 7559.50
  📡 RSI: 71.7 | MACD: 1.47 | ATR: 2.05
  📊 Filled: 0 | Pending: 0
  💰 Daily P&L: $-4,125.00

[2026-07-01 14:12] O:7558.25 H:7559.00 L:7557.25 C:7558.25 V:2265.0
  📈 Trend: moderate_bullish | 🌍 Regime: trending_bullish
  🗺️  Grid: 0.080% | 🔺 7560.75 🔻 7558.00
  📡 RSI: 71.2 | MACD: 1.36 | ATR: 2.07
  📊 Filled: 0 | Pending: 0
  💰 Daily P&L: $-4,125.00

[2026-07-01 14:13] O:7558.25 H:7558.75 L:7557.75 C:7558.25 V:840.0
  📈 Trend: moderate_bullish (raw: strong_bullish) | 🌍 Regime: trending_bullish
  🗺️  Grid: 0.080% | 🔺 7559.00 🔻 7557.25
  📡 RSI: 69.4 | MACD: 1.27 | ATR: 2.04
  📊 Filled: 0 | Pending: 0
  💰 Daily P&L: $-4,125.00

[2026-07-01 14:14] O:7558.25 H:7559.25 L:7557.75 C:7558.50 V:1186.0
  📈 Trend: strong_bullish | 🌍 Regime: trending_bullish
  🗺️  Grid: 0.080% | 🔺 7558.75 🔻 7557.75
  📡 RSI: 68.8 | MACD: 1.20 | ATR: 1.89
  📊 Filled: 0 | Pending: 0
  💰 Daily P&L: $-4,125.00

[2026-07-01 14:15] O:7558.25 H:7559.25 L:7558.25 C:7559.00 V:1414.0
  📈 Trend: strong_bullish | 🌍 Regime: trending_bullish
  🗺️  Grid: 0.080% | 🔺 7559.25 🔻 7557.75
  📡 RSI: 70.0 | MACD: 1.17 | ATR: 1.88
  📊 Filled: 0 | Pending: 0
  💰 Daily P&L: $-4,125.00

[2026-07-01 14:16] O:7559.00 H:7560.75 L:7559.00 C:7560.75 V:1281.0
  📈 Trend: strong_bullish | 🌍 Regime: trending_bullish
  🗺️  Grid: 0.080% | 🔺 7559.25 🔻 7558.25
  📡 RSI: 68.8 | MACD: 1.28 | ATR: 1.79
  📊 Filled: 0 | Pending: 0
  💰 Daily P&L: $-4,125.00

[2026-07-01 14:17] O:7560.50 H:7560.75 L:7558.50 C:7559.25 V:1507.0
  📈 Trend: strong_bullish | 🌍 Regime: trending_bullish
  🗺️  Grid: 0.080% | 🔺 7560.75 🔻 7559.00
  📡 RSI: 60.4 | MACD: 1.22 | ATR: 1.84
  📊 Filled: 0 | Pending: 0
  💰 Daily P&L: $-4,125.00

[2026-07-01 14:18] O:7559.25 H:7559.25 L:7557.75 C:7558.25 V:1310.0
  📈 Trend: strong_bullish (raw: moderate_bullish) | 🌍 Regime: trending_bullish
  🗺️  Grid: 0.080% | 🔺 7560.75 🔻 7558.50
  📡 RSI: 51.9 | MACD: 1.09 | ATR: 1.80
  📊 Filled: 0 | Pending: 0
  💰 Daily P&L: $-4,125.00

[2026-07-01 14:19] O:7558.25 H:7559.25 L:7558.00 C:7559.00 V:1313.0
  📈 Trend: moderate_bullish | 🌍 Regime: trending_bullish
  🗺️  Grid: 0.080% | 🔺 7559.25 🔻 7557.75
  📡 RSI: 45.7 | MACD: 1.03 | ATR: 1.66
  📊 Filled: 0 | Pending: 0
  💰 Daily P&L: $-4,125.00

[2026-07-01 14:20] O:7559.00 H:7560.00 L:7558.25 C:7559.00 V:1231.0
  📈 Trend: moderate_bullish | 🌍 Regime: trending_bullish
  🗺️  Grid: 0.080% | 🔺 7559.25 🔻 7558.00
  📡 RSI: 44.4 | MACD: 0.97 | ATR: 1.64
  📊 Filled: 0 | Pending: 0
  💰 Daily P&L: $-4,125.00

[2026-07-01 14:21] O:7559.25 H:7559.75 L:7558.00 C:7558.00 V:1150.0
  📈 Trend: moderate_bullish | 🌍 Regime: trending_bullish
  🗺️  Grid: 0.080% | 🔺 7560.00 🔻 7558.25
  📡 RSI: 43.5 | MACD: 0.84 | ATR: 1.66
  📊 Filled: 0 | Pending: 0
  💰 Daily P&L: $-4,125.00

[2026-07-01 14:22] O:7558.00 H:7558.75 L:7557.50 C:7558.25 V:1583.0
  📈 Trend: moderate_bullish | 🌍 Regime: trending_bullish
  🗺️  Grid: 0.080% | 🔺 7559.75 🔻 7558.00
  📡 RSI: 39.5 | MACD: 0.74 | ATR: 1.62
  📊 Filled: 0 | Pending: 0
  💰 Daily P&L: $-4,125.00

[2026-07-01 14:23] O:7558.50 H:7559.00 L:7557.75 C:7558.50 V:1243.0
  📈 Trend: moderate_bullish | 🌍 Regime: trending_bullish
  🗺️  Grid: 0.080% | 🔺 7558.75 🔻 7557.50
  📡 RSI: 38.1 | MACD: 0.68 | ATR: 1.61
  📊 Filled: 0 | Pending: 0
  💰 Daily P&L: $-4,125.00

[2026-07-01 14:24] O:7558.50 H:7560.00 L:7558.50 C:7559.50 V:985.0
  📈 Trend: moderate_bullish (raw: moderate_bearish) | 🌍 Regime: trending_bearish
  🗺️  Grid: 0.080% | 🔺 7559.00 🔻 7557.75
  📡 RSI: 46.5 | MACD: 0.70 | ATR: 1.59
  📊 Filled: 0 | Pending: 0
  💰 Daily P&L: $-4,125.00

[2026-07-01 14:25] O:7559.75 H:7559.75 L:7555.50 C:7556.00 V:2868.0
  📈 Trend: moderate_bearish | 🌍 Regime: trending_bearish
  🗺️  Grid: 0.080% | 🔺 7560.00 🔻 7558.50
  📡 RSI: 41.7 | MACD: 0.43 | ATR: 1.70
  📊 Filled: 0 | Pending: 0
  💰 Daily P&L: $-4,125.00

[2026-07-01 14:26] O:7556.00 H:7556.25 L:7554.00 C:7554.25 V:2690.0
  📈 Trend: moderate_bearish | 🌍 Regime: trending_bearish
  🗺️  Grid: 0.080% | 🔺 7559.75 🔻 7555.50
  📡 RSI: 35.2 | MACD: 0.07 | ATR: 1.73
  📊 Filled: 0 | Pending: 0
  💰 Daily P&L: $-4,125.00

[2026-07-01 14:27] O:7554.25 H:7555.25 L:7554.00 C:7554.25 V:1353.0
  📈 Trend: moderate_bearish (raw: strong_bearish) | 🌍 Regime: ranging
  🗺️  Grid: 0.080% | 🔺 7556.25 🔻 7554.00
  📡 RSI: 35.2 | MACD: -0.21 | ATR: 1.75
  📊 Filled: 0 | Pending: 0
  🔲 Regime: RANGING | Range pos: 66% | RSI: 35.2
  💰 Daily P&L: $-4,125.00

[2026-07-01 14:28] O:7554.25 H:7555.50 L:7554.00 C:7555.00 V:1597.0
  📈 Trend: strong_bearish | 🌍 Regime: ranging
  🗺️  Grid: 0.080% | 🔺 7555.25 🔻 7554.00
  📡 RSI: 37.5 | MACD: -0.36 | ATR: 1.75
  📊 Filled: 0 | Pending: 0
  🔲 Regime: RANGING | Range pos: 67% | RSI: 37.5
  💰 Daily P&L: $-4,125.00

[2026-07-01 14:29] O:7555.00 H:7555.75 L:7553.50 C:7553.75 V:1749.0
  📈 Trend: strong_bearish | 🌍 Regime: ranging
  🗺️  Grid: 0.080% | 🔺 7555.50 🔻 7554.00
  📡 RSI: 32.2 | MACD: -0.58 | ATR: 1.84
  📊 Filled: 0 | Pending: 0
  🔲 Regime: RANGING | Range pos: 66% | RSI: 32.2
  💰 Daily P&L: $-4,125.00

[2026-07-01 14:30] O:7553.75 H:7557.50 L:7553.75 C:7556.50 V:2504.0
  📈 Trend: strong_bearish | 🌍 Regime: ranging
  🗺️  Grid: 0.080% | 🔺 7555.75 🔻 7553.50
  📡 RSI: 36.5 | MACD: -0.53 | ATR: 1.98
  📊 Filled: 0 | Pending: 0
  🕐 Outside session (14:30 CT) — no entries
  💰 Daily P&L: $-4,125.00

[2026-07-01 14:31] O:7556.75 H:7557.00 L:7554.25 C:7555.25 V:2062.0
  📈 Trend: strong_bearish | 🌍 Regime: ranging
  🗺️  Grid: 0.080% | 🔺 7557.50 🔻 7553.75
  📡 RSI: 37.1 | MACD: -0.58 | ATR: 2.02
  📊 Filled: 0 | Pending: 0
  🕐 Outside session (14:31 CT) — no entries
  💰 Daily P&L: $-4,125.00

[2026-07-01 14:32] O:7555.50 H:7556.00 L:7554.75 C:7555.50 V:1480.0
  📈 Trend: strong_bearish | 🌍 Regime: ranging
  🗺️  Grid: 0.080% | 🔺 7557.00 🔻 7554.25
  📡 RSI: 40.7 | MACD: -0.59 | ATR: 2.00
  📊 Filled: 0 | Pending: 0
  🕐 Outside session (14:32 CT) — no entries
  💰 Daily P&L: $-4,125.00

[2026-07-01 14:33] O:7555.50 H:7556.00 L:7554.50 C:7556.00 V:1395.0
  📈 Trend: strong_bearish | 🌍 Regime: trending_bearish
  🗺️  Grid: 0.080% | 🔺 7556.00 🔻 7554.75
  📡 RSI: 39.7 | MACD: -0.55 | ATR: 2.02
  📊 Filled: 0 | Pending: 0
  🕐 Outside session (14:33 CT) — no entries
  💰 Daily P&L: $-4,125.00

[2026-07-01 14:34] O:7556.00 H:7556.50 L:7555.25 C:7555.50 V:1344.0
  📈 Trend: strong_bearish | 🌍 Regime: trending_bearish
  🗺️  Grid: 0.080% | 🔺 7556.00 🔻 7554.50
  📡 RSI: 38.3 | MACD: -0.56 | ATR: 1.98
  📊 Filled: 0 | Pending: 0
  🕐 Outside session (14:34 CT) — no entries
  💰 Daily P&L: $-4,125.00

[2026-07-01 14:35] O:7555.50 H:7555.75 L:7553.75 C:7554.00 V:1892.0
  📈 Trend: strong_bearish | 🌍 Regime: trending_bearish
  🗺️  Grid: 0.080% | 🔺 7556.50 🔻 7555.25
  📡 RSI: 37.1 | MACD: -0.68 | ATR: 2.00
  📊 Filled: 0 | Pending: 0
  🕐 Outside session (14:35 CT) — no entries
  💰 Daily P&L: $-4,125.00

[2026-07-01 14:36] O:7554.00 H:7554.25 L:7552.75 C:7553.25 V:1530.0
  📈 Trend: strong_bearish | 🌍 Regime: trending_bearish
  🗺️  Grid: 0.080% | 🔺 7555.75 🔻 7553.75
  📡 RSI: 34.4 | MACD: -0.82 | ATR: 2.02
  📊 Filled: 0 | Pending: 0
  🕐 Outside session (14:36 CT) — no entries
  💰 Daily P&L: $-4,125.00

[2026-07-01 14:37] O:7553.50 H:7553.75 L:7552.75 C:7553.25 V:1583.0
  📈 Trend: strong_bearish | 🌍 Regime: trending_bearish
  🗺️  Grid: 0.080% | 🔺 7554.25 🔻 7552.75
  📡 RSI: 33.3 | MACD: -0.92 | ATR: 2.00
  📊 Filled: 0 | Pending: 0
  🕐 Outside session (14:37 CT) — no entries
  💰 Daily P&L: $-4,125.00

[2026-07-01 14:38] O:7553.00 H:7553.25 L:7551.50 C:7551.75 V:2109.0
  📈 Trend: strong_bearish | 🌍 Regime: trending_bearish
  🗺️  Grid: 0.080% | 🔺 7553.75 🔻 7552.75
  📡 RSI: 26.2 | MACD: -1.11 | ATR: 2.02
  📊 Filled: 0 | Pending: 0
  🕐 Outside session (14:38 CT) — no entries
  💰 Daily P&L: $-4,125.00

[2026-07-01 14:39] O:7552.00 H:7553.00 L:7551.75 C:7552.50 V:1946.0
  📈 Trend: strong_bearish | 🌍 Regime: trending_bearish
  🗺️  Grid: 0.080% | 🔺 7553.25 🔻 7551.50
  📡 RSI: 37.0 | MACD: -1.19 | ATR: 1.80
  📊 Filled: 0 | Pending: 0
  🕐 Outside session (14:39 CT) — no entries
  💰 Daily P&L: $-4,125.00

[2026-07-01 14:40] O:7552.50 H:7553.00 L:7550.25 C:7550.75 V:2586.0
  📈 Trend: strong_bearish | 🌍 Regime: trending_bearish
  🗺️  Grid: 0.080% | 🔺 7553.00 🔻 7551.75
  📡 RSI: 37.0 | MACD: -1.38 | ATR: 1.84
  📊 Filled: 0 | Pending: 0
  🕐 Outside session (14:40 CT) — no entries
  💰 Daily P&L: $-4,125.00

[2026-07-01 14:41] O:7550.75 H:7551.75 L:7549.00 C:7549.75 V:3051.0
  📈 Trend: strong_bearish | 🌍 Regime: trending_bearish
  🗺️  Grid: 0.080% | 🔺 7553.00 🔻 7550.25
  📡 RSI: 34.5 | MACD: -1.59 | ATR: 1.95
  📊 Filled: 0 | Pending: 0
  🕐 Outside session (14:41 CT) — no entries
  💰 Daily P&L: $-4,125.00

[2026-07-01 14:42] O:7549.50 H:7549.75 L:7548.75 C:7549.50 V:1885.0
  📈 Trend: strong_bearish | 🌍 Regime: trending_bearish
  🗺️  Grid: 0.080% | 🔺 7551.75 🔻 7549.00
  📡 RSI: 30.4 | MACD: -1.75 | ATR: 1.91
  📊 Filled: 0 | Pending: 0
  🕐 Outside session (14:42 CT) — no entries
  💰 Daily P&L: $-4,125.00

[2026-07-01 14:43] O:7549.75 H:7550.50 L:7548.50 C:7550.25 V:2792.0
  📈 Trend: strong_bearish | 🌍 Regime: trending_bearish
  🗺️  Grid: 0.080% | 🔺 7549.75 🔻 7548.75
  📡 RSI: 37.0 | MACD: -1.80 | ATR: 1.89
  📊 Filled: 0 | Pending: 0
  🕐 Outside session (14:43 CT) — no entries
  💰 Daily P&L: $-4,125.00

[2026-07-01 14:44] O:7550.00 H:7551.25 L:7549.00 C:7550.50 V:3250.0
  📈 Trend: strong_bearish | 🌍 Regime: trending_bearish
  🗺️  Grid: 0.080% | 🔺 7550.50 🔻 7548.50
  📡 RSI: 22.7 | MACD: -1.80 | ATR: 1.79
  📊 Filled: 0 | Pending: 0
  🕐 Outside session (14:44 CT) — no entries
  💰 Daily P&L: $-4,125.00

[2026-07-01 14:45] O:7550.50 H:7550.75 L:7549.25 C:7549.75 V:2320.0
  📈 Trend: strong_bearish | 🌍 Regime: trending_bearish
  🗺️  Grid: 0.080% | 🔺 7551.25 🔻 7549.00
  📡 RSI: 23.8 | MACD: -1.84 | ATR: 1.70
  📊 Filled: 0 | Pending: 0
  🕐 Outside session (14:45 CT) — no entries
  💰 Daily P&L: $-4,125.00

[2026-07-01 14:46] O:7549.75 H:7550.25 L:7548.50 C:7549.00 V:1692.0
  📈 Trend: strong_bearish | 🌍 Regime: trending_bearish
  🗺️  Grid: 0.080% | 🔺 7550.75 🔻 7549.25
  📡 RSI: 20.5 | MACD: -1.91 | ATR: 1.73
  📊 Filled: 0 | Pending: 0
  🕐 Outside session (14:46 CT) — no entries
  💰 Daily P&L: $-4,125.00

[2026-07-01 14:47] O:7549.25 H:7550.25 L:7549.00 C:7549.50 V:1435.0
  📈 Trend: strong_bearish | 🌍 Regime: trending_bearish
  🗺️  Grid: 0.080% | 🔺 7550.25 🔻 7548.50
  📡 RSI: 20.5 | MACD: -1.90 | ATR: 1.71
  📊 Filled: 0 | Pending: 0
  🕐 Outside session (14:47 CT) — no entries
  💰 Daily P&L: $-4,125.00

[2026-07-01 14:48] O:7549.50 H:7549.75 L:7547.75 C:7547.75 V:1881.0
  📈 Trend: strong_bearish | 🌍 Regime: trending_bearish
  🗺️  Grid: 0.080% | 🔺 7550.25 🔻 7549.00
  📡 RSI: 18.4 | MACD: -2.01 | ATR: 1.77
  📊 Filled: 0 | Pending: 0
  🕐 Outside session (14:48 CT) — no entries
  💰 Daily P&L: $-4,125.00

[2026-07-01 14:49] O:7547.75 H:7549.50 L:7547.00 C:7549.25 V:2087.0
  📈 Trend: strong_bearish | 🌍 Regime: trending_bearish
  🗺️  Grid: 0.080% | 🔺 7549.75 🔻 7547.75
  📡 RSI: 30.6 | MACD: -1.96 | ATR: 1.80
  📊 Filled: 0 | Pending: 0
  🕐 Outside session (14:49 CT) — no entries
  💰 Daily P&L: $-4,125.00

[2026-07-01 14:50] O:7549.25 H:7552.50 L:7548.50 C:7549.00 V:4129.0
  📈 Trend: strong_bearish | 🌍 Regime: trending_bearish
  🗺️  Grid: 0.080% | 🔺 7549.50 🔻 7547.00
  📡 RSI: 31.9 | MACD: -1.91 | ATR: 1.98
  📊 Filled: 0 | Pending: 0
