2026-07-27 17:04:13 | ERROR    | Error 1100, reqId -1: Connectivity between IBKR and Trader Workstation has been lost.
2026-07-27 17:04:20 | ERROR    | Error handling fields: ['10', '549', 'ES', 'FUT', '20260918 08:30:00 US/Central', '0', '', 'CME', 'USD', 'ESU6', 'ES', 'ES', '649180671', '0.25', '50', 'ACTIVETIM,AD,ADJUST,ALERT,ALGO,ALLOC,AVGCOST,BASKET,BENCHPX,COND,CONDORDER,DAY,DEACT,DEACTDIS,DEACTEOD,GAT,GTC,GTD,GTT,HID,ICE,IOC,LIT,LMT,LTH,MIT,MKT,MTL,NGCOMB,NONALGO,OCA,PEGBENCH,SCALE,SCALERST,SNAPMID,SNAPMKT,SNAPREL,STP,STPLMT,TRAIL,TRAILLIT,TRAILLMT,TRAILMIT,WHATIF', 'CME,QBALGO', '1', '11004968', 'E-mini S&P 500', '', '202609', '', '', '', 'US/Central', '20260726:1700-20260727:1600;20260727:1700-20260728:1600;20260728:1700-20260729:1600;20260729:1700-20260730:1600;20260730:1700-20260731:1600', '20260727:0830-20260727:1600;20260728:0830-20260728:1600;20260729:0830-20260729:1600;20260730:0830-20260730:1600;20260731:0830-20260731:1600', '', '', '0', '2147483647', 'ES', 'IND', '67,67', '20260918', '', '1', '1', '1']
Traceback (most recent call last):
  File "C:\Python312\Lib\site-packages\ib_insync\decoder.py", line 198, in interpret
    handler(fields)
  File "C:\Python312\Lib\site-packages\ib_insync\decoder.py", line 336, in contractDetails
    self.wrapper.contractDetails(int(reqId), cd)
  File "C:\Python312\Lib\site-packages\ib_insync\wrapper.py", line 521, in contractDetails
    self._results[reqId].append(contractDetails)
    ~~~~~~~~~~~~~^^^^^^^
KeyError: 549
2026-07-27 17:04:20 | ERROR    | Error 1102, reqId -1: Connectivity between IBKR and Trader Workstation has been restored - data maintained. All data farms are connected: usfarm.nj; usfuture; usfarm; euhmds; fundfarm; ushmds; secdefnj.
07-27 09:09] O:7476.25 H:7478.50 L:7475.25 C:7475.50 V:3736.0
  📈 Trend: strong_bearish | 🌍 Regime: trending_bearish
  🗺️  Grid: 0.080% | 🔺 7476.25 🔻 7474.00
  📡 RSI: 34.6 | MACD: -6.23 | ATR: 4.84
  📊 Filled: 0 | Pending: 0
  💰 Daily P&L: $+0.00

[2026-07-27 09:10] O:7475.50 H:7475.75 L:7467.00 C:7467.50 V:5687.0
  📈 Trend: strong_bearish | 🌍 Regime: trending_bearish
  🗺️  Grid: 0.081% | 🔺 7478.50 🔻 7475.25
  📡 RSI: 30.5 | MACD: -6.51 | ATR: 5.04
  📊 Filled: 0 | Pending: 0
  💰 Daily P&L: $+0.00

[2026-07-27 09:11] O:7467.50 H:7467.50 L:7462.50 C:7466.50 V:6408.0
  📈 Trend: strong_bearish | 🌍 Regime: trending_bearish
  🗺️  Grid: 0.080% | 🔺 7475.75 🔻 7467.00
  📡 RSI: 34.8 | MACD: -6.74 | ATR: 4.93
  📊 Filled: 0 | Pending: 0
  💰 Daily P&L: $+0.00

[2026-07-27 09:12] O:7466.50 H:7469.00 L:7464.50 C:7468.75 V:4659.0
  📈 Trend: strong_bearish | 🌍 Regime: trending_bearish
  🗺️  Grid: 0.080% | 🔺 7467.50 🔻 7462.50
  📡 RSI: 42.0 | MACD: -6.65 | ATR: 4.93
  📊 Filled: 0 | Pending: 0
  💰 Daily P&L: $+0.00

[2026-07-27 09:13] O:7468.75 H:7470.75 L:7464.00 C:7466.00 V:4431.0
  📈 Trend: strong_bearish | 🌍 Regime: trending_bearish
  🗺️  Grid: 0.080% | 🔺 7469.00 🔻 7464.50
  📡 RSI: 32.6 | MACD: -6.73 | ATR: 4.88
  📊 Filled: 0 | Pending: 0
  💰 Daily P&L: $+0.00

[2026-07-27 09:14] O:7466.00 H:7469.00 L:7465.00 C:7467.50 V:3677.0
  📈 Trend: strong_bearish | 🌍 Regime: trending_bearish
  🗺️  Grid: 0.080% | 🔺 7470.75 🔻 7464.00
  📡 RSI: 42.1 | MACD: -6.60 | ATR: 4.62
  📊 Filled: 0 | Pending: 0
  💰 Daily P&L: $+0.00

[2026-07-27 09:15] O:7467.50 H:7473.50 L:7467.00 C:7469.00 V:4925.0
  📈 Trend: strong_bearish | 🌍 Regime: trending_bearish
  🗺️  Grid: 0.080% | 🔺 7469.00 🔻 7465.00
  📡 RSI: 35.9 | MACD: -6.30 | ATR: 4.68
  📊 Filled: 0 | Pending: 0
  💰 Daily P&L: $+0.00

[2026-07-27 09:16] O:7469.25 H:7471.25 L:7468.25 C:7469.50 V:3901.0
  📈 Trend: strong_bearish | 🌍 Regime: trending_bearish
  🗺️  Grid: 0.080% | 🔺 7473.50 🔻 7467.00
  📡 RSI: 40.2 | MACD: -5.95 | ATR: 4.50
  📊 Filled: 0 | Pending: 0
  💰 Daily P&L: $+0.00

[2026-07-27 09:17] O:7469.50 H:7470.00 L:7464.75 C:7467.00 V:3876.0
  📈 Trend: strong_bearish | 🌍 Regime: trending_bearish
  🗺️  Grid: 0.080% | 🔺 7471.25 🔻 7468.25
  📡 RSI: 36.4 | MACD: -5.81 | ATR: 4.64
  📊 Filled: 0 | Pending: 0
  💰 Daily P&L: $+0.00

[2026-07-27 09:18] O:7467.00 H:7468.00 L:7463.25 C:7467.25 V:4542.0
  📈 Trend: strong_bearish | 🌍 Regime: trending_bearish
  🗺️  Grid: 0.080% | 🔺 7470.00 🔻 7464.75
  📡 RSI: 37.0 | MACD: -5.62 | ATR: 4.68
  📊 Filled: 0 | Pending: 0
  💰 Daily P&L: $+0.00

[2026-07-27 09:19] O:7467.25 H:7471.25 L:7466.75 C:7467.50 V:4546.0
  📈 Trend: strong_bearish | 🌍 Regime: trending_bearish
  🗺️  Grid: 0.080% | 🔺 7468.00 🔻 7463.25
  📡 RSI: 40.6 | MACD: -5.38 | ATR: 4.70
  📊 Filled: 0 | Pending: 0
  💰 Daily P&L: $+0.00

[2026-07-27 09:20] O:7467.50 H:7467.50 L:7461.25 C:7461.50 V:3999.0
  📈 Trend: strong_bearish | 🌍 Regime: trending_bearish
  🗺️  Grid: 0.080% | 🔺 7471.25 🔻 7466.75
  📡 RSI: 30.0 | MACD: -5.61 | ATR: 4.82
  📊 Filled: 0 | Pending: 0
  💰 Daily P&L: $+0.00

[2026-07-27 09:21] O:7461.50 H:7466.25 L:7460.75 C:7466.25 V:3632.0
  📈 Trend: strong_bearish | 🌍 Regime: trending_bearish
  🗺️  Grid: 0.081% | 🔺 7467.50 🔻 7461.25
  📡 RSI: 36.4 | MACD: -5.35 | ATR: 5.02
  📊 Filled: 0 | Pending: 0
  💰 Daily P&L: $+0.00

[2026-07-27 09:22] O:7466.25 H:7466.50 L:7459.75 C:7461.00 V:3952.0
  📈 Trend: strong_bearish | 🌍 Regime: trending_bearish
  🗺️  Grid: 0.086% | 🔺 7466.25 🔻 7460.75
  📡 RSI: 29.5 | MACD: -5.50 | ATR: 5.34
  📊 Filled: 0 | Pending: 0
  💰 Daily P&L: $+0.00

[2026-07-27 09:23] O:7461.00 H:7464.50 L:7456.25 C:7457.00 V:5048.0
  📈 Trend: strong_bearish | 🌍 Regime: trending_bearish
  🗺️  Grid: 0.092% | 🔺 7466.50 🔻 7459.75
  📡 RSI: 27.2 | MACD: -5.88 | ATR: 5.70
  📊 Filled: 0 | Pending: 0
  💰 Daily P&L: $+0.00

[2026-07-27 09:24] O:7457.25 H:7458.75 L:7454.00 C:7456.25 V:5838.0
  📈 Trend: strong_bearish | 🌍 Regime: trending_bearish
  🗺️  Grid: 0.087% | 🔺 7464.50 🔻 7456.25
  📡 RSI: 33.1 | MACD: -6.17 | ATR: 5.41
  📊 Filled: 0 | Pending: 0
  💰 Daily P&L: $+0.00

[2026-07-27 09:25] O:7456.25 H:7456.25 L:7452.00 C:7455.00 V:4987.0
  📈 Trend: strong_bearish | 🌍 Regime: trending_bearish
  🗺️  Grid: 0.086% | 🔺 7458.75 🔻 7454.00
  📡 RSI: 32.8 | MACD: -6.42 | ATR: 5.36
  📊 Filled: 0 | Pending: 0
  💰 Daily P&L: $+0.00

[2026-07-27 09:26] O:7455.00 H:7456.50 L:7452.75 C:7454.75 V:4397.0
  📈 Trend: strong_bearish | 🌍 Regime: trending_bearish
  🗺️  Grid: 0.085% | 🔺 7456.25 🔻 7452.00
  📡 RSI: 27.8 | MACD: -6.57 | ATR: 5.30
  📊 Filled: 0 | Pending: 0
  💰 Daily P&L: $+0.00

[2026-07-27 09:27] O:7455.00 H:7455.00 L:7450.25 C:7450.50 V:3894.0
  📈 Trend: strong_bearish | 🌍 Regime: trending_bearish
  🗺️  Grid: 0.083% | 🔺 7456.50 🔻 7452.75
  📡 RSI: 26.5 | MACD: -6.95 | ATR: 5.16
  📊 Filled: 0 | Pending: 0
  💰 Daily P&L: $+0.00

[2026-07-27 09:28] O:7450.25 H:7451.50 L:7447.00 C:7447.50 V:5451.0
  📈 Trend: strong_bearish | 🌍 Regime: trending_bearish
  🗺️  Grid: 0.084% | 🔺 7455.00 🔻 7450.25
  📡 RSI: 21.0 | MACD: -7.40 | ATR: 5.20
  📊 Filled: 0 | Pending: 0
  💰 Daily P&L: $+0.00

[2026-07-27 09:29] O:7447.25 H:7447.50 L:7439.75 C:7440.75 V:7003.0
  📈 Trend: strong_bearish | 🌍 Regime: trending_bearish
  🗺️  Grid: 0.085% | 🔺 7451.50 🔻 7447.00
  📡 RSI: 14.5 | MACD: -8.22 | ATR: 5.29
  📊 Filled: 0 | Pending: 0
  💰 Daily P&L: $+0.00

[2026-07-27 09:30] O:7441.00 H:7443.50 L:7436.00 C:7439.50 V:8030.0
  📈 Trend: strong_bearish | 🌍 Regime: trending_bearish
  🗺️  Grid: 0.090% | 🔺 7447.50 🔻 7439.75
  📡 RSI: 13.0 | MACD: -8.86 | ATR: 5.61
  📊 Filled: 0 | Pending: 0
  💰 Daily P&L: $+0.00

[2026-07-27 09:31] O:7439.75 H:7442.50 L:7438.25 C:7439.75 V:5151.0
  📈 Trend: strong_bearish | 🌍 Regime: trending_bearish
  🗺️  Grid: 0.089% | 🔺 7443.50 🔻 7436.00
  📡 RSI: 14.4 | MACD: -9.24 | ATR: 5.54
  📊 Filled: 0 | Pending: 0
  💰 Daily P&L: $+0.00

[2026-07-27 09:32] O:7439.75 H:7441.50 L:7437.25 C:7440.25 V:5067.0
  📈 Trend: strong_bearish | 🌍 Regime: trending_bearish
  🗺️  Grid: 0.089% | 🔺 7442.50 🔻 7438.25
  📡 RSI: 14.9 | MACD: -9.40 | ATR: 5.50
  📊 Filled: 0 | Pending: 0
  💰 Daily P&L: $+0.00

[2026-07-27 09:33] O:7440.50 H:7442.00 L:7437.50 C:7437.75 V:5070.0
  📈 Trend: strong_bearish | 🌍 Regime: trending_bearish
  🗺️  Grid: 0.089% | 🔺 7441.50 🔻 7437.25
  📡 RSI: 13.5 | MACD: -9.61 | ATR: 5.50
  📊 Filled: 0 | Pending: 0
  💰 Daily P&L: $+0.00

[2026-07-27 09:34] O:7437.50 H:7441.25 L:7435.25 C:7437.50 V:4996.0
  📈 Trend: strong_bearish | 🌍 Regime: trending_bearish
  🗺️  Grid: 0.088% | 🔺 7442.00 🔻 7437.50
  📡 RSI: 15.7 | MACD: -9.69 | ATR: 5.48
  📊 Filled: 0 | Pending: 0
  💰 Daily P&L: $+0.00

[2026-07-27 09:35] O:7437.25 H:7439.75 L:7433.00 C:7438.50 V:6269.0
  📈 Trend: strong_bearish | 🌍 Regime: trending_bearish
  🗺️  Grid: 0.090% | 🔺 7441.25 🔻 7435.25
  📡 RSI: 5.6 | MACD: -9.56 | ATR: 5.57
  📊 Filled: 0 | Pending: 0
  💰 Daily P&L: $+0.00

[2026-07-27 09:36] O:7438.50 H:7440.00 L:7431.75 C:7432.00 V:5259.0
  📈 Trend: strong_bearish | 🌍 Regime: trending_bearish
  🗺️  Grid: 0.092% | 🔺 7439.75 🔻 7433.00
  📡 RSI: 5.4 | MACD: -9.87 | ATR: 5.68
  📊 Filled: 0 | Pending: 0
  💰 Daily P&L: $+0.00

[2026-07-27 09:37] O:7432.00 H:7434.00 L:7428.75 C:7433.25 V:5234.0
  📈 Trend: strong_bearish | 🌍 Regime: trending_bearish
  🗺️  Grid: 0.088% | 🔺 7440.00 🔻 7431.75
  📡 RSI: 10.1 | MACD: -9.89 | ATR: 5.46
  📊 Filled: 0 | Pending: 0
  💰 Daily P&L: $+0.00

[2026-07-27 09:38] O:7433.25 H:7440.50 L:7433.00 C:7438.00 V:6312.0
  📈 Trend: strong_bearish | 🌍 Regime: trending_bearish
  🗺️  Grid: 0.091% | 🔺 7434.00 🔻 7428.75
  📡 RSI: 23.0 | MACD: -9.43 | ATR: 5.66
  📊 Filled: 0 | Pending: 0
  💰 Daily P&L: $+0.00

[2026-07-27 09:39] O:7438.25 H:7441.25 L:7437.00 C:7438.75 V:5584.0
  📈 Trend: strong_bearish | 🌍 Regime: trending_bearish
  🗺️  Grid: 0.091% | 🔺 7440.50 🔻 7433.00
  📡 RSI: 25.6 | MACD: -8.89 | ATR: 5.66
  📊 Filled: 0 | Pending: 0
  💰 Daily P&L: $+0.00

[2026-07-27 09:40] O:7438.75 H:7440.75 L:7432.00 C:7433.25 V:5646.0
  📈 Trend: strong_bearish | 🌍 Regime: trending_bearish
  🗺️  Grid: 0.097% | 🔺 7441.25 🔻 7437.00
  📡 RSI: 22.1 | MACD: -8.81 | ATR: 6.02
  📊 Filled: 0 | Pending: 0
  💰 Daily P&L: $+0.00

[2026-07-27 09:41] O:7433.50 H:7434.50 L:7424.00 C:7427.25 V:6398.0
  📈 Trend: strong_bearish | 🌍 Regime: trending_bearish
  🗺️  Grid: 0.104% | 🔺 7440.75 🔻 7432.00
  📡 RSI: 21.1 | MACD: -9.12 | ATR: 6.43
  📊 Filled: 0 | Pending: 0
  💰 Daily P&L: $+0.00

[2026-07-27 09:42] O:7427.50 H:7430.25 L:7425.75 C:7426.50 V:4894.0
  📈 Trend: strong_bearish | 🌍 Regime: trending_bearish
  🗺️  Grid: 0.104% | 🔺 7434.50 🔻 7424.00
  📡 RSI: 22.4 | MACD: -9.33 | ATR: 6.43
  📊 Filled: 0 | Pending: 0
  💰 Daily P&L: $+0.00

[2026-07-27 09:43] O:7426.75 H:7429.50 L:7423.00 C:7429.00 V:5472.0
  📈 Trend: strong_bearish | 🌍 Regime: trending_bearish
  🗺️  Grid: 0.102% | 🔺 7430.25 🔻 7425.75
  📡 RSI: 32.6 | MACD: -9.18 | ATR: 6.34
  📊 Filled: 0 | Pending: 0
  💰 Daily P&L: $+0.00

[2026-07-27 09:44] O:7429.25 H:7432.00 L:7424.25 C:7426.00 V:5014.0
  📈 Trend: strong_bearish | 🌍 Regime: trending_bearish
  🗺️  Grid: 0.103% | 🔺 7429.50 🔻 7423.00
  📡 RSI: 31.0 | MACD: -9.20 | ATR: 6.36
  📊 Filled: 0 | Pending: 0
  💰 Daily P&L: $+0.00

[2026-07-27 09:45] O:7426.00 H:7433.25 L:7426.00 C:7429.75 V:5803.0
  📈 Trend: strong_bearish | 🌍 Regime: trending_bearish
  🗺️  Grid: 0.106% | 🔺 7432.00 🔻 7424.25
  📡 RSI: 37.2 | MACD: -8.81 | ATR: 6.57
  📊 Filled: 0 | Pending: 0
  💰 Daily P&L: $+0.00

[2026-07-27 09:46] O:7429.50 H:7434.50 L:7428.25 C:7434.25 V:6154.0
  📈 Trend: strong_bearish | 🌍 Regime: trending_bearish
  🗺️  Grid: 0.108% | 🔺 7433.25 🔻 7426.00
  📡 RSI: 43.0 | MACD: -8.05 | ATR: 6.71
  📊 Filled: 0 | Pending: 0
  💰 Daily P&L: $+0.00

[2026-07-27 09:47] O:7434.25 H:7436.00 L:7431.25 C:7433.00 V:5769.0
  📈 Trend: strong_bearish | 🌍 Regime: trending_bearish
  🗺️  Grid: 0.109% | 🔺 7434.50 🔻 7428.25
  📡 RSI: 44.3 | MACD: -7.46 | ATR: 6.73
  📊 Filled: 0 | Pending: 0
  💰 Daily P&L: $+0.00

[2026-07-27 09:48] O:7433.25 H:7435.25 L:7431.75 C:7433.50 V:4705.0
  📈 Trend: strong_bearish | 🌍 Regime: trending_bearish
  🗺️  Grid: 0.106% | 🔺 7436.00 🔻 7431.25
  📡 RSI: 45.2 | MACD: -6.87 | ATR: 6.55
  📊 Filled: 0 | Pending: 0
  💰 Daily P&L: $+0.00

[2026-07-27 09:49] O:7433.50 H:7439.75 L:7433.00 C:7438.00 V:4680.0
  📈 Trend: strong_bearish | 🌍 Regime: trending_bearish
  🗺️  Grid: 0.106% | 🔺 7435.25 🔻 7431.75
  📡 RSI: 49.5 | MACD: -5.97 | ATR: 6.55
  📊 Filled: 0 | Pending: 0
  💰 Daily P&L: $+0.00

[2026-07-27 09:50] O:7438.00 H:7444.50 L:7437.50 C:7441.75 V:5590.0
  📈 Trend: strong_bearish (raw: moderate_bearish) | 🌍 Regime: trending_bearish
  🗺️  Grid: 0.104% | 🔺 7439.75 🔻 7433.00
  📡 RSI: 61.4 | MACD: -4.90 | ATR: 6.46
  📊 Filled: 0 | Pending: 0
  💰 Daily P&L: $+0.00

[2026-07-27 09:51] O:7441.75 H:7444.50 L:7440.50 C:7440.50 V:4939.0
  📈 Trend: moderate_bearish | 🌍 Regime: trending_bearish
  🗺️  Grid: 0.103% | 🔺 7444.50 🔻 7437.50
  📡 RSI: 58.5 | MACD: -4.11 | ATR: 6.38
  📊 Filled: 0 | Pending: 0
  💰 Daily P&L: $+0.00

[2026-07-27 09:52] O:7440.75 H:7445.00 L:7437.00 C:7444.25 V:5535.0
  📈 Trend: moderate_bearish | 🌍 Regime: trending_bearish
  🗺️  Grid: 0.103% | 🔺 7444.50 🔻 7440.50
  📡 RSI: 57.5 | MACD: -3.14 | ATR: 6.41
  📊 Filled: 0 | Pending: 0
  💰 Daily P&L: $+0.00

[2026-07-27 09:53] O:7444.25 H:7445.50 L:7441.75 C:7442.25 V:4149.0
  📈 Trend: moderate_bearish | 🌍 Regime: trending_bearish
  🗺️  Grid: 0.103% | 🔺 7445.00 🔻 7437.00
  📡 RSI: 54.1 | MACD: -2.50 | ATR: 6.38
  📊 Filled: 0 | Pending: 0
  💰 Daily P&L: $+0.00

[2026-07-27 09:54] O:7442.50 H:7446.25 L:7441.75 C:7444.00 V:3495.0
  📈 Trend: moderate_bearish | 🌍 Regime: trending_bearish
  🗺️  Grid: 0.098% | 🔺 7445.50 🔻 7441.75
  📡 RSI: 63.7 | MACD: -1.84 | ATR: 6.07
  📊 Filled: 0 | Pending: 0
  💰 Daily P&L: $+0.00

[2026-07-27 09:55] O:7444.00 H:7448.25 L:7441.75 C:7447.75 V:3813.0
  📈 Trend: moderate_bearish | 🌍 Regime: trending_bearish
  🗺️  Grid: 0.093% | 🔺 7446.25 🔻 7441.75
  📡 RSI: 77.7 | MACD: -0.99 | ATR: 5.79
  📊 Filled: 0 | Pending: 0
  💰 Daily P&L: $+0.00

[2026-07-27 09:56] O:7447.50 H:7449.75 L:7445.75 C:7448.75 V:3431.0
  📈 Trend: moderate_bearish | 🌍 Regime: trending_bearish
  🗺️  Grid: 0.093% | 🔺 7448.25 🔻 7441.75
  📡 RSI: 79.9 | MACD: -0.24 | ATR: 5.75
  📊 Filled: 0 | Pending: 0
  💰 Daily P&L: $+0.00

[2026-07-27 09:57] O:7448.75 H:7451.25 L:7448.75 C:7449.25 V:3418.0
  📈 Trend: moderate_bearish (raw: moderate_bullish) | 🌍 Regime: trending_bullish
  🗺️  Grid: 0.088% | 🔺 7449.75 🔻 7445.75
  📡 RSI: 78.7 | MACD: 0.39 | ATR: 5.46
  📊 Filled: 0 | Pending: 0
  💰 Daily P&L: $+0.00

[2026-07-27 09:58] O:7449.50 H:7453.00 L:7448.50 C:7452.75 V:3231.0
  📈 Trend: moderate_bullish | 🌍 Regime: trending_bullish
  🗺️  Grid: 0.084% | 🔺 7451.25 🔻 7448.75
  📡 RSI: 87.4 | MACD: 1.16 | ATR: 5.23
  📊 Filled: 0 | Pending: 0
  💰 Daily P&L: $+0.00

[2026-07-27 09:59] O:7452.75 H:7457.25 L:7452.25 C:7455.50 V:4629.0
  📈 Trend: moderate_bullish | 🌍 Regime: trending_bullish
  🗺️  Grid: 0.082% | 🔺 7453.00 🔻 7448.50
  📡 RSI: 87.1 | MACD: 1.96 | ATR: 5.07
  📊 Filled: 0 | Pending: 0
  💰 Daily P&L: $+0.00

[2026-07-27 10:00] O:7455.75 H:7457.75 L:7451.25 C:7456.50 V:6205.0
  📈 Trend: moderate_bullish | 🌍 Regime: trending_bullish
  🗺️  Grid: 0.082% | 🔺 7457.25 🔻 7452.25
  📡 RSI: 85.6 | MACD: 2.66 | ATR: 5.09
  📊 Filled: 0 | Pending: 0
  💰 Daily P&L: $+0.00

[2026-07-27 10:01] O:7456.25 H:7456.50 L:7454.25 C:7455.00 V:3364.0
  📈 Trend: moderate_bullish | 🌍 Regime: trending_bullish
  🗺️  Grid: 0.080% | 🔺 7457.75 🔻 7451.25
  📡 RSI: 84.9 | MACD: 3.05 | ATR: 4.91
  📊 Filled: 0 | Pending: 0
  💰 Daily P&L: $+0.00

[2026-07-27 10:02] O:7455.25 H:7458.25 L:7452.75 C:7454.00 V:3675.0
  📈 Trend: moderate_bullish | 🌍 Regime: trending_bullish
  🗺️  Grid: 0.081% | 🔺 7456.50 🔻 7454.25
  📡 RSI: 82.0 | MACD: 3.24 | ATR: 5.05
  📊 Filled: 0 | Pending: 0
  💰 Daily P&L: $+0.00

[2026-07-27 10:03] O:7454.00 H:7457.00 L:7453.00 C:7453.50 V:3187.0
  📈 Trend: moderate_bullish | 🌍 Regime: trending_bullish
  🗺️  Grid: 0.080% | 🔺 7458.25 🔻 7452.75
  📡 RSI: 77.7 | MACD: 3.31 | ATR: 4.86
  📊 Filled: 0 | Pending: 0
  💰 Daily P&L: $+0.00

[2026-07-27 10:04] O:7453.50 H:7456.50 L:7452.75 C:7455.75 V:3071.0
  📈 Trend: moderate_bullish | 🌍 Regime: trending_bullish
  🗺️  Grid: 0.080% | 🔺 7457.00 🔻 7453.00
  📡 RSI: 76.4 | MACD: 3.51 | ATR: 4.62
  📊 Filled: 0 | Pending: 0
  💰 Daily P&L: $+0.00

[2026-07-27 10:05] O:7455.75 H:7461.50 L:7455.00 C:7460.75 V:4171.0
  📈 Trend: moderate_bullish (raw: strong_bullish) | 🌍 Regime: trending_bullish
  🗺️  Grid: 0.080% | 🔺 7456.50 🔻 7452.75
  📡 RSI: 83.5 | MACD: 4.03 | ATR: 4.80
  📊 Filled: 0 | Pending: 0
  💰 Daily P&L: $+0.00

[2026-07-27 10:06] O:7460.75 H:7461.75 L:7455.75 C:7456.00 V:3519.0
  📈 Trend: strong_bullish | 🌍 Regime: trending_bullish
  🗺️  Grid: 0.080% | 🔺 7461.50 🔻 7455.00
  📡 RSI: 68.8 | MACD: 4.01 | ATR: 4.66
  📊 Filled: 0 | Pending: 0
  💰 Daily P&L: $+0.00

[2026-07-27 10:07] O:7456.00 H:7459.25 L:7453.25 C:7457.50 V:2639.0
  📈 Trend: strong_bullish | 🌍 Regime: trending_bullish
  🗺️  Grid: 0.080% | 🔺 7461.75 🔻 7455.75
  📡 RSI: 74.8 | MACD: 4.06 | ATR: 4.82
  📊 Filled: 0 | Pending: 0
  💰 Daily P&L: $+0.00

[2026-07-27 10:08] O:7457.50 H:7459.00 L:7454.50 C:7455.75 V:2386.0
  📈 Trend: strong_bullish | 🌍 Regime: trending_bullish
  🗺️  Grid: 0.080% | 🔺 7459.25 🔻 7453.25
  📡 RSI: 69.1 | MACD: 3.92 | ATR: 4.82
  📊 Filled: 0 | Pending: 0
  💰 Daily P&L: $+0.00

[2026-07-27 10:09] O:7455.75 H:7456.00 L:7450.50 C:7451.00 V:2827.0
  📈 Trend: strong_bullish | 🌍 Regime: trending_bullish
  🗺️  Grid: 0.080% | 🔺 7459.00 🔻 7454.50
  📡 RSI: 55.1 | MACD: 3.39 | ATR: 4.75
  📊 Filled: 0 | Pending: 0
  💰 Daily P&L: $+0.00

[2026-07-27 10:10] O:7451.00 H:7454.50 L:7449.50 C:7451.25 V:4124.0
  📈 Trend: strong_bullish (raw: moderate_bullish) | 🌍 Regime: trending_bullish
  🗺️  Grid: 0.080% | 🔺 7456.00 🔻 7450.50
  📡 RSI: 54.0 | MACD: 2.95 | ATR: 4.82
  📊 Filled: 0 | Pending: 0
  💰 Daily P&L: $+0.00

[2026-07-27 10:11] O:7451.50 H:7455.75 L:7450.50 C:7453.00 V:3610.0
  📈 Trend: moderate_bullish | 🌍 Regime: trending_bullish
  🗺️  Grid: 0.081% | 🔺 7454.50 🔻 7449.50
  📡 RSI: 55.8 | MACD: 2.71 | ATR: 5.02
  📊 Filled: 0 | Pending: 0
  💰 Daily P&L: $+0.00

[2026-07-27 10:12] O:7453.25 H:7457.00 L:7452.75 C:7453.75 V:2881.0
  📈 Trend: moderate_bullish | 🌍 Regime: trending_bullish
  🗺️  Grid: 0.080% | 🔺 7455.75 🔻 7450.50
  📡 RSI: 51.7 | MACD: 2.56 | ATR: 5.00
  📊 Filled: 0 | Pending: 0
  💰 Daily P&L: $+0.00

[2026-07-27 10:13] O:7453.75 H:7456.50 L:7452.25 C:7455.00 V:2858.0
  📈 Trend: moderate_bullish | 🌍 Regime: trending_bullish
  🗺️  Grid: 0.080% | 🔺 7457.00 🔻 7452.75
  📡 RSI: 49.1 | MACD: 2.51 | ATR: 4.95
  📊 Filled: 0 | Pending: 0
  💰 Daily P&L: $+0.00

[2026-07-27 10:14] O:7455.00 H:7458.00 L:7452.25 C:7452.25 V:3173.0
  📈 Trend: moderate_bullish | 🌍 Regime: trending_bullish
  🗺️  Grid: 0.080% | 🔺 7456.50 🔻 7452.25
  📡 RSI: 42.9 | MACD: 2.22 | ATR: 4.89
  📊 Filled: 0 | Pending: 0
  💰 Daily P&L: $+0.00

[2026-07-27 10:15] O:7452.25 H:7453.50 L:7446.25 C:7446.75 V:4469.0
  📈 Trend: moderate_bullish (raw: moderate_bearish) | 🌍 Regime: ranging
  🗺️  Grid: 0.085% | 🔺 7458.00 🔻 7452.25
  📡 RSI: 37.8 | MACD: 1.53 | ATR: 5.25
  📊 Filled: 0 | Pending: 0
  🔲 Regime: RANGING | Range pos: 43% | RSI: 37.8
  💰 Daily P&L: $+0.00

[2026-07-27 10:16] O:7446.75 H:7448.25 L:7445.25 C:7446.25 V:3296.0
  📈 Trend: moderate_bearish | 🌍 Regime: trending_bearish
  🗺️  Grid: 0.082% | 🔺 7453.50 🔻 7446.25
  📡 RSI: 38.3 | MACD: 0.93 | ATR: 5.07
  📊 Filled: 0 | Pending: 0
  💰 Daily P&L: $+0.00

[2026-07-27 10:17] O:7446.25 H:7446.50 L:7442.50 C:7443.25 V:2818.0
  📈 Trend: moderate_bearish | 🌍 Regime: trending_bearish
  🗺️  Grid: 0.082% | 🔺 7448.25 🔻 7445.25
  📡 RSI: 35.7 | MACD: 0.21 | ATR: 5.07
  📊 Filled: 0 | Pending: 0
  💰 Daily P&L: $+0.00

[2026-07-27 10:18] O:7443.25 H:7443.75 L:7437.50 C:7442.75 V:3873.0
  📈 Trend: moderate_bearish (raw: strong_bearish) | 🌍 Regime: ranging
  🗺️  Grid: 0.085% | 🔺 7446.50 🔻 7442.50
  📡 RSI: 30.9 | MACD: -0.39 | ATR: 5.25
  📊 Filled: 0 | Pending: 0
  🔲 Regime: RANGING | Range pos: 36% | RSI: 30.9
  💰 Daily P&L: $+0.00

[2026-07-27 10:19] O:7442.75 H:7446.75 L:7441.75 C:7446.75 V:3066.0
  📈 Trend: strong_bearish | 🌍 Regime: ranging
  🗺️  Grid: 0.083% | 🔺 7443.75 🔻 7437.50
  📡 RSI: 28.8 | MACD: -0.54 | ATR: 5.14
  📊 Filled: 0 | Pending: 0
  🔲 Regime: RANGING | Range pos: 43% | RSI: 28.8
  💰 Daily P&L: $+0.00

[2026-07-27 10:20] O:7446.50 H:7450.50 L:7445.50 C:7449.75 V:3874.0
  📈 Trend: strong_bearish | 🌍 Regime: ranging
  🗺️  Grid: 0.082% | 🔺 7446.75 🔻 7441.75
  📡 RSI: 40.0 | MACD: -0.42 | ATR: 5.07
  📊 Filled: 0 | Pending: 0
  🔲 Regime: RANGING | Range pos: 48% | RSI: 40.0
  💰 Daily P&L: $+0.00

[2026-07-27 10:21] O:7449.50 H:7451.75 L:7446.00 C:7446.00 V:3294.0
  📈 Trend: strong_bearish | 🌍 Regime: ranging
  🗺️  Grid: 0.081% | 🔺 7450.50 🔻 7445.50
  📡 RSI: 32.8 | MACD: -0.61 | ATR: 5.05
  📊 Filled: 0 | Pending: 0
  🔲 Regime: RANGING | Range pos: 41% | RSI: 32.8
  💰 Daily P&L: $+0.00

[2026-07-27 10:22] O:7446.25 H:7450.00 L:7444.50 C:7447.75 V:3057.0
  📈 Trend: strong_bearish | 🌍 Regime: ranging
  🗺️  Grid: 0.083% | 🔺 7451.75 🔻 7446.00
  📡 RSI: 38.1 | MACD: -0.62 | ATR: 5.12
  📊 Filled: 0 | Pending: 0
  🔲 Regime: RANGING | Range pos: 45% | RSI: 38.1
  💰 Daily P&L: $+0.00

[2026-07-27 10:23] O:7448.00 H:7448.00 L:7440.00 C:7441.00 V:2899.0
  📈 Trend: strong_bearish | 🌍 Regime: ranging
  🗺️  Grid: 0.086% | 🔺 7450.00 🔻 7444.50
  📡 RSI: 35.9 | MACD: -1.15 | ATR: 5.30
  📊 Filled: 0 | Pending: 0
  🔲 Regime: RANGING | Range pos: 32% | RSI: 35.9
  💰 Daily P&L: $+0.00

[2026-07-27 10:24] O:7441.00 H:7441.50 L:7438.50 C:7440.00 V:2826.0
  📈 Trend: strong_bearish | 🌍 Regime: trending_bearish
  🗺️  Grid: 0.083% | 🔺 7448.00 🔻 7440.00
  📡 RSI: 34.5 | MACD: -1.64 | ATR: 5.16
  📊 Filled: 0 | Pending: 0
  💰 Daily P&L: $+0.00

[2026-07-27 10:25] O:7440.00 H:7441.75 L:7438.50 C:7439.75 V:3269.0
  📈 Trend: strong_bearish | 🌍 Regime: trending_bearish
  🗺️  Grid: 0.081% | 🔺 7441.50 🔻 7438.50
  📡 RSI: 30.9 | MACD: -2.02 | ATR: 5.02
  📊 Filled: 0 | Pending: 0
  💰 Daily P&L: $+0.00

[2026-07-27 10:26] O:7439.75 H:7442.75 L:7439.00 C:7442.00 V:2499.0
  📈 Trend: strong_bearish | 🌍 Regime: trending_bearish
  🗺️  Grid: 0.080% | 🔺 7441.75 🔻 7438.50
  📡 RSI: 33.8 | MACD: -2.12 | ATR: 4.98
  📊 Filled: 0 | Pending: 0
  💰 Daily P&L: $+0.00

[2026-07-27 10:27] O:7441.75 H:7443.75 L:7439.50 C:7439.75 V:3025.0
  📈 Trend: strong_bearish | 🌍 Regime: trending_bearish
  🗺️  Grid: 0.080% | 🔺 7442.75 🔻 7439.00
  📡 RSI: 29.5 | MACD: -2.35 | ATR: 4.98
  📊 Filled: 0 | Pending: 0
  💰 Daily P&L: $+0.00

[2026-07-27 10:28] O:7440.00 H:7440.25 L:7436.75 C:7438.75 V:2431.0
  📈 Trend: strong_bearish | 🌍 Regime: trending_bearish
  🗺️  Grid: 0.080% | 🔺 7443.75 🔻 7439.50
  📡 RSI: 31.0 | MACD: -2.58 | ATR: 4.82
  📊 Filled: 0 | Pending: 0
  💰 Daily P&L: $+0.00

[2026-07-27 10:29] O:7438.75 H:7442.00 L:7438.50 C:7441.00 V:2516.0
  📈 Trend: strong_bearish | 🌍 Regime: trending_bearish
  🗺️  Grid: 0.080% | 🔺 7440.25 🔻 7436.75
  📡 RSI: 41.1 | MACD: -2.56 | ATR: 4.55
  📊 Filled: 0 | Pending: 0
  💰 Daily P&L: $+0.00

[2026-07-27 10:30] O:7441.00 H:7441.50 L:7437.00 C:7437.75 V:3025.0
  📈 Trend: strong_bearish | 🌍 Regime: trending_bearish
  🗺️  Grid: 0.080% | 🔺 7442.00 🔻 7438.50
  📡 RSI: 37.9 | MACD: -2.77 | ATR: 4.66
  📊 Filled: 0 | Pending: 0
  💰 Daily P&L: $+0.00

[2026-07-27 10:31] O:7438.00 H:7441.25 L:7435.75 C:7435.75 V:2874.0
  📈 Trend: strong_bearish | 🌍 Regime: trending_bearish
  🗺️  Grid: 0.080% | 🔺 7441.50 🔻 7437.00
  📡 RSI: 39.0 | MACD: -3.06 | ATR: 4.77
  📊 Filled: 0 | Pending: 0
  💰 Daily P&L: $+0.00

[2026-07-27 10:32] O:7436.00 H:7438.00 L:7432.75 C:7433.00 V:3706.0
  📈 Trend: strong_bearish | 🌍 Regime: trending_bearish
  🗺️  Grid: 0.080% | 🔺 7441.25 🔻 7435.75
  📡 RSI: 36.6 | MACD: -3.48 | ATR: 4.70
  📊 Filled: 0 | Pending: 0
  💰 Daily P&L: $+0.00

[2026-07-27 10:33] O:7433.00 H:7434.50 L:7431.25 C:7433.00 V:3314.0
  📈 Trend: strong_bearish | 🌍 Regime: trending_bearish
  🗺️  Grid: 0.080% | 🔺 7438.00 🔻 7432.75
  📡 RSI: 28.7 | MACD: -3.76 | ATR: 4.57
  📊 Filled: 0 | Pending: 0
  💰 Daily P&L: $+0.00

[2026-07-27 10:34] O:7433.00 H:7434.75 L:7431.50 C:7432.25 V:2506.0
  📈 Trend: strong_bearish | 🌍 Regime: trending_bearish
  🗺️  Grid: 0.080% | 🔺 7434.50 🔻 7431.25
  📡 RSI: 20.8 | MACD: -4.00 | ATR: 4.45
  📊 Filled: 0 | Pending: 0
  💰 Daily P&L: $+0.00

[2026-07-27 10:35] O:7432.25 H:7433.25 L:7428.50 C:7429.00 V:3995.0
  📈 Trend: strong_bearish | 🌍 Regime: trending_bearish
  🗺️  Grid: 0.080% | 🔺 7434.75 🔻 7431.50
  📡 RSI: 21.2 | MACD: -4.40 | ATR: 4.38
  📊 Filled: 0 | Pending: 0
  💰 Daily P&L: $+0.00

[2026-07-27 10:36] O:7429.00 H:7430.75 L:7426.50 C:7426.50 V:2978.0
  📈 Trend: strong_bearish | 🌍 Regime: trending_bearish
  🗺️  Grid: 0.080% | 🔺 7433.25 🔻 7428.50
  📡 RSI: 14.9 | MACD: -4.87 | ATR: 4.29
  📊 Filled: 0 | Pending: 0
  💰 Daily P&L: $+0.00

[2026-07-27 10:37] O:7426.75 H:7427.00 L:7422.50 C:7423.00 V:3312.0
  📈 Trend: strong_bearish | 🌍 Regime: trending_bearish
  🗺️  Grid: 0.080% | 🔺 7430.75 🔻 7426.50
  📡 RSI: 16.7 | MACD: -5.45 | ATR: 4.04
  📊 Filled: 0 | Pending: 0
  💰 Daily P&L: $+0.00

[2026-07-27 10:38] O:7423.00 H:7426.75 L:7421.25 C:7425.75 V:3360.0
  📈 Trend: strong_bearish | 🌍 Regime: trending_bearish
  🗺️  Grid: 0.080% | 🔺 7427.00 🔻 7422.50
  📡 RSI: 25.2 | MACD: -5.63 | ATR: 4.21
  📊 Filled: 0 | Pending: 0
  💰 Daily P&L: $+0.00

[2026-07-27 10:39] O:7426.00 H:7429.00 L:7426.00 C:7427.50 V:3612.0
  📈 Trend: strong_bearish | 🌍 Regime: trending_bearish
  🗺️  Grid: 0.080% | 🔺 7426.75 🔻 7421.25
  📡 RSI: 29.8 | MACD: -5.57 | ATR: 4.21
  📊 Filled: 0 | Pending: 0
  💰 Daily P&L: $+0.00

[2026-07-27 10:40] O:7427.75 H:7429.25 L:7424.25 C:7426.25 V:3408.0
  📈 Trend: strong_bearish | 🌍 Regime: trending_bearish
  🗺️  Grid: 0.080% | 🔺 7429.00 🔻 7426.00
  📡 RSI: 23.1 | MACD: -5.55 | ATR: 4.30
  📊 Filled: 0 | Pending: 0
  💰 Daily P&L: $+0.00

[2026-07-27 10:41] O:7426.50 H:7429.00 L:7425.50 C:7428.00 V:3147.0
  📈 Trend: strong_bearish | 🌍 Regime: trending_bearish
  🗺️  Grid: 0.080% | 🔺 7429.25 🔻 7424.25
  📡 RSI: 29.6 | MACD: -5.34 | ATR: 4.25
  📊 Filled: 0 | Pending: 0
  💰 Daily P&L: $+0.00

[2026-07-27 10:42] O:7428.25 H:7432.25 L:7428.00 C:7432.00 V:3285.0
  📈 Trend: strong_bearish | 🌍 Regime: trending_bearish
  🗺️  Grid: 0.080% | 🔺 7429.00 🔻 7425.50
  📡 RSI: 39.4 | MACD: -4.79 | ATR: 4.30
  📊 Filled: 0 | Pending: 0
  💰 Daily P&L: $+0.00

[2026-07-27 10:43] O:7432.00 H:7433.25 L:7427.75 C:7428.25 V:2819.0
  📈 Trend: strong_bearish | 🌍 Regime: trending_bearish
  🗺️  Grid: 0.080% | 🔺 7432.25 🔻 7428.00
  📡 RSI: 30.8 | MACD: -4.61 | ATR: 4.45
  📊 Filled: 0 | Pending: 0
  💰 Daily P&L: $+0.00

[2026-07-27 10:44] O:7428.25 H:7432.75 L:7428.25 C:7432.50 V:2342.0
  📈 Trend: strong_bearish | 🌍 Regime: trending_bearish
  🗺️  Grid: 0.080% | 🔺 7433.25 🔻 7427.75
  📡 RSI: 42.3 | MACD: -4.07 | ATR: 4.45
  📊 Filled: 0 | Pending: 0
  💰 Daily P&L: $+0.00

[2026-07-27 10:45] O:7432.50 H:7433.75 L:7428.00 C:7428.50 V:2604.0
  📈 Trend: strong_bearish | 🌍 Regime: trending_bearish
  🗺️  Grid: 0.080% | 🔺 7432.75 🔻 7428.25
  📡 RSI: 40.0 | MACD: -3.93 | ATR: 4.46
  📊 Filled: 0 | Pending: 0
  💰 Daily P&L: $+0.00

[2026-07-27 10:46] O:7428.25 H:7431.25 L:7427.75 C:7429.00 V:2225.0
  📈 Trend: strong_bearish | 🌍 Regime: trending_bearish
  🗺️  Grid: 0.080% | 🔺 7433.75 🔻 7428.00
  📡 RSI: 44.1 | MACD: -3.73 | ATR: 4.34
  📊 Filled: 0 | Pending: 0
  💰 Daily P&L: $+0.00

[2026-07-27 10:47] O:7429.00 H:7430.50 L:7424.75 C:7426.25 V:2111.0
  📈 Trend: strong_bearish | 🌍 Regime: trending_bearish
  🗺️  Grid: 0.080% | 🔺 7431.25 🔻 7427.75
  📡 RSI: 40.8 | MACD: -3.75 | ATR: 4.52
  📊 Filled: 0 | Pending: 0
  💰 Daily P&L: $+0.00

[2026-07-27 10:48] O:7426.50 H:7430.75 L:7426.50 C:7427.50 V:2313.0
  📈 Trend: strong_bearish | 🌍 Regime: trending_bearish
  🗺️  Grid: 0.080% | 🔺 7430.50 🔻 7424.75
  📡 RSI: 43.6 | MACD: -3.62 | ATR: 4.61
  📊 Filled: 0 | Pending: 0
  💰 Daily P&L: $+0.00

[2026-07-27 10:49] O:7427.25 H:7427.75 L:7425.25 C:7427.00 V:2125.0
  📈 Trend: strong_bearish | 🌍 Regime: trending_bearish
  🗺️  Grid: 0.080% | 🔺 7430.75 🔻 7426.50
  📡 RSI: 47.1 | MACD: -3.52 | ATR: 4.45
  📊 Filled: 0 | Pending: 0
  💰 Daily P&L: $+0.00

[2026-07-27 10:50] O:7427.00 H:7429.00 L:7425.25 C:7428.25 V:2162.0
  📈 Trend: strong_bearish | 🌍 Regime: trending_bearish
  🗺️  Grid: 0.080% | 🔺 7427.75 🔻 7425.25
  📡 RSI: 52.6 | MACD: -3.30 | ATR: 4.41
  📊 Filled: 0 | Pending: 0
  💰 Daily P&L: $+0.00

[2026-07-27 10:51] O:7428.25 H:7432.25 L:7428.00 C:7430.00 V:2423.0
  📈 Trend: strong_bearish | 🌍 Regime: trending_bearish
  🗺️  Grid: 0.080% | 🔺 7429.00 🔻 7425.25
  📡 RSI: 61.1 | MACD: -2.95 | ATR: 4.39
  📊 Filled: 0 | Pending: 0
  💰 Daily P&L: $+0.00

[2026-07-27 10:52] O:7429.75 H:7431.00 L:7426.50 C:7427.25 V:1920.0
  📈 Trend: strong_bearish | 🌍 Regime: trending_bearish
  🗺️  Grid: 0.080% | 🔺 7432.25 🔻 7428.00
  📡 RSI: 52.4 | MACD: -2.86 | ATR: 4.32
  📊 Filled: 0 | Pending: 0
  💰 Daily P&L: $+0.00

[2026-07-27 10:53] O:7427.00 H:7428.25 L:7425.00 C:7428.00 V:1743.0
  📈 Trend: strong_bearish | 🌍 Regime: trending_bearish
  🗺️  Grid: 0.080% | 🔺 7431.00 🔻 7426.50
  📡 RSI: 50.8 | MACD: -2.70 | ATR: 4.32
  📊 Filled: 0 | Pending: 0
  💰 Daily P&L: $+0.00

[2026-07-27 10:54] O:7428.25 H:7429.50 L:7427.00 C:7428.75 V:2003.0
  📈 Trend: strong_bearish | 🌍 Regime: trending_bearish
  🗺️  Grid: 0.080% | 🔺 7428.25 🔻 7425.00
  📡 RSI: 54.2 | MACD: -2.49 | ATR: 4.14
  📊 Filled: 0 | Pending: 0
  💰 Daily P&L: $+0.00

[2026-07-27 10:55] O:7428.50 H:7431.75 L:7427.50 C:7431.50 V:2080.0
  📈 Trend: strong_bearish (raw: moderate_bearish) | 🌍 Regime: trending_bearish
  🗺️  Grid: 0.080% | 🔺 7429.50 🔻 7427.00
  📡 RSI: 55.6 | MACD: -2.07 | ATR: 4.20
  📊 Filled: 0 | Pending: 0
  💰 Daily P&L: $+0.00

[2026-07-27 10:56] O:7431.25 H:7433.25 L:7430.25 C:7431.25 V:2295.0
  📈 Trend: moderate_bearish | 🌍 Regime: trending_bearish
  🗺️  Grid: 0.080% | 🔺 7431.75 🔻 7427.50
  📡 RSI: 48.6 | MACD: -1.74 | ATR: 4.11
  📊 Filled: 0 | Pending: 0
  💰 Daily P&L: $+0.00

[2026-07-27 10:57] O:7431.25 H:7434.50 L:7430.25 C:7433.00 V:2150.0
  📈 Trend: moderate_bearish | 🌍 Regime: trending_bearish
  🗺️  Grid: 0.080% | 🔺 7433.25 🔻 7430.25
  📡 RSI: 59.4 | MACD: -1.32 | ATR: 4.02
  📊 Filled: 0 | Pending: 0
  💰 Daily P&L: $+0.00

[2026-07-27 10:58] O:7432.75 H:7433.25 L:7428.50 C:7431.75 V:2035.0
  📈 Trend: moderate_bearish | 🌍 Regime: trending_bearish
  🗺️  Grid: 0.080% | 🔺 7434.50 🔻 7430.25
  📡 RSI: 48.3 | MACD: -1.08 | ATR: 4.04
  📊 Filled: 0 | Pending: 0
  💰 Daily P&L: $+0.00

[2026-07-27 10:59] O:7431.75 H:7434.50 L:7431.50 C:7433.00 V:1982.0
  📈 Trend: moderate_bearish | 🌍 Regime: trending_bearish
  🗺️  Grid: 0.080% | 🔺 7433.25 🔻 7428.50
  📡 RSI: 61.5 | MACD: -0.77 | ATR: 3.84
  📊 Filled: 0 | Pending: 0
  💰 Daily P&L: $+0.00

[2026-07-27 11:00] O:7433.00 H:7436.75 L:7432.50 C:7433.50 V:2974.0
  📈 Trend: moderate_bearish | 🌍 Regime: trending_bearish
  🗺️  Grid: 0.080% | 🔺 7434.50 🔻 7431.50
  📡 RSI: 61.5 | MACD: -0.49 | ATR: 3.89
  📊 Filled: 0 | Pending: 0
  💰 Daily P&L: $+0.00

[2026-07-27 11:01] O:7433.50 H:7435.25 L:7432.25 C:7433.75 V:2092.0
  📈 Trend: moderate_bearish | 🌍 Regime: trending_bearish
  🗺️  Grid: 0.080% | 🔺 7436.75 🔻 7432.50
  📡 RSI: 72.1 | MACD: -0.24 | ATR: 3.70
  📊 Filled: 0 | Pending: 0
  💰 Daily P&L: $+0.00

[2026-07-27 11:02] O:7433.75 H:7435.00 L:7431.75 C:7433.25 V:1845.0
  📈 Trend: moderate_bearish | 🌍 Regime: trending_bearish
  🗺️  Grid: 0.080% | 🔺 7435.25 🔻 7432.25
  📡 RSI: 67.7 | MACD: -0.08 | ATR: 3.61
  📊 Filled: 0 | Pending: 0
  💰 Daily P&L: $+0.00

[2026-07-27 11:03] O:7433.00 H:7436.00 L:7433.00 C:7435.50 V:1616.0
  📈 Trend: moderate_bearish (raw: moderate_bullish) | 🌍 Regime: trending_bullish
  🗺️  Grid: 0.080% | 🔺 7435.00 🔻 7431.75
  📡 RSI: 73.6 | MACD: 0.22 | ATR: 3.64
  📊 Filled: 0 | Pending: 0
  💰 Daily P&L: $+0.00

[2026-07-27 11:04] O:7435.75 H:7439.75 L:7435.50 C:7439.50 V:2512.0
  📈 Trend: moderate_bullish | 🌍 Regime: trending_bullish
  🗺️  Grid: 0.080% | 🔺 7436.00 🔻 7433.00
  📡 RSI: 77.1 | MACD: 0.78 | ATR: 3.68
  📊 Filled: 0 | Pending: 0
  💰 Daily P&L: $+0.00

[2026-07-27 11:05] O:7439.50 H:7441.75 L:7439.25 C:7439.50 V:2624.0
  📈 Trend: moderate_bullish | 🌍 Regime: trending_bullish
  🗺️  Grid: 0.080% | 🔺 7439.75 🔻 7435.50
  📡 RSI: 75.0 | MACD: 1.20 | ATR: 3.55
  📊 Filled: 0 | Pending: 0
  💰 Daily P&L: $+0.00

[2026-07-27 11:06] O:7439.50 H:7440.25 L:7435.25 C:7438.00 V:2318.0
  📈 Trend: moderate_bullish | 🌍 Regime: trending_bullish
  🗺️  Grid: 0.080% | 🔺 7441.75 🔻 7439.25
  📡 RSI: 80.3 | MACD: 1.40 | ATR: 3.59
  📊 Filled: 0 | Pending: 0
  💰 Daily P&L: $+0.00

[2026-07-27 11:07] O:7438.25 H:7438.75 L:7435.75 C:7437.25 V:2027.0
  📈 Trend: moderate_bullish | 🌍 Regime: trending_bullish
  🗺️  Grid: 0.080% | 🔺 7440.25 🔻 7435.25
  📡 RSI: 76.1 | MACD: 1.49 | ATR: 3.57
  📊 Filled: 0 | Pending: 0
  💰 Daily P&L: $+0.00

[2026-07-27 11:08] O:7437.25 H:7440.50 L:7436.00 C:7439.50 V:1653.0
  📈 Trend: moderate_bullish | 🌍 Regime: trending_bullish
  🗺️  Grid: 0.080% | 🔺 7438.75 🔻 7435.75
  📡 RSI: 77.9 | MACD: 1.71 | ATR: 3.71
  📊 Filled: 0 | Pending: 0
  💰 Daily P&L: $+0.00

[2026-07-27 11:09] O:7439.50 H:7441.75 L:7438.25 C:7441.25 V:1665.0
  📈 Trend: moderate_bullish | 🌍 Regime: trending_bullish
  🗺️  Grid: 0.080% | 🔺 7440.50 🔻 7436.00
  📡 RSI: 76.7 | MACD: 2.01 | ATR: 3.66
  📊 Filled: 0 | Pending: 0
  💰 Daily P&L: $+0.00

[2026-07-27 11:10] O:7441.25 H:7444.50 L:7441.25 C:7444.25 V:2120.0
  📈 Trend: moderate_bullish (raw: strong_bullish) | 🌍 Regime: trending_bullish
  🗺️  Grid: 0.080% | 🔺 7441.75 🔻 7438.25
  📡 RSI: 81.0 | MACD: 2.46 | ATR: 3.68
  📊 Filled: 0 | Pending: 0
  💰 Daily P&L: $+0.00

[2026-07-27 11:11] O:7444.25 H:7445.25 L:7442.00 C:7442.75 V:2219.0
  📈 Trend: strong_bullish | 🌍 Regime: trending_bullish
  🗺️  Grid: 0.080% | 🔺 7444.50 🔻 7441.25
  📡 RSI: 73.5 | MACD: 2.66 | ATR: 3.61
  📊 Filled: 0 | Pending: 0
  💰 Daily P&L: $+0.00

[2026-07-27 11:12] O:7442.75 H:7444.50 L:7441.50 C:7442.00 V:2122.0
  📈 Trend: strong_bullish | 🌍 Regime: trending_bullish
  🗺️  Grid: 0.080% | 🔺 7445.25 🔻 7442.00
  📡 RSI: 75.3 | MACD: 2.73 | ATR: 3.48
  📊 Filled: 0 | Pending: 0
  💰 Daily P&L: $+0.00

[2026-07-27 11:13] O:7442.25 H:7442.50 L:7435.50 C:7436.00 V:2583.0
  📈 Trend: strong_bullish | 🌍 Regime: trending_bullish
  🗺️  Grid: 0.080% | 🔺 7444.50 🔻 7441.50
  📡 RSI: 56.0 | MACD: 2.28 | ATR: 3.77
  📊 Filled: 0 | Pending: 0
  💰 Daily P&L: $+0.00

[2026-07-27 11:14] O:7435.75 H:7436.75 L:7431.75 C:7432.75 V:2972.0
  📈 Trend: strong_bullish (raw: moderate_bullish) | 🌍 Regime: trending_bullish
  🗺️  Grid: 0.080% | 🔺 7442.50 🔻 7435.50
  📡 RSI: 48.6 | MACD: 1.64 | ATR: 3.82
  📊 Filled: 0 | Pending: 0
  💰 Daily P&L: $+0.00

[2026-07-27 11:15] O:7432.50 H:7433.25 L:7430.75 C:7431.75 V:2330.0
  📈 Trend: moderate_bullish | 🌍 Regime: trending_bullish
  🗺️  Grid: 0.080% | 🔺 7436.75 🔻 7431.75
  📡 RSI: 46.5 | MACD: 1.03 | ATR: 3.79
  📊 Filled: 0 | Pending: 0
  💰 Daily P&L: $+0.00

[2026-07-27 11:16] O:7431.75 H:7432.00 L:7426.75 C:7428.25 V:2908.0
  📈 Trend: moderate_bullish (raw: moderate_bearish) | 🌍 Regime: ranging
  🗺️  Grid: 0.080% | 🔺 7433.25 🔻 7430.75
  📡 RSI: 42.1 | MACD: 0.27 | ATR: 3.93
  📊 Filled: 0 | Pending: 0
  🔲 Regime: RANGING | Range pos: 12% | RSI: 42.1
  💰 Daily P&L: $+0.00

[2026-07-27 11:17] O:7428.50 H:7431.00 L:7427.75 C:7430.25 V:1756.0
  📈 Trend: moderate_bullish (raw: strong_bearish) | 🌍 Regime: ranging
  🗺️  Grid: 0.080% | 🔺 7432.00 🔻 7426.75
  📡 RSI: 41.6 | MACD: -0.17 | ATR: 3.95
  📊 Filled: 0 | Pending: 0
  🔲 Regime: RANGING | Range pos: 16% | RSI: 41.6
  💰 Daily P&L: $+0.00

[2026-07-27 11:18] O:7430.25 H:7432.75 L:7430.00 C:7432.00 V:1950.0
  📈 Trend: strong_bearish | 🌍 Regime: ranging
  🗺️  Grid: 0.080% | 🔺 7431.00 🔻 7427.75
  📡 RSI: 37.1 | MACD: -0.37 | ATR: 3.84
  📊 Filled: 0 | Pending: 0
  🔲 Regime: RANGING | Range pos: 19% | RSI: 37.1
  💰 Daily P&L: $+0.00

[2026-07-27 11:19] O:7432.25 H:7433.00 L:7429.50 C:7431.00 V:1676.0
  📈 Trend: strong_bearish | 🌍 Regime: ranging
  🗺️  Grid: 0.080% | 🔺 7432.75 🔻 7430.00
  📡 RSI: 35.8 | MACD: -0.61 | ATR: 3.91
  📊 Filled: 0 | Pending: 0
  🔲 Regime: RANGING | Range pos: 17% | RSI: 35.8
  💰 Daily P&L: $+0.00

[2026-07-27 11:20] O:7431.25 H:7433.50 L:7428.75 C:7432.50 V:1876.0
  📈 Trend: strong_bearish | 🌍 Regime: ranging
  🗺️  Grid: 0.080% | 🔺 7433.00 🔻 7429.50
  📡 RSI: 40.8 | MACD: -0.66 | ATR: 3.89
  📊 Filled: 0 | Pending: 0
  🔲 Regime: RANGING | Range pos: 20% | RSI: 40.8
  💰 Daily P&L: $+0.00

[2026-07-27 11:21] O:7432.50 H:7436.25 L:7430.75 C:7431.25 V:2229.0
  📈 Trend: strong_bearish | 🌍 Regime: ranging
  🗺️  Grid: 0.080% | 🔺 7433.50 🔻 7428.75
  📡 RSI: 40.2 | MACD: -0.80 | ATR: 4.07
  📊 Filled: 0 | Pending: 0
  🔲 Regime: RANGING | Range pos: 17% | RSI: 40.2
  💰 Daily P&L: $+0.00

[2026-07-27 11:22] O:7431.25 H:7433.50 L:7429.50 C:7433.25 V:1709.0
  📈 Trend: strong_bearish | 🌍 Regime: ranging
  🗺️  Grid: 0.080% | 🔺 7436.25 🔻 7430.75
  📡 RSI: 39.7 | MACD: -0.74 | ATR: 4.04
  📊 Filled: 0 | Pending: 0
  🔲 Regime: RANGING | Range pos: 21% | RSI: 39.7
  💰 Daily P&L: $+0.00

[2026-07-27 11:23] O:7433.00 H:7433.75 L:7430.25 C:7433.50 V:1803.0
  📈 Trend: strong_bearish | 🌍 Regime: ranging
  🗺️  Grid: 0.080% | 🔺 7433.50 🔻 7429.50
  📡 RSI: 36.5 | MACD: -0.66 | ATR: 4.04
  📊 Filled: 0 | Pending: 0
  🔲 Regime: RANGING | Range pos: 21% | RSI: 36.5
  💰 Daily P&L: $+0.00

[2026-07-27 11:24] O:7433.75 H:7436.50 L:7433.00 C:7435.75 V:1858.0
  📈 Trend: strong_bearish | 🌍 Regime: ranging
  🗺️  Grid: 0.080% | 🔺 7433.75 🔻 7430.25
  📡 RSI: 34.8 | MACD: -0.42 | ATR: 4.05
  📊 Filled: 0 | Pending: 0
  🔲 Regime: RANGING | Range pos: 25% | RSI: 34.8
  🚫 Raw trend blocks RANGING LONG | raw: strong_bearish
  💰 Daily P&L: $+0.00

[2026-07-27 11:25] O:7436.00 H:7454.50 L:7435.25 C:7453.50 V:15825.0
  📈 Trend: strong_bearish (raw: strong_bullish) | 🌍 Regime: ranging
  🗺️  Grid: 0.084% | 🔺 7436.50 🔻 7433.00
  📡 RSI: 62.1 | MACD: 1.20 | ATR: 5.20
  📊 Filled: 0 | Pending: 0
  🔲 Regime: RANGING | Range pos: 56% | RSI: 62.1
  💰 Daily P&L: $+0.00

[2026-07-27 11:26] O:7453.50 H:7455.25 L:7445.50 C:7446.75 V:7320.0
  📈 Trend: strong_bullish | 🌍 Regime: ranging
  🗺️  Grid: 0.092% | 🔺 7454.50 🔻 7435.25
  📡 RSI: 54.7 | MACD: 1.91 | ATR: 5.68
  📊 Filled: 0 | Pending: 0
  🔲 Regime: RANGING | Range pos: 45% | RSI: 54.7
  💰 Daily P&L: $+0.00

[2026-07-27 11:27] O:7446.50 H:7451.00 L:7446.00 C:7450.00 V:3339.0
  📈 Trend: strong_bullish | 🌍 Regime: ranging
  🗺️  Grid: 0.089% | 🔺 7455.25 🔻 7445.50
  📡 RSI: 64.7 | MACD: 2.71 | ATR: 5.54
  📊 Filled: 0 | Pending: 0
  🔲 Regime: RANGING | Range pos: 50% | RSI: 64.7
  💰 Daily P&L: $+0.00

[2026-07-27 11:28] O:7450.00 H:7453.00 L:7446.75 C:7447.75 V:3493.0
  📈 Trend: strong_bullish | 🌍 Regime: ranging
  🗺️  Grid: 0.091% | 🔺 7451.00 🔻 7446.00
  📡 RSI: 66.1 | MACD: 3.12 | ATR: 5.62
  📊 Filled: 0 | Pending: 0
  🔲 Regime: RANGING | Range pos: 46% | RSI: 66.1
  💰 Daily P&L: $+0.00

[2026-07-27 11:29] O:7448.00 H:7448.50 L:7443.75 C:7445.50 V:2599.0
  📈 Trend: strong_bullish | 🌍 Regime: ranging
  🗺️  Grid: 0.093% | 🔺 7453.00 🔻 7446.75
  📡 RSI: 64.4 | MACD: 3.23 | ATR: 5.79
  📊 Filled: 0 | Pending: 0
  🔲 Regime: RANGING | Range pos: 42% | RSI: 64.4
  💰 Daily P&L: $+0.00

[2026-07-27 11:30] O:7445.50 H:7450.25 L:7444.50 C:7448.25 V:3037.0
  📈 Trend: strong_bullish | 🌍 Regime: ranging
  🗺️  Grid: 0.094% | 🔺 7448.50 🔻 7443.75
  📡 RSI: 71.3 | MACD: 3.49 | ATR: 5.82
  📊 Filled: 0 | Pending: 0
  🔲 Regime: RANGING | Range pos: 47% | RSI: 71.3
  💰 Daily P&L: $+0.00

[2026-07-27 11:31] O:7448.25 H:7451.50 L:7448.00 C:7450.75 V:2138.0
  📈 Trend: strong_bullish | 🌍 Regime: ranging
  🗺️  Grid: 0.094% | 🔺 7450.25 🔻 7444.50
  📡 RSI: 71.6 | MACD: 3.86 | ATR: 5.84
  📊 Filled: 0 | Pending: 0
  🔲 Regime: RANGING | Range pos: 52% | RSI: 71.6
  💰 Daily P&L: $+0.00

[2026-07-27 11:32] O:7450.50 H:7450.75 L:7445.50 C:7446.75 V:2564.0
  📈 Trend: strong_bullish | 🌍 Regime: ranging
  🗺️  Grid: 0.097% | 🔺 7451.50 🔻 7448.00
  📡 RSI: 64.8 | MACD: 3.79 | ATR: 6.02
  📊 Filled: 0 | Pending: 0
  🔲 Regime: RANGING | Range pos: 45% | RSI: 64.8
  💰 Daily P&L: $+0.00

[2026-07-27 11:33] O:7446.75 H:7447.25 L:7442.00 C:7444.50 V:2469.0
  📈 Trend: strong_bullish | 🌍 Regime: ranging
  🗺️  Grid: 0.099% | 🔺 7450.75 🔻 7445.50
  📡 RSI: 63.2 | MACD: 3.51 | ATR: 6.14
  📊 Filled: 0 | Pending: 0
  🔲 Regime: RANGING | Range pos: 41% | RSI: 63.2
  💰 Daily P&L: $+0.00

[2026-07-27 11:34] O:7444.75 H:7447.50 L:7444.25 C:7447.50 V:1989.0
  📈 Trend: strong_bullish | 🌍 Regime: ranging
  🗺️  Grid: 0.097% | 🔺 7447.25 🔻 7442.00
  📡 RSI: 64.3 | MACD: 3.49 | ATR: 6.04
  📊 Filled: 0 | Pending: 0
  🔲 Regime: RANGING | Range pos: 46% | RSI: 64.3
  💰 Daily P&L: $+0.00

[2026-07-27 11:35] O:7447.25 H:7448.50 L:7444.75 C:7445.00 V:1554.0
  📈 Trend: strong_bullish | 🌍 Regime: ranging
  🗺️  Grid: 0.095% | 🔺 7447.50 🔻 7444.25
  📡 RSI: 62.8 | MACD: 3.23 | ATR: 5.91
  📊 Filled: 0 | Pending: 0
  🔲 Regime: RANGING | Range pos: 41% | RSI: 62.8
  💰 Daily P&L: $+0.00

[2026-07-27 11:36] O:7445.25 H:7448.50 L:7442.50 C:7448.50 V:1969.0
  📈 Trend: strong_bullish | 🌍 Regime: trending_bullish
  🗺️  Grid: 0.098% | 🔺 7448.50 🔻 7444.75
  📡 RSI: 63.8 | MACD: 3.28 | ATR: 6.05
  📊 Filled: 0 | Pending: 0
  💰 Daily P&L: $+0.00

[2026-07-27 11:37] O:7448.50 H:7452.00 L:7446.50 C:7446.50 V:2563.0
  📈 Trend: strong_bullish | 🌍 Regime: trending_bullish
  🗺️  Grid: 0.100% | 🔺 7448.50 🔻 7442.50
  📡 RSI: 61.4 | MACD: 3.11 | ATR: 6.20
  📊 Filled: 0 | Pending: 0
  💰 Daily P&L: $+0.00

[2026-07-27 11:38] O:7446.50 H:7450.00 L:7445.75 C:7448.75 V:1974.0
  📈 Trend: strong_bullish | 🌍 Regime: trending_bullish
  🗺️  Grid: 0.101% | 🔺 7452.00 🔻 7446.50
  📡 RSI: 61.4 | MACD: 3.13 | ATR: 6.25
  📊 Filled: 0 | Pending: 0
  💰 Daily P&L: $+0.00

[2026-07-27 11:39] O:7449.00 H:7449.00 L:7446.25 C:7447.75 V:1433.0
  📈 Trend: strong_bullish (raw: moderate_bullish) | 🌍 Regime: trending_bullish
  🗺️  Grid: 0.082% | 🔺 7450.00 🔻 7445.75
  📡 RSI: 42.9 | MACD: 3.03 | ATR: 5.07
  📊 Filled: 0 | Pending: 0
  💰 Daily P&L: $+0.00

[2026-07-27 11:40] O:7447.75 H:7449.25 L:7447.25 C:7449.00 V:1458.0
  📈 Trend: moderate_bullish | 🌍 Regime: trending_bullish
  🗺️  Grid: 0.080% | 🔺 7449.00 🔻 7446.25
  📡 RSI: 53.2 | MACD: 3.01 | ATR: 4.52
  📊 Filled: 0 | Pending: 0
  💰 Daily P&L: $+0.00

[2026-07-27 11:41] O:7449.25 H:7449.25 L:7444.50 C:7445.00 V:1657.0
  📈 Trend: moderate_bullish | 🌍 Regime: trending_bullish
  🗺️  Grid: 0.080% | 🔺 7449.25 🔻 7447.25
  📡 RSI: 43.0 | MACD: 2.64 | ATR: 4.50
  📊 Filled: 0 | Pending: 0
  💰 Daily P&L: $+0.00

[2026-07-27 11:42] O:7445.00 H:7446.00 L:7443.50 C:7444.00 V:1685.0
  📈 Trend: moderate_bullish | 🌍 Regime: trending_bullish
  🗺️  Grid: 0.080% | 🔺 7449.25 🔻 7444.50
  📡 RSI: 44.5 | MACD: 2.25 | ATR: 4.23
  📊 Filled: 0 | Pending: 0
  💰 Daily P&L: $+0.00

[2026-07-27 11:43] O:7444.00 H:7444.25 L:7440.50 C:7441.00 V:1807.0
  📈 Trend: moderate_bullish | 🌍 Regime: trending_bullish
  🗺️  Grid: 0.080% | 🔺 7446.00 🔻 7443.50
  📡 RSI: 43.6 | MACD: 1.67 | ATR: 4.16
  📊 Filled: 0 | Pending: 0
  💰 Daily P&L: $+0.00

[2026-07-27 11:44] O:7441.00 H:7442.00 L:7438.25 C:7441.50 V:1922.0
  📈 Trend: moderate_bullish (raw: moderate_bearish) | 🌍 Regime: trending_bearish
  🗺️  Grid: 0.080% | 🔺 7444.25 🔻 7440.50
  📡 RSI: 39.7 | MACD: 1.24 | ATR: 4.02
  📊 Filled: 0 | Pending: 0
  💰 Daily P&L: $+0.00

[2026-07-27 11:45] O:7441.50 H:7443.00 L:7440.75 C:7441.75 V:1510.0
  📈 Trend: moderate_bearish | 🌍 Regime: trending_bearish
  🗺️  Grid: 0.080% | 🔺 7442.00 🔻 7438.25
  📡 RSI: 35.2 | MACD: 0.91 | ATR: 3.93
  📊 Filled: 0 | Pending: 0
  💰 Daily P&L: $+0.00

[2026-07-27 11:46] O:7442.00 H:7444.50 L:7441.75 C:7443.75 V:2206.0
  📈 Trend: moderate_bearish | 🌍 Regime: trending_bearish
  🗺️  Grid: 0.080% | 🔺 7443.00 🔻 7440.75
  📡 RSI: 44.7 | MACD: 0.80 | ATR: 3.75
  📊 Filled: 0 | Pending: 0
  💰 Daily P&L: $+0.00

[2026-07-27 11:47] O:7443.75 H:7446.25 L:7443.25 C:7443.75 V:1512.0
  📈 Trend: moderate_bearish | 🌍 Regime: trending_bearish
  🗺️  Grid: 0.080% | 🔺 7444.50 🔻 7441.75
  📡 RSI: 48.6 | MACD: 0.71 | ATR: 3.59
  📊 Filled: 0 | Pending: 0
  💰 Daily P&L: $+0.00

[2026-07-27 11:48] O:7443.75 H:7445.25 L:7440.25 C:7441.50 V:1440.0
  📈 Trend: moderate_bearish | 🌍 Regime: trending_bearish
  🗺️  Grid: 0.080% | 🔺 7446.25 🔻 7443.25
  📡 RSI: 38.2 | MACD: 0.44 | ATR: 3.71
  📊 Filled: 0 | Pending: 0
  💰 Daily P&L: $+0.00

[2026-07-27 11:49] O:7441.50 H:7442.75 L:7438.75 C:7438.75 V:1451.0
  📈 Trend: moderate_bearish | 🌍 Regime: trending_bearish
  🗺️  Grid: 0.080% | 🔺 7445.25 🔻 7440.25
  📡 RSI: 37.9 | MACD: 0.01 | ATR: 3.73
  📊 Filled: 0 | Pending: 0
  💰 Daily P&L: $+0.00

[2026-07-27 11:50] O:7439.00 H:7439.00 L:7433.50 C:7433.75 V:3343.0
  📈 Trend: moderate_bearish (raw: strong_bearish) | 🌍 Regime: trending_bearish
  🗺️  Grid: 0.080% | 🔺 7442.75 🔻 7438.75
  📡 RSI: 22.9 | MACD: -0.72 | ATR: 3.70
  📊 Filled: 0 | Pending: 0
  💰 Daily P&L: $+0.00

[2026-07-27 11:51] O:7433.50 H:7434.75 L:7432.00 C:7432.75 V:2585.0
  📈 Trend: strong_bearish | 🌍 Regime: trending_bearish
  🗺️  Grid: 0.080% | 🔺 7439.00 🔻 7433.50
  📡 RSI: 23.8 | MACD: -1.37 | ATR: 3.50
  📊 Filled: 0 | Pending: 0
  💰 Daily P&L: $+0.00

[2026-07-27 11:52] O:7432.75 H:7433.50 L:7429.25 C:7430.25 V:2785.0
  📈 Trend: strong_bearish | 🌍 Regime: trending_bearish
  🗺️  Grid: 0.080% | 🔺 7434.75 🔻 7432.00
  📡 RSI: 15.1 | MACD: -2.06 | ATR: 3.50
  📊 Filled: 0 | Pending: 0
  💰 Daily P&L: $+0.00

[2026-07-27 11:53] O:7430.00 H:7430.25 L:7427.75 C:7428.75 V:1873.0
  📈 Trend: strong_bearish | 🌍 Regime: ranging
  🗺️  Grid: 0.080% | 🔺 7433.50 🔻 7429.25
  📡 RSI: 14.8 | MACD: -2.70 | ATR: 3.48
  📊 Filled: 0 | Pending: 0
  🔲 Regime: RANGING | Range pos: 13% | RSI: 14.8
  🚫 Raw trend blocks RANGING LONG | raw: strong_bearish
  💰 Daily P&L: $+0.00

[2026-07-27 11:54] O:7428.75 H:7430.00 L:7427.75 C:7429.25 V:1981.0
  📈 Trend: strong_bearish | 🌍 Regime: trending_bearish
  🗺️  Grid: 0.080% | 🔺 7430.25 🔻 7427.75
  📡 RSI: 12.4 | MACD: -3.13 | ATR: 3.50
  📊 Filled: 0 | Pending: 0
  💰 Daily P&L: $+0.00

[2026-07-27 11:55] O:7429.25 H:7429.50 L:7424.25 C:7425.25 V:3042.0
  📈 Trend: strong_bearish | 🌍 Regime: trending_bearish
  🗺️  Grid: 0.080% | 🔺 7430.00 🔻 7427.75
  📡 RSI: 12.4 | MACD: -3.75 | ATR: 3.54
  📊 Filled: 0 | Pending: 0
  💰 Daily P&L: $+0.00

[2026-07-27 11:56] O:7425.25 H:7428.25 L:7425.25 C:7427.75 V:2658.0
  📈 Trend: strong_bearish | 🌍 Regime: trending_bearish
  🗺️  Grid: 0.080% | 🔺 7429.50 🔻 7424.25
  📡 RSI: 20.7 | MACD: -3.99 | ATR: 3.57
  📊 Filled: 0 | Pending: 0
  💰 Daily P&L: $+0.00

[2026-07-27 11:57] O:7427.50 H:7429.00 L:7426.00 C:7427.25 V:2922.0
  📈 Trend: strong_bearish | 🌍 Regime: trending_bearish
  🗺️  Grid: 0.080% | 🔺 7428.25 🔻 7425.25
  📡 RSI: 22.8 | MACD: -4.18 | ATR: 3.52
  📊 Filled: 0 | Pending: 0
  💰 Daily P&L: $+0.00

[2026-07-27 11:58] O:7427.25 H:7429.00 L:7427.00 C:7428.50 V:1996.0
  📈 Trend: strong_bearish | 🌍 Regime: ranging
  🗺️  Grid: 0.080% | 🔺 7429.00 🔻 7426.00
  📡 RSI: 25.0 | MACD: -4.18 | ATR: 3.39
  📊 Filled: 0 | Pending: 0
  🔲 Regime: RANGING | Range pos: 13% | RSI: 25.0
  🚫 Raw trend blocks RANGING LONG | raw: strong_bearish
  💰 Daily P&L: $+0.00

[2026-07-27 11:59] O:7428.25 H:7429.25 L:7425.75 C:7428.00 V:2115.0
  📈 Trend: strong_bearish | 🌍 Regime: ranging
  🗺️  Grid: 0.080% | 🔺 7429.00 🔻 7427.00
  📡 RSI: 23.8 | MACD: -4.17 | ATR: 3.48
  📊 Filled: 0 | Pending: 0
  🔲 Regime: RANGING | Range pos: 12% | RSI: 23.8
  🚫 Raw trend blocks RANGING LONG | raw: strong_bearish
  💰 Daily P&L: $+0.00

[2026-07-27 12:00] O:7428.25 H:7429.00 L:7425.50 C:7428.25 V:2110.0
  📈 Trend: strong_bearish | 🌍 Regime: trending_bearish
  🗺️  Grid: 0.080% | 🔺 7429.25 🔻 7425.75
  📡 RSI: 18.4 | MACD: -4.09 | ATR: 3.54
  📊 Filled: 0 | Pending: 0
  💰 Daily P&L: $+0.00

[2026-07-27 12:01] O:7428.25 H:7428.75 L:7424.00 C:7424.50 V:1637.0
  📈 Trend: strong_bearish | 🌍 Regime: trending_bearish
  🗺️  Grid: 0.080% | 🔺 7429.00 🔻 7425.50
  📡 RSI: 15.9 | MACD: -4.28 | ATR: 3.66
  📊 Filled: 0 | Pending: 0
  💰 Daily P&L: $+0.00

[2026-07-27 12:02] O:7424.50 H:7424.50 L:7419.00 C:7420.50 V:4532.0
  📈 Trend: strong_bearish | 🌍 Regime: trending_bearish
  🗺️  Grid: 0.080% | 🔺 7428.75 🔻 7424.00
  📡 RSI: 15.0 | MACD: -4.71 | ATR: 3.70
  📊 Filled: 0 | Pending: 0
  💰 Daily P&L: $+0.00

[2026-07-27 12:03] O:7420.50 H:7420.75 L:7418.75 C:7420.75 V:2942.0
  📈 Trend: strong_bearish | 🌍 Regime: trending_bearish
  🗺️  Grid: 0.080% | 🔺 7424.50 🔻 7419.00
  📡 RSI: 17.3 | MACD: -4.96 | ATR: 3.55
  📊 Filled: 0 | Pending: 0
  💰 Daily P&L: $+0.00

[2026-07-27 12:04] O:7420.75 H:7422.00 L:7418.75 C:7419.75 V:2540.0
  📈 Trend: strong_bearish | 🌍 Regime: ranging
  🗺️  Grid: 0.080% | 🔺 7420.75 🔻 7418.75
  📡 RSI: 20.2 | MACD: -5.19 | ATR: 3.39
  📊 Filled: 0 | Pending: 0
  🔲 Regime: RANGING | Range pos: 2% | RSI: 20.2
  🚫 Raw trend blocks RANGING LONG | raw: strong_bearish
  💰 Daily P&L: $+0.00

[2026-07-27 12:05] O:7419.75 H:7421.50 L:7418.50 C:7420.00 V:2091.0
  📈 Trend: strong_bearish | 🌍 Regime: ranging
  🗺️  Grid: 0.080% | 🔺 7422.00 🔻 7418.75
  📡 RSI: 22.0 | MACD: -5.29 | ATR: 3.41
  📊 Filled: 0 | Pending: 0
  🔲 Regime: RANGING | Range pos: 2% | RSI: 22.0
  🚫 Raw trend blocks RANGING LONG | raw: strong_bearish
  💰 Daily P&L: $+0.00

[2026-07-27 12:06] O:7420.00 H:7422.00 L:7418.75 C:7421.25 V:2520.0
  📈 Trend: strong_bearish | 🌍 Regime: ranging
  🗺️  Grid: 0.080% | 🔺 7421.50 🔻 7418.50
  📡 RSI: 29.1 | MACD: -5.20 | ATR: 3.34
  📊 Filled: 0 | Pending: 0
  🔲 Regime: RANGING | Range pos: 5% | RSI: 29.1
  🚫 Raw trend blocks RANGING LONG | raw: strong_bearish
  💰 Daily P&L: $+0.00

[2026-07-27 12:07] O:7421.25 H:7423.25 L:7420.75 C:7423.25 V:2294.0
  📈 Trend: strong_bearish | 🌍 Regime: ranging
  🗺️  Grid: 0.080% | 🔺 7422.00 🔻 7418.75
  📡 RSI: 37.5 | MACD: -4.92 | ATR: 3.34
  📊 Filled: 0 | Pending: 0
  🔲 Regime: RANGING | Range pos: 8% | RSI: 37.5
  💰 Daily P&L: $+0.00

[2026-07-27 12:08] O:7423.25 H:7423.75 L:7420.75 C:7421.50 V:1930.0
  📈 Trend: strong_bearish | 🌍 Regime: ranging
  🗺️  Grid: 0.080% | 🔺 7423.25 🔻 7420.75
  📡 RSI: 33.3 | MACD: -4.78 | ATR: 3.39
  📊 Filled: 0 | Pending: 0
  🔲 Regime: RANGING | Range pos: 5% | RSI: 33.3
  🚫 Raw trend blocks RANGING LONG | raw: strong_bearish
  💰 Daily P&L: $+0.00

[2026-07-27 12:09] O:7421.50 H:7423.25 L:7420.50 C:7421.50 V:1631.0
  📈 Trend: strong_bearish | 🌍 Regime: ranging
  🗺️  Grid: 0.080% | 🔺 7423.75 🔻 7420.75
  📡 RSI: 40.3 | MACD: -4.61 | ATR: 3.21
  📊 Filled: 0 | Pending: 0
  🔲 Regime: RANGING | Range pos: 5% | RSI: 40.3
  💰 Daily P&L: $+0.00

[2026-07-27 12:10] O:7421.50 H:7422.50 L:7420.50 C:7422.25 V:1813.0
  📈 Trend: strong_bearish | 🌍 Regime: ranging
  🗺️  Grid: 0.080% | 🔺 7423.25 🔻 7420.50
  📡 RSI: 34.3 | MACD: -4.37 | ATR: 3.14
  📊 Filled: 0 | Pending: 0
  🔲 Regime: RANGING | Range pos: 6% | RSI: 34.3
  🚫 Raw trend blocks RANGING LONG | raw: strong_bearish
  💰 Daily P&L: $+0.00

[2026-07-27 12:11] O:7422.00 H:7422.50 L:7420.00 C:7420.75 V:1845.0
  📈 Trend: strong_bearish | 🌍 Regime: ranging
  🗺️  Grid: 0.080% | 🔺 7422.50 🔻 7420.50
  📡 RSI: 32.4 | MACD: -4.25 | ATR: 3.11
  📊 Filled: 0 | Pending: 0
  🔲 Regime: RANGING | Range pos: 4% | RSI: 32.4
  🚫 Raw trend blocks RANGING LONG | raw: strong_bearish
  💰 Daily P&L: $+0.00

[2026-07-27 12:12] O:7420.50 H:7424.75 L:7419.75 C:7424.25 V:2922.0
  📈 Trend: strong_bearish | 🌍 Regime: ranging
  🗺️  Grid: 0.080% | 🔺 7422.50 🔻 7420.00
  📡 RSI: 39.8 | MACD: -3.83 | ATR: 3.32
  📊 Filled: 0 | Pending: 0
  🔲 Regime: RANGING | Range pos: 10% | RSI: 39.8
  💰 Daily P&L: $+0.00

[2026-07-27 12:13] O:7424.50 H:7425.50 L:7423.00 C:7424.00 V:1981.0
  📈 Trend: strong_bearish | 🌍 Regime: ranging
  🗺️  Grid: 0.080% | 🔺 7424.75 🔻 7419.75
  📡 RSI: 40.2 | MACD: -3.48 | ATR: 3.25
  📊 Filled: 0 | Pending: 0
  🔲 Regime: RANGING | Range pos: 9% | RSI: 40.2
  💰 Daily P&L: $+0.00

[2026-07-27 12:14] O:7424.00 H:7425.50 L:7423.75 C:7424.25 V:1474.0
  📈 Trend: strong_bearish | 🌍 Regime: ranging
  🗺️  Grid: 0.080% | 🔺 7425.50 🔻 7423.00
  📡 RSI: 40.2 | MACD: -3.14 | ATR: 3.12
  📊 Filled: 0 | Pending: 0
  🔲 Regime: RANGING | Range pos: 10% | RSI: 40.2
  💰 Daily P&L: $+0.00

[2026-07-27 12:15] O:7424.50 H:7425.25 L:7422.75 C:7425.00 V:1632.0
  📈 Trend: strong_bearish | 🌍 Regime: ranging
  🗺️  Grid: 0.080% | 🔺 7425.50 🔻 7423.75
  📡 RSI: 51.4 | MACD: -2.78 | ATR: 2.96
  📊 Filled: 0 | Pending: 0
  🔲 Regime: RANGING | Range pos: 11% | RSI: 51.4
  💰 Daily P&L: $+0.00

[2026-07-27 12:16] O:7425.00 H:7425.50 L:7421.00 C:7421.75 V:1930.0
  📈 Trend: strong_bearish | 🌍 Regime: ranging
  🗺️  Grid: 0.080% | 🔺 7425.25 🔻 7422.75
  📡 RSI: 53.7 | MACD: -2.73 | ATR: 2.89
  📊 Filled: 0 | Pending: 0
  🔲 Regime: RANGING | Range pos: 5% | RSI: 53.7
  💰 Daily P&L: $+0.00

[2026-07-27 12:17] O:7421.50 H:7421.75 L:7417.25 C:7418.75 V:2486.0
  📈 Trend: strong_bearish | 🌍 Regime: ranging
  🗺️  Grid: 0.080% | 🔺 7425.50 🔻 7421.00
  📡 RSI: 44.9 | MACD: -2.90 | ATR: 3.07
  📊 Filled: 0 | Pending: 0
  🔲 Regime: RANGING | Range pos: 2% | RSI: 44.9
  💰 Daily P&L: $+0.00

[2026-07-27 12:18] O:7418.50 H:7418.75 L:7416.25 C:7417.75 V:1871.0
  📈 Trend: strong_bearish | 🌍 Regime: ranging
  🗺️  Grid: 0.080% | 🔺 7421.75 🔻 7417.25
  📡 RSI: 44.9 | MACD: -3.07 | ATR: 3.02
  📊 Filled: 0 | Pending: 0
  🔲 Regime: RANGING | Range pos: 2% | RSI: 44.9
  💰 Daily P&L: $+0.00

[2026-07-27 12:19] O:7417.75 H:7420.25 L:7417.25 C:7420.25 V:1808.0
  📈 Trend: strong_bearish | 🌍 Regime: ranging
  🗺️  Grid: 0.080% | 🔺 7418.75 🔻 7416.25
  📡 RSI: 50.6 | MACD: -2.98 | ATR: 3.02
  📊 Filled: 0 | Pending: 0
  🔲 Regime: RANGING | Range pos: 6% | RSI: 50.6
  💰 Daily P&L: $+0.00

[2026-07-27 12:20] O:7420.00 H:7425.25 L:7418.75 C:7425.00 V:2098.0
  📈 Trend: strong_bearish (raw: moderate_bearish) | 🌍 Regime: ranging
  🗺️  Grid: 0.080% | 🔺 7420.25 🔻 7417.25
  📡 RSI: 57.4 | MACD: -2.49 | ATR: 3.25
  📊 Filled: 0 | Pending: 0
  🔲 Regime: RANGING | Range pos: 14% | RSI: 57.4
  💰 Daily P&L: $+0.00

[2026-07-27 12:21] O:7425.00 H:7425.50 L:7423.00 C:7423.25 V:1521.0
  📈 Trend: moderate_bearish | 🌍 Regime: ranging
  🗺️  Grid: 0.080% | 🔺 7425.25 🔻 7418.75
  📡 RSI: 50.0 | MACD: -2.22 | ATR: 3.25
  📊 Filled: 0 | Pending: 0
  🔲 Regime: RANGING | Range pos: 11% | RSI: 50.0
  💰 Daily P&L: $+0.00

[2026-07-27 12:22] O:7423.00 H:7425.75 L:7422.00 C:7424.00 V:1246.0
  📈 Trend: moderate_bearish | 🌍 Regime: ranging
  🗺️  Grid: 0.080% | 🔺 7425.50 🔻 7423.00
  📡 RSI: 55.2 | MACD: -1.92 | ATR: 3.30
  📊 Filled: 0 | Pending: 0
  🔲 Regime: RANGING | Range pos: 12% | RSI: 55.2
  💰 Daily P&L: $+0.00

[2026-07-27 12:23] O:7423.75 H:7425.00 L:7420.75 C:7421.00 V:1443.0
  📈 Trend: moderate_bearish | 🌍 Regime: ranging
  🗺️  Grid: 0.080% | 🔺 7425.75 🔻 7422.00
  📡 RSI: 49.1 | MACD: -1.91 | ATR: 3.41
  📊 Filled: 0 | Pending: 0
  🔲 Regime: RANGING | Range pos: 8% | RSI: 49.1
  💰 Daily P&L: $+0.00

[2026-07-27 12:24] O:7420.75 H:7422.00 L:7420.25 C:7421.75 V:1149.0
  📈 Trend: moderate_bearish | 🌍 Regime: ranging
  🗺️  Grid: 0.080% | 🔺 7425.00 🔻 7420.75
  📡 RSI: 49.1 | MACD: -1.81 | ATR: 3.39
  📊 Filled: 0 | Pending: 0
  🔲 Regime: RANGING | Range pos: 9% | RSI: 49.1
  💰 Daily P&L: $+0.00

[2026-07-27 12:25] O:7422.00 H:7422.50 L:7420.75 C:7421.50 V:943.0
  📈 Trend: moderate_bearish | 🌍 Regime: ranging
  🗺️  Grid: 0.080% | 🔺 7422.00 🔻 7420.25
  📡 RSI: 51.5 | MACD: -1.74 | ATR: 3.34
  📊 Filled: 0 | Pending: 0
  🔲 Regime: RANGING | Range pos: 8% | RSI: 51.5
  💰 Daily P&L: $+0.00

[2026-07-27 12:26] O:7421.25 H:7423.00 L:7420.00 C:7423.00 V:1448.0
  📈 Trend: moderate_bearish (raw: strong_bearish) | 🌍 Regime: ranging
  🗺️  Grid: 0.080% | 🔺 7422.50 🔻 7420.75
  📡 RSI: 47.4 | MACD: -1.54 | ATR: 3.20
  📊 Filled: 0 | Pending: 0
  🔲 Regime: RANGING | Range pos: 11% | RSI: 47.4
  💰 Daily P&L: $+0.00

[2026-07-27 12:27] O:7422.75 H:7424.50 L:7422.25 C:7422.50 V:1260.0
  📈 Trend: moderate_bearish | 🌍 Regime: ranging
  🗺️  Grid: 0.080% | 🔺 7423.00 🔻 7420.00
  📡 RSI: 46.9 | MACD: -1.41 | ATR: 3.18
  📊 Filled: 0 | Pending: 0
  🔲 Regime: RANGING | Range pos: 10% | RSI: 46.9
  💰 Daily P&L: $+0.00

[2026-07-27 12:28] O:7422.50 H:7424.00 L:7422.00 C:7423.25 V:1033.0
  📈 Trend: moderate_bearish | 🌍 Regime: ranging
  🗺️  Grid: 0.080% | 🔺 7424.50 🔻 7422.25
  📡 RSI: 48.0 | MACD: -1.23 | ATR: 3.20
  📊 Filled: 0 | Pending: 0
  🔲 Regime: RANGING | Range pos: 11% | RSI: 48.0
  💰 Daily P&L: $+0.00

[2026-07-27 12:29] O:7423.25 H:7423.75 L:7419.75 C:7420.00 V:1425.0
  📈 Trend: moderate_bearish (raw: strong_bearish) | 🌍 Regime: ranging
  🗺️  Grid: 0.080% | 🔺 7424.00 🔻 7422.00
  📡 RSI: 40.7 | MACD: -1.33 | ATR: 3.30
  📊 Filled: 0 | Pending: 0
  🔲 Regime: RANGING | Range pos: 6% | RSI: 40.7
  💰 Daily P&L: $+0.00

[2026-07-27 12:30] O:7420.00 H:7421.50 L:7419.75 C:7421.50 V:1380.0
  📈 Trend: moderate_bearish | 🌍 Regime: ranging
  🗺️  Grid: 0.080% | 🔺 7423.75 🔻 7419.75
  📡 RSI: 49.5 | MACD: -1.28 | ATR: 3.11
  📊 Filled: 0 | Pending: 0
  🔲 Regime: RANGING | Range pos: 8% | RSI: 49.5
  💰 Daily P&L: $+0.00

[2026-07-27 12:31] O:7421.25 H:7423.75 L:7420.75 C:7422.50 V:1738.0
  📈 Trend: moderate_bearish (raw: strong_bearish) | 🌍 Regime: ranging
  🗺️  Grid: 0.080% | 🔺 7421.50 🔻 7419.75
  📡 RSI: 58.1 | MACD: -1.14 | ATR: 3.00
  📊 Filled: 0 | Pending: 0
  🔲 Regime: RANGING | Range pos: 10% | RSI: 58.1
  💰 Daily P&L: $+0.00

[2026-07-27 12:32] O:7422.50 H:7427.25 L:7421.50 C:7427.00 V:2058.0
  📈 Trend: moderate_bearish | 🌍 Regime: ranging
  🗺️  Grid: 0.080% | 🔺 7423.75 🔻 7420.75
  📡 RSI: 67.3 | MACD: -0.66 | ATR: 3.23
  📊 Filled: 0 | Pending: 0
  🔲 Regime: RANGING | Range pos: 17% | RSI: 67.3
  💰 Daily P&L: $+0.00

[2026-07-27 12:33] O:7426.75 H:7429.00 L:7426.25 C:7429.00 V:2081.0
  📈 Trend: moderate_bearish | 🌍 Regime: ranging
  🗺️  Grid: 0.080% | 🔺 7427.25 🔻 7421.50
  📡 RSI: 66.7 | MACD: -0.12 | ATR: 3.21
  📊 Filled: 0 | Pending: 0
  🔲 Regime: RANGING | Range pos: 20% | RSI: 66.7
  💰 Daily P&L: $+0.00

[2026-07-27 12:34] O:7428.75 H:7430.00 L:7427.50 C:7429.50 V:1749.0
  📈 Trend: moderate_bearish (raw: moderate_bullish) | 🌍 Regime: ranging
  🗺️  Grid: 0.080% | 🔺 7429.00 🔻 7426.25
  📡 RSI: 60.2 | MACD: 0.34 | ATR: 2.93
  📊 Filled: 0 | Pending: 0
  🔲 Regime: RANGING | Range pos: 21% | RSI: 60.2
  💰 Daily P&L: $+0.00

[2026-07-27 12:35] O:7429.50 H:7430.75 L:7428.00 C:7428.75 V:1863.0
  📈 Trend: moderate_bullish | 🌍 Regime: ranging
  🗺️  Grid: 0.080% | 🔺 7430.00 🔻 7427.50
  📡 RSI: 63.1 | MACD: 0.64 | ATR: 2.95
  📊 Filled: 0 | Pending: 0
  🔲 Regime: RANGING | Range pos: 20% | RSI: 63.1
  💰 Daily P&L: $+0.00

[2026-07-27 12:36] O:7428.75 H:7429.50 L:7426.50 C:7426.50 V:1432.0
  📈 Trend: moderate_bullish | 🌍 Regime: ranging
  🗺️  Grid: 0.080% | 🔺 7430.75 🔻 7428.00
  📡 RSI: 55.6 | MACD: 0.69 | ATR: 2.89
  📊 Filled: 0 | Pending: 0
  🔲 Regime: RANGING | Range pos: 16% | RSI: 55.6
  💰 Daily P&L: $+0.00

[2026-07-27 12:37] O:7426.75 H:7427.50 L:7424.25 C:7424.50 V:1923.0
  📈 Trend: moderate_bullish | 🌍 Regime: ranging
  🗺️  Grid: 0.080% | 🔺 7429.50 🔻 7426.50
  📡 RSI: 58.1 | MACD: 0.56 | ATR: 2.82
  📊 Filled: 0 | Pending: 0
  🔲 Regime: RANGING | Range pos: 13% | RSI: 58.1
  💰 Daily P&L: $+0.00

[2026-07-27 12:38] O:7424.25 H:7428.50 L:7423.25 C:7427.75 V:1389.0
  📈 Trend: moderate_bullish | 🌍 Regime: ranging
  🗺️  Grid: 0.080% | 🔺 7427.50 🔻 7424.25
  📡 RSI: 62.5 | MACD: 0.72 | ATR: 3.07
  📊 Filled: 0 | Pending: 0
  🔲 Regime: RANGING | Range pos: 18% | RSI: 62.5
  💰 Daily P&L: $+0.00

[2026-07-27 12:39] O:7427.50 H:7427.75 L:7424.75 C:7424.75 V:1101.0
  📈 Trend: moderate_bullish (raw: strong_bearish) | 🌍 Regime: ranging
  🗺️  Grid: 0.080% | 🔺 7428.50 🔻 7423.25
  📡 RSI: 56.1 | MACD: 0.59 | ATR: 3.16
  📊 Filled: 0 | Pending: 0
  🔲 Regime: RANGING | Range pos: 14% | RSI: 56.1
  💰 Daily P&L: $+0.00

[2026-07-27 12:40] O:7424.50 H:7425.25 L:7422.75 C:7423.00 V:1408.0
  📈 Trend: moderate_bullish | 🌍 Regime: ranging
  🗺️  Grid: 0.080% | 🔺 7427.75 🔻 7424.75
  📡 RSI: 50.0 | MACD: 0.34 | ATR: 3.12
  📊 Filled: 0 | Pending: 0
  🔲 Regime: RANGING | Range pos: 11% | RSI: 50.0
  💰 Daily P&L: $+0.00

[2026-07-27 12:41] O:7423.00 H:7426.50 L:7423.00 C:7426.25 V:1400.0
  📈 Trend: moderate_bullish (raw: strong_bullish) | 🌍 Regime: ranging
  🗺️  Grid: 0.080% | 🔺 7425.25 🔻 7422.75
  📡 RSI: 56.3 | MACD: 0.40 | ATR: 3.21
  📊 Filled: 0 | Pending: 0
  🔲 Regime: RANGING | Range pos: 16% | RSI: 56.3
  💰 Daily P&L: $+0.00

[2026-07-27 12:42] O:7426.25 H:7426.75 L:7423.25 C:7423.75 V:1091.0
  📈 Trend: strong_bullish | 🌍 Regime: ranging
  🗺️  Grid: 0.080% | 🔺 7426.50 🔻 7423.00
  📡 RSI: 50.8 | MACD: 0.25 | ATR: 3.32
  📊 Filled: 0 | Pending: 0
  🔲 Regime: RANGING | Range pos: 12% | RSI: 50.8
  💰 Daily P&L: $+0.00

[2026-07-27 12:43] O:7423.75 H:7425.75 L:7422.75 C:7425.50 V:1209.0
  📈 Trend: strong_bullish | 🌍 Regime: ranging
  🗺️  Grid: 0.080% | 🔺 7426.75 🔻 7423.25
  📡 RSI: 59.2 | MACD: 0.26 | ATR: 3.25
  📊 Filled: 0 | Pending: 0
  🔲 Regime: RANGING | Range pos: 15% | RSI: 59.2
  💰 Daily P&L: $+0.00

[2026-07-27 12:44] O:7425.50 H:7426.25 L:7424.00 C:7426.00 V:866.0
  📈 Trend: strong_bullish | 🌍 Regime: ranging
  🗺️  Grid: 0.080% | 🔺 7425.75 🔻 7422.75
  📡 RSI: 57.8 | MACD: 0.31 | ATR: 3.29
  📊 Filled: 0 | Pending: 0
  🔲 Regime: RANGING | Range pos: 16% | RSI: 57.8
  💰 Daily P&L: $+0.00

[2026-07-27 12:45] O:7426.00 H:7426.50 L:7423.25 C:7424.50 V:961.0
  📈 Trend: strong_bullish (raw: moderate_bullish) | 🌍 Regime: ranging
  🗺️  Grid: 0.080% | 🔺 7426.25 🔻 7424.00
  📡 RSI: 53.4 | MACD: 0.23 | ATR: 3.30
  📊 Filled: 0 | Pending: 0
  🔲 Regime: RANGING | Range pos: 13% | RSI: 53.4
  💰 Daily P&L: $+0.00

[2026-07-27 12:46] O:7424.50 H:7429.25 L:7424.50 C:7427.00 V:1668.0
  📈 Trend: strong_bullish | 🌍 Regime: ranging
  🗺️  Grid: 0.080% | 🔺 7426.50 🔻 7423.25
  📡 RSI: 50.0 | MACD: 0.36 | ATR: 3.23
  📊 Filled: 0 | Pending: 0
  🔲 Regime: RANGING | Range pos: 17% | RSI: 50.0
  💰 Daily P&L: $+0.00

[2026-07-27 12:47] O:7427.00 H:7428.50 L:7426.25 C:7427.00 V:1037.0
  📈 Trend: strong_bullish | 🌍 Regime: ranging
  🗺️  Grid: 0.080% | 🔺 7429.25 🔻 7424.50
  📡 RSI: 46.1 | MACD: 0.45 | ATR: 3.20
  📊 Filled: 0 | Pending: 0
  🔲 Regime: RANGING | Range pos: 17% | RSI: 46.1
  💰 Daily P&L: $+0.00

[2026-07-27 12:48] O:7426.75 H:7429.00 L:7425.00 C:7425.75 V:1221.0
  📈 Trend: strong_bullish | 🌍 Regime: ranging
  🗺️  Grid: 0.080% | 🔺 7428.50 🔻 7426.25
  📡 RSI: 42.9 | MACD: 0.43 | ATR: 3.30
  📊 Filled: 0 | Pending: 0
  🔲 Regime: RANGING | Range pos: 15% | RSI: 42.9
  💰 Daily P&L: $+0.00

[2026-07-27 12:49] O:7425.50 H:7427.00 L:7425.00 C:7425.25 V:873.0
  📈 Trend: strong_bullish | 🌍 Regime: ranging
  🗺️  Grid: 0.080% | 🔺 7429.00 🔻 7425.00
  📡 RSI: 43.3 | MACD: 0.36 | ATR: 3.25
  📊 Filled: 0 | Pending: 0
  🔲 Regime: RANGING | Range pos: 14% | RSI: 43.3
  💰 Daily P&L: $+0.00

[2026-07-27 12:50] O:7425.25 H:7427.75 L:7424.50 C:7426.75 V:1064.0
  📈 Trend: strong_bullish | 🌍 Regime: ranging
  🗺️  Grid: 0.080% | 🔺 7427.00 🔻 7425.00
  📡 RSI: 50.5 | MACD: 0.42 | ATR: 3.27
  📊 Filled: 0 | Pending: 0
  🔲 Regime: RANGING | Range pos: 17% | RSI: 50.5
  💰 Daily P&L: $+0.00

[2026-07-27 12:51] O:7427.00 H:7427.25 L:7425.25 C:7426.75 V:893.0
  📈 Trend: strong_bullish (raw: moderate_bullish) | 🌍 Regime: ranging
  🗺️  Grid: 0.080% | 🔺 7427.75 🔻 7424.50
  📡 RSI: 54.8 | MACD: 0.47 | ATR: 3.18
  📊 Filled: 0 | Pending: 0
  🔲 Regime: RANGING | Range pos: 17% | RSI: 54.8
  💰 Daily P&L: $+0.00

[2026-07-27 12:52] O:7426.75 H:7430.75 L:7426.25 C:7430.50 V:1417.0
  📈 Trend: strong_bullish | 🌍 Regime: ranging
  🗺️  Grid: 0.080% | 🔺 7427.25 🔻 7425.25
  📡 RSI: 55.8 | MACD: 0.80 | ATR: 3.12
  📊 Filled: 0 | Pending: 0
  🔲 Regime: RANGING | Range pos: 23% | RSI: 55.8
  💰 Daily P&L: $+0.00

[2026-07-27 12:53] O:7430.50 H:7431.50 L:7429.00 C:7430.50 V:1326.0
  📈 Trend: strong_bullish | 🌍 Regime: ranging
  🗺️  Grid: 0.080% | 🔺 7430.75 🔻 7426.25
  📡 RSI: 63.9 | MACD: 1.04 | ATR: 3.09
  📊 Filled: 0 | Pending: 0
  🔲 Regime: RANGING | Range pos: 23% | RSI: 63.9
  💰 Daily P&L: $+0.00

[2026-07-27 12:54] O:7430.50 H:7433.50 L:7430.25 C:7433.00 V:1881.0
  📈 Trend: strong_bullish | 🌍 Regime: ranging
  🗺️  Grid: 0.080% | 🔺 7431.50 🔻 7429.00
  📡 RSI: 73.3 | MACD: 1.43 | ATR: 3.14
  📊 Filled: 0 | Pending: 0
  🔲 Regime: RANGING | Range pos: 27% | RSI: 73.3
  💰 Daily P&L: $+0.00

[2026-07-27 12:55] O:7432.75 H:7434.50 L:7430.75 C:7432.00 V:2324.0
  📈 Trend: strong_bullish | 🌍 Regime: ranging
  🗺️  Grid: 0.080% | 🔺 7433.50 🔻 7430.25
  📡 RSI: 64.9 | MACD: 1.63 | ATR: 3.16
  📊 Filled: 0 | Pending: 0
  🔲 Regime: RANGING | Range pos: 25% | RSI: 64.9
  💰 Daily P&L: $+0.00

[2026-07-27 12:56] O:7432.00 H:7435.25 L:7431.50 C:7434.75 V:1655.0
  📈 Trend: strong_bullish | 🌍 Regime: ranging
  🗺️  Grid: 0.080% | 🔺 7434.50 🔻 7430.75
  📡 RSI: 78.2 | MACD: 1.99 | ATR: 3.18
  📊 Filled: 0 | Pending: 0
  🔲 Regime: RANGING | Range pos: 30% | RSI: 78.2
  💰 Daily P&L: $+0.00

[2026-07-27 12:57] O:7435.00 H:7435.75 L:7433.00 C:7433.00 V:1489.0
  📈 Trend: strong_bullish | 🌍 Regime: ranging
  🗺️  Grid: 0.080% | 🔺 7435.25 🔻 7431.50
  📡 RSI: 69.2 | MACD: 2.11 | ATR: 3.16
  📊 Filled: 0 | Pending: 0
  🔲 Regime: RANGING | Range pos: 27% | RSI: 69.2
  💰 Daily P&L: $+0.00

[2026-07-27 12:58] O:7433.00 H:7435.25 L:7433.00 C:7434.25 V:1320.0
  📈 Trend: strong_bullish | 🌍 Regime: ranging
  🗺️  Grid: 0.080% | 🔺 7435.75 🔻 7433.00
  📡 RSI: 70.4 | MACD: 2.28 | ATR: 3.16
  📊 Filled: 0 | Pending: 0
  🔲 Regime: RANGING | Range pos: 29% | RSI: 70.4
  💰 Daily P&L: $+0.00

[2026-07-27 12:59] O:7434.25 H:7436.50 L:7434.00 C:7436.00 V:1911.0
  📈 Trend: strong_bullish | 🌍 Regime: ranging
  🗺️  Grid: 0.080% | 🔺 7435.25 🔻 7433.00
  📡 RSI: 78.0 | MACD: 2.53 | ATR: 3.11
  📊 Filled: 0 | Pending: 0
  🔲 Regime: RANGING | Range pos: 32% | RSI: 78.0
  💰 Daily P&L: $+0.00

[2026-07-27 13:00] O:7436.25 H:7437.25 L:7434.25 C:7434.25 V:2222.0
  📈 Trend: strong_bullish | 🌍 Regime: ranging
  🗺️  Grid: 0.080% | 🔺 7436.50 🔻 7434.00
  📡 RSI: 68.4 | MACD: 2.55 | ATR: 2.98
  📊 Filled: 0 | Pending: 0
  🔲 Regime: RANGING | Range pos: 29% | RSI: 68.4
  💰 Daily P&L: $+0.00

[2026-07-27 13:01] O:7434.25 H:7437.50 L:7434.25 C:7434.75 V:2042.0
  📈 Trend: strong_bullish | 🌍 Regime: ranging
  🗺️  Grid: 0.080% | 🔺 7437.25 🔻 7434.25
  📡 RSI: 69.1 | MACD: 2.58 | ATR: 3.05
  📊 Filled: 0 | Pending: 0
  🔲 Regime: RANGING | Range pos: 30% | RSI: 69.1
  💰 Daily P&L: $+0.00

[2026-07-27 13:02] O:7434.75 H:7435.75 L:7433.25 C:7433.75 V:1642.0
  📈 Trend: strong_bullish | 🌍 Regime: ranging
  🗺️  Grid: 0.080% | 🔺 7437.50 🔻 7434.25
  📡 RSI: 70.0 | MACD: 2.50 | ATR: 2.95
  📊 Filled: 0 | Pending: 0
  🔲 Regime: RANGING | Range pos: 28% | RSI: 70.0
  💰 Daily P&L: $+0.00

[2026-07-27 13:03] O:7434.00 H:7436.75 L:7433.00 C:7436.50 V:1582.0
  📈 Trend: strong_bullish | 🌍 Regime: ranging
  🗺️  Grid: 0.080% | 🔺 7435.75 🔻 7433.25
  📡 RSI: 75.3 | MACD: 2.62 | ATR: 3.07
  📊 Filled: 0 | Pending: 0
  🔲 Regime: RANGING | Range pos: 33% | RSI: 75.3
  💰 Daily P&L: $+0.00

[2026-07-27 13:04] O:7436.75 H:7437.25 L:7433.75 C:7433.75 V:1612.0
  📈 Trend: strong_bullish | 🌍 Regime: ranging
  🗺️  Grid: 0.080% | 🔺 7436.75 🔻 7433.00
  📡 RSI: 64.9 | MACD: 2.47 | ATR: 3.09
  📊 Filled: 0 | Pending: 0
  🔲 Regime: RANGING | Range pos: 28% | RSI: 64.9
  💰 Daily P&L: $+0.00

[2026-07-27 13:05] O:7434.00 H:7436.25 L:7432.50 C:7436.25 V:1622.0
  📈 Trend: strong_bullish | 🌍 Regime: ranging
  🗺️  Grid: 0.080% | 🔺 7437.25 🔻 7433.75
  📡 RSI: 68.3 | MACD: 2.52 | ATR: 3.21
  📊 Filled: 0 | Pending: 0
  🔲 Regime: RANGING | Range pos: 32% | RSI: 68.3
  💰 Daily P&L: $+0.00

[2026-07-27 13:06] O:7436.00 H:7437.50 L:7433.75 C:7434.00 V:1400.0
  📈 Trend: strong_bullish | 🌍 Regime: ranging
  🗺️  Grid: 0.080% | 🔺 7436.25 🔻 7432.50
  📡 RSI: 57.1 | MACD: 2.35 | ATR: 3.16
  📊 Filled: 0 | Pending: 0
  🔲 Regime: RANGING | Range pos: 29% | RSI: 57.1
  💰 Daily P&L: $+0.00

[2026-07-27 13:07] O:7434.25 H:7436.50 L:7434.25 C:7435.50 V:962.0
  📈 Trend: strong_bullish (raw: moderate_bullish) | 🌍 Regime: ranging
  🗺️  Grid: 0.080% | 🔺 7437.50 🔻 7433.75
  📡 RSI: 59.6 | MACD: 2.31 | ATR: 3.16
  📊 Filled: 0 | Pending: 0
  🔲 Regime: RANGING | Range pos: 31% | RSI: 59.6
  💰 Daily P&L: $+0.00

[2026-07-27 13:08] O:7435.25 H:7436.00 L:7434.00 C:7434.75 V:1106.0
  📈 Trend: moderate_bullish | 🌍 Regime: ranging
  🗺️  Grid: 0.080% | 🔺 7436.50 🔻 7434.25
  📡 RSI: 53.6 | MACD: 2.20 | ATR: 3.07
  📊 Filled: 0 | Pending: 0
  🔲 Regime: RANGING | Range pos: 30% | RSI: 53.6
  💰 Daily P&L: $+0.00

[2026-07-27 13:09] O:7434.75 H:7435.75 L:7434.25 C:7434.75 V:918.0
  📈 Trend: moderate_bullish | 🌍 Regime: ranging
  🗺️  Grid: 0.080% | 🔺 7436.00 🔻 7434.00
  📡 RSI: 55.9 | MACD: 2.08 | ATR: 2.91
  📊 Filled: 0 | Pending: 0
  🔲 Regime: RANGING | Range pos: 30% | RSI: 55.9
  💰 Daily P&L: $+0.00

[2026-07-27 13:10] O:7435.00 H:7436.00 L:7434.25 C:7435.00 V:1277.0
  📈 Trend: moderate_bullish | 🌍 Regime: ranging
  🗺️  Grid: 0.080% | 🔺 7435.75 🔻 7434.25
  📡 RSI: 50.6 | MACD: 1.99 | ATR: 2.77
  📊 Filled: 0 | Pending: 0
  🔲 Regime: RANGING | Range pos: 30% | RSI: 50.6
  💰 Daily P&L: $+0.00

[2026-07-27 13:11] O:7435.00 H:7436.50 L:7434.50 C:7434.50 V:1337.0
  📈 Trend: moderate_bullish | 🌍 Regime: ranging
  🗺️  Grid: 0.080% | 🔺 7436.00 🔻 7434.25
  📡 RSI: 53.8 | MACD: 1.85 | ATR: 2.71
  📊 Filled: 0 | Pending: 0
  🔲 Regime: RANGING | Range pos: 29% | RSI: 53.8
  💰 Daily P&L: $+0.00

[2026-07-27 13:12] O:7434.75 H:7436.50 L:7434.50 C:7435.75 V:1241.0
  📈 Trend: moderate_bullish | 🌍 Regime: ranging
  🗺️  Grid: 0.080% | 🔺 7436.50 🔻 7434.50
  📡 RSI: 53.8 | MACD: 1.82 | ATR: 2.70
  📊 Filled: 0 | Pending: 0
  🔲 Regime: RANGING | Range pos: 31% | RSI: 53.8
  💰 Daily P&L: $+0.00

[2026-07-27 13:13] O:7435.75 H:7437.00 L:7435.25 C:7436.50 V:1490.0
  📈 Trend: moderate_bullish | 🌍 Regime: ranging
  🗺️  Grid: 0.080% | 🔺 7436.50 🔻 7434.50
  📡 RSI: 51.4 | MACD: 1.84 | ATR: 2.64
  📊 Filled: 0 | Pending: 0
  🔲 Regime: RANGING | Range pos: 33% | RSI: 51.4
  💰 Daily P&L: $+0.00

[2026-07-27 13:14] O:7436.50 H:7437.25 L:7435.50 C:7435.50 V:1428.0
  📈 Trend: moderate_bullish | 🌍 Regime: ranging
  🗺️  Grid: 0.080% | 🔺 7437.00 🔻 7435.25
  📡 RSI: 53.5 | MACD: 1.75 | ATR: 2.55
  📊 Filled: 0 | Pending: 0
  🔲 Regime: RANGING | Range pos: 31% | RSI: 53.5
  💰 Daily P&L: $+0.00

[2026-07-27 13:15] O:7435.50 H:7436.25 L:7429.75 C:7430.75 V:3418.0
  📈 Trend: moderate_bullish (raw: moderate_bearish) | 🌍 Regime: ranging
  🗺️  Grid: 0.080% | 🔺 7437.25 🔻 7435.50
  📡 RSI: 40.9 | MACD: 1.28 | ATR: 2.79
  📊 Filled: 0 | Pending: 0
  🔲 Regime: RANGING | Range pos: 23% | RSI: 40.9
  💰 Daily P&L: $+0.00

[2026-07-27 13:16] O:7430.75 H:7431.75 L:7428.50 C:7429.25 V:1957.0
  📈 Trend: moderate_bearish | 🌍 Regime: ranging
  🗺️  Grid: 0.080% | 🔺 7436.25 🔻 7429.75
  📡 RSI: 40.0 | MACD: 0.78 | ATR: 2.84
  📊 Filled: 0 | Pending: 0
  🔲 Regime: RANGING | Range pos: 21% | RSI: 40.0
  💰 Daily P&L: $+0.00

[2026-07-27 13:17] O:7429.50 H:7431.00 L:7428.00 C:7430.25 V:1721.0
  📈 Trend: moderate_bearish | 🌍 Regime: ranging
  🗺️  Grid: 0.080% | 🔺 7431.75 🔻 7428.50
  📡 RSI: 34.9 | MACD: 0.46 | ATR: 2.79
  📊 Filled: 0 | Pending: 0
  🔲 Regime: RANGING | Range pos: 22% | RSI: 34.9
  🚫 Raw trend blocks RANGING LONG | raw: moderate_bearish
  💰 Daily P&L: $+0.00

[2026-07-27 13:18] O:7430.50 H:7431.75 L:7429.50 C:7431.50 V:1141.0
  📈 Trend: moderate_bearish | 🌍 Regime: ranging
  🗺️  Grid: 0.080% | 🔺 7431.00 🔻 7428.00
  📡 RSI: 44.2 | MACD: 0.30 | ATR: 2.70
  📊 Filled: 0 | Pending: 0
  🔲 Regime: RANGING | Range pos: 24% | RSI: 44.2
  💰 Daily P&L: $+0.00

[2026-07-27 13:19] O:7431.25 H:7432.75 L:7429.75 C:7430.00 V:1420.0
  📈 Trend: moderate_bearish | 🌍 Regime: ranging
  🗺️  Grid: 0.080% | 🔺 7431.75 🔻 7429.50
  📡 RSI: 32.9 | MACD: 0.06 | ATR: 2.64
  📊 Filled: 0 | Pending: 0
  🔲 Regime: RANGING | Range pos: 22% | RSI: 32.9
  🚫 Raw trend blocks RANGING LONG | raw: moderate_bearish
  💰 Daily P&L: $+0.00

[2026-07-27 13:20] O:7430.00 H:7431.25 L:7429.25 C:7430.00 V:1072.0
  📈 Trend: moderate_bearish (raw: strong_bearish) | 🌍 Regime: ranging
  🗺️  Grid: 0.080% | 🔺 7432.75 🔻 7429.75
  📡 RSI: 37.5 | MACD: -0.14 | ATR: 2.52
  📊 Filled: 0 | Pending: 0
  🔲 Regime: RANGING | Range pos: 22% | RSI: 37.5
  💰 Daily P&L: $+0.00

[2026-07-27 13:21] O:7430.25 H:7431.50 L:7429.25 C:7430.50 V:1086.0
  📈 Trend: strong_bearish | 🌍 Regime: ranging
  🗺️  Grid: 0.080% | 🔺 7431.25 🔻 7429.25
  📡 RSI: 33.3 | MACD: -0.25 | ATR: 2.50
  📊 Filled: 0 | Pending: 0
  🔲 Regime: RANGING | Range pos: 23% | RSI: 33.3
  🚫 Raw trend blocks RANGING LONG | raw: strong_bearish
  💰 Daily P&L: $+0.00

[2026-07-27 13:22] O:7430.50 H:7430.75 L:7429.00 C:7429.25 V:1006.0
  📈 Trend: strong_bearish | 🌍 Regime: ranging
  🗺️  Grid: 0.080% | 🔺 7431.50 🔻 7429.25
  📡 RSI: 32.3 | MACD: -0.43 | ATR: 2.48
  📊 Filled: 0 | Pending: 0
  🔲 Regime: RANGING | Range pos: 21% | RSI: 32.3
  🚫 Raw trend blocks RANGING LONG | raw: strong_bearish
  💰 Daily P&L: $+0.00

[2026-07-27 13:23] O:7429.25 H:7432.50 L:7428.75 C:7430.00 V:1159.0
  📈 Trend: strong_bearish | 🌍 Regime: ranging
  🗺️  Grid: 0.080% | 🔺 7430.75 🔻 7429.00
  📡 RSI: 35.4 | MACD: -0.51 | ATR: 2.64
  📊 Filled: 0 | Pending: 0
  🔲 Regime: RANGING | Range pos: 22% | RSI: 35.4
  💰 Daily P&L: $+0.00

[2026-07-27 13:24] O:7430.25 H:7435.00 L:7430.25 C:7433.50 V:1463.0
  📈 Trend: strong_bearish | 🌍 Regime: ranging
  🗺️  Grid: 0.080% | 🔺 7432.50 🔻 7428.75
  📡 RSI: 46.2 | MACD: -0.29 | ATR: 2.88
  📊 Filled: 0 | Pending: 0
  🔲 Regime: RANGING | Range pos: 28% | RSI: 46.2
  💰 Daily P&L: $+0.00

[2026-07-27 13:25] O:7433.50 H:7435.75 L:7433.50 C:7433.75 V:1317.0
  📈 Trend: strong_bearish | 🌍 Regime: ranging
  🗺️  Grid: 0.080% | 🔺 7435.00 🔻 7430.25
  📡 RSI: 48.1 | MACD: -0.09 | ATR: 2.89
  📊 Filled: 0 | Pending: 0
  🔲 Regime: RANGING | Range pos: 28% | RSI: 48.1
  💰 Daily P&L: $+0.00

[2026-07-27 13:26] O:7433.75 H:7435.75 L:7433.25 C:7433.75 V:905.0
  📈 Trend: strong_bearish (raw: moderate_bullish) | 🌍 Regime: ranging
  🗺️  Grid: 0.080% | 🔺 7435.75 🔻 7433.50
  📡 RSI: 44.4 | MACD: 0.07 | ATR: 2.93
  📊 Filled: 0 | Pending: 0
  🔲 Regime: RANGING | Range pos: 28% | RSI: 44.4
  💰 Daily P&L: $+0.00

[2026-07-27 13:27] O:7434.00 H:7434.25 L:7432.75 C:7433.00 V:934.0
  📈 Trend: moderate_bullish | 🌍 Regime: ranging
  🗺️  Grid: 0.080% | 🔺 7435.75 🔻 7433.25
  📡 RSI: 40.3 | MACD: 0.13 | ATR: 2.91
  📊 Filled: 0 | Pending: 0
  🔲 Regime: RANGING | Range pos: 27% | RSI: 40.3
  💰 Daily P&L: $+0.00

[2026-07-27 13:28] O:7433.25 H:7434.75 L:7432.75 C:7433.00 V:1214.0
  📈 Trend: moderate_bullish | 🌍 Regime: ranging
  🗺️  Grid: 0.080% | 🔺 7434.25 🔻 7432.75
  📡 RSI: 42.6 | MACD: 0.18 | ATR: 2.93
  📊 Filled: 0 | Pending: 0
  🔲 Regime: RANGING | Range pos: 27% | RSI: 42.6
  💰 Daily P&L: $+0.00

[2026-07-27 13:29] O:7433.00 H:7435.00 L:7432.25 C:7434.25 V:920.0
  📈 Trend: moderate_bullish | 🌍 Regime: ranging
  🗺️  Grid: 0.080% | 🔺 7434.75 🔻 7432.75
  📡 RSI: 63.0 | MACD: 0.31 | ATR: 2.66
  📊 Filled: 0 | Pending: 0
  🔲 Regime: RANGING | Range pos: 29% | RSI: 63.0
  💰 Daily P&L: $+0.00

[2026-07-27 13:30] O:7434.25 H:7434.50 L:7429.50 C:7430.75 V:1677.0
  📈 Trend: moderate_bullish | 🌍 Regime: ranging
  🗺️  Grid: 0.080% | 🔺 7435.00 🔻 7432.25
  📡 RSI: 54.8 | MACD: 0.13 | ATR: 2.79
  📊 Filled: 0 | Pending: 0
  🔲 Regime: RANGING | Range pos: 23% | RSI: 54.8
  💰 Daily P&L: $+0.00

[2026-07-27 13:31] O:7430.75 H:7431.50 L:7428.25 C:7428.25 V:1572.0
  📈 Trend: moderate_bullish (raw: strong_bearish) | 🌍 Regime: ranging
  🗺️  Grid: 0.080% | 🔺 7434.50 🔻 7429.50
  📡 RSI: 44.1 | MACD: -0.21 | ATR: 2.80
  📊 Filled: 0 | Pending: 0
  🔲 Regime: RANGING | Range pos: 19% | RSI: 44.1
  💰 Daily P&L: $+0.00

[2026-07-27 13:32] O:7428.25 H:7430.25 L:7427.25 C:7429.75 V:1397.0
  📈 Trend: strong_bearish | 🌍 Regime: ranging
  🗺️  Grid: 0.080% | 🔺 7431.50 🔻 7428.25
  📡 RSI: 44.9 | MACD: -0.35 | ATR: 2.86
  📊 Filled: 0 | Pending: 0
  🔲 Regime: RANGING | Range pos: 22% | RSI: 44.9
  💰 Daily P&L: $+0.00

[2026-07-27 13:33] O:7429.75 H:7430.25 L:7428.75 C:7429.00 V:904.0
  📈 Trend: strong_bearish | 🌍 Regime: ranging
  🗺️  Grid: 0.080% | 🔺 7430.25 🔻 7427.25
  📡 RSI: 47.0 | MACD: -0.52 | ATR: 2.75
  📊 Filled: 0 | Pending: 0
  🔲 Regime: RANGING | Range pos: 20% | RSI: 47.0
  💰 Daily P&L: $+0.00

[2026-07-27 13:34] O:7429.00 H:7429.25 L:7426.25 C:7426.75 V:1394.0
  📈 Trend: strong_bearish | 🌍 Regime: ranging
  🗺️  Grid: 0.080% | 🔺 7430.25 🔻 7428.75
  📡 RSI: 41.3 | MACD: -0.82 | ATR: 2.82
  📊 Filled: 0 | Pending: 0
  🔲 Regime: RANGING | Range pos: 17% | RSI: 41.3
  💰 Daily P&L: $+0.00

[2026-07-27 13:35] O:7426.75 H:7428.00 L:7425.50 C:7427.75 V:1788.0
  📈 Trend: strong_bearish | 🌍 Regime: ranging
  🗺️  Grid: 0.080% | 🔺 7429.25 🔻 7426.25
  📡 RSI: 42.9 | MACD: -0.98 | ATR: 2.84
  📊 Filled: 0 | Pending: 0
  🔲 Regime: RANGING | Range pos: 18% | RSI: 42.9
  💰 Daily P&L: $+0.00

[2026-07-27 13:36] O:7427.75 H:7428.75 L:7426.50 C:7427.75 V:1163.0
  📈 Trend: strong_bearish | 🌍 Regime: ranging
  🗺️  Grid: 0.080% | 🔺 7428.00 🔻 7425.50
  📡 RSI: 45.8 | MACD: -1.08 | ATR: 2.88
  📊 Filled: 0 | Pending: 0
  🔲 Regime: RANGING | Range pos: 18% | RSI: 45.8
  💰 Daily P&L: $+0.00

[2026-07-27 13:37] O:7427.75 H:7428.50 L:7426.25 C:7427.50 V:1137.0
  📈 Trend: strong_bearish | 🌍 Regime: ranging
  🗺️  Grid: 0.080% | 🔺 7428.75 🔻 7426.50
  📡 RSI: 42.9 | MACD: -1.17 | ATR: 2.77
  📊 Filled: 0 | Pending: 0
  🔲 Regime: RANGING | Range pos: 18% | RSI: 42.9
  💰 Daily P&L: $+0.00

[2026-07-27 13:38] O:7427.50 H:7428.00 L:7425.75 C:7425.75 V:1072.0
  📈 Trend: strong_bearish | 🌍 Regime: ranging
  🗺️  Grid: 0.080% | 🔺 7428.50 🔻 7426.25
  📡 RSI: 25.4 | MACD: -1.37 | ATR: 2.57
  📊 Filled: 0 | Pending: 0
  🔲 Regime: RANGING | Range pos: 15% | RSI: 25.4
  🚫 Raw trend blocks RANGING LONG | raw: strong_bearish
  💰 Daily P&L: $+0.00

[2026-07-27 13:39] O:7425.75 H:7426.25 L:7425.00 C:7425.75 V:1401.0
  📈 Trend: strong_bearish | 🌍 Regime: ranging
  🗺️  Grid: 0.080% | 🔺 7428.00 🔻 7425.75
  📡 RSI: 24.2 | MACD: -1.51 | ATR: 2.50
  📊 Filled: 0 | Pending: 0
  🔲 Regime: RANGING | Range pos: 15% | RSI: 24.2
  🚫 Raw trend blocks RANGING LONG | raw: strong_bearish
  💰 Daily P&L: $+0.00

[2026-07-27 13:40] O:7425.75 H:7426.25 L:7424.00 C:7424.75 V:1916.0
  📈 Trend: strong_bearish | 🌍 Regime: ranging
  🗺️  Grid: 0.080% | 🔺 7426.25 🔻 7425.00
  📡 RSI: 22.7 | MACD: -1.68 | ATR: 2.48
  📊 Filled: 0 | Pending: 0
  🔲 Regime: RANGING | Range pos: 14% | RSI: 22.7
  🚫 Raw trend blocks RANGING LONG | raw: strong_bearish
  💰 Daily P&L: $+0.00

[2026-07-27 13:41] O:7425.00 H:7433.75 L:7424.50 C:7430.00 V:11232.0
  📈 Trend: strong_bearish (raw: moderate_bullish) | 🌍 Regime: ranging
  🗺️  Grid: 0.080% | 🔺 7426.25 🔻 7424.00
  📡 RSI: 42.9 | MACD: -1.38 | ATR: 3.04
  📊 Filled: 0 | Pending: 0
  🔲 Regime: RANGING | Range pos: 22% | RSI: 42.9
  💰 Daily P&L: $+0.00

[2026-07-27 13:42] O:7430.00 H:7431.75 L:7429.50 C:7429.50 V:1921.0
  📈 Trend: strong_bearish | 🌍 Regime: ranging
  🗺️  Grid: 0.080% | 🔺 7433.75 🔻 7424.50
  📡 RSI: 41.9 | MACD: -1.17 | ATR: 3.05
  📊 Filled: 0 | Pending: 0
  🔲 Regime: RANGING | Range pos: 21% | RSI: 41.9
  💰 Daily P&L: $+0.00

[2026-07-27 13:43] O:7429.75 H:7433.25 L:7428.00 C:7432.50 V:1694.0
  📈 Trend: strong_bearish (raw: moderate_bearish) | 🌍 Regime: ranging
  🗺️  Grid: 0.080% | 🔺 7431.75 🔻 7429.50
  📡 RSI: 46.2 | MACD: -0.75 | ATR: 3.23
  📊 Filled: 0 | Pending: 0
  🔲 Regime: RANGING | Range pos: 26% | RSI: 46.2
  💰 Daily P&L: $+0.00

[2026-07-27 13:44] O:7432.75 H:7434.00 L:7431.50 C:7432.50 V:1445.0
  📈 Trend: moderate_bearish | 🌍 Regime: ranging
  🗺️  Grid: 0.080% | 🔺 7433.25 🔻 7428.00
  📡 RSI: 54.4 | MACD: -0.41 | ATR: 3.05
  📊 Filled: 0 | Pending: 0
  🔲 Regime: RANGING | Range pos: 26% | RSI: 54.4
  💰 Daily P&L: $+0.00

[2026-07-27 13:45] O:7432.75 H:7435.00 L:7432.50 C:7433.25 V:1814.0
  📈 Trend: moderate_bearish | 🌍 Regime: ranging
  🗺️  Grid: 0.080% | 🔺 7434.00 🔻 7431.50
  📡 RSI: 63.9 | MACD: -0.08 | ATR: 3.00
  📊 Filled: 0 | Pending: 0
  🔲 Regime: RANGING | Range pos: 27% | RSI: 63.9
  💰 Daily P&L: $+0.00

[2026-07-27 13:46] O:7433.50 H:7434.75 L:7432.75 C:7433.25 V:1218.0
  📈 Trend: moderate_bearish (raw: strong_bullish) | 🌍 Regime: ranging
  🗺️  Grid: 0.080% | 🔺 7435.00 🔻 7432.50
  📡 RSI: 60.6 | MACD: 0.18 | ATR: 2.93
  📊 Filled: 0 | Pending: 0
  🔲 Regime: RANGING | Range pos: 27% | RSI: 60.6
  💰 Daily P&L: $+0.00

[2026-07-27 13:47] O:7433.25 H:7433.75 L:7431.25 C:7433.25 V:1245.0
  📈 Trend: strong_bullish | 🌍 Regime: ranging
  🗺️  Grid: 0.080% | 🔺 7434.75 🔻 7432.75
  📡 RSI: 63.5 | MACD: 0.38 | ATR: 3.00
  📊 Filled: 0 | Pending: 0
  🔲 Regime: RANGING | Range pos: 27% | RSI: 63.5
  💰 Daily P&L: $+0.00

[2026-07-27 13:48] O:7433.25 H:7435.00 L:7432.25 C:7434.50 V:847.0
  📈 Trend: strong_bullish | 🌍 Regime: ranging
  🗺️  Grid: 0.080% | 🔺 7433.75 🔻 7431.25
  📡 RSI: 76.3 | MACD: 0.63 | ATR: 2.98
  📊 Filled: 0 | Pending: 0
  🔲 Regime: RANGING | Range pos: 29% | RSI: 76.3
  💰 Daily P&L: $+0.00

[2026-07-27 13:49] O:7434.75 H:7435.25 L:7431.25 C:7431.75 V:1144.0
  📈 Trend: strong_bullish | 🌍 Regime: ranging
  🗺️  Grid: 0.080% | 🔺 7435.00 🔻 7432.25
  📡 RSI: 62.1 | MACD: 0.60 | ATR: 3.09
  📊 Filled: 0 | Pending: 0
  🔲 Regime: RANGING | Range pos: 25% | RSI: 62.1
  💰 Daily P&L: $+0.00

[2026-07-27 13:50] O:7431.75 H:7434.25 L:7431.50 C:7433.75 V:1612.0
  📈 Trend: strong_bullish | 🌍 Regime: ranging
  🗺️  Grid: 0.080% | 🔺 7435.25 🔻 7431.25
  📡 RSI: 66.2 | MACD: 0.73 | ATR: 3.12
  📊 Filled: 0 | Pending: 0
  🔲 Regime: RANGING | Range pos: 28% | RSI: 66.2
  💰 Daily P&L: $+0.00

[2026-07-27 13:51] O:7433.75 H:7436.50 L:7433.00 C:7435.75 V:1846.0
  📈 Trend: strong_bullish | 🌍 Regime: ranging
  🗺️  Grid: 0.080% | 🔺 7434.25 🔻 7431.50
  📡 RSI: 70.4 | MACD: 0.99 | ATR: 3.21
  📊 Filled: 0 | Pending: 0
  🔲 Regime: RANGING | Range pos: 31% | RSI: 70.4
  💰 Daily P&L: $+0.00

[2026-07-27 13:52] O:7435.75 H:7443.00 L:7435.25 C:7441.50 V:4222.0
  📈 Trend: strong_bullish | 🌍 Regime: ranging
  🗺️  Grid: 0.080% | 🔺 7436.50 🔻 7433.00
  📡 RSI: 82.5 | MACD: 1.63 | ATR: 3.61
  📊 Filled: 0 | Pending: 0
  🔲 Regime: RANGING | Range pos: 41% | RSI: 82.5
  💰 Daily P&L: $+0.00

[2026-07-27 13:53] O:7441.50 H:7444.50 L:7441.00 C:7444.50 V:2907.0
  📈 Trend: strong_bullish | 🌍 Regime: ranging
  🗺️  Grid: 0.080% | 🔺 7443.00 🔻 7435.25
  📡 RSI: 84.4 | MACD: 2.36 | ATR: 3.77
  📊 Filled: 0 | Pending: 0
  🔲 Regime: RANGING | Range pos: 45% | RSI: 84.4
  💰 Daily P&L: $+0.00

[2026-07-27 13:54] O:7444.25 H:7444.50 L:7442.75 C:7443.50 V:2365.0
  📈 Trend: strong_bullish | 🌍 Regime: ranging
  🗺️  Grid: 0.080% | 🔺 7444.50 🔻 7441.00
  📡 RSI: 84.4 | MACD: 2.82 | ATR: 3.73
  📊 Filled: 0 | Pending: 0
  🔲 Regime: RANGING | Range pos: 44% | RSI: 84.4
  💰 Daily P&L: $+0.00

[2026-07-27 13:55] O:7443.25 H:7450.50 L:7443.25 C:7448.75 V:4690.0
  📈 Trend: strong_bullish | 🌍 Regime: ranging
  🗺️  Grid: 0.080% | 🔺 7444.50 🔻 7442.75
  📡 RSI: 84.4 | MACD: 3.57 | ATR: 3.59
  📊 Filled: 0 | Pending: 0
  🔲 Regime: RANGING | Range pos: 52% | RSI: 84.4
  💰 Daily P&L: $+0.00

[2026-07-27 13:56] O:7449.00 H:7449.50 L:7446.00 C:7446.25 V:3610.0
  📈 Trend: strong_bullish | 🌍 Regime: ranging
  🗺️  Grid: 0.080% | 🔺 7450.50 🔻 7443.25
  📡 RSI: 78.6 | MACD: 3.92 | ATR: 3.68
  📊 Filled: 0 | Pending: 0
  🔲 Regime: RANGING | Range pos: 48% | RSI: 78.6
  💰 Daily P&L: $+0.00

[2026-07-27 13:57] O:7446.25 H:7447.75 L:7444.25 C:7446.00 V:3086.0
  📈 Trend: strong_bullish | 🌍 Regime: ranging
  🗺️  Grid: 0.080% | 🔺 7449.50 🔻 7446.00
  📡 RSI: 75.5 | MACD: 4.13 | ATR: 3.55
  📊 Filled: 0 | Pending: 0
  🔲 Regime: RANGING | Range pos: 48% | RSI: 75.5
  💰 Daily P&L: $+0.00

[2026-07-27 13:58] O:7446.00 H:7447.75 L:7443.25 C:7447.50 V:3309.0
  📈 Trend: strong_bullish | 🌍 Regime: ranging
  🗺️  Grid: 0.080% | 🔺 7447.75 🔻 7444.25
  📡 RSI: 76.8 | MACD: 4.36 | ATR: 3.70
  📊 Filled: 0 | Pending: 0
  🔲 Regime: RANGING | Range pos: 50% | RSI: 76.8
  💰 Daily P&L: $+0.00

[2026-07-27 13:59] O:7447.50 H:7449.00 L:7446.50 C:7448.75 V:2014.0
  📈 Trend: strong_bullish | 🌍 Regime: ranging
  🗺️  Grid: 0.080% | 🔺 7447.75 🔻 7443.25
  📡 RSI: 77.2 | MACD: 4.59 | ATR: 3.70
  📊 Filled: 0 | Pending: 0
  🔲 Regime: RANGING | Range pos: 52% | RSI: 77.2
  💰 Daily P&L: $+0.00

[2026-07-27 14:00] O:7448.75 H:7449.25 L:7446.25 C:7446.50 V:2721.0
  📈 Trend: strong_bullish | 🌍 Regime: trending_bullish
  🗺️  Grid: 0.080% | 🔺 7449.00 🔻 7446.50
  📡 RSI: 71.5 | MACD: 4.55 | ATR: 3.77
  📊 Filled: 0 | Pending: 0
  💰 Daily P&L: $+0.00

[2026-07-27 14:01] O:7446.50 H:7448.50 L:7445.75 C:7447.75 V:2075.0
  📈 Trend: strong_bullish | 🌍 Regime: trending_bullish
  🗺️  Grid: 0.080% | 🔺 7449.25 🔻 7446.25
  📡 RSI: 72.7 | MACD: 4.56 | ATR: 3.79
  📊 Filled: 0 | Pending: 0
  💰 Daily P&L: $+0.00

[2026-07-27 14:02] O:7447.75 H:7449.75 L:7446.75 C:7447.00 V:1868.0
  📈 Trend: strong_bullish | 🌍 Regime: trending_bullish
  🗺️  Grid: 0.080% | 🔺 7448.50 🔻 7445.75
  📡 RSI: 69.8 | MACD: 4.45 | ATR: 3.80
  📊 Filled: 0 | Pending: 0
  💰 Daily P&L: $+0.00

[2026-07-27 14:03] O:7447.00 H:7448.50 L:7445.50 C:7446.50 V:1698.0
  📈 Trend: strong_bullish | 🌍 Regime: trending_bullish
  🗺️  Grid: 0.080% | 🔺 7449.75 🔻 7446.75
  📡 RSI: 75.2 | MACD: 4.28 | ATR: 3.73
  📊 Filled: 0 | Pending: 0
  💰 Daily P&L: $+0.00

[2026-07-27 14:04] O:7446.50 H:7447.75 L:7443.50 C:7443.75 V:2180.0
  📈 Trend: strong_bullish | 🌍 Regime: trending_bullish
  🗺️  Grid: 0.080% | 🔺 7448.50 🔻 7445.50
  📡 RSI: 66.7 | MACD: 3.88 | ATR: 3.84
  📊 Filled: 0 | Pending: 0
  💰 Daily P&L: $+0.00

[2026-07-27 14:05] O:7443.50 H:7444.75 L:7442.75 C:7443.75 V:1829.0
  📈 Trend: strong_bullish | 🌍 Regime: trending_bullish
  🗺️  Grid: 0.080% | 🔺 7447.75 🔻 7443.50
  📡 RSI: 64.3 | MACD: 3.52 | ATR: 3.73
  📊 Filled: 0 | Pending: 0
  💰 Daily P&L: $+0.00

[2026-07-27 14:06] O:7444.00 H:7448.75 L:7443.00 C:7448.75 V:1824.0
  📈 Trend: strong_bullish | 🌍 Regime: trending_bullish
  🗺️  Grid: 0.080% | 🔺 7444.75 🔻 7442.75
  📡 RSI: 63.3 | MACD: 3.59 | ATR: 3.59
  📊 Filled: 0 | Pending: 0
  💰 Daily P&L: $+0.00

[2026-07-27 14:07] O:7448.75 H:7451.25 L:7448.50 C:7451.00 V:2347.0
  📈 Trend: strong_bullish | 🌍 Regime: trending_bullish
  🗺️  Grid: 0.080% | 🔺 7448.75 🔻 7443.00
  📡 RSI: 62.3 | MACD: 3.79 | ATR: 3.54
  📊 Filled: 0 | Pending: 0
  💰 Daily P&L: $+0.00

[2026-07-27 14:08] O:7451.00 H:7451.50 L:7449.50 C:7450.25 V:2325.0
  📈 Trend: strong_bullish | 🌍 Regime: trending_bullish
  🗺️  Grid: 0.080% | 🔺 7451.25 🔻 7448.50
  📡 RSI: 62.9 | MACD: 3.85 | ATR: 3.55
  📊 Filled: 0 | Pending: 0
  💰 Daily P&L: $+0.00

[2026-07-27 14:09] O:7450.25 H:7452.00 L:7450.00 C:7451.00 V:2268.0
  📈 Trend: strong_bullish | 🌍 Regime: ranging
  🗺️  Grid: 0.080% | 🔺 7451.50 🔻 7449.50
  📡 RSI: 55.2 | MACD: 3.90 | ATR: 3.18
  📊 Filled: 0 | Pending: 0
  🔲 Regime: RANGING | Range pos: 56% | RSI: 55.2
  💰 Daily P&L: $+0.00

[2026-07-27 14:10] O:7451.00 H:7454.00 L:7451.00 C:7452.50 V:2245.0
  📈 Trend: strong_bullish | 🌍 Regime: ranging
  🗺️  Grid: 0.080% | 🔺 7452.00 🔻 7450.00
  📡 RSI: 65.1 | MACD: 4.02 | ATR: 3.14
  📊 Filled: 0 | Pending: 0
  🔲 Regime: RANGING | Range pos: 58% | RSI: 65.1
  💰 Daily P&L: $+0.00

[2026-07-27 14:11] O:7452.25 H:7452.50 L:7449.50 C:7450.25 V:1975.0
  📈 Trend: strong_bullish | 🌍 Regime: ranging
  🗺️  Grid: 0.080% | 🔺 7454.00 🔻 7451.00
  📡 RSI: 59.3 | MACD: 3.89 | ATR: 3.11
  📊 Filled: 0 | Pending: 0
  🔲 Regime: RANGING | Range pos: 55% | RSI: 59.3
  💰 Daily P&L: $+0.00

[2026-07-27 14:12] O:7450.50 H:7451.50 L:7448.75 C:7448.75 V:1382.0
  📈 Trend: strong_bullish | 🌍 Regime: ranging
  🗺️  Grid: 0.080% | 🔺 7452.50 🔻 7449.50
  📡 RSI: 52.7 | MACD: 3.62 | ATR: 2.98
  📊 Filled: 0 | Pending: 0
  🔲 Regime: RANGING | Range pos: 52% | RSI: 52.7
  💰 Daily P&L: $+0.00

[2026-07-27 14:13] O:7448.75 H:7449.75 L:7447.25 C:7448.00 V:1669.0
  📈 Trend: strong_bullish | 🌍 Regime: ranging
  🗺️  Grid: 0.080% | 🔺 7451.50 🔻 7448.75
  📡 RSI: 48.3 | MACD: 3.31 | ATR: 2.98
  📊 Filled: 0 | Pending: 0
  🔲 Regime: RANGING | Range pos: 51% | RSI: 48.3
  💰 Daily P&L: $+0.00

[2026-07-27 14:14] O:7448.00 H:7449.50 L:7447.50 C:7448.75 V:1229.0
  📈 Trend: strong_bullish (raw: moderate_bullish) | 🌍 Regime: ranging
  🗺️  Grid: 0.080% | 🔺 7449.75 🔻 7447.25
  📡 RSI: 55.4 | MACD: 3.09 | ATR: 2.91
  📊 Filled: 0 | Pending: 0
  🔲 Regime: RANGING | Range pos: 52% | RSI: 55.4
  💰 Daily P&L: $+0.00

[2026-07-27 14:15] O:7448.75 H:7450.00 L:7448.75 C:7449.50 V:1089.0
  📈 Trend: strong_bullish | 🌍 Regime: ranging
  🗺️  Grid: 0.080% | 🔺 7449.50 🔻 7447.50
  📡 RSI: 54.3 | MACD: 2.94 | ATR: 2.80
  📊 Filled: 0 | Pending: 0
  🔲 Regime: RANGING | Range pos: 53% | RSI: 54.3
  💰 Daily P&L: $+0.00

[2026-07-27 14:16] O:7449.50 H:7451.75 L:7449.25 C:7450.50 V:1357.0
  📈 Trend: strong_bullish | 🌍 Regime: ranging
  🗺️  Grid: 0.080% | 🔺 7450.00 🔻 7448.75
  📡 RSI: 58.5 | MACD: 2.87 | ATR: 2.77
  📊 Filled: 0 | Pending: 0
  🔲 Regime: RANGING | Range pos: 55% | RSI: 58.5
  💰 Daily P&L: $+0.00

[2026-07-27 14:17] O:7450.25 H:7451.50 L:7449.75 C:7451.25 V:1082.0
  📈 Trend: strong_bullish | 🌍 Regime: ranging
  🗺️  Grid: 0.080% | 🔺 7451.75 🔻 7449.25
  📡 RSI: 61.4 | MACD: 2.85 | ATR: 2.68
  📊 Filled: 0 | Pending: 0
  🔲 Regime: RANGING | Range pos: 56% | RSI: 61.4
  💰 Daily P&L: $+0.00

[2026-07-27 14:18] O:7451.25 H:7452.50 L:7451.00 C:7452.00 V:1310.0
  📈 Trend: strong_bullish | 🌍 Regime: ranging
  🗺️  Grid: 0.080% | 🔺 7451.50 🔻 7449.75
  📡 RSI: 72.0 | MACD: 2.85 | ATR: 2.48
  📊 Filled: 0 | Pending: 0
  🔲 Regime: RANGING | Range pos: 57% | RSI: 72.0
  💰 Daily P&L: $+0.00

[2026-07-27 14:19] O:7452.00 H:7453.00 L:7451.25 C:7453.00 V:1488.0
  📈 Trend: strong_bullish | 🌍 Regime: ranging
  🗺️  Grid: 0.080% | 🔺 7452.50 🔻 7451.00
  📡 RSI: 73.4 | MACD: 2.90 | ATR: 2.46
  📊 Filled: 0 | Pending: 0
  🔲 Regime: RANGING | Range pos: 59% | RSI: 73.4
  💰 Daily P&L: $+0.00

[2026-07-27 14:20] O:7453.25 H:7455.00 L:7452.75 C:7453.75 V:2385.0
  📈 Trend: strong_bullish | 🌍 Regime: ranging
  🗺️  Grid: 0.080% | 🔺 7453.00 🔻 7451.25
  📡 RSI: 66.1 | MACD: 2.97 | ATR: 2.21
  📊 Filled: 0 | Pending: 0
  🔲 Regime: RANGING | Range pos: 60% | RSI: 66.1
  💰 Daily P&L: $+0.00

[2026-07-27 14:21] O:7453.75 H:7454.00 L:7451.50 C:7452.00 V:1679.0
  📈 Trend: strong_bullish | 🌍 Regime: ranging
  🗺️  Grid: 0.080% | 🔺 7455.00 🔻 7452.75
  📡 RSI: 53.3 | MACD: 2.85 | ATR: 2.20
  📊 Filled: 0 | Pending: 0
  🔲 Regime: RANGING | Range pos: 57% | RSI: 53.3
  💰 Daily P&L: $+0.00

[2026-07-27 14:22] O:7451.75 H:7454.00 L:7451.25 C:7454.00 V:1353.0
  📈 Trend: strong_bullish | 🌍 Regime: ranging
  🗺️  Grid: 0.080% | 🔺 7454.00 🔻 7451.50
  📡 RSI: 61.5 | MACD: 2.88 | ATR: 2.25
  📊 Filled: 0 | Pending: 0
  🔲 Regime: RANGING | Range pos: 61% | RSI: 61.5
  💰 Daily P&L: $+0.00

[2026-07-27 14:23] O:7454.00 H:7455.75 L:7453.25 C:7453.50 V:1916.0
  📈 Trend: strong_bullish | 🌍 Regime: ranging
  🗺️  Grid: 0.080% | 🔺 7454.00 🔻 7451.25
  📡 RSI: 57.8 | MACD: 2.83 | ATR: 2.29
  📊 Filled: 0 | Pending: 0
  🔲 Regime: RANGING | Range pos: 60% | RSI: 57.8
  💰 Daily P&L: $+0.00

[2026-07-27 14:24] O:7453.25 H:7454.50 L:7453.00 C:7454.50 V:1216.0
  📈 Trend: strong_bullish | 🌍 Regime: ranging
  🗺️  Grid: 0.080% | 🔺 7455.75 🔻 7453.25
  📡 RSI: 56.5 | MACD: 2.85 | ATR: 2.18
  📊 Filled: 0 | Pending: 0
  🔲 Regime: RANGING | Range pos: 61% | RSI: 56.5
  💰 Daily P&L: $+0.00

[2026-07-27 14:25] O:7454.25 H:7455.25 L:7451.50 C:7452.75 V:1914.0
  📈 Trend: strong_bullish | 🌍 Regime: ranging
  🗺️  Grid: 0.080% | 🔺 7454.50 🔻 7453.00
  📡 RSI: 58.3 | MACD: 2.68 | ATR: 2.23
  📊 Filled: 0 | Pending: 0
  🔲 Regime: RANGING | Range pos: 59% | RSI: 58.3
  💰 Daily P&L: $+0.00

[2026-07-27 14:26] O:7452.75 H:7453.00 L:7451.50 C:7452.75 V:1446.0
  📈 Trend: strong_bullish | 🌍 Regime: ranging
  🗺️  Grid: 0.080% | 🔺 7455.25 🔻 7451.50
  📡 RSI: 64.8 | MACD: 2.52 | ATR: 2.14
  📊 Filled: 0 | Pending: 0
  🔲 Regime: RANGING | Range pos: 59% | RSI: 64.8
  💰 Daily P&L: $+0.00

[2026-07-27 14:27] O:7452.50 H:7454.50 L:7451.75 C:7454.25 V:1183.0
  📈 Trend: strong_bullish | 🌍 Regime: ranging
  🗺️  Grid: 0.080% | 🔺 7453.00 🔻 7451.50
  📡 RSI: 71.9 | MACD: 2.49 | ATR: 2.16
  📊 Filled: 0 | Pending: 0
  🔲 Regime: RANGING | Range pos: 61% | RSI: 71.9
  💰 Daily P&L: $+0.00

[2026-07-27 14:28] O:7454.25 H:7454.50 L:7452.00 C:7452.75 V:1207.0
  📈 Trend: strong_bullish | 🌍 Regime: ranging
  🗺️  Grid: 0.080% | 🔺 7454.50 🔻 7451.75
  📡 RSI: 63.3 | MACD: 2.31 | ATR: 2.20
  📊 Filled: 0 | Pending: 0
  🔲 Regime: RANGING | Range pos: 59% | RSI: 63.3
  💰 Daily P&L: $+0.00

[2026-07-27 14:29] O:7452.75 H:7454.75 L:7452.50 C:7454.75 V:1208.0
  📈 Trend: strong_bullish | 🌍 Regime: ranging
  🗺️  Grid: 0.080% | 🔺 7454.50 🔻 7452.00
  📡 RSI: 66.2 | MACD: 2.31 | ATR: 2.27
  📊 Filled: 0 | Pending: 0
  🔲 Regime: RANGING | Range pos: 62% | RSI: 66.2
  💰 Daily P&L: $+0.00

[2026-07-27 14:30] O:7454.50 H:7455.50 L:7453.00 C:7454.75 V:2805.0
  📈 Trend: strong_bullish | 🌍 Regime: ranging
  🗺️  Grid: 0.080% | 🔺 7454.75 🔻 7452.50
  📡 RSI: 63.9 | MACD: 2.28 | ATR: 2.27
  📊 Filled: 0 | Pending: 0
  🕐 Outside session (14:30 CT) — no entries
  💰 Daily P&L: $+0.00

[2026-07-27 14:31] O:7454.50 H:7455.75 L:7454.00 C:7455.00 V:1646.0
  📈 Trend: strong_bullish | 🌍 Regime: ranging
  🗺️  Grid: 0.080% | 🔺 7455.50 🔻 7453.00
  📡 RSI: 62.7 | MACD: 2.25 | ATR: 2.27
  📊 Filled: 0 | Pending: 0
  🕐 Outside session (14:31 CT) — no entries
  💰 Daily P&L: $+0.00

[2026-07-27 14:32] O:7454.75 H:7455.25 L:7453.50 C:7454.50 V:1563.0
  📈 Trend: strong_bullish | 🌍 Regime: ranging
  🗺️  Grid: 0.080% | 🔺 7455.75 🔻 7454.00
  📡 RSI: 58.6 | MACD: 2.17 | ATR: 2.29
  📊 Filled: 0 | Pending: 0
  🕐 Outside session (14:32 CT) — no entries
  💰 Daily P&L: $+0.00

[2026-07-27 14:33] O:7454.50 H:7456.00 L:7452.75 C:7456.00 V:1918.0
  📈 Trend: strong_bullish | 🌍 Regime: ranging
  🗺️  Grid: 0.080% | 🔺 7455.25 🔻 7453.50
  📡 RSI: 60.0 | MACD: 2.19 | ATR: 2.39
  📊 Filled: 0 | Pending: 0
  🕐 Outside session (14:33 CT) — no entries
  💰 Daily P&L: $+0.00

[2026-07-27 14:34] O:7455.75 H:7456.75 L:7453.50 C:7453.75 V:1802.0
  📈 Trend: strong_bullish | 🌍 Regime: ranging
  🗺️  Grid: 0.080% | 🔺 7456.00 🔻 7452.75
  📡 RSI: 50.0 | MACD: 2.01 | ATR: 2.46
  📊 Filled: 0 | Pending: 0
  🕐 Outside session (14:34 CT) — no entries
  💰 Daily P&L: $+0.00

[2026-07-27 14:35] O:7453.50 H:7455.00 L:7453.00 C:7454.00 V:2038.0
  📈 Trend: strong_bullish | 🌍 Regime: ranging
  🗺️  Grid: 0.080% | 🔺 7456.75 🔻 7453.50
  📡 RSI: 56.7 | MACD: 1.86 | ATR: 2.43
  📊 Filled: 0 | Pending: 0
  🕐 Outside session (14:35 CT) — no entries
  💰 Daily P&L: $+0.00

[2026-07-27 14:36] O:7454.00 H:7454.75 L:7452.50 C:7452.75 V:1848.0
  📈 Trend: strong_bullish | 🌍 Regime: ranging
  🗺️  Grid: 0.080% | 🔺 7455.00 🔻 7453.00
  📡 RSI: 45.6 | MACD: 1.62 | ATR: 2.39
  📊 Filled: 0 | Pending: 0
  🕐 Outside session (14:36 CT) — no entries
  💰 Daily P&L: $+0.00

[2026-07-27 14:37] O:7452.75 H:7453.00 L:7449.25 C:7450.25 V:3238.0
  📈 Trend: strong_bullish (raw: moderate_bullish) | 🌍 Regime: ranging
  🗺️  Grid: 0.080% | 🔺 7454.75 🔻 7452.50
  📡 RSI: 40.0 | MACD: 1.22 | ATR: 2.48
  📊 Filled: 0 | Pending: 0
  🕐 Outside session (14:37 CT) — no entries
  💰 Daily P&L: $+0.00

[2026-07-27 14:38] O:7450.00 H:7451.00 L:7449.00 C:7450.25 V:1720.0
  📈 Trend: moderate_bullish | 🌍 Regime: ranging
  🗺️  Grid: 0.080% | 🔺 7453.00 🔻 7449.25
  📡 RSI: 36.1 | MACD: 0.89 | ATR: 2.52
  📊 Filled: 0 | Pending: 0
  🕐 Outside session (14:38 CT) — no entries
  💰 Daily P&L: $+0.00

[2026-07-27 14:39] O:7450.25 H:7450.50 L:7447.25 C:7448.25 V:2914.0
  📈 Trend: moderate_bullish | 🌍 Regime: ranging
  🗺️  Grid: 0.080% | 🔺 7451.00 🔻 7449.00
  📡 RSI: 35.5 | MACD: 0.46 | ATR: 2.48
  📊 Filled: 0 | Pending: 0
  🕐 Outside session (14:39 CT) — no entries
  💰 Daily P&L: $+0.00

[2026-07-27 14:40] O:7448.25 H:7450.00 L:7447.25 C:7449.50 V:2276.0
  📈 Trend: moderate_bullish | 🌍 Regime: ranging
  🗺️  Grid: 0.080% | 🔺 7450.50 🔻 7447.25
  📡 RSI: 40.3 | MACD: 0.22 | ATR: 2.57
  📊 Filled: 0 | Pending: 0
  🕐 Outside session (14:40 CT) — no entries
  💰 Daily P&L: $+0.00

[2026-07-27 14:41] O:7449.50 H:7450.50 L:7448.00 C:7448.75 V:1325.0
  📈 Trend: moderate_bullish | 🌍 Regime: ranging
  🗺️  Grid: 0.080% | 🔺 7450.00 🔻 7447.25
  📡 RSI: 32.8 | MACD: -0.03 | ATR: 2.55
  📊 Filled: 0 | Pending: 0
  🕐 Outside session (14:41 CT) — no entries
  💰 Daily P&L: $+0.00

[2026-07-27 14:42] O:7448.75 H:7450.00 L:7447.00 C:7447.25 V:1663.0
  📈 Trend: moderate_bullish | 🌍 Regime: ranging
  🗺️  Grid: 0.080% | 🔺 7450.50 🔻 7448.00
  📡 RSI: 32.8 | MACD: -0.35 | ATR: 2.59
  📊 Filled: 0 | Pending: 0
  🕐 Outside session (14:42 CT) — no entries
  💰 Daily P&L: $+0.00

[2026-07-27 14:43] O:7447.25 H:7449.50 L:7446.50 C:7447.75 V:2056.0
  📈 Trend: moderate_bullish | 🌍 Regime: ranging
  🗺️  Grid: 0.080% | 🔺 7450.00 🔻 7447.00
  📡 RSI: 25.9 | MACD: -0.55 | ATR: 2.64
  📊 Filled: 0 | Pending: 0
  🕐 Outside session (14:43 CT) — no entries
  💰 Daily P&L: $+0.00

[2026-07-27 14:44] O:7447.50 H:7449.00 L:7447.25 C:7448.25 V:1695.0
  📈 Trend: moderate_bullish | 🌍 Regime: ranging
  🗺️  Grid: 0.080% | 🔺 7449.50 🔻 7446.50
  📡 RSI: 28.3 | MACD: -0.66 | ATR: 2.59
  📊 Filled: 0 | Pending: 0
  🕐 Outside session (14:44 CT) — no entries
  💰 Daily P&L: $+0.00

[2026-07-27 14:45] O:7448.25 H:7448.75 L:7445.00 C:7447.25 V:2751.0
  📈 Trend: moderate_bullish | 🌍 Regime: ranging
  🗺️  Grid: 0.080% | 🔺 7449.00 🔻 7447.25
  📡 RSI: 25.4 | MACD: -0.82 | ATR: 2.73
  📊 Filled: 0 | Pending: 0
  🕐 Outside session (14:45 CT) — no entries
  💰 Daily P&L: $+0.00

[2026-07-27 14:46] O:7447.50 H:7449.00 L:7444.50 C:7445.50 V:1976.0
  📈 Trend: moderate_bullish | 🌍 Regime: ranging
  🗺️  Grid: 0.080% | 🔺 7448.75 🔻 7445.00
  📡 RSI: 23.5 | MACD: -1.08 | ATR: 2.93
  📊 Filled: 0 | Pending: 0
  🕐 Outside session (14:46 CT) — no entries
  💰 Daily P&L: $+0.00

[2026-07-27 14:47] O:7445.50 H:7447.50 L:7445.25 C:7447.50 V:1888.0
  📈 Trend: moderate_bullish | 🌍 Regime: ranging
  🗺️  Grid: 0.080% | 🔺 7449.00 🔻 7444.50
  📡 RSI: 25.7 | MACD: -1.11 | ATR: 2.86
  📊 Filled: 0 | Pending: 0
  🕐 Outside session (14:47 CT) — no entries
  💰 Daily P&L: $+0.00

[2026-07-27 14:48] O:7447.25 H:7447.25 L:7445.00 C:7446.25 V:2050.0
  📈 Trend: moderate_bullish | 🌍 Regime: ranging
  🗺️  Grid: 0.080% | 🔺 7447.50 🔻 7445.25
  📡 RSI: 27.3 | MACD: -1.22 | ATR: 2.80
  📊 Filled: 0 | Pending: 0
  🕐 Outside session (14:48 CT) — no entries
  💰 Daily P&L: $+0.00

[2026-07-27 14:49] O:7446.00 H:7449.25 L:7446.00 C:7449.00 V:2040.0
  📈 Trend: moderate_bullish (raw: strong_bearish) | 🌍 Regime: ranging
  🗺️  Grid: 0.080% | 🔺 7447.25 🔻 7445.00
  📡 RSI: 36.8 | MACD: -1.07 | ATR: 2.89
  📊 Filled: 0 | Pending: 0
  🕐 Outside session (14:49 CT) — no entries
  💰 Daily P&L: $+0.00

[2026-07-27 14:50] O:7449.25 H:7451.00 L:7446.25 C:7447.75 V:4564.0
  📈 Trend: strong_bearish | 🌍 Regime: ranging
  🗺️  Grid: 0.080% | 🔺 7449.25 🔻 7446.00
  📡 RSI: 36.8 | MACD: -1.04 | ATR: 3.07
  📊 Filled: 0 | Pending: 0
  🕐 Outside session (14:50 CT) — no entries
  💰 Daily P&L: $+0.00

[2026-07-27 14:51] O:7447.50 H:7447.50 L:7444.50 C:7445.00 V:2089.0
  📈 Trend: strong_bearish | 🌍 Regime: ranging
  🗺️  Grid: 0.080% | 🔺 7451.00 🔻 7446.25
  📡 RSI: 36.4 | MACD: -1.23 | ATR: 3.04
  📊 Filled: 0 | Pending: 0
  🕐 Outside session (14:51 CT) — no entries
  💰 Daily P&L: $+0.00

[2026-07-27 14:52] O:7445.25 H:7446.75 L:7444.25 C:7446.00 V:2247.0
  📈 Trend: strong_bearish | 🌍 Regime: ranging
  🗺️  Grid: 0.080% | 🔺 7447.50 🔻 7444.50
  📡 RSI: 39.5 | MACD: -1.28 | ATR: 3.07
  📊 Filled: 0 | Pending: 0
  🕐 Outside session (14:52 CT) — no entries
  💰 Daily P&L: $+0.00

[2026-07-27 14:53] O:7446.00 H:7446.75 L:7445.25 C:7445.50 V:2373.0
  📈 Trend: strong_bearish | 🌍 Regime: ranging
  🗺️  Grid: 0.080% | 🔺 7446.75 🔻 7444.25
  📡 RSI: 42.7 | MACD: -1.35 | ATR: 2.95
  📊 Filled: 0 | Pending: 0
  🕐 Outside session (14:53 CT) — no entries
  💰 Daily P&L: $+0.00

[2026-07-27 14:54] O:7445.50 H:7448.50 L:7445.50 C:7446.50 V:3642.0
  📈 Trend: strong_bearish | 🌍 Regime: ranging
  🗺️  Grid: 0.080% | 🔺 7446.75 🔻 7445.25
  📡 RSI: 41.9 | MACD: -1.30 | ATR: 2.96
  📊 Filled: 0 | Pending: 0
  🕐 Outside session (14:54 CT) — no entries
  💰 Daily P&L: $+0.00

[2026-07-27 14:55] O:7446.50 H:7447.25 L:7443.75 C:7447.00 V:4198.0
  📈 Trend: strong_bearish | 🌍 Regime: ranging
  🗺️  Grid: 0.080% | 🔺 7448.50 🔻 7445.50
  📡 RSI: 45.2 | MACD: -1.21 | ATR: 3.04
  📊 Filled: 0 | Pending: 0
  🕐 Outside session (14:55 CT) — no entries
  💰 Daily P&L: $+0.00

[2026-07-27 14:56] O:7447.00 H:7449.75 L:7446.00 C:7449.00 V:3582.0
  📈 Trend: strong_bearish (raw: moderate_bearish) | 🌍 Regime: ranging
  🗺️  Grid: 0.080% | 🔺 7447.25 🔻 7443.75
  📡 RSI: 54.7 | MACD: -0.97 | ATR: 3.09
  📊 Filled: 0 | Pending: 0
  🕐 Outside session (14:56 CT) — no entries
  💰 Daily P&L: $+0.00

[2026-07-27 14:57] O:7449.00 H:7449.50 L:7446.25 C:7446.50 V:3067.0
  📈 Trend: moderate_bearish | 🌍 Regime: ranging
  🗺️  Grid: 0.080% | 🔺 7449.75 🔻 7446.00
  📡 RSI: 47.0 | MACD: -0.97 | ATR: 3.11
  📊 Filled: 0 | Pending: 0
  🕐 Outside session (14:57 CT) — no entries
  💰 Daily P&L: $+0.00

[2026-07-27 14:58] O:7446.75 H:7448.25 L:7445.50 C:7447.75 V:6075.0
  📈 Trend: moderate_bearish | 🌍 Regime: ranging
  🗺️  Grid: 0.080% | 🔺 7449.50 🔻 7446.25
  📡 RSI: 48.8 | MACD: -0.86 | ATR: 3.18
  📊 Filled: 0 | Pending: 0
  🕐 Outside session (14:58 CT) — no entries
  💰 Daily P&L: $+0.00

[2026-07-27 14:59] O:7447.75 H:7450.00 L:7445.75 C:7449.00 V:40747.0
  📈 Trend: moderate_bearish | 🌍 Regime: ranging
  🗺️  Grid: 0.080% | 🔺 7448.25 🔻 7445.50
  📡 RSI: 54.0 | MACD: -0.66 | ATR: 3.21
  📊 Filled: 0 | Pending: 0
  🕐 Outside session (14:59 CT) — no entries
  💰 Daily P&L: $+0.00

[2026-07-27 15:00] O:7449.25 H:7454.25 L:7449.00 C:7451.50 V:13109.0
  📈 Trend: moderate_bearish (raw: moderate_bullish) | 🌍 Regime: ranging
  🗺️  Grid: 0.080% | 🔺 7450.00 🔻 7445.75
  📡 RSI: 63.3 | MACD: -0.30 | ATR: 3.27
  📊 Filled: 0 | Pending: 0
  🕐 Outside session (15:00 CT) — no entries
  💰 Daily P&L: $+0.00

[2026-07-27 15:01] O:7451.50 H:7451.50 L:7450.25 C:7450.75 V:779.0
  📈 Trend: moderate_bullish | 🌍 Regime: ranging
  🗺️  Grid: 0.080% | 🔺 7454.25 🔻 7449.00
  📡 RSI: 57.6 | MACD: -0.07 | ATR: 3.20
  📊 Filled: 0 | Pending: 0
  🕐 Outside session (15:01 CT) — no entries
  💰 Daily P&L: $+0.00

[2026-07-27 15:18] O:7448.75 H:7449.00 L:7448.75 C:7449.00 V:52.0
  📈 Trend: moderate_bullish | 🌍 Regime: ranging
  🗺️  Grid: 0.080% | 🔺 7451.50 🔻 7450.25
  📡 RSI: 56.3 | MACD: -0.03 | ATR: 3.16
  📊 Filled: 0 | Pending: 0
  🕐 Outside session (15:18 CT) — no entries
  💰 Daily P&L: $+0.00

[2026-07-27 15:19] O:7449.00 H:7449.25 L:7448.50 C:7448.75 V:343.0
  📈 Trend: moderate_bullish | 🌍 Regime: ranging
  🗺️  Grid: 0.080% | 🔺 7449.00 🔻 7448.75
  📡 RSI: 49.4 | MACD: -0.02 | ATR: 2.98
  📊 Filled: 0 | Pending: 0
  🕐 Outside session (15:19 CT) — no entries
  💰 Daily P&L: $+0.00
