2026-07-30 12:42:05 | ERROR    | Error 10147, reqId 578: OrderId 578 that needs to be cancelled is not found.
2026-07-30 19:10:02 | ERROR    | Error 1100, reqId -1: Connectivity between IBKR and Trader Workstation has been lost.
2026-07-30 19:10:12 | ERROR    | Error 1100, reqId -1: Connectivity between IBKR and Trader Workstation has been lost.
2026-07-30 19:10:15 | ERROR    | Error handling fields: ['10', '573', 'ES', 'FUT', '20260918 08:30:00 US/Central', '0', '', 'CME', 'USD', 'ESU6', 'ES', 'ES', '649180671', '0.25', '50', 'ACTIVETIM,AD,ADJUST,ALERT,ALGO,ALLOC,AVGCOST,BASKET,BENCHPX,COND,CONDORDER,DAY,DEACT,DEACTDIS,DEACTEOD,GAT,GTC,GTD,GTT,HID,ICE,IOC,LIT,LMT,LTH,MIT,MKT,MTL,NGCOMB,NONALGO,OCA,PEGBENCH,SCALE,SCALERST,SNAPMID,SNAPMKT,SNAPREL,STP,STPLMT,TRAIL,TRAILLIT,TRAILLMT,TRAILMIT,WHATIF', 'CME,QBALGO', '1', '11004968', 'E-mini S&P 500', '', '202609', '', '', '', 'US/Central', '20260729:1700-20260730:1600;20260730:1700-20260731:1600;20260801:CLOSED;20260802:1700-20260803:1600;20260803:1700-20260804:1600;20260804:1700-20260805:1600', '20260730:0830-20260730:1600;20260731:0830-20260731:1600;20260801:CLOSED;20260802:CLOSED;20260803:0830-20260803:1600;20260804:0830-20260804:1600;20260804:1700-20260805:1600', '', '', '0', '2147483647', 'ES', 'IND', '67,67', '20260918', '', '1', '1', '1']
Traceback (most recent call last):
  File "C:\Python312\Lib\site-packages\ib_insync\decoder.py", line 198, in interpret
    handler(fields)
  File "C:\Python312\Lib\site-packages\ib_insync\decoder.py", line 336, in contractDetails
    self.wrapper.contractDetails(int(reqId), cd)
  File "C:\Python312\Lib\site-packages\ib_insync\wrapper.py", line 521, in contractDetails
    self._results[reqId].append(contractDetails)
    ~~~~~~~~~~~~~^^^^^^^
KeyError: 573
2026-07-30 19:10:15 | ERROR    | Error 1102, reqId -1: Connectivity between IBKR and Trader Workstation has been restored - data maintained. All data farms are connected: usfarm.nj; usfuture; usfarm; euhmds; fundfarm; ushmds; secdefnj.
2026-07-31 01:11:19 | ERROR    | Error 1100, reqId -1: Connectivity between IBKR and Trader Workstation has been lost.
2026-07-31 01:11:24 | ERROR    | Error 1102, reqId -1: Connectivity between IBKR and Trader Workstation has been restored - data maintained. All data farms are connected: usfarm.nj; usfuture; usfarm; euhmds; fundfarm; ushmds; secdefnj.
2026-07-31 01:11:24 | ERROR    | Error 1100, reqId -1: Connectivity between IBKR and Trader Workstation has been lost.
2026-07-31 01:13:50 | ERROR    | Error 1102, reqId -1: Connectivity between IBKR and Trader Workstation has been restored - data maintained. All data farms are connected: hfarm; usfarm.nj; jfarm; usfuture; cashfarm; eufarmnj; usfarm; euhmds; fundfarm; ushmds; secdefnj.
2026-07-31 01:13:50 | ERROR    | Error 322, reqId 581: Error processing request.-'bX' : cause - Maximum number of account summary requests exceeded; desubscribe to previous request first
75 V:4299.0
  📈 Trend: strong_bullish | 🌍 Regime: trending_bullish
  🗺️  Grid: 0.080% | 🔺 7442.25 🔻 7433.50
  📡 RSI: 63.6 | MACD: 1.78 | ATR: 4.88
  📊 Filled: 0 | Pending: 0
  💰 Daily P&L: $+0.00

[2026-07-30 09:38] O:7441.50 H:7441.50 L:7438.25 C:7438.75 V:3127.0
  📈 Trend: strong_bullish | 🌍 Regime: trending_bullish
  🗺️  Grid: 0.080% | 🔺 7442.75 🔻 7439.00
  📡 RSI: 56.5 | MACD: 1.66 | ATR: 4.93
  📊 Filled: 0 | Pending: 0
  💰 Daily P&L: $+0.00

[2026-07-30 09:39] O:7438.75 H:7441.00 L:7438.00 C:7440.25 V:3990.0
  📈 Trend: strong_bullish | 🌍 Regime: trending_bullish
  🗺️  Grid: 0.080% | 🔺 7441.50 🔻 7438.25
  📡 RSI: 57.7 | MACD: 1.67 | ATR: 4.75
  📊 Filled: 0 | Pending: 0
  💰 Daily P&L: $+0.00

[2026-07-30 09:40] O:7440.00 H:7443.25 L:7438.75 C:7442.75 V:3219.0
  📈 Trend: strong_bullish | 🌍 Regime: trending_bullish
  🗺️  Grid: 0.080% | 🔺 7441.00 🔻 7438.00
  📡 RSI: 53.5 | MACD: 1.85 | ATR: 4.57
  📊 Filled: 0 | Pending: 0
  💰 Daily P&L: $+0.00

[2026-07-30 09:41] O:7442.50 H:7444.50 L:7441.50 C:7443.75 V:2667.0
  📈 Trend: strong_bullish | 🌍 Regime: trending_bullish
  🗺️  Grid: 0.080% | 🔺 7443.25 🔻 7438.75
  📡 RSI: 50.4 | MACD: 2.06 | ATR: 4.34
  📊 Filled: 0 | Pending: 0
  💰 Daily P&L: $+0.00

[2026-07-30 09:42] O:7443.75 H:7444.50 L:7438.50 C:7438.50 V:3661.0
  📈 Trend: strong_bullish | 🌍 Regime: trending_bullish
  🗺️  Grid: 0.080% | 🔺 7444.50 🔻 7441.50
  📡 RSI: 48.4 | MACD: 1.78 | ATR: 4.36
  📊 Filled: 0 | Pending: 0
  💰 Daily P&L: $+0.00

[2026-07-30 09:43] O:7438.50 H:7438.50 L:7433.50 C:7433.75 V:4354.0
  📈 Trend: strong_bullish (raw: moderate_bullish) | 🌍 Regime: trending_bullish
  🗺️  Grid: 0.080% | 🔺 7444.50 🔻 7438.50
  📡 RSI: 42.1 | MACD: 1.16 | ATR: 4.32
  📊 Filled: 0 | Pending: 0
  💰 Daily P&L: $+0.00

[2026-07-30 09:44] O:7433.75 H:7433.75 L:7430.00 C:7431.75 V:3975.0
  📈 Trend: moderate_bullish | 🌍 Regime: trending_bullish
  🗺️  Grid: 0.080% | 🔺 7438.50 🔻 7433.50
  📡 RSI: 37.4 | MACD: 0.50 | ATR: 4.23
  📊 Filled: 0 | Pending: 0
  💰 Daily P&L: $+0.00

[2026-07-30 09:45] O:7431.50 H:7434.00 L:7428.50 C:7433.75 V:4525.0
  📈 Trend: moderate_bullish | 🌍 Regime: trending_bullish
  🗺️  Grid: 0.080% | 🔺 7433.75 🔻 7430.00
  📡 RSI: 42.3 | MACD: 0.14 | ATR: 4.41
  📊 Filled: 0 | Pending: 0
  💰 Daily P&L: $+0.00

[2026-07-30 09:46] O:7434.00 H:7434.50 L:7429.25 C:7430.00 V:3886.0
  📈 Trend: moderate_bullish | 🌍 Regime: trending_bullish
  🗺️  Grid: 0.080% | 🔺 7434.00 🔻 7428.50
  📡 RSI: 36.9 | MACD: -0.45 | ATR: 4.70
  📊 Filled: 0 | Pending: 0
  💰 Daily P&L: $+0.00

[2026-07-30 09:47] O:7430.00 H:7431.75 L:7426.25 C:7426.50 V:4511.0
  📈 Trend: moderate_bullish | 🌍 Regime: trending_bullish
  🗺️  Grid: 0.080% | 🔺 7434.50 🔻 7429.25
  📡 RSI: 36.0 | MACD: -1.18 | ATR: 4.79
  📊 Filled: 0 | Pending: 0
  💰 Daily P&L: $+0.00

[2026-07-30 09:48] O:7426.50 H:7426.50 L:7421.25 C:7424.50 V:4931.0
  📈 Trend: moderate_bullish | 🌍 Regime: trending_bullish
  🗺️  Grid: 0.080% | 🔺 7431.75 🔻 7426.25
  📡 RSI: 35.5 | MACD: -1.90 | ATR: 4.75
  📊 Filled: 0 | Pending: 0
  💰 Daily P&L: $+0.00

[2026-07-30 09:49] O:7424.25 H:7427.00 L:7421.50 C:7425.25 V:4826.0
  📈 Trend: moderate_bullish | 🌍 Regime: trending_bullish
  🗺️  Grid: 0.080% | 🔺 7426.50 🔻 7421.25
  📡 RSI: 39.0 | MACD: -2.38 | ATR: 4.88
  📊 Filled: 0 | Pending: 0
  💰 Daily P&L: $+0.00

[2026-07-30 09:50] O:7425.25 H:7426.75 L:7422.75 C:7423.50 V:3943.0
  📈 Trend: moderate_bullish (raw: strong_bearish) | 🌍 Regime: ranging
  🗺️  Grid: 0.080% | 🔺 7427.00 🔻 7421.50
  📡 RSI: 24.1 | MACD: -2.87 | ATR: 4.54
  📊 Filled: 0 | Pending: 0
  🔲 Regime: RANGING | Range pos: 10% | RSI: 24.1
  🚫 Raw trend blocks RANGING LONG | raw: strong_bearish
  💰 Daily P&L: $+0.00

[2026-07-30 09:51] O:7423.75 H:7425.00 L:7420.00 C:7423.00 V:3999.0
  📈 Trend: strong_bearish | 🌍 Regime: ranging
  🗺️  Grid: 0.080% | 🔺 7426.75 🔻 7422.75
  📡 RSI: 22.6 | MACD: -3.26 | ATR: 4.62
  📊 Filled: 0 | Pending: 0
  🔲 Regime: RANGING | Range pos: 12% | RSI: 22.6
  🚫 Raw trend blocks RANGING LONG | raw: strong_bearish
  💰 Daily P&L: $+0.00

[2026-07-30 09:52] O:7422.75 H:7423.25 L:7419.75 C:7419.75 V:4376.0
  📈 Trend: strong_bearish | 🌍 Regime: trending_bearish
  🗺️  Grid: 0.080% | 🔺 7425.00 🔻 7420.00
  📡 RSI: 22.5 | MACD: -3.79 | ATR: 4.62
  📊 Filled: 0 | Pending: 0
  💰 Daily P&L: $+0.00

[2026-07-30 09:53] O:7419.75 H:7420.25 L:7416.50 C:7417.50 V:5070.0
  📈 Trend: strong_bearish | 🌍 Regime: trending_bearish
  🗺️  Grid: 0.080% | 🔺 7423.25 🔻 7419.75
  📡 RSI: 17.7 | MACD: -4.34 | ATR: 4.68
  📊 Filled: 0 | Pending: 0
  💰 Daily P&L: $+0.00

[2026-07-30 09:54] O:7417.25 H:7417.50 L:7413.75 C:7415.00 V:5575.0
  📈 Trend: strong_bearish | 🌍 Regime: trending_bearish
  🗺️  Grid: 0.080% | 🔺 7420.25 🔻 7416.50
  📡 RSI: 10.6 | MACD: -4.92 | ATR: 4.62
  📊 Filled: 0 | Pending: 0
  💰 Daily P&L: $+0.00

[2026-07-30 09:55] O:7415.00 H:7415.50 L:7411.50 C:7414.50 V:5044.0
  📈 Trend: strong_bearish | 🌍 Regime: trending_bearish
  🗺️  Grid: 0.080% | 🔺 7417.50 🔻 7413.75
  📡 RSI: 7.9 | MACD: -5.36 | ATR: 4.70
  📊 Filled: 0 | Pending: 0
  💰 Daily P&L: $+0.00

[2026-07-30 09:56] O:7414.50 H:7415.25 L:7408.75 C:7411.25 V:5383.0
  📈 Trend: strong_bearish | 🌍 Regime: trending_bearish
  🗺️  Grid: 0.080% | 🔺 7415.50 🔻 7411.50
  📡 RSI: 8.4 | MACD: -5.91 | ATR: 4.73
  📊 Filled: 0 | Pending: 0
  💰 Daily P&L: $+0.00

[2026-07-30 09:57] O:7411.25 H:7414.00 L:7409.25 C:7413.00 V:4060.0
  📈 Trend: strong_bearish | 🌍 Regime: trending_bearish
  🗺️  Grid: 0.080% | 🔺 7415.25 🔻 7408.75
  📡 RSI: 15.1 | MACD: -6.12 | ATR: 4.71
  📊 Filled: 0 | Pending: 0
  💰 Daily P&L: $+0.00

[2026-07-30 09:58] O:7413.00 H:7415.75 L:7411.25 C:7415.00 V:4937.0
  📈 Trend: strong_bearish | 🌍 Regime: trending_bearish
  🗺️  Grid: 0.080% | 🔺 7414.00 🔻 7409.25
  📡 RSI: 21.8 | MACD: -6.06 | ATR: 4.77
  📊 Filled: 0 | Pending: 0
  💰 Daily P&L: $+0.00

[2026-07-30 09:59] O:7415.25 H:7418.75 L:7414.25 C:7415.25 V:5934.0
  📈 Trend: strong_bearish | 🌍 Regime: trending_bearish
  🗺️  Grid: 0.080% | 🔺 7415.75 🔻 7411.25
  📡 RSI: 17.0 | MACD: -5.93 | ATR: 4.70
  📊 Filled: 0 | Pending: 0
  💰 Daily P&L: $+0.00

[2026-07-30 10:00] O:7415.25 H:7415.75 L:7406.00 C:7407.75 V:6001.0
  📈 Trend: strong_bearish | 🌍 Regime: trending_bearish
  🗺️  Grid: 0.081% | 🔺 7418.75 🔻 7414.25
  📡 RSI: 15.0 | MACD: -6.35 | ATR: 5.02
  📊 Filled: 0 | Pending: 0
  💰 Daily P&L: $+0.00

[2026-07-30 10:01] O:7407.75 H:7410.00 L:7406.00 C:7407.25 V:5719.0
  📈 Trend: strong_bearish | 🌍 Regime: trending_bearish
  🗺️  Grid: 0.080% | 🔺 7415.75 🔻 7406.00
  📡 RSI: 16.5 | MACD: -6.66 | ATR: 4.91
  📊 Filled: 0 | Pending: 0
  💰 Daily P&L: $+0.00

[2026-07-30 10:02] O:7407.00 H:7412.25 L:7405.25 C:7412.25 V:4988.0
  📈 Trend: strong_bearish | 🌍 Regime: trending_bearish
  🗺️  Grid: 0.082% | 🔺 7410.00 🔻 7406.00
  📡 RSI: 30.7 | MACD: -6.42 | ATR: 5.04
  📊 Filled: 0 | Pending: 0
  💰 Daily P&L: $+0.00

[2026-07-30 10:03] O:7412.25 H:7417.25 L:7410.75 C:7417.00 V:4549.0
  📈 Trend: strong_bearish | 🌍 Regime: trending_bearish
  🗺️  Grid: 0.083% | 🔺 7412.25 🔻 7405.25
  📡 RSI: 38.5 | MACD: -5.78 | ATR: 5.11
  📊 Filled: 0 | Pending: 0
  💰 Daily P&L: $+0.00

[2026-07-30 10:04] O:7416.75 H:7419.00 L:7412.25 C:7415.25 V:4266.0
  📈 Trend: strong_bearish (raw: moderate_bearish) | 🌍 Regime: trending_bearish
  🗺️  Grid: 0.086% | 🔺 7417.25 🔻 7410.75
  📡 RSI: 38.5 | MACD: -5.35 | ATR: 5.30
  📊 Filled: 0 | Pending: 0
  💰 Daily P&L: $+0.00

[2026-07-30 10:05] O:7415.25 H:7417.00 L:7413.75 C:7414.50 V:3639.0
  📈 Trend: moderate_bearish | 🌍 Regime: trending_bearish
  🗺️  Grid: 0.084% | 🔺 7419.00 🔻 7412.25
  📡 RSI: 38.2 | MACD: -5.01 | ATR: 5.18
  📊 Filled: 0 | Pending: 0
  💰 Daily P&L: $+0.00

[2026-07-30 10:06] O:7414.50 H:7415.00 L:7410.25 C:7411.00 V:4882.0
  📈 Trend: moderate_bearish | 🌍 Regime: trending_bearish
  🗺️  Grid: 0.085% | 🔺 7417.00 🔻 7413.75
  📡 RSI: 37.9 | MACD: -4.97 | ATR: 5.27
  📊 Filled: 0 | Pending: 0
  💰 Daily P&L: $+0.00

[2026-07-30 10:07] O:7411.25 H:7413.00 L:7408.00 C:7408.75 V:4350.0
  📈 Trend: moderate_bearish | 🌍 Regime: trending_bearish
  🗺️  Grid: 0.087% | 🔺 7415.00 🔻 7410.25
  📡 RSI: 37.9 | MACD: -5.06 | ATR: 5.36
  📊 Filled: 0 | Pending: 0
  💰 Daily P&L: $+0.00

[2026-07-30 10:08] O:7408.75 H:7412.25 L:7406.75 C:7412.25 V:4971.0
  📈 Trend: moderate_bearish | 🌍 Regime: trending_bearish
  🗺️  Grid: 0.089% | 🔺 7413.00 🔻 7408.00
  📡 RSI: 46.3 | MACD: -4.80 | ATR: 5.48
  📊 Filled: 0 | Pending: 0
  💰 Daily P&L: $+0.00

[2026-07-30 10:09] O:7412.25 H:7421.25 L:7411.00 C:7420.50 V:6071.0
  📈 Trend: moderate_bearish | 🌍 Regime: trending_bearish
  🗺️  Grid: 0.096% | 🔺 7412.25 🔻 7406.75
  📡 RSI: 56.7 | MACD: -3.88 | ATR: 5.93
  📊 Filled: 0 | Pending: 0
  💰 Daily P&L: $+0.00

[2026-07-30 10:10] O:7420.25 H:7420.75 L:7411.25 C:7412.25 V:3815.0
  📈 Trend: moderate_bearish | 🌍 Regime: trending_bearish
  🗺️  Grid: 0.099% | 🔺 7421.25 🔻 7411.00
  📡 RSI: 51.0 | MACD: -3.77 | ATR: 6.14
  📊 Filled: 0 | Pending: 0
  💰 Daily P&L: $+0.00

[2026-07-30 10:11] O:7412.25 H:7412.50 L:7406.25 C:7407.50 V:4359.0
  📈 Trend: moderate_bearish | 🌍 Regime: trending_bearish
  🗺️  Grid: 0.101% | 🔺 7420.75 🔻 7411.25
  📡 RSI: 44.8 | MACD: -4.02 | ATR: 6.25
  📊 Filled: 0 | Pending: 0
  💰 Daily P&L: $+0.00

[2026-07-30 10:12] O:7407.25 H:7409.00 L:7406.00 C:7408.00 V:3540.0
  📈 Trend: moderate_bearish | 🌍 Regime: trending_bearish
  🗺️  Grid: 0.100% | 🔺 7412.50 🔻 7406.25
  📡 RSI: 43.2 | MACD: -4.13 | ATR: 6.14
  📊 Filled: 0 | Pending: 0
  💰 Daily P&L: $+0.00

[2026-07-30 10:13] O:7408.00 H:7408.00 L:7402.25 C:7403.50 V:4760.0
  📈 Trend: moderate_bearish (raw: strong_bearish) | 🌍 Regime: trending_bearish
  🗺️  Grid: 0.101% | 🔺 7409.00 🔻 7406.00
  📡 RSI: 39.5 | MACD: -4.53 | ATR: 6.23
  📊 Filled: 0 | Pending: 0
  💰 Daily P&L: $+0.00

[2026-07-30 10:14] O:7403.25 H:7405.50 L:7401.00 C:7401.50 V:4192.0
  📈 Trend: strong_bearish | 🌍 Regime: trending_bearish
  🗺️  Grid: 0.095% | 🔺 7408.00 🔻 7402.25
  📡 RSI: 43.8 | MACD: -4.95 | ATR: 5.86
  📊 Filled: 0 | Pending: 0
  💰 Daily P&L: $+0.00

[2026-07-30 10:15] O:7401.50 H:7407.00 L:7399.00 C:7407.00 V:5585.0
  📈 Trend: strong_bearish | 🌍 Regime: trending_bearish
  🗺️  Grid: 0.100% | 🔺 7405.50 🔻 7401.00
  📡 RSI: 49.8 | MACD: -4.79 | ATR: 6.14
  📊 Filled: 0 | Pending: 0
  💰 Daily P&L: $+0.00

[2026-07-30 10:16] O:7406.75 H:7410.25 L:7405.75 C:7406.75 V:4751.0
  📈 Trend: strong_bearish (raw: moderate_bearish) | 🌍 Regime: trending_bearish
  🗺️  Grid: 0.097% | 🔺 7407.00 🔻 7399.00
  📡 RSI: 44.6 | MACD: -4.62 | ATR: 5.96
  📊 Filled: 0 | Pending: 0
  💰 Daily P&L: $+0.00

[2026-07-30 10:17] O:7407.00 H:7409.25 L:7402.50 C:7403.75 V:3641.0
  📈 Trend: strong_bearish | 🌍 Regime: trending_bearish
  🗺️  Grid: 0.097% | 🔺 7410.25 🔻 7405.75
  📡 RSI: 36.4 | MACD: -4.68 | ATR: 5.98
  📊 Filled: 0 | Pending: 0
  💰 Daily P&L: $+0.00

[2026-07-30 10:18] O:7403.50 H:7407.25 L:7403.25 C:7406.75 V:3080.0
  📈 Trend: strong_bearish (raw: moderate_bearish) | 🌍 Regime: ranging
  🗺️  Grid: 0.094% | 🔺 7409.25 🔻 7402.50
  📡 RSI: 41.5 | MACD: -4.43 | ATR: 5.79
  📊 Filled: 0 | Pending: 0
  🔲 Regime: RANGING | Range pos: 17% | RSI: 41.5
  💰 Daily P&L: $+0.00

[2026-07-30 10:19] O:7406.50 H:7408.00 L:7405.25 C:7407.75 V:2853.0
  📈 Trend: moderate_bearish | 🌍 Regime: ranging
  🗺️  Grid: 0.093% | 🔺 7407.25 🔻 7403.25
  📡 RSI: 43.3 | MACD: -4.11 | ATR: 5.75
  📊 Filled: 0 | Pending: 0
  🔲 Regime: RANGING | Range pos: 19% | RSI: 43.3
  💰 Daily P&L: $+0.00

[2026-07-30 10:20] O:7407.75 H:7408.00 L:7405.00 C:7407.50 V:3775.0
  📈 Trend: moderate_bearish (raw: moderate_bullish) | 🌍 Regime: ranging
  🗺️  Grid: 0.091% | 🔺 7408.00 🔻 7405.25
  📡 RSI: 46.3 | MACD: -3.83 | ATR: 5.62
  📊 Filled: 0 | Pending: 0
  🔲 Regime: RANGING | Range pos: 19% | RSI: 46.3
  💰 Daily P&L: $+0.00

[2026-07-30 10:21] O:7407.25 H:7414.50 L:7407.00 C:7412.00 V:6515.0
  📈 Trend: moderate_bearish | 🌍 Regime: ranging
  🗺️  Grid: 0.094% | 🔺 7408.00 🔻 7405.00
  📡 RSI: 53.3 | MACD: -3.20 | ATR: 5.80
  📊 Filled: 0 | Pending: 0
  🔲 Regime: RANGING | Range pos: 29% | RSI: 53.3
  💰 Daily P&L: $+0.00

[2026-07-30 10:22] O:7412.00 H:7413.75 L:7409.50 C:7411.75 V:3753.0
  📈 Trend: moderate_bearish | 🌍 Regime: ranging
  🗺️  Grid: 0.093% | 🔺 7414.50 🔻 7407.00
  📡 RSI: 49.5 | MACD: -2.70 | ATR: 5.71
  📊 Filled: 0 | Pending: 0
  🔲 Regime: RANGING | Range pos: 28% | RSI: 49.5
  💰 Daily P&L: $+0.00

[2026-07-30 10:23] O:7411.50 H:7412.00 L:7405.00 C:7409.25 V:4509.0
  📈 Trend: moderate_bearish | 🌍 Regime: ranging
  🗺️  Grid: 0.089% | 🔺 7413.75 🔻 7409.50
  📡 RSI: 36.0 | MACD: -2.47 | ATR: 5.48
  📊 Filled: 0 | Pending: 0
  🔲 Regime: RANGING | Range pos: 23% | RSI: 36.0
  💰 Daily P&L: $+0.00

[2026-07-30 10:24] O:7409.00 H:7409.25 L:7405.50 C:7407.25 V:2996.0
  📈 Trend: moderate_bearish | 🌍 Regime: ranging
  🗺️  Grid: 0.082% | 🔺 7412.00 🔻 7405.00
  📡 RSI: 42.6 | MACD: -2.43 | ATR: 5.07
  📊 Filled: 0 | Pending: 0
  🔲 Regime: RANGING | Range pos: 18% | RSI: 42.6
  💰 Daily P&L: $+0.00

[2026-07-30 10:25] O:7407.00 H:7411.50 L:7403.25 C:7404.25 V:3974.0
  📈 Trend: moderate_bearish | 🌍 Regime: ranging
  🗺️  Grid: 0.085% | 🔺 7409.25 🔻 7405.50
  📡 RSI: 45.0 | MACD: -2.60 | ATR: 5.21
  📊 Filled: 0 | Pending: 0
  🔲 Regime: RANGING | Range pos: 12% | RSI: 45.0
  💰 Daily P&L: $+0.00

[2026-07-30 10:26] O:7404.50 H:7406.25 L:7399.00 C:7406.00 V:5057.0
  📈 Trend: moderate_bearish | 🌍 Regime: ranging
  🗺️  Grid: 0.089% | 🔺 7411.50 🔻 7403.25
  📡 RSI: 47.0 | MACD: -2.57 | ATR: 5.52
  📊 Filled: 0 | Pending: 0
  🔲 Regime: RANGING | Range pos: 15% | RSI: 47.0
  💰 Daily P&L: $+0.00

[2026-07-30 10:27] O:7405.75 H:7407.00 L:7402.75 C:7403.50 V:3726.0
  📈 Trend: moderate_bearish | 🌍 Regime: ranging
  🗺️  Grid: 0.088% | 🔺 7406.25 🔻 7399.00
  📡 RSI: 50.0 | MACD: -2.72 | ATR: 5.41
  📊 Filled: 0 | Pending: 0
  🔲 Regime: RANGING | Range pos: 10% | RSI: 50.0
  💰 Daily P&L: $+0.00

[2026-07-30 10:28] O:7403.25 H:7404.25 L:7401.00 C:7403.00 V:3544.0
  📈 Trend: moderate_bearish | 🌍 Regime: ranging
  🗺️  Grid: 0.086% | 🔺 7407.00 🔻 7402.75
  📡 RSI: 52.5 | MACD: -2.84 | ATR: 5.32
  📊 Filled: 0 | Pending: 0
  🔲 Regime: RANGING | Range pos: 9% | RSI: 52.5
  💰 Daily P&L: $+0.00

[2026-07-30 10:29] O:7403.00 H:7404.75 L:7400.00 C:7401.00 V:3678.0
  📈 Trend: moderate_bearish (raw: strong_bearish) | 🌍 Regime: ranging
  🗺️  Grid: 0.083% | 🔺 7404.25 🔻 7401.00
  📡 RSI: 38.7 | MACD: -3.06 | ATR: 5.09
  📊 Filled: 0 | Pending: 0
  🔲 Regime: RANGING | Range pos: 4% | RSI: 38.7
  💰 Daily P&L: $+0.00

[2026-07-30 10:30] O:7400.75 H:7402.75 L:7399.25 C:7400.75 V:4231.0
  📈 Trend: strong_bearish | 🌍 Regime: ranging
  🗺️  Grid: 0.081% | 🔺 7404.75 🔻 7400.00
  📡 RSI: 38.7 | MACD: -3.22 | ATR: 5.02
  📊 Filled: 0 | Pending: 0
  🔲 Regime: RANGING | Range pos: 4% | RSI: 38.7
  💰 Daily P&L: $+0.00

[2026-07-30 10:31] O:7401.00 H:7405.00 L:7400.50 C:7402.75 V:3316.0
  📈 Trend: strong_bearish | 🌍 Regime: ranging
  🗺️  Grid: 0.080% | 🔺 7402.75 🔻 7399.25
  📡 RSI: 48.0 | MACD: -3.15 | ATR: 4.86
  📊 Filled: 0 | Pending: 0
  🔲 Regime: RANGING | Range pos: 8% | RSI: 48.0
  💰 Daily P&L: $+0.00

[2026-07-30 10:32] O:7402.75 H:7406.00 L:7402.50 C:7404.25 V:3123.0
  📈 Trend: strong_bearish (raw: moderate_bearish) | 🌍 Regime: ranging
  🗺️  Grid: 0.080% | 🔺 7405.00 🔻 7400.50
  📡 RSI: 44.8 | MACD: -2.94 | ATR: 4.82
  📊 Filled: 0 | Pending: 0
  🔲 Regime: RANGING | Range pos: 12% | RSI: 44.8
  💰 Daily P&L: $+0.00

[2026-07-30 10:33] O:7404.00 H:7405.75 L:7402.00 C:7405.75 V:3489.0
  📈 Trend: moderate_bearish | 🌍 Regime: ranging
  🗺️  Grid: 0.080% | 🔺 7406.00 🔻 7402.50
  📡 RSI: 45.9 | MACD: -2.62 | ATR: 4.89
  📊 Filled: 0 | Pending: 0
  🔲 Regime: RANGING | Range pos: 15% | RSI: 45.9
  💰 Daily P&L: $+0.00

[2026-07-30 10:34] O:7405.75 H:7414.00 L:7404.00 C:7414.00 V:5660.0
  📈 Trend: moderate_bearish | 🌍 Regime: ranging
  🗺️  Grid: 0.087% | 🔺 7405.75 🔻 7402.00
  📡 RSI: 60.0 | MACD: -1.68 | ATR: 5.39
  📊 Filled: 0 | Pending: 0
  🔲 Regime: RANGING | Range pos: 33% | RSI: 60.0
  💰 Daily P&L: $+0.00

[2026-07-30 10:35] O:7413.75 H:7415.50 L:7411.00 C:7411.75 V:4440.0
  📈 Trend: moderate_bearish | 🌍 Regime: ranging
  🗺️  Grid: 0.084% | 🔺 7414.00 🔻 7404.00
  📡 RSI: 49.6 | MACD: -1.11 | ATR: 5.18
  📊 Filled: 0 | Pending: 0
  🔲 Regime: RANGING | Range pos: 28% | RSI: 49.6
  💰 Daily P&L: $+0.00

[2026-07-30 10:36] O:7411.50 H:7417.75 L:7411.50 C:7417.75 V:3301.0
  📈 Trend: moderate_bearish | 🌍 Regime: ranging
  🗺️  Grid: 0.086% | 🔺 7415.50 🔻 7411.00
  📡 RSI: 58.3 | MACD: -0.17 | ATR: 5.32
  📊 Filled: 0 | Pending: 0
  🔲 Regime: RANGING | Range pos: 41% | RSI: 58.3
  💰 Daily P&L: $+0.00

[2026-07-30 10:37] O:7417.50 H:7417.50 L:7408.25 C:7408.75 V:3267.0
  📈 Trend: moderate_bearish | 🌍 Regime: ranging
  🗺️  Grid: 0.089% | 🔺 7417.75 🔻 7411.50
  📡 RSI: 49.4 | MACD: -0.15 | ATR: 5.50
  📊 Filled: 0 | Pending: 0
  🔲 Regime: RANGING | Range pos: 21% | RSI: 49.4
  💰 Daily P&L: $+0.00

[2026-07-30 10:38] O:7408.75 H:7410.75 L:7407.25 C:7409.50 V:3277.0
  📈 Trend: moderate_bearish | 🌍 Regime: trending_bearish
  🗺️  Grid: 0.089% | 🔺 7417.50 🔻 7408.25
  📡 RSI: 52.7 | MACD: -0.07 | ATR: 5.48
  📊 Filled: 0 | Pending: 0
  💰 Daily P&L: $+0.00

[2026-07-30 10:39] O:7409.25 H:7412.50 L:7408.50 C:7412.25 V:2868.0
  📈 Trend: moderate_bearish (raw: moderate_bullish) | 🌍 Regime: ranging
  🗺️  Grid: 0.084% | 🔺 7410.75 🔻 7407.25
  📡 RSI: 59.8 | MACD: 0.21 | ATR: 5.18
  📊 Filled: 0 | Pending: 0
  🔲 Regime: RANGING | Range pos: 29% | RSI: 59.8
  💰 Daily P&L: $+0.00

[2026-07-30 10:40] O:7412.25 H:7415.25 L:7410.50 C:7413.75 V:3500.0
  📈 Trend: moderate_bullish | 🌍 Regime: trending_bullish
  🗺️  Grid: 0.081% | 🔺 7412.50 🔻 7408.50
  📡 RSI: 59.5 | MACD: 0.55 | ATR: 5.00
  📊 Filled: 0 | Pending: 0
  💰 Daily P&L: $+0.00

[2026-07-30 10:41] O:7413.50 H:7416.25 L:7412.75 C:7415.25 V:1985.0
  📈 Trend: moderate_bullish | 🌍 Regime: trending_bullish
  🗺️  Grid: 0.080% | 🔺 7415.25 🔻 7410.50
  📡 RSI: 64.8 | MACD: 0.93 | ATR: 4.95
  📊 Filled: 0 | Pending: 0
  💰 Daily P&L: $+0.00

[2026-07-30 10:42] O:7415.00 H:7417.50 L:7412.75 C:7417.25 V:2629.0
  📈 Trend: moderate_bullish | 🌍 Regime: trending_bullish
  🗺️  Grid: 0.082% | 🔺 7416.25 🔻 7412.75
  📡 RSI: 67.3 | MACD: 1.37 | ATR: 5.05
  📊 Filled: 0 | Pending: 0
  💰 Daily P&L: $+0.00

[2026-07-30 10:43] O:7417.50 H:7420.50 L:7416.25 C:7420.25 V:3624.0
  📈 Trend: moderate_bullish | 🌍 Regime: trending_bullish
  🗺️  Grid: 0.081% | 🔺 7417.50 🔻 7412.75
  📡 RSI: 72.8 | MACD: 1.95 | ATR: 5.02
  📊 Filled: 0 | Pending: 0
  💰 Daily P&L: $+0.00

[2026-07-30 10:44] O:7420.00 H:7422.75 L:7419.00 C:7419.25 V:4698.0
  📈 Trend: moderate_bullish | 🌍 Regime: trending_bullish
  🗺️  Grid: 0.081% | 🔺 7420.50 🔻 7416.25
  📡 RSI: 71.5 | MACD: 2.29 | ATR: 5.04
  📊 Filled: 0 | Pending: 0
  💰 Daily P&L: $+0.00

[2026-07-30 10:45] O:7419.50 H:7422.25 L:7419.25 C:7421.25 V:2407.0
  📈 Trend: moderate_bullish (raw: strong_bullish) | 🌍 Regime: ranging
  🗺️  Grid: 0.080% | 🔺 7422.75 🔻 7419.00
  📡 RSI: 71.5 | MACD: 2.70 | ATR: 4.93
  📊 Filled: 0 | Pending: 0
  🔲 Regime: RANGING | Range pos: 49% | RSI: 71.5
  💰 Daily P&L: $+0.00

[2026-07-30 10:46] O:7421.00 H:7424.50 L:7420.50 C:7423.50 V:2759.0
  📈 Trend: strong_bullish | 🌍 Regime: ranging
  🗺️  Grid: 0.080% | 🔺 7422.25 🔻 7419.25
  📡 RSI: 72.0 | MACD: 3.16 | ATR: 4.96
  📊 Filled: 0 | Pending: 0
  🔲 Regime: RANGING | Range pos: 54% | RSI: 72.0
  💰 Daily P&L: $+0.00

[2026-07-30 10:47] O:7423.50 H:7425.75 L:7423.50 C:7424.25 V:4435.0
  📈 Trend: strong_bullish | 🌍 Regime: ranging
  🗺️  Grid: 0.080% | 🔺 7424.50 🔻 7420.50
  📡 RSI: 71.5 | MACD: 3.55 | ATR: 4.86
  📊 Filled: 0 | Pending: 0
  🔲 Regime: RANGING | Range pos: 55% | RSI: 71.5
  💰 Daily P&L: $+0.00

[2026-07-30 10:48] O:7424.50 H:7425.00 L:7421.75 C:7422.25 V:2011.0
  📈 Trend: strong_bullish | 🌍 Regime: trending_bullish
  🗺️  Grid: 0.080% | 🔺 7425.75 🔻 7423.50
  📡 RSI: 61.2 | MACD: 3.66 | ATR: 4.38
  📊 Filled: 0 | Pending: 0
  💰 Daily P&L: $+0.00

[2026-07-30 10:49] O:7422.00 H:7424.00 L:7420.00 C:7423.75 V:2212.0
  📈 Trend: strong_bullish | 🌍 Regime: trending_bullish
  🗺️  Grid: 0.080% | 🔺 7425.00 🔻 7421.75
  📡 RSI: 66.7 | MACD: 3.82 | ATR: 4.34
  📊 Filled: 0 | Pending: 0
  💰 Daily P&L: $+0.00

[2026-07-30 10:50] O:7424.00 H:7425.25 L:7420.50 C:7421.50 V:2759.0
  📈 Trend: strong_bullish | 🌍 Regime: trending_bullish
  🗺️  Grid: 0.080% | 🔺 7424.00 🔻 7420.00
  📡 RSI: 55.8 | MACD: 3.72 | ATR: 4.23
  📊 Filled: 0 | Pending: 0
  💰 Daily P&L: $+0.00

[2026-07-30 10:51] O:7421.25 H:7424.00 L:7418.50 C:7424.00 V:2640.0
  📈 Trend: strong_bullish | 🌍 Regime: trending_bullish
  🗺️  Grid: 0.080% | 🔺 7425.25 🔻 7420.50
  📡 RSI: 79.6 | MACD: 3.80 | ATR: 3.95
  📊 Filled: 0 | Pending: 0
  💰 Daily P&L: $+0.00

[2026-07-30 10:52] O:7423.75 H:7423.75 L:7416.25 C:7419.50 V:2942.0
  📈 Trend: strong_bullish | 🌍 Regime: trending_bullish
  🗺️  Grid: 0.080% | 🔺 7424.00 🔻 7418.50
  📡 RSI: 66.9 | MACD: 3.46 | ATR: 4.25
  📊 Filled: 0 | Pending: 0
  💰 Daily P&L: $+0.00

[2026-07-30 10:53] O:7419.25 H:7424.00 L:7419.00 C:7423.25 V:3411.0
  📈 Trend: strong_bullish | 🌍 Regime: trending_bullish
  🗺️  Grid: 0.080% | 🔺 7423.75 🔻 7416.25
  📡 RSI: 68.0 | MACD: 3.45 | ATR: 4.32
  📊 Filled: 0 | Pending: 0
  💰 Daily P&L: $+0.00

[2026-07-30 10:54] O:7423.25 H:7425.25 L:7421.75 C:7425.00 V:2548.0
  📈 Trend: strong_bullish | 🌍 Regime: trending_bullish
  🗺️  Grid: 0.080% | 🔺 7424.00 🔻 7419.00
  📡 RSI: 68.3 | MACD: 3.55 | ATR: 4.23
  📊 Filled: 0 | Pending: 0
  💰 Daily P&L: $+0.00

[2026-07-30 10:55] O:7425.25 H:7428.75 L:7425.25 C:7428.00 V:3260.0
  📈 Trend: strong_bullish | 🌍 Regime: trending_bullish
  🗺️  Grid: 0.080% | 🔺 7425.25 🔻 7421.75
  📡 RSI: 69.8 | MACD: 3.82 | ATR: 4.25
  📊 Filled: 0 | Pending: 0
  💰 Daily P&L: $+0.00

[2026-07-30 10:56] O:7428.00 H:7430.00 L:7427.00 C:7427.00 V:4068.0
  📈 Trend: strong_bullish | 🌍 Regime: trending_bullish
  🗺️  Grid: 0.080% | 🔺 7428.75 🔻 7425.25
  📡 RSI: 65.6 | MACD: 3.91 | ATR: 4.12
  📊 Filled: 0 | Pending: 0
  💰 Daily P&L: $+0.00

[2026-07-30 10:57] O:7427.00 H:7428.75 L:7425.75 C:7428.25 V:2961.0
  📈 Trend: strong_bullish | 🌍 Regime: trending_bullish
  🗺️  Grid: 0.080% | 🔺 7430.00 🔻 7427.00
  📡 RSI: 63.6 | MACD: 4.04 | ATR: 4.04
  📊 Filled: 0 | Pending: 0
  💰 Daily P&L: $+0.00

[2026-07-30 10:58] O:7428.50 H:7428.75 L:7425.50 C:7426.75 V:2192.0
  📈 Trend: strong_bullish | 🌍 Regime: trending_bullish
  🗺️  Grid: 0.080% | 🔺 7428.75 🔻 7425.75
  📡 RSI: 62.5 | MACD: 3.97 | ATR: 4.00
  📊 Filled: 0 | Pending: 0
  💰 Daily P&L: $+0.00

[2026-07-30 10:59] O:7426.50 H:7426.50 L:7423.50 C:7424.50 V:2418.0
  📈 Trend: strong_bullish | 🌍 Regime: trending_bullish
  🗺️  Grid: 0.080% | 🔺 7428.75 🔻 7425.50
  📡 RSI: 55.4 | MACD: 3.70 | ATR: 4.02
  📊 Filled: 0 | Pending: 0
  💰 Daily P&L: $+0.00

[2026-07-30 11:00] O:7424.50 H:7425.00 L:7421.75 C:7423.50 V:3509.0
  📈 Trend: strong_bullish (raw: moderate_bullish) | 🌍 Regime: trending_bullish
  🗺️  Grid: 0.080% | 🔺 7426.50 🔻 7423.50
  📡 RSI: 50.0 | MACD: 3.36 | ATR: 3.96
  📊 Filled: 0 | Pending: 0
  💰 Daily P&L: $+0.00

[2026-07-30 11:01] O:7423.50 H:7429.00 L:7422.50 C:7428.00 V:3307.0
  📈 Trend: moderate_bullish | 🌍 Regime: trending_bullish
  🗺️  Grid: 0.080% | 🔺 7425.00 🔻 7421.75
  📡 RSI: 55.7 | MACD: 3.41 | ATR: 4.27
  📊 Filled: 0 | Pending: 0
  💰 Daily P&L: $+0.00

[2026-07-30 11:02] O:7428.00 H:7430.75 L:7426.75 C:7430.75 V:3824.0
  📈 Trend: moderate_bullish (raw: strong_bullish) | 🌍 Regime: trending_bullish
  🗺️  Grid: 0.080% | 🔺 7429.00 🔻 7422.50
  📡 RSI: 62.7 | MACD: 3.64 | ATR: 4.32
  📊 Filled: 0 | Pending: 0
  💰 Daily P&L: $+0.00

[2026-07-30 11:03] O:7431.00 H:7432.00 L:7430.00 C:7431.00 V:3089.0
  📈 Trend: strong_bullish | 🌍 Regime: trending_bullish
  🗺️  Grid: 0.080% | 🔺 7430.75 🔻 7426.75
  📡 RSI: 61.2 | MACD: 3.79 | ATR: 4.18
  📊 Filled: 0 | Pending: 0
  💰 Daily P&L: $+0.00

[2026-07-30 11:04] O:7431.25 H:7436.50 L:7431.00 C:7436.00 V:6745.0
  📈 Trend: strong_bullish | 🌍 Regime: trending_bullish
  🗺️  Grid: 0.080% | 🔺 7432.00 🔻 7430.00
  📡 RSI: 70.7 | MACD: 4.27 | ATR: 4.23
  📊 Filled: 0 | Pending: 0
  💰 Daily P&L: $+0.00

[2026-07-30 11:05] O:7436.00 H:7437.50 L:7433.25 C:7434.00 V:3840.0
  📈 Trend: strong_bullish | 🌍 Regime: trending_bullish
  🗺️  Grid: 0.080% | 🔺 7436.50 🔻 7431.00
  📡 RSI: 64.5 | MACD: 4.43 | ATR: 4.14
  📊 Filled: 0 | Pending: 0
  💰 Daily P&L: $+0.00

[2026-07-30 11:06] O:7434.25 H:7435.75 L:7433.00 C:7433.00 V:2275.0
  📈 Trend: strong_bullish | 🌍 Regime: trending_bullish
  🗺️  Grid: 0.080% | 🔺 7437.50 🔻 7433.25
  📡 RSI: 71.8 | MACD: 4.43 | ATR: 3.79
  📊 Filled: 0 | Pending: 0
  💰 Daily P&L: $+0.00

[2026-07-30 11:07] O:7433.25 H:7434.50 L:7432.00 C:7434.25 V:2167.0
  📈 Trend: strong_bullish | 🌍 Regime: trending_bullish
  🗺️  Grid: 0.080% | 🔺 7435.75 🔻 7433.00
  📡 RSI: 69.3 | MACD: 4.48 | ATR: 3.61
  📊 Filled: 0 | Pending: 0
  💰 Daily P&L: $+0.00

[2026-07-30 11:08] O:7434.50 H:7435.75 L:7432.75 C:7435.25 V:1986.0
  📈 Trend: strong_bullish | 🌍 Regime: trending_bullish
  🗺️  Grid: 0.080% | 🔺 7434.50 🔻 7432.00
  📡 RSI: 68.5 | MACD: 4.55 | ATR: 3.57
  📊 Filled: 0 | Pending: 0
  💰 Daily P&L: $+0.00

[2026-07-30 11:09] O:7435.50 H:7435.75 L:7433.50 C:7435.00 V:1758.0
  📈 Trend: strong_bullish | 🌍 Regime: trending_bullish
  🗺️  Grid: 0.080% | 🔺 7435.75 🔻 7432.75
  📡 RSI: 64.0 | MACD: 4.53 | ATR: 3.46
  📊 Filled: 0 | Pending: 0
  💰 Daily P&L: $+0.00

[2026-07-30 11:10] O:7434.75 H:7438.25 L:7434.50 C:7437.00 V:2344.0
  📈 Trend: strong_bullish | 🌍 Regime: trending_bullish
  🗺️  Grid: 0.080% | 🔺 7435.75 🔻 7433.50
  📡 RSI: 69.2 | MACD: 4.62 | ATR: 3.52
  📊 Filled: 0 | Pending: 0
  💰 Daily P&L: $+0.00

[2026-07-30 11:11] O:7437.25 H:7439.50 L:7436.00 C:7439.50 V:2772.0
  📈 Trend: strong_bullish | 🌍 Regime: trending_bullish
  🗺️  Grid: 0.080% | 🔺 7438.25 🔻 7434.50
  📡 RSI: 70.6 | MACD: 4.84 | ATR: 3.55
  📊 Filled: 0 | Pending: 0
  💰 Daily P&L: $+0.00

[2026-07-30 11:12] O:7439.25 H:7441.25 L:7438.50 C:7441.25 V:2526.0
  📈 Trend: strong_bullish | 🌍 Regime: trending_bullish
  🗺️  Grid: 0.080% | 🔺 7439.50 🔻 7436.00
  📡 RSI: 76.4 | MACD: 5.09 | ATR: 3.52
  📊 Filled: 0 | Pending: 0
  💰 Daily P&L: $+0.00

[2026-07-30 11:13] O:7441.25 H:7443.00 L:7441.25 C:7442.75 V:4574.0
  📈 Trend: strong_bullish | 🌍 Regime: trending_bullish
  🗺️  Grid: 0.080% | 🔺 7441.25 🔻 7438.50
  📡 RSI: 84.1 | MACD: 5.36 | ATR: 3.41
  📊 Filled: 0 | Pending: 0
  💰 Daily P&L: $+0.00

[2026-07-30 11:14] O:7442.75 H:7443.00 L:7440.50 C:7441.75 V:2380.0
  📈 Trend: strong_bullish | 🌍 Regime: trending_bullish
  🗺️  Grid: 0.080% | 🔺 7443.00 🔻 7441.25
  📡 RSI: 84.1 | MACD: 5.42 | ATR: 3.36
  📊 Filled: 0 | Pending: 0
  💰 Daily P&L: $+0.00

[2026-07-30 11:15] O:7441.75 H:7443.00 L:7441.50 C:7441.75 V:2319.0
  📈 Trend: strong_bullish | 🌍 Regime: trending_bullish
  🗺️  Grid: 0.080% | 🔺 7443.00 🔻 7440.50
  📡 RSI: 80.9 | MACD: 5.41 | ATR: 3.00
  📊 Filled: 0 | Pending: 0
  💰 Daily P&L: $+0.00

[2026-07-30 11:16] O:7441.75 H:7444.00 L:7441.75 C:7443.75 V:2527.0
  📈 Trend: strong_bullish | 🌍 Regime: trending_bullish
  🗺️  Grid: 0.080% | 🔺 7443.00 🔻 7441.50
  📡 RSI: 80.2 | MACD: 5.50 | ATR: 2.88
  📊 Filled: 0 | Pending: 0
  💰 Daily P&L: $+0.00

[2026-07-30 11:17] O:7444.00 H:7444.00 L:7441.50 C:7444.00 V:2240.0
  📈 Trend: strong_bullish | 🌍 Regime: trending_bullish
  🗺️  Grid: 0.080% | 🔺 7444.00 🔻 7441.75
  📡 RSI: 80.2 | MACD: 5.53 | ATR: 2.91
  📊 Filled: 0 | Pending: 0
  💰 Daily P&L: $+0.00

[2026-07-30 11:18] O:7444.00 H:7444.75 L:7441.50 C:7444.00 V:2400.0
  📈 Trend: strong_bullish | 🌍 Regime: trending_bullish
  🗺️  Grid: 0.080% | 🔺 7444.00 🔻 7441.50
  📡 RSI: 74.2 | MACD: 5.49 | ATR: 2.75
  📊 Filled: 0 | Pending: 0
  💰 Daily P&L: $+0.00

[2026-07-30 11:19] O:7444.25 H:7445.50 L:7442.25 C:7442.75 V:2413.0
  📈 Trend: strong_bullish | 🌍 Regime: trending_bullish
  🗺️  Grid: 0.080% | 🔺 7444.75 🔻 7441.50
  📡 RSI: 77.8 | MACD: 5.29 | ATR: 2.68
  📊 Filled: 0 | Pending: 0
  💰 Daily P&L: $+0.00

[2026-07-30 11:20] O:7442.75 H:7444.75 L:7442.00 C:7444.00 V:2782.0
  📈 Trend: strong_bullish | 🌍 Regime: trending_bullish
  🗺️  Grid: 0.080% | 🔺 7445.50 🔻 7442.25
  📡 RSI: 84.4 | MACD: 5.18 | ATR: 2.68
  📊 Filled: 0 | Pending: 0
  💰 Daily P&L: $+0.00

[2026-07-30 11:21] O:7443.75 H:7444.75 L:7442.75 C:7444.50 V:1892.0
  📈 Trend: strong_bullish | 🌍 Regime: trending_bullish
  🗺️  Grid: 0.080% | 🔺 7444.75 🔻 7442.00
  📡 RSI: 83.6 | MACD: 5.07 | ATR: 2.64
  📊 Filled: 0 | Pending: 0
  💰 Daily P&L: $+0.00

[2026-07-30 11:22] O:7444.50 H:7444.50 L:7441.75 C:7441.75 V:2354.0
  📈 Trend: strong_bullish | 🌍 Regime: trending_bullish
  🗺️  Grid: 0.080% | 🔺 7444.75 🔻 7442.75
  📡 RSI: 69.1 | MACD: 4.71 | ATR: 2.62
  📊 Filled: 0 | Pending: 0
  💰 Daily P&L: $+0.00

[2026-07-30 11:23] O:7442.00 H:7442.00 L:7439.25 C:7441.25 V:3249.0
  📈 Trend: strong_bullish | 🌍 Regime: trending_bullish
  🗺️  Grid: 0.080% | 🔺 7444.50 🔻 7441.75
  📡 RSI: 68.1 | MACD: 4.33 | ATR: 2.66
  📊 Filled: 0 | Pending: 0
  💰 Daily P&L: $+0.00

[2026-07-30 11:24] O:7441.25 H:7442.00 L:7439.25 C:7440.00 V:2574.0
  📈 Trend: strong_bullish | 🌍 Regime: trending_bullish
  🗺️  Grid: 0.080% | 🔺 7442.00 🔻 7439.25
  📡 RSI: 59.1 | MACD: 3.89 | ATR: 2.59
  📊 Filled: 0 | Pending: 0
  💰 Daily P&L: $+0.00

[2026-07-30 11:25] O:7440.00 H:7440.50 L:7439.00 C:7440.00 V:2328.0
  📈 Trend: strong_bullish | 🌍 Regime: trending_bullish
  🗺️  Grid: 0.080% | 🔺 7442.00 🔻 7439.25
  📡 RSI: 51.8 | MACD: 3.49 | ATR: 2.45
  📊 Filled: 0 | Pending: 0
  💰 Daily P&L: $+0.00

[2026-07-30 11:26] O:7439.75 H:7441.25 L:7439.25 C:7440.50 V:2096.0
  📈 Trend: strong_bullish | 🌍 Regime: trending_bullish
  🗺️  Grid: 0.080% | 🔺 7440.50 🔻 7439.00
  📡 RSI: 47.1 | MACD: 3.19 | ATR: 2.39
  📊 Filled: 0 | Pending: 0
  💰 Daily P&L: $+0.00

[2026-07-30 11:27] O:7440.50 H:7443.00 L:7440.50 C:7442.75 V:1913.0
  📈 Trend: strong_bullish | 🌍 Regime: trending_bullish
  🗺️  Grid: 0.080% | 🔺 7441.25 🔻 7439.25
  📡 RSI: 50.0 | MACD: 3.09 | ATR: 2.45
  📊 Filled: 0 | Pending: 0
  💰 Daily P&L: $+0.00

[2026-07-30 11:28] O:7443.00 H:7443.25 L:7440.50 C:7441.50 V:1985.0
  📈 Trend: strong_bullish | 🌍 Regime: trending_bullish
  🗺️  Grid: 0.080% | 🔺 7443.00 🔻 7440.50
  📡 RSI: 49.1 | MACD: 2.88 | ATR: 2.46
  📊 Filled: 0 | Pending: 0
  💰 Daily P&L: $+0.00

[2026-07-30 11:29] O:7441.75 H:7442.25 L:7440.00 C:7441.00 V:2221.0
  📈 Trend: strong_bullish | 🌍 Regime: trending_bullish
  🗺️  Grid: 0.080% | 🔺 7443.25 🔻 7440.50
  📡 RSI: 47.4 | MACD: 2.64 | ATR: 2.52
  📊 Filled: 0 | Pending: 0
  💰 Daily P&L: $+0.00

[2026-07-30 11:30] O:7441.00 H:7442.50 L:7438.00 C:7438.50 V:2507.0
  📈 Trend: strong_bullish (raw: moderate_bullish) | 🌍 Regime: trending_bullish
  🗺️  Grid: 0.080% | 🔺 7442.25 🔻 7440.00
  📡 RSI: 32.2 | MACD: 2.22 | ATR: 2.68
  📊 Filled: 0 | Pending: 0
  💰 Daily P&L: $+0.00

[2026-07-30 11:31] O:7438.50 H:7439.25 L:7436.75 C:7438.75 V:2170.0
  📈 Trend: moderate_bullish | 🌍 Regime: trending_bullish
  🗺️  Grid: 0.080% | 🔺 7442.50 🔻 7438.00
  📡 RSI: 32.2 | MACD: 1.89 | ATR: 2.68
  📊 Filled: 0 | Pending: 0
  💰 Daily P&L: $+0.00

[2026-07-30 11:32] O:7438.75 H:7440.50 L:7437.50 C:7440.50 V:1999.0
  📈 Trend: moderate_bullish | 🌍 Regime: trending_bullish
  🗺️  Grid: 0.080% | 🔺 7439.25 🔻 7436.75
  📡 RSI: 39.4 | MACD: 1.75 | ATR: 2.66
  📊 Filled: 0 | Pending: 0
  📤 Limit BUY 10 @ 7440.50 submitted (ID: 576)
  ⬆️ LONG ORDER @ 7440.50 | Size: 1.00 | SL: 7435.25 | TP: 7448.50 [10cts]
     Reason: Grid Long (moderate_bullish, RSI: 39.4)
  🔬 SHADOW [long trending]: 🟥 ROBUST WOULD BLOCK (1 filter)
       MACD=BLOCK (+1.75 vs +1.89, Δ-0.14) | 5m=PASS (1m=moderate_bullish, 5m=sideways)
     ⏳ Order 576 PENDING - awaiting fill confirmation
  💰 Daily P&L: $+0.00
  📋 Order 576 status: Submitted
  ✅ Fill: BOT 10.0 @ 7440.5
  📋 Order 576 status: Filled
  📤 Stop-Limit SELL 10 @ stop:7432.50 / lmt:7428.50 submitted (ID: 577) [OCA:exit_576_1785429245]
  📋 Order 577 status: PreSubmitted
  📤 Limit SELL 10 @ 7448.50 submitted (ID: 578) [OCA:exit_576_1785429245]
  📋 Order 578 status: PreSubmitted
  ✅ FILL CONFIRMED: LONG @ 7440.50 (order 576)
     📊 Bracket placed: SL #577 @ 7432.50 | TP #578 @ 7448.50
     Trail activates @ +7.5 pts

[2026-07-30 11:33] O:7440.50 H:7441.25 L:7439.25 C:7440.75 V:2273.0
  📈 Trend: moderate_bullish | 🌍 Regime: trending_bullish
  🗺️  Grid: 0.080% | 🔺 7440.50 🔻 7437.50
  📡 RSI: 43.5 | MACD: 1.64 | ATR: 2.57
  📊 Filled: 1 | Pending: 0
  📍 LONG @ 7440.50 | SL: 7432.50 | TP: 7448.50 | P&L: $+125.00 | +7.5 to trail
  💰 Daily P&L: $+0.00
  📋 Order 578 status: Submitted

[2026-07-30 11:34] O:7440.75 H:7442.00 L:7439.75 C:7441.00 V:2989.0
  📈 Trend: moderate_bullish | 🌍 Regime: trending_bullish
  🗺️  Grid: 0.080% | 🔺 7441.25 🔻 7439.25
  📡 RSI: 39.7 | MACD: 1.55 | ATR: 2.54
  📊 Filled: 1 | Pending: 0
  📍 LONG @ 7440.50 | SL: 7432.50 | TP: 7448.50 | P&L: $+250.00 | +6.8 to trail
  💰 Daily P&L: $+0.00

[2026-07-30 11:35] O:7441.25 H:7444.25 L:7440.75 C:7442.00 V:3365.0
  📈 Trend: moderate_bullish | 🌍 Regime: trending_bullish
  🗺️  Grid: 0.080% | 🔺 7442.00 🔻 7439.75
  📡 RSI: 41.7 | MACD: 1.55 | ATR: 2.64
  📊 Filled: 1 | Pending: 0
  📍 LONG @ 7440.50 | SL: 7432.50 | TP: 7448.50 | P&L: $+750.00 | +6.0 to trail
  💰 Daily P&L: $+0.00

[2026-07-30 11:36] O:7442.00 H:7443.50 L:7441.00 C:7442.00 V:1928.0
  📈 Trend: moderate_bullish | 🌍 Regime: trending_bullish
  🗺️  Grid: 0.080% | 🔺 7444.25 🔻 7440.75
  📡 RSI: 51.0 | MACD: 1.53 | ATR: 2.62
  📊 Filled: 1 | Pending: 0
  📍 LONG @ 7440.50 | SL: 7432.50 | TP: 7448.50 | P&L: $+750.00 | +3.8 to trail
  💰 Daily P&L: $+0.00

[2026-07-30 11:37] O:7442.25 H:7442.25 L:7439.25 C:7440.00 V:1658.0
  📈 Trend: moderate_bullish | 🌍 Regime: trending_bullish
  🗺️  Grid: 0.080% | 🔺 7443.50 🔻 7441.00
  📡 RSI: 45.5 | MACD: 1.33 | ATR: 2.64
  📊 Filled: 1 | Pending: 0
  📍 LONG @ 7440.50 | SL: 7432.50 | TP: 7448.50 | P&L: $-250.00 | +3.8 to trail
  💰 Daily P&L: $+0.00

[2026-07-30 11:38] O:7440.00 H:7440.50 L:7438.50 C:7439.25 V:1309.0
  📈 Trend: moderate_bullish | 🌍 Regime: trending_bullish
  🗺️  Grid: 0.080% | 🔺 7442.25 🔻 7439.25
  📡 RSI: 47.2 | MACD: 1.11 | ATR: 2.59
  📊 Filled: 1 | Pending: 0
  📍 LONG @ 7440.50 | SL: 7432.50 | TP: 7448.50 | P&L: $-625.00 | +3.8 to trail
  💰 Daily P&L: $+0.00

[2026-07-30 11:39] O:7439.50 H:7440.25 L:7438.25 C:7438.50 V:1376.0
  📈 Trend: moderate_bullish | 🌍 Regime: trending_bullish
  🗺️  Grid: 0.080% | 🔺 7440.50 🔻 7438.50
  📡 RSI: 44.6 | MACD: 0.86 | ATR: 2.62
  📊 Filled: 1 | Pending: 0
  📍 LONG @ 7440.50 | SL: 7432.50 | TP: 7448.50 | P&L: $-1,000.00 | +3.8 to trail
  💰 Daily P&L: $+0.00

[2026-07-30 11:40] O:7438.75 H:7439.00 L:7434.25 C:7434.50 V:3204.0
  📈 Trend: moderate_bullish | 🌍 Regime: trending_bullish
  🗺️  Grid: 0.080% | 🔺 7440.25 🔻 7438.25
  📡 RSI: 32.9 | MACD: 0.33 | ATR: 2.82
  📊 Filled: 1 | Pending: 0
  📍 LONG @ 7440.50 | SL: 7432.50 | TP: 7448.50 | P&L: $-3,000.00 | +3.8 to trail
  💰 Daily P&L: $+0.00
  📋 Order 578 status: PreSubmitted
  📋 Order 578 status: PendingCancel
  ✅ Fill: SLD 10.0 @ 7432.5
  📋 Order 577 status: Filled
  📋 Order 578 status: Cancelled

[2026-07-30 11:41] O:7434.50 H:7436.00 L:7432.25 C:7434.25 V:3001.0
  📈 Trend: moderate_bullish | 🌍 Regime: trending_bullish
  🗺️  Grid: 0.080% | 🔺 7439.00 🔻 7434.25
  📡 RSI: 22.6 | MACD: -0.10 | ATR: 2.91
  📊 Filled: 1 | Pending: 0
  📍 LONG @ 7440.50 | SL: 7432.50 | TP: 7448.50 | P&L: $-3,125.00 | +3.8 to trail
  ❌ EXIT LONG @ 7432.50 | Stop Loss
     P&L: -8.00 pts ($-4,000.00) | Daily: $-4,000.00
  ⏸️ Cooldown: 2 bar(s) remaining after exit
  💰 Daily P&L: $-4,000.00

[2026-07-30 11:42] O:7434.50 H:7435.00 L:7431.50 C:7432.25 V:2389.0
  📈 Trend: moderate_bullish | 🌍 Regime: trending_bullish
  🗺️  Grid: 0.080% | 🔺 7436.00 🔻 7432.25
  📡 RSI: 21.5 | MACD: -0.60 | ATR: 2.96
  📊 Filled: 0 | Pending: 0
  ⏸️ Cooldown: 1 bar(s) remaining after exit
  💰 Daily P&L: $-4,000.00

[2026-07-30 11:43] O:7432.50 H:7436.00 L:7431.25 C:7433.50 V:3966.0
  📈 Trend: moderate_bullish | 🌍 Regime: trending_bullish
  🗺️  Grid: 0.080% | 🔺 7435.00 🔻 7431.50
  📡 RSI: 27.9 | MACD: -0.89 | ATR: 3.14
  📊 Filled: 0 | Pending: 0
  💰 Daily P&L: $-4,000.00

[2026-07-30 11:44] O:7433.75 H:7434.50 L:7433.00 C:7434.25 V:2282.0
  📈 Trend: moderate_bullish | 🌍 Regime: trending_bullish
  🗺️  Grid: 0.080% | 🔺 7436.00 🔻 7431.25
  📡 RSI: 36.1 | MACD: -1.04 | ATR: 2.93
  📊 Filled: 0 | Pending: 0
  💰 Daily P&L: $-4,000.00

[2026-07-30 11:45] O:7434.25 H:7438.75 L:7433.75 C:7438.00 V:2942.0
  📈 Trend: moderate_bullish | 🌍 Regime: trending_bullish
  🗺️  Grid: 0.080% | 🔺 7434.50 🔻 7433.00
  📡 RSI: 48.0 | MACD: -0.85 | ATR: 3.11
  📊 Filled: 0 | Pending: 0
  💰 Daily P&L: $-4,000.00

[2026-07-30 11:46] O:7437.75 H:7441.50 L:7437.75 C:7439.25 V:2883.0
  📈 Trend: moderate_bullish | 🌍 Regime: trending_bullish
  🗺️  Grid: 0.080% | 🔺 7438.75 🔻 7433.75
  📡 RSI: 46.6 | MACD: -0.59 | ATR: 3.16
  📊 Filled: 0 | Pending: 0
  💰 Daily P&L: $-4,000.00

[2026-07-30 11:47] O:7439.50 H:7440.50 L:7438.00 C:7438.50 V:1605.0
  📈 Trend: moderate_bullish | 🌍 Regime: trending_bullish
  🗺️  Grid: 0.080% | 🔺 7441.50 🔻 7437.75
  📡 RSI: 44.0 | MACD: -0.44 | ATR: 3.20
  📊 Filled: 0 | Pending: 0
  💰 Daily P&L: $-4,000.00

[2026-07-30 11:48] O:7438.75 H:7439.50 L:7438.00 C:7438.25 V:1332.0
  📈 Trend: moderate_bullish | 🌍 Regime: trending_bullish
  🗺️  Grid: 0.080% | 🔺 7440.50 🔻 7438.00
  📡 RSI: 42.7 | MACD: -0.34 | ATR: 3.14
  📊 Filled: 0 | Pending: 0
  💰 Daily P&L: $-4,000.00

[2026-07-30 11:49] O:7438.00 H:7440.00 L:7437.75 C:7439.25 V:1365.0
  📈 Trend: moderate_bullish | 🌍 Regime: trending_bullish
  🗺️  Grid: 0.080% | 🔺 7439.50 🔻 7438.00
  📡 RSI: 42.7 | MACD: -0.17 | ATR: 3.05
  📊 Filled: 0 | Pending: 0
  💰 Daily P&L: $-4,000.00

[2026-07-30 11:50] O:7439.50 H:7440.50 L:7436.50 C:7437.75 V:2154.0
  📈 Trend: moderate_bullish (raw: moderate_bearish) | 🌍 Regime: trending_bearish
  🗺️  Grid: 0.080% | 🔺 7440.00 🔻 7437.75
  📡 RSI: 39.5 | MACD: -0.16 | ATR: 3.16
  📊 Filled: 0 | Pending: 0
  💰 Daily P&L: $-4,000.00

[2026-07-30 11:51] O:7437.75 H:7442.50 L:7437.75 C:7442.00 V:1805.0
  📈 Trend: moderate_bullish (raw: strong_bullish) | 🌍 Regime: ranging
  🗺️  Grid: 0.080% | 🔺 7440.50 🔻 7436.50
  📡 RSI: 54.4 | MACD: 0.19 | ATR: 3.29
  📊 Filled: 0 | Pending: 0
  🔲 Regime: RANGING | Range pos: 92% | RSI: 54.4
  💰 Daily P&L: $-4,000.00

[2026-07-30 11:52] O:7442.25 H:7445.75 L:7441.75 C:7445.25 V:3265.0
  📈 Trend: strong_bullish | 🌍 Regime: ranging
  🗺️  Grid: 0.080% | 🔺 7442.50 🔻 7437.75
  📡 RSI: 62.0 | MACD: 0.72 | ATR: 3.43
  📊 Filled: 0 | Pending: 0
  🔲 Regime: RANGING | Range pos: 99% | RSI: 62.0
  💰 Daily P&L: $-4,000.00

[2026-07-30 11:53] O:7445.25 H:7445.50 L:7442.75 C:7443.75 V:1943.0
  📈 Trend: strong_bullish | 🌍 Regime: ranging
  🗺️  Grid: 0.080% | 🔺 7445.75 🔻 7441.75
  📡 RSI: 60.2 | MACD: 1.01 | ATR: 3.48
  📊 Filled: 0 | Pending: 0
  🔲 Regime: RANGING | Range pos: 96% | RSI: 60.2
  💰 Daily P&L: $-4,000.00

[2026-07-30 11:54] O:7444.00 H:7444.75 L:7443.50 C:7443.50 V:1247.0
  📈 Trend: strong_bullish | 🌍 Regime: ranging
  🗺️  Grid: 0.080% | 🔺 7445.50 🔻 7442.75
  📡 RSI: 70.5 | MACD: 1.20 | ATR: 3.23
  📊 Filled: 0 | Pending: 0
  🔲 Regime: RANGING | Range pos: 95% | RSI: 70.5
  🚫 Raw trend blocks RANGING SHORT | raw: strong_bullish
  💰 Daily P&L: $-4,000.00

[2026-07-30 11:55] O:7443.75 H:7445.25 L:7442.50 C:7444.75 V:1932.0
  📈 Trend: strong_bullish | 🌍 Regime: ranging
  🗺️  Grid: 0.080% | 🔺 7444.75 🔻 7443.50
  📡 RSI: 72.8 | MACD: 1.44 | ATR: 3.16
  📊 Filled: 0 | Pending: 0
  🔲 Regime: RANGING | Range pos: 98% | RSI: 72.8
  🚫 Raw trend blocks RANGING SHORT | raw: strong_bullish
  💰 Daily P&L: $-4,000.00

[2026-07-30 11:56] O:7444.50 H:7445.50 L:7443.75 C:7444.50 V:1155.0
  📈 Trend: strong_bullish | 🌍 Regime: ranging
  🗺️  Grid: 0.080% | 🔺 7445.25 🔻 7442.50
  📡 RSI: 78.8 | MACD: 1.59 | ATR: 3.04
  📊 Filled: 0 | Pending: 0
  🔲 Regime: RANGING | Range pos: 97% | RSI: 78.8
  🚫 Raw trend blocks RANGING SHORT | raw: strong_bullish
  💰 Daily P&L: $-4,000.00

[2026-07-30 11:57] O:7444.50 H:7444.75 L:7442.75 C:7442.75 V:941.0
  📈 Trend: strong_bullish | 🌍 Regime: ranging
  🗺️  Grid: 0.080% | 🔺 7445.50 🔻 7443.75
  📡 RSI: 71.3 | MACD: 1.55 | ATR: 2.84
  📊 Filled: 0 | Pending: 0
  🔲 Regime: RANGING | Range pos: 94% | RSI: 71.3
  🚫 Raw trend blocks RANGING SHORT | raw: strong_bullish
  💰 Daily P&L: $-4,000.00

[2026-07-30 11:58] O:7442.75 H:7444.00 L:7441.75 C:7444.00 V:1354.0
  📈 Trend: strong_bullish | 🌍 Regime: ranging
  🗺️  Grid: 0.080% | 🔺 7444.75 🔻 7442.75
  📡 RSI: 71.9 | MACD: 1.60 | ATR: 2.89
  📊 Filled: 0 | Pending: 0
  🔲 Regime: RANGING | Range pos: 96% | RSI: 71.9
  🚫 Raw trend blocks RANGING SHORT | raw: strong_bullish
  💰 Daily P&L: $-4,000.00

[2026-07-30 11:59] O:7444.00 H:7444.25 L:7443.25 C:7443.75 V:1028.0
  📈 Trend: strong_bullish | 🌍 Regime: ranging
  🗺️  Grid: 0.080% | 🔺 7444.00 🔻 7441.75
  📡 RSI: 65.3 | MACD: 1.60 | ATR: 2.61
  📊 Filled: 0 | Pending: 0
  🔲 Regime: RANGING | Range pos: 96% | RSI: 65.3
  💰 Daily P&L: $-4,000.00

[2026-07-30 12:00] O:7443.75 H:7453.25 L:7443.75 C:7452.00 V:7103.0
  📈 Trend: strong_bullish | 🌍 Regime: trending_bullish
  🗺️  Grid: 0.080% | 🔺 7444.25 🔻 7443.25
  📡 RSI: 74.8 | MACD: 2.24 | ATR: 3.02
  📊 Filled: 0 | Pending: 0
  💰 Daily P&L: $-4,000.00

[2026-07-30 12:01] O:7451.75 H:7454.75 L:7451.50 C:7454.25 V:2583.0
  📈 Trend: strong_bullish | 🌍 Regime: trending_bullish
  🗺️  Grid: 0.080% | 🔺 7453.25 🔻 7443.75
  📡 RSI: 78.9 | MACD: 2.90 | ATR: 3.07
  📊 Filled: 0 | Pending: 0
  💰 Daily P&L: $-4,000.00

[2026-07-30 12:02] O:7454.50 H:7454.50 L:7451.50 C:7452.00 V:2491.0
  📈 Trend: strong_bullish | 🌍 Regime: trending_bullish
  🗺️  Grid: 0.080% | 🔺 7454.75 🔻 7451.50
  📡 RSI: 73.5 | MACD: 3.20 | ATR: 3.18
  📊 Filled: 0 | Pending: 0
  💰 Daily P&L: $-4,000.00

[2026-07-30 12:03] O:7452.00 H:7453.25 L:7451.25 C:7451.75 V:1886.0
  📈 Trend: strong_bullish | 🌍 Regime: trending_bullish
  🗺️  Grid: 0.080% | 🔺 7454.50 🔻 7451.50
  📡 RSI: 71.9 | MACD: 3.38 | ATR: 3.16
  📊 Filled: 0 | Pending: 0
  💰 Daily P&L: $-4,000.00

[2026-07-30 12:04] O:7451.75 H:7454.00 L:7451.75 C:7453.50 V:1186.0
  📈 Trend: strong_bullish | 🌍 Regime: trending_bullish
  🗺️  Grid: 0.080% | 🔺 7453.25 🔻 7451.25
  📡 RSI: 77.4 | MACD: 3.62 | ATR: 3.04
  📊 Filled: 0 | Pending: 0
  💰 Daily P&L: $-4,000.00

[2026-07-30 12:05] O:7453.75 H:7454.25 L:7452.50 C:7453.25 V:1957.0
  📈 Trend: strong_bullish | 🌍 Regime: trending_bullish
  🗺️  Grid: 0.080% | 🔺 7454.00 🔻 7451.75
  📡 RSI: 72.7 | MACD: 3.75 | ATR: 2.82
  📊 Filled: 0 | Pending: 0
  💰 Daily P&L: $-4,000.00

[2026-07-30 12:06] O:7453.25 H:7455.50 L:7452.75 C:7453.25 V:2804.0
  📈 Trend: strong_bullish | 🌍 Regime: trending_bullish
  🗺️  Grid: 0.080% | 🔺 7454.25 🔻 7452.50
  📡 RSI: 68.6 | MACD: 3.81 | ATR: 2.73
  📊 Filled: 0 | Pending: 0
  💰 Daily P&L: $-4,000.00

[2026-07-30 12:07] O:7453.25 H:7453.50 L:7450.75 C:7451.50 V:1473.0
  📈 Trend: strong_bullish | 🌍 Regime: trending_bullish
  🗺️  Grid: 0.080% | 🔺 7455.50 🔻 7452.75
  📡 RSI: 67.8 | MACD: 3.67 | ATR: 2.73
  📊 Filled: 0 | Pending: 0
  💰 Daily P&L: $-4,000.00

[2026-07-30 12:08] O:7451.25 H:7452.00 L:7450.25 C:7451.50 V:1473.0
  📈 Trend: strong_bullish | 🌍 Regime: trending_bullish
  🗺️  Grid: 0.080% | 🔺 7453.50 🔻 7450.75
  📡 RSI: 68.6 | MACD: 3.52 | ATR: 2.77
  📊 Filled: 0 | Pending: 0
  💰 Daily P&L: $-4,000.00

[2026-07-30 12:09] O:7451.50 H:7451.75 L:7450.00 C:7451.75 V:1350.0
  📈 Trend: strong_bullish | 🌍 Regime: trending_bullish
  🗺️  Grid: 0.080% | 🔺 7452.00 🔻 7450.25
  📡 RSI: 67.1 | MACD: 3.38 | ATR: 2.70
  📊 Filled: 0 | Pending: 0
  💰 Daily P&L: $-4,000.00

[2026-07-30 12:10] O:7452.00 H:7454.00 L:7451.50 C:7452.50 V:1302.0
  📈 Trend: strong_bullish | 🌍 Regime: trending_bullish
  🗺️  Grid: 0.080% | 🔺 7451.75 🔻 7450.00
  📡 RSI: 69.0 | MACD: 3.30 | ATR: 2.75
  📊 Filled: 0 | Pending: 0
  💰 Daily P&L: $-4,000.00

[2026-07-30 12:11] O:7452.50 H:7453.00 L:7450.50 C:7452.75 V:1276.0
  📈 Trend: strong_bullish | 🌍 Regime: trending_bullish
  🗺️  Grid: 0.080% | 🔺 7454.00 🔻 7451.50
  📡 RSI: 75.6 | MACD: 3.21 | ATR: 2.79
  📊 Filled: 0 | Pending: 0
  💰 Daily P&L: $-4,000.00

[2026-07-30 12:12] O:7453.00 H:7453.25 L:7449.50 C:7450.75 V:3017.0
  📈 Trend: strong_bullish | 🌍 Regime: trending_bullish
  🗺️  Grid: 0.080% | 🔺 7453.00 🔻 7450.50
  📡 RSI: 66.7 | MACD: 2.95 | ATR: 2.89
  📊 Filled: 0 | Pending: 0
  💰 Daily P&L: $-4,000.00

[2026-07-30 12:13] O:7451.00 H:7451.75 L:7450.50 C:7451.25 V:1222.0
  📈 Trend: strong_bullish | 🌍 Regime: trending_bullish
  🗺️  Grid: 0.080% | 🔺 7453.25 🔻 7449.50
  📡 RSI: 68.3 | MACD: 2.75 | ATR: 2.91
  📊 Filled: 0 | Pending: 0
  💰 Daily P&L: $-4,000.00

[2026-07-30 12:14] O:7451.00 H:7452.00 L:7450.75 C:7451.00 V:1165.0
  📈 Trend: strong_bullish | 🌍 Regime: trending_bullish
  🗺️  Grid: 0.080% | 🔺 7451.75 🔻 7450.50
  📡 RSI: 46.0 | MACD: 2.54 | ATR: 2.32
  📊 Filled: 0 | Pending: 0
  💰 Daily P&L: $-4,000.00

[2026-07-30 12:15] O:7450.75 H:7452.25 L:7450.50 C:7450.50 V:1134.0
  📈 Trend: strong_bullish | 🌍 Regime: trending_bullish
  🗺️  Grid: 0.080% | 🔺 7452.00 🔻 7450.75
  📡 RSI: 32.6 | MACD: 2.31 | ATR: 2.21
  📊 Filled: 0 | Pending: 0
  💰 Daily P&L: $-4,000.00

[2026-07-30 12:16] O:7450.50 H:7454.50 L:7450.25 C:7454.00 V:1318.0
  📈 Trend: strong_bullish | 🌍 Regime: trending_bullish
  🗺️  Grid: 0.080% | 🔺 7452.25 🔻 7450.50
  📡 RSI: 58.3 | MACD: 2.38 | ATR: 2.30
  📊 Filled: 0 | Pending: 0
  💰 Daily P&L: $-4,000.00

[2026-07-30 12:17] O:7454.00 H:7455.00 L:7453.50 C:7454.00 V:1238.0
  📈 Trend: strong_bullish | 🌍 Regime: trending_bullish
  🗺️  Grid: 0.080% | 🔺 7454.50 🔻 7450.25
  📡 RSI: 59.6 | MACD: 2.41 | ATR: 2.27
  📊 Filled: 0 | Pending: 0
  💰 Daily P&L: $-4,000.00

[2026-07-30 12:18] O:7453.75 H:7454.25 L:7452.25 C:7452.50 V:1199.0
  📈 Trend: strong_bullish | 🌍 Regime: trending_bullish
  🗺️  Grid: 0.080% | 🔺 7455.00 🔻 7453.50
  📡 RSI: 45.7 | MACD: 2.29 | ATR: 2.25
  📊 Filled: 0 | Pending: 0
  💰 Daily P&L: $-4,000.00

[2026-07-30 12:19] O:7452.50 H:7456.50 L:7452.25 C:7456.00 V:1667.0
  📈 Trend: strong_bullish | 🌍 Regime: trending_bullish
  🗺️  Grid: 0.080% | 🔺 7454.25 🔻 7452.25
  📡 RSI: 59.3 | MACD: 2.44 | ATR: 2.43
  📊 Filled: 0 | Pending: 0
  💰 Daily P&L: $-4,000.00

[2026-07-30 12:20] O:7456.00 H:7456.00 L:7453.75 C:7455.50 V:1377.0
  📈 Trend: strong_bullish | 🌍 Regime: trending_bullish
  🗺️  Grid: 0.080% | 🔺 7456.50 🔻 7452.25
  📡 RSI: 57.4 | MACD: 2.49 | ATR: 2.39
  📊 Filled: 0 | Pending: 0
  💰 Daily P&L: $-4,000.00

[2026-07-30 12:21] O:7455.50 H:7455.75 L:7454.00 C:7455.00 V:1126.0
  📈 Trend: strong_bullish | 🌍 Regime: trending_bullish
  🗺️  Grid: 0.080% | 🔺 7456.00 🔻 7453.75
  📡 RSI: 62.5 | MACD: 2.47 | ATR: 2.32
  📊 Filled: 0 | Pending: 0
  💰 Daily P&L: $-4,000.00

[2026-07-30 12:22] O:7455.00 H:7455.00 L:7451.50 C:7452.25 V:1266.0
  📈 Trend: strong_bullish | 🌍 Regime: trending_bullish
  🗺️  Grid: 0.080% | 🔺 7455.75 🔻 7454.00
  📡 RSI: 52.2 | MACD: 2.20 | ATR: 2.45
  📊 Filled: 0 | Pending: 0
  💰 Daily P&L: $-4,000.00

[2026-07-30 12:23] O:7452.25 H:7454.25 L:7451.75 C:7454.00 V:913.0
  📈 Trend: strong_bullish | 🌍 Regime: trending_bullish
  🗺️  Grid: 0.080% | 🔺 7455.00 🔻 7451.50
  📡 RSI: 56.2 | MACD: 2.11 | ATR: 2.50
  📊 Filled: 0 | Pending: 0
  💰 Daily P&L: $-4,000.00

[2026-07-30 12:24] O:7453.75 H:7454.25 L:7452.50 C:7453.50 V:1019.0
  📈 Trend: strong_bullish | 🌍 Regime: trending_bullish
  🗺️  Grid: 0.080% | 🔺 7454.25 🔻 7451.75
  📡 RSI: 52.8 | MACD: 1.97 | ATR: 2.45
  📊 Filled: 0 | Pending: 0
  💰 Daily P&L: $-4,000.00

[2026-07-30 12:25] O:7453.50 H:7453.75 L:7451.75 C:7452.75 V:931.0
  📈 Trend: strong_bullish (raw: moderate_bullish) | 🌍 Regime: trending_bullish
  🗺️  Grid: 0.080% | 🔺 7454.25 🔻 7452.50
  📡 RSI: 50.0 | MACD: 1.78 | ATR: 2.41
  📊 Filled: 0 | Pending: 0
  💰 Daily P&L: $-4,000.00

[2026-07-30 12:26] O:7452.50 H:7452.75 L:7451.00 C:7452.00 V:754.0
  📈 Trend: strong_bullish | 🌍 Regime: trending_bullish
  🗺️  Grid: 0.080% | 🔺 7453.75 🔻 7451.75
  📡 RSI: 53.6 | MACD: 1.55 | ATR: 2.27
  📊 Filled: 0 | Pending: 0
  💰 Daily P&L: $-4,000.00

[2026-07-30 12:27] O:7452.00 H:7454.00 L:7452.00 C:7452.75 V:1050.0
  📈 Trend: strong_bullish | 🌍 Regime: trending_bullish
  🗺️  Grid: 0.080% | 🔺 7452.75 🔻 7451.00
  📡 RSI: 54.3 | MACD: 1.41 | ATR: 2.32
  📊 Filled: 0 | Pending: 0
  💰 Daily P&L: $-4,000.00

[2026-07-30 12:28] O:7452.75 H:7453.00 L:7450.50 C:7451.75 V:1349.0
  📈 Trend: strong_bullish (raw: moderate_bullish) | 🌍 Regime: trending_bullish
  🗺️  Grid: 0.080% | 🔺 7454.00 🔻 7452.00
  📡 RSI: 52.1 | MACD: 1.21 | ATR: 2.41
  📊 Filled: 0 | Pending: 0
  💰 Daily P&L: $-4,000.00

[2026-07-30 12:29] O:7451.50 H:7452.00 L:7450.75 C:7451.75 V:1770.0
  📈 Trend: moderate_bullish | 🌍 Regime: trending_bullish
  🗺️  Grid: 0.080% | 🔺 7453.00 🔻 7450.50
  📡 RSI: 53.5 | MACD: 1.03 | ATR: 2.38
  📊 Filled: 0 | Pending: 0
  💰 Daily P&L: $-4,000.00

[2026-07-30 12:30] O:7451.75 H:7454.25 L:7451.25 C:7452.25 V:2239.0
  📈 Trend: moderate_bullish | 🌍 Regime: trending_bullish
  🗺️  Grid: 0.080% | 🔺 7452.00 🔻 7450.75
  📡 RSI: 44.1 | MACD: 0.92 | ATR: 2.29
  📊 Filled: 0 | Pending: 0
  💰 Daily P&L: $-4,000.00

[2026-07-30 12:31] O:7452.50 H:7452.50 L:7451.00 C:7451.75 V:880.0
  📈 Trend: moderate_bullish (raw: strong_bullish) | 🌍 Regime: ranging
  🗺️  Grid: 0.080% | 🔺 7454.25 🔻 7451.25
  📡 RSI: 42.6 | MACD: 0.79 | ATR: 2.29
  📊 Filled: 0 | Pending: 0
  🔲 Regime: RANGING | Range pos: 92% | RSI: 42.6
  💰 Daily P&L: $-4,000.00

[2026-07-30 12:32] O:7451.75 H:7451.75 L:7450.25 C:7450.50 V:790.0
  📈 Trend: moderate_bullish | 🌍 Regime: ranging
  🗺️  Grid: 0.080% | 🔺 7452.50 🔻 7451.00
  📡 RSI: 43.3 | MACD: 0.58 | ATR: 2.25
  📊 Filled: 0 | Pending: 0
  🔲 Regime: RANGING | Range pos: 90% | RSI: 43.3
  💰 Daily P&L: $-4,000.00

[2026-07-30 12:33] O:7450.25 H:7451.00 L:7448.50 C:7449.50 V:1392.0
  📈 Trend: moderate_bullish | 🌍 Regime: ranging
  🗺️  Grid: 0.080% | 🔺 7451.75 🔻 7450.25
  📡 RSI: 24.0 | MACD: 0.32 | ATR: 2.12
  📊 Filled: 0 | Pending: 0
  🔲 Regime: RANGING | Range pos: 88% | RSI: 24.0
  💰 Daily P&L: $-4,000.00

[2026-07-30 12:34] O:7449.50 H:7449.75 L:7448.00 C:7449.25 V:1095.0
  📈 Trend: moderate_bullish | 🌍 Regime: ranging
  🗺️  Grid: 0.080% | 🔺 7451.00 🔻 7448.50
  📡 RSI: 24.5 | MACD: 0.10 | ATR: 2.09
  📊 Filled: 0 | Pending: 0
  🔲 Regime: RANGING | Range pos: 87% | RSI: 24.5
  💰 Daily P&L: $-4,000.00

[2026-07-30 12:35] O:7449.50 H:7451.50 L:7449.25 C:7451.50 V:1195.0
  📈 Trend: moderate_bullish | 🌍 Regime: ranging
  🗺️  Grid: 0.080% | 🔺 7449.75 🔻 7448.00
  📡 RSI: 37.5 | MACD: 0.10 | ATR: 2.12
  📊 Filled: 0 | Pending: 0
  🔲 Regime: RANGING | Range pos: 91% | RSI: 37.5
  💰 Daily P&L: $-4,000.00

[2026-07-30 12:36] O:7451.50 H:7453.00 L:7450.75 C:7452.75 V:1247.0
  📈 Trend: moderate_bullish | 🌍 Regime: ranging
  🗺️  Grid: 0.080% | 🔺 7451.50 🔻 7449.25
  📡 RSI: 52.0 | MACD: 0.20 | ATR: 2.04
  📊 Filled: 0 | Pending: 0
  🔲 Regime: RANGING | Range pos: 93% | RSI: 52.0
  💰 Daily P&L: $-4,000.00

[2026-07-30 12:37] O:7452.75 H:7453.25 L:7448.50 C:7449.50 V:1814.0
  📈 Trend: moderate_bullish | 🌍 Regime: ranging
  🗺️  Grid: 0.080% | 🔺 7453.00 🔻 7450.75
  📡 RSI: 33.9 | MACD: 0.02 | ATR: 2.20
  📊 Filled: 0 | Pending: 0
  🔲 Regime: RANGING | Range pos: 88% | RSI: 33.9
  💰 Daily P&L: $-4,000.00

[2026-07-30 12:38] O:7449.50 H:7449.75 L:7445.75 C:7449.00 V:2603.0
  📈 Trend: moderate_bullish | 🌍 Regime: ranging
  🗺️  Grid: 0.080% | 🔺 7453.25 🔻 7448.50
  📡 RSI: 33.9 | MACD: -0.16 | ATR: 2.36
  📊 Filled: 0 | Pending: 0
  🔲 Regime: RANGING | Range pos: 87% | RSI: 33.9
  💰 Daily P&L: $-4,000.00

[2026-07-30 12:39] O:7449.00 H:7449.00 L:7446.75 C:7447.50 V:1366.0
  📈 Trend: moderate_bullish | 🌍 Regime: ranging
  🗺️  Grid: 0.080% | 🔺 7449.75 🔻 7445.75
  📡 RSI: 32.2 | MACD: -0.42 | ATR: 2.38
  📊 Filled: 0 | Pending: 0
  🔲 Regime: RANGING | Range pos: 84% | RSI: 32.2
  💰 Daily P&L: $-4,000.00

[2026-07-30 12:40] O:7447.25 H:7450.50 L:7447.25 C:7449.75 V:1667.0
  📈 Trend: moderate_bullish | 🌍 Regime: ranging
  🗺️  Grid: 0.080% | 🔺 7449.00 🔻 7446.75
  📡 RSI: 43.1 | MACD: -0.44 | ATR: 2.48
  📊 Filled: 0 | Pending: 0
  🔲 Regime: RANGING | Range pos: 88% | RSI: 43.1
  💰 Daily P&L: $-4,000.00

[2026-07-30 12:41] O:7450.00 H:7451.75 L:7449.75 C:7451.25 V:1508.0
  📈 Trend: moderate_bullish | 🌍 Regime: ranging
  🗺️  Grid: 0.080% | 🔺 7450.50 🔻 7447.25
  📡 RSI: 45.6 | MACD: -0.33 | ATR: 2.48
  📊 Filled: 0 | Pending: 0
  🔲 Regime: RANGING | Range pos: 91% | RSI: 45.6
  💰 Daily P&L: $-4,000.00

[2026-07-30 12:42] O:7451.00 H:7453.75 L:7451.00 C:7451.75 V:1978.0
  📈 Trend: moderate_bullish | 🌍 Regime: ranging
  🗺️  Grid: 0.080% | 🔺 7451.75 🔻 7449.75
  📡 RSI: 50.0 | MACD: -0.20 | ATR: 2.50
  📊 Filled: 0 | Pending: 0
  🔲 Regime: RANGING | Range pos: 92% | RSI: 50.0
  💰 Daily P&L: $-4,000.00

[2026-07-30 12:43] O:7451.75 H:7455.50 L:7451.50 C:7453.75 V:2792.0
  📈 Trend: moderate_bullish (raw: strong_bullish) | 🌍 Regime: ranging
  🗺️  Grid: 0.080% | 🔺 7453.75 🔻 7451.00
  📡 RSI: 55.4 | MACD: 0.06 | ATR: 2.70
  📊 Filled: 0 | Pending: 0
  🔲 Regime: RANGING | Range pos: 95% | RSI: 55.4
  💰 Daily P&L: $-4,000.00

[2026-07-30 12:44] O:7453.50 H:7454.00 L:7452.50 C:7453.25 V:1398.0
  📈 Trend: strong_bullish | 🌍 Regime: ranging
  🗺️  Grid: 0.080% | 🔺 7455.50 🔻 7451.50
  📡 RSI: 52.7 | MACD: 0.22 | ATR: 2.59
  📊 Filled: 0 | Pending: 0
  🔲 Regime: RANGING | Range pos: 94% | RSI: 52.7
  💰 Daily P&L: $-4,000.00

[2026-07-30 12:45] O:7453.25 H:7454.50 L:7452.75 C:7452.75 V:1675.0
  📈 Trend: strong_bullish | 🌍 Regime: ranging
  🗺️  Grid: 0.080% | 🔺 7454.00 🔻 7452.50
  📡 RSI: 52.7 | MACD: 0.31 | ATR: 2.61
  📊 Filled: 0 | Pending: 0
  🔲 Regime: RANGING | Range pos: 93% | RSI: 52.7
  💰 Daily P&L: $-4,000.00

[2026-07-30 12:46] O:7452.75 H:7455.50 L:7452.50 C:7454.75 V:1495.0
  📈 Trend: strong_bullish | 🌍 Regime: ranging
  🗺️  Grid: 0.080% | 🔺 7454.50 🔻 7452.75
  📡 RSI: 61.0 | MACD: 0.54 | ATR: 2.71
  📊 Filled: 0 | Pending: 0
  🔲 Regime: RANGING | Range pos: 97% | RSI: 61.0
  💰 Daily P&L: $-4,000.00

[2026-07-30 12:47] O:7454.75 H:7455.50 L:7453.25 C:7453.50 V:1168.0
  📈 Trend: strong_bullish | 🌍 Regime: ranging
  🗺️  Grid: 0.080% | 🔺 7455.50 🔻 7452.50
  📡 RSI: 60.3 | MACD: 0.61 | ATR: 2.70
  📊 Filled: 0 | Pending: 0
  🔲 Regime: RANGING | Range pos: 95% | RSI: 60.3
  💰 Daily P&L: $-4,000.00

[2026-07-30 12:48] O:7453.50 H:7455.00 L:7453.00 C:7454.75 V:943.0
  📈 Trend: strong_bullish | 🌍 Regime: ranging
  🗺️  Grid: 0.080% | 🔺 7455.50 🔻 7453.25
  📡 RSI: 63.4 | MACD: 0.75 | ATR: 2.71
  📊 Filled: 0 | Pending: 0
  🔲 Regime: RANGING | Range pos: 97% | RSI: 63.4
  💰 Daily P&L: $-4,000.00

[2026-07-30 12:49] O:7454.75 H:7454.75 L:7452.50 C:7452.50 V:1007.0
  📈 Trend: strong_bullish | 🌍 Regime: ranging
  🗺️  Grid: 0.080% | 🔺 7455.00 🔻 7453.00
  📡 RSI: 52.4 | MACD: 0.68 | ATR: 2.71
  📊 Filled: 0 | Pending: 0
  🔲 Regime: RANGING | Range pos: 93% | RSI: 52.4
  💰 Daily P&L: $-4,000.00

[2026-07-30 12:50] O:7452.75 H:7454.75 L:7452.00 C:7454.75 V:1313.0
  📈 Trend: strong_bullish | 🌍 Regime: ranging
  🗺️  Grid: 0.080% | 🔺 7454.75 🔻 7452.50
  📡 RSI: 54.7 | MACD: 0.80 | ATR: 2.75
  📊 Filled: 0 | Pending: 0
  🔲 Regime: RANGING | Range pos: 97% | RSI: 54.7
  💰 Daily P&L: $-4,000.00

[2026-07-30 12:51] O:7454.75 H:7457.75 L:7454.25 C:7456.75 V:1884.0
  📈 Trend: strong_bullish | 🌍 Regime: ranging
  🗺️  Grid: 0.080% | 🔺 7454.75 🔻 7452.00
  📡 RSI: 67.9 | MACD: 1.04 | ATR: 2.66
  📊 Filled: 0 | Pending: 0
  🔲 Regime: RANGING | Range pos: 98% | RSI: 67.9
  💰 Daily P&L: $-4,000.00

[2026-07-30 12:52] O:7457.00 H:7457.25 L:7453.50 C:7454.75 V:1464.0
  📈 Trend: strong_bullish | 🌍 Regime: ranging
  🗺️  Grid: 0.080% | 🔺 7457.75 🔻 7454.25
  📡 RSI: 63.2 | MACD: 1.05 | ATR: 2.64
  📊 Filled: 0 | Pending: 0
  🔲 Regime: RANGING | Range pos: 95% | RSI: 63.2
  💰 Daily P&L: $-4,000.00

[2026-07-30 12:53] O:7455.00 H:7455.00 L:7452.50 C:7452.50 V:1247.0
  📈 Trend: strong_bullish | 🌍 Regime: ranging
  🗺️  Grid: 0.080% | 🔺 7457.25 🔻 7453.50
  📡 RSI: 61.1 | MACD: 0.88 | ATR: 2.66
  📊 Filled: 0 | Pending: 0
  🔲 Regime: RANGING | Range pos: 91% | RSI: 61.1
  💰 Daily P&L: $-4,000.00

[2026-07-30 12:54] O:7452.25 H:7454.00 L:7452.25 C:7452.50 V:1053.0
  📈 Trend: strong_bullish | 🌍 Regime: ranging
  🗺️  Grid: 0.080% | 🔺 7455.00 🔻 7452.50
  📡 RSI: 56.8 | MACD: 0.73 | ATR: 2.55
  📊 Filled: 0 | Pending: 0
  🔲 Regime: RANGING | Range pos: 91% | RSI: 56.8
  💰 Daily P&L: $-4,000.00

[2026-07-30 12:55] O:7452.50 H:7453.00 L:7450.25 C:7453.00 V:1364.0
  📈 Trend: strong_bullish | 🌍 Regime: ranging
  🗺️  Grid: 0.080% | 🔺 7454.00 🔻 7452.25
  📡 RSI: 54.5 | MACD: 0.64 | ATR: 2.61
  📊 Filled: 0 | Pending: 0
  🔲 Regime: RANGING | Range pos: 92% | RSI: 54.5
  💰 Daily P&L: $-4,000.00

[2026-07-30 12:56] O:7453.00 H:7453.25 L:7451.50 C:7452.75 V:937.0
  📈 Trend: strong_bullish | 🌍 Regime: ranging
  🗺️  Grid: 0.080% | 🔺 7453.00 🔻 7450.25
  📡 RSI: 52.6 | MACD: 0.55 | ATR: 2.54
  📊 Filled: 0 | Pending: 0
  🔲 Regime: RANGING | Range pos: 91% | RSI: 52.6
  💰 Daily P&L: $-4,000.00

[2026-07-30 12:57] O:7452.50 H:7453.75 L:7452.00 C:7453.25 V:717.0
  📈 Trend: strong_bullish | 🌍 Regime: trending_bullish
  🗺️  Grid: 0.080% | 🔺 7453.25 🔻 7451.50
  📡 RSI: 48.6 | MACD: 0.51 | ATR: 2.38
  📊 Filled: 0 | Pending: 0
  💰 Daily P&L: $-4,000.00

[2026-07-30 12:58] O:7453.00 H:7453.25 L:7450.75 C:7451.75 V:767.0
  📈 Trend: strong_bullish | 🌍 Regime: trending_bullish
  🗺️  Grid: 0.080% | 🔺 7453.75 🔻 7452.00
  📡 RSI: 45.9 | MACD: 0.35 | ATR: 2.45
  📊 Filled: 0 | Pending: 0
  💰 Daily P&L: $-4,000.00

[2026-07-30 12:59] O:7451.50 H:7453.25 L:7451.00 C:7451.50 V:887.0
  📈 Trend: strong_bullish | 🌍 Regime: trending_bullish
  🗺️  Grid: 0.080% | 🔺 7453.25 🔻 7450.75
  📡 RSI: 46.6 | MACD: 0.20 | ATR: 2.48
  📊 Filled: 0 | Pending: 0
  💰 Daily P&L: $-4,000.00

[2026-07-30 13:00] O:7451.75 H:7454.75 L:7451.75 C:7454.25 V:1253.0
  📈 Trend: strong_bullish | 🌍 Regime: trending_bullish
  🗺️  Grid: 0.080% | 🔺 7453.25 🔻 7451.00
  📡 RSI: 48.7 | MACD: 0.30 | ATR: 2.50
  📊 Filled: 0 | Pending: 0
  💰 Daily P&L: $-4,000.00

[2026-07-30 13:01] O:7454.25 H:7456.25 L:7454.00 C:7455.50 V:936.0
  📈 Trend: strong_bullish | 🌍 Regime: trending_bullish
  🗺️  Grid: 0.080% | 🔺 7454.75 🔻 7451.75
  📡 RSI: 55.3 | MACD: 0.48 | ATR: 2.50
  📊 Filled: 0 | Pending: 0
  💰 Daily P&L: $-4,000.00

[2026-07-30 13:02] O:7455.50 H:7456.75 L:7454.50 C:7455.75 V:1403.0
  📈 Trend: strong_bullish | 🌍 Regime: trending_bullish
  🗺️  Grid: 0.080% | 🔺 7456.25 🔻 7454.00
  📡 RSI: 52.8 | MACD: 0.63 | ATR: 2.52
  📊 Filled: 0 | Pending: 0
  💰 Daily P&L: $-4,000.00

[2026-07-30 13:03] O:7455.75 H:7456.25 L:7453.50 C:7453.75 V:1415.0
  📈 Trend: strong_bullish | 🌍 Regime: trending_bullish
  🗺️  Grid: 0.080% | 🔺 7456.75 🔻 7454.50
  📡 RSI: 53.5 | MACD: 0.59 | ATR: 2.55
  📊 Filled: 0 | Pending: 0
  💰 Daily P&L: $-4,000.00

[2026-07-30 13:04] O:7453.75 H:7454.00 L:7450.75 C:7451.00 V:1064.0
  📈 Trend: strong_bullish (raw: moderate_bullish) | 🌍 Regime: trending_bullish
  🗺️  Grid: 0.080% | 🔺 7456.25 🔻 7453.50
  📡 RSI: 39.7 | MACD: 0.32 | ATR: 2.59
  📊 Filled: 0 | Pending: 0
  💰 Daily P&L: $-4,000.00

[2026-07-30 13:05] O:7451.00 H:7453.50 L:7450.50 C:7453.00 V:1160.0
  📈 Trend: moderate_bullish | 🌍 Regime: trending_bullish
  🗺️  Grid: 0.080% | 🔺 7454.00 🔻 7450.75
  📡 RSI: 39.7 | MACD: 0.27 | ATR: 2.55
  📊 Filled: 0 | Pending: 0
  💰 Daily P&L: $-4,000.00

[2026-07-30 13:06] O:7452.75 H:7454.50 L:7452.75 C:7454.50 V:895.0
  📈 Trend: moderate_bullish (raw: strong_bullish) | 🌍 Regime: trending_bullish
  🗺️  Grid: 0.080% | 🔺 7453.50 🔻 7450.50
  📡 RSI: 49.3 | MACD: 0.35 | ATR: 2.41
  📊 Filled: 0 | Pending: 0
  💰 Daily P&L: $-4,000.00

[2026-07-30 13:07] O:7454.50 H:7455.00 L:7453.25 C:7453.75 V:909.0
  📈 Trend: moderate_bullish | 🌍 Regime: trending_bullish
  🗺️  Grid: 0.080% | 🔺 7454.50 🔻 7452.75
  📡 RSI: 53.8 | MACD: 0.35 | ATR: 2.36
  📊 Filled: 0 | Pending: 0
  💰 Daily P&L: $-4,000.00

[2026-07-30 13:08] O:7453.75 H:7455.25 L:7452.75 C:7455.25 V:1774.0
  📈 Trend: moderate_bullish (raw: strong_bullish) | 🌍 Regime: ranging
  🗺️  Grid: 0.080% | 🔺 7455.00 🔻 7453.25
  📡 RSI: 57.7 | MACD: 0.46 | ATR: 2.41
  📊 Filled: 0 | Pending: 0
  🔲 Regime: RANGING | Range pos: 96% | RSI: 57.7
  💰 Daily P&L: $-4,000.00

[2026-07-30 13:09] O:7455.25 H:7455.75 L:7454.25 C:7454.75 V:1321.0
  📈 Trend: strong_bullish | 🌍 Regime: ranging
  🗺️  Grid: 0.080% | 🔺 7455.25 🔻 7452.75
  📡 RSI: 54.9 | MACD: 0.50 | ATR: 2.32
  📊 Filled: 0 | Pending: 0
  🔲 Regime: RANGING | Range pos: 95% | RSI: 54.9
  💰 Daily P&L: $-4,000.00

[2026-07-30 13:10] O:7454.75 H:7455.50 L:7454.00 C:7454.75 V:1406.0
  📈 Trend: strong_bullish | 🌍 Regime: ranging
  🗺️  Grid: 0.080% | 🔺 7455.75 🔻 7454.25
  📡 RSI: 55.7 | MACD: 0.53 | ATR: 2.30
  📊 Filled: 0 | Pending: 0
  🔲 Regime: RANGING | Range pos: 95% | RSI: 55.7
  💰 Daily P&L: $-4,000.00

[2026-07-30 13:11] O:7454.75 H:7455.50 L:7453.75 C:7455.25 V:1122.0
  📈 Trend: strong_bullish | 🌍 Regime: ranging
  🗺️  Grid: 0.080% | 🔺 7455.50 🔻 7454.00
  📡 RSI: 55.7 | MACD: 0.59 | ATR: 2.30
  📊 Filled: 0 | Pending: 0
  🔲 Regime: RANGING | Range pos: 96% | RSI: 55.7
  💰 Daily P&L: $-4,000.00

[2026-07-30 13:12] O:7455.25 H:7455.25 L:7453.50 C:7455.00 V:1170.0
  📈 Trend: strong_bullish | 🌍 Regime: ranging
  🗺️  Grid: 0.080% | 🔺 7455.50 🔻 7453.75
  📡 RSI: 60.0 | MACD: 0.60 | ATR: 2.25
  📊 Filled: 0 | Pending: 0
  🔲 Regime: RANGING | Range pos: 95% | RSI: 60.0
  💰 Daily P&L: $-4,000.00

[2026-07-30 13:13] O:7455.00 H:7455.25 L:7454.00 C:7455.00 V:796.0
  📈 Trend: strong_bullish | 🌍 Regime: ranging
  🗺️  Grid: 0.080% | 🔺 7455.25 🔻 7453.50
  📡 RSI: 60.9 | MACD: 0.61 | ATR: 2.18
  📊 Filled: 0 | Pending: 0
  🔲 Regime: RANGING | Range pos: 95% | RSI: 60.9
  💰 Daily P&L: $-4,000.00

[2026-07-30 13:14] O:7454.75 H:7456.75 L:7454.50 C:7456.00 V:1171.0
  📈 Trend: strong_bullish | 🌍 Regime: ranging
  🗺️  Grid: 0.080% | 🔺 7455.25 🔻 7454.00
  📡 RSI: 56.1 | MACD: 0.69 | ATR: 2.11
  📊 Filled: 0 | Pending: 0
  🔲 Regime: RANGING | Range pos: 97% | RSI: 56.1
  💰 Daily P&L: $-4,000.00

[2026-07-30 13:15] O:7455.75 H:7456.75 L:7454.75 C:7455.25 V:1528.0
  📈 Trend: strong_bullish | 🌍 Regime: ranging
  🗺️  Grid: 0.080% | 🔺 7456.75 🔻 7454.50
  📡 RSI: 49.1 | MACD: 0.68 | ATR: 2.09
  📊 Filled: 0 | Pending: 0
  🔲 Regime: RANGING | Range pos: 96% | RSI: 49.1
  💰 Daily P&L: $-4,000.00

[2026-07-30 13:16] O:7455.50 H:7456.50 L:7455.00 C:7455.50 V:1027.0
  📈 Trend: strong_bullish | 🌍 Regime: ranging
  🗺️  Grid: 0.080% | 🔺 7456.75 🔻 7454.75
  📡 RSI: 49.1 | MACD: 0.69 | ATR: 2.04
  📊 Filled: 0 | Pending: 0
  🔲 Regime: RANGING | Range pos: 96% | RSI: 49.1
  💰 Daily P&L: $-4,000.00

[2026-07-30 13:17] O:7455.50 H:7455.50 L:7454.25 C:7455.25 V:1028.0
  📈 Trend: strong_bullish | 🌍 Regime: ranging
  🗺️  Grid: 0.080% | 🔺 7456.50 🔻 7455.00
  📡 RSI: 56.2 | MACD: 0.67 | ATR: 1.93
  📊 Filled: 0 | Pending: 0
  🔲 Regime: RANGING | Range pos: 96% | RSI: 56.2
  💰 Daily P&L: $-4,000.00

[2026-07-30 13:18] O:7455.25 H:7457.00 L:7454.75 C:7456.50 V:1230.0
  📈 Trend: strong_bullish | 🌍 Regime: ranging
  🗺️  Grid: 0.080% | 🔺 7455.50 🔻 7454.25
  📡 RSI: 76.2 | MACD: 0.74 | ATR: 1.86
  📊 Filled: 0 | Pending: 0
  🔲 Regime: RANGING | Range pos: 98% | RSI: 76.2
  🚫 Raw trend blocks RANGING SHORT | raw: strong_bullish
  💰 Daily P&L: $-4,000.00

[2026-07-30 13:19] O:7456.25 H:7456.25 L:7454.50 C:7455.50 V:890.0
  📈 Trend: strong_bullish | 🌍 Regime: ranging
  🗺️  Grid: 0.080% | 🔺 7457.00 🔻 7454.75
  📡 RSI: 63.2 | MACD: 0.71 | ATR: 1.79
  📊 Filled: 0 | Pending: 0
  🔲 Regime: RANGING | Range pos: 96% | RSI: 63.2
  💰 Daily P&L: $-4,000.00

[2026-07-30 13:20] O:7455.25 H:7456.25 L:7454.25 C:7455.75 V:1143.0
  📈 Trend: strong_bullish | 🌍 Regime: ranging
  🗺️  Grid: 0.080% | 🔺 7456.25 🔻 7454.50
  📡 RSI: 57.6 | MACD: 0.70 | ATR: 1.80
  📊 Filled: 0 | Pending: 0
  🔲 Regime: RANGING | Range pos: 97% | RSI: 57.6
  💰 Daily P&L: $-4,000.00

[2026-07-30 13:21] O:7455.50 H:7457.75 L:7455.25 C:7457.00 V:1125.0
  📈 Trend: strong_bullish | 🌍 Regime: ranging
  🗺️  Grid: 0.080% | 🔺 7456.25 🔻 7454.25
  📡 RSI: 68.6 | MACD: 0.78 | ATR: 1.86
  📊 Filled: 0 | Pending: 0
  🔲 Regime: RANGING | Range pos: 99% | RSI: 68.6
  💰 Daily P&L: $-4,000.00

[2026-07-30 13:22] O:7457.00 H:7458.00 L:7456.00 C:7457.75 V:1491.0
  📈 Trend: strong_bullish | 🌍 Regime: ranging
  🗺️  Grid: 0.080% | 🔺 7457.75 🔻 7455.25
  📡 RSI: 65.6 | MACD: 0.90 | ATR: 1.82
  📊 Filled: 0 | Pending: 0
  🔲 Regime: RANGING | Range pos: 100% | RSI: 65.6
  💰 Daily P&L: $-4,000.00

[2026-07-30 13:23] O:7457.50 H:7458.00 L:7456.25 C:7457.00 V:1042.0
  📈 Trend: strong_bullish | 🌍 Regime: trending_bullish
  🗺️  Grid: 0.080% | 🔺 7458.00 🔻 7456.00
  📡 RSI: 63.6 | MACD: 0.92 | ATR: 1.84
  📊 Filled: 0 | Pending: 0
  💰 Daily P&L: $-4,000.00

[2026-07-30 13:24] O:7456.75 H:7457.50 L:7456.50 C:7456.75 V:656.0
  📈 Trend: strong_bullish | 🌍 Regime: trending_bullish
  🗺️  Grid: 0.080% | 🔺 7458.00 🔻 7456.25
  📡 RSI: 61.8 | MACD: 0.91 | ATR: 1.80
  📊 Filled: 0 | Pending: 0
  💰 Daily P&L: $-4,000.00

[2026-07-30 13:25] O:7456.75 H:7457.75 L:7456.00 C:7456.25 V:1068.0
  📈 Trend: strong_bullish | 🌍 Regime: trending_bullish
  🗺️  Grid: 0.080% | 🔺 7457.50 🔻 7456.50
  📡 RSI: 55.9 | MACD: 0.84 | ATR: 1.80
  📊 Filled: 0 | Pending: 0
  💰 Daily P&L: $-4,000.00

[2026-07-30 13:26] O:7456.00 H:7456.50 L:7455.00 C:7455.75 V:1290.0
  📈 Trend: strong_bullish | 🌍 Regime: trending_bullish
  🗺️  Grid: 0.080% | 🔺 7457.75 🔻 7456.00
  📡 RSI: 54.3 | MACD: 0.75 | ATR: 1.79
  📊 Filled: 0 | Pending: 0
  💰 Daily P&L: $-4,000.00

[2026-07-30 13:27] O:7456.00 H:7457.00 L:7456.00 C:7456.50 V:863.0
  📈 Trend: strong_bullish | 🌍 Regime: trending_bullish
  🗺️  Grid: 0.080% | 🔺 7456.50 🔻 7455.00
  📡 RSI: 57.9 | MACD: 0.72 | ATR: 1.79
  📊 Filled: 0 | Pending: 0
  💰 Daily P&L: $-4,000.00

[2026-07-30 13:28] O:7456.50 H:7457.75 L:7455.75 C:7457.25 V:967.0
  📈 Trend: strong_bullish | 🌍 Regime: trending_bullish
  🗺️  Grid: 0.080% | 🔺 7457.00 🔻 7456.00
  📡 RSI: 56.8 | MACD: 0.75 | ATR: 1.77
  📊 Filled: 0 | Pending: 0
  💰 Daily P&L: $-4,000.00

[2026-07-30 13:29] O:7457.25 H:7457.75 L:7456.75 C:7457.50 V:833.0
  📈 Trend: strong_bullish | 🌍 Regime: trending_bullish
  🗺️  Grid: 0.080% | 🔺 7457.75 🔻 7455.75
  📡 RSI: 62.9 | MACD: 0.79 | ATR: 1.70
  📊 Filled: 0 | Pending: 0
  💰 Daily P&L: $-4,000.00

[2026-07-30 13:30] O:7457.50 H:7459.75 L:7457.00 C:7459.00 V:1650.0
  📈 Trend: strong_bullish | 🌍 Regime: ranging
  🗺️  Grid: 0.080% | 🔺 7457.75 🔻 7456.75
  📡 RSI: 67.5 | MACD: 0.93 | ATR: 1.79
  📊 Filled: 0 | Pending: 0
  🔲 Regime: RANGING | Range pos: 99% | RSI: 67.5
  💰 Daily P&L: $-4,000.00

[2026-07-30 13:31] O:7459.00 H:7459.25 L:7456.00 C:7457.50 V:1608.0
  📈 Trend: strong_bullish | 🌍 Regime: ranging
  🗺️  Grid: 0.080% | 🔺 7459.75 🔻 7457.00
  📡 RSI: 60.0 | MACD: 0.91 | ATR: 1.93
  📊 Filled: 0 | Pending: 0
  🔲 Regime: RANGING | Range pos: 96% | RSI: 60.0
  💰 Daily P&L: $-4,000.00

[2026-07-30 13:32] O:7457.25 H:7457.50 L:7455.50 C:7456.50 V:992.0
  📈 Trend: strong_bullish | 🌍 Regime: ranging
  🗺️  Grid: 0.080% | 🔺 7459.25 🔻 7456.00
  📡 RSI: 50.0 | MACD: 0.80 | ATR: 1.91
  📊 Filled: 0 | Pending: 0
  🔲 Regime: RANGING | Range pos: 95% | RSI: 50.0
  💰 Daily P&L: $-4,000.00

[2026-07-30 13:33] O:7456.50 H:7457.75 L:7456.25 C:7456.75 V:774.0
  📈 Trend: strong_bullish | 🌍 Regime: ranging
  🗺️  Grid: 0.080% | 🔺 7457.50 🔻 7455.50
  📡 RSI: 56.1 | MACD: 0.73 | ATR: 1.88
  📊 Filled: 0 | Pending: 0
  🔲 Regime: RANGING | Range pos: 95% | RSI: 56.1
  💰 Daily P&L: $-4,000.00

[2026-07-30 13:34] O:7456.75 H:7457.00 L:7455.50 C:7457.00 V:981.0
  📈 Trend: strong_bullish | 🌍 Regime: ranging
  🗺️  Grid: 0.080% | 🔺 7457.75 🔻 7456.25
  📡 RSI: 56.1 | MACD: 0.68 | ATR: 1.84
  📊 Filled: 0 | Pending: 0
  🔲 Regime: RANGING | Range pos: 95% | RSI: 56.1
  💰 Daily P&L: $-4,000.00

[2026-07-30 13:35] O:7456.75 H:7457.00 L:7455.75 C:7456.75 V:1010.0
  📈 Trend: strong_bullish | 🌍 Regime: ranging
  🗺️  Grid: 0.080% | 🔺 7457.00 🔻 7455.50
  📡 RSI: 48.6 | MACD: 0.62 | ATR: 1.75
  📊 Filled: 0 | Pending: 0
  🔲 Regime: RANGING | Range pos: 95% | RSI: 48.6
  💰 Daily P&L: $-4,000.00

[2026-07-30 13:36] O:7456.50 H:7457.25 L:7456.00 C:7456.50 V:888.0
  📈 Trend: strong_bullish | 🌍 Regime: ranging
  🗺️  Grid: 0.080% | 🔺 7457.00 🔻 7455.75
  📡 RSI: 42.9 | MACD: 0.54 | ATR: 1.70
  📊 Filled: 0 | Pending: 0
  🔲 Regime: RANGING | Range pos: 95% | RSI: 42.9
  💰 Daily P&L: $-4,000.00

[2026-07-30 13:37] O:7456.50 H:7456.75 L:7454.00 C:7455.25 V:1400.0
  📈 Trend: strong_bullish (raw: moderate_bullish) | 🌍 Regime: ranging
  🗺️  Grid: 0.080% | 🔺 7457.25 🔻 7456.00
  📡 RSI: 40.5 | MACD: 0.38 | ATR: 1.77
  📊 Filled: 0 | Pending: 0
  🔲 Regime: RANGING | Range pos: 93% | RSI: 40.5
  💰 Daily P&L: $-4,000.00

[2026-07-30 13:38] O:7455.25 H:7457.25 L:7454.75 C:7455.00 V:1125.0
  📈 Trend: moderate_bullish | 🌍 Regime: ranging
  🗺️  Grid: 0.080% | 🔺 7456.75 🔻 7454.00
  📡 RSI: 40.5 | MACD: 0.22 | ATR: 1.88
  📊 Filled: 0 | Pending: 0
  🔲 Regime: RANGING | Range pos: 92% | RSI: 40.5
  💰 Daily P&L: $-4,000.00

[2026-07-30 13:39] O:7455.00 H:7455.50 L:7454.00 C:7454.75 V:1854.0
  📈 Trend: moderate_bullish | 🌍 Regime: ranging
  🗺️  Grid: 0.080% | 🔺 7457.25 🔻 7454.75
  📡 RSI: 41.7 | MACD: 0.08 | ATR: 1.86
  📊 Filled: 0 | Pending: 0
  🔲 Regime: RANGING | Range pos: 92% | RSI: 41.7
  💰 Daily P&L: $-4,000.00

[2026-07-30 13:40] O:7454.75 H:7457.25 L:7454.50 C:7456.75 V:1514.0
  📈 Trend: moderate_bullish | 🌍 Regime: ranging
  🗺️  Grid: 0.080% | 🔺 7455.50 🔻 7454.00
  📡 RSI: 54.8 | MACD: 0.13 | ATR: 1.95
  📊 Filled: 0 | Pending: 0
  🔲 Regime: RANGING | Range pos: 95% | RSI: 54.8
  💰 Daily P&L: $-4,000.00

[2026-07-30 13:41] O:7456.50 H:7457.00 L:7455.00 C:7455.25 V:1535.0
  📈 Trend: moderate_bullish | 🌍 Regime: ranging
  🗺️  Grid: 0.080% | 🔺 7457.25 🔻 7454.50
  📡 RSI: 44.4 | MACD: 0.04 | ATR: 2.00
  📊 Filled: 0 | Pending: 0
  🔲 Regime: RANGING | Range pos: 93% | RSI: 44.4
  💰 Daily P&L: $-4,000.00

[2026-07-30 13:42] O:7455.25 H:7456.75 L:7454.50 C:7455.00 V:920.0
  📈 Trend: moderate_bullish | 🌍 Regime: ranging
  🗺️  Grid: 0.080% | 🔺 7457.00 🔻 7455.00
  📡 RSI: 39.5 | MACD: -0.05 | ATR: 2.02
  📊 Filled: 0 | Pending: 0
  🔲 Regime: RANGING | Range pos: 92% | RSI: 39.5
  💰 Daily P&L: $-4,000.00

[2026-07-30 13:43] O:7455.00 H:7456.25 L:7455.00 C:7455.75 V:910.0
  📈 Trend: moderate_bullish | 🌍 Regime: ranging
  🗺️  Grid: 0.080% | 🔺 7456.75 🔻 7454.50
  📡 RSI: 42.2 | MACD: -0.05 | ATR: 2.04
  📊 Filled: 0 | Pending: 0
  🔲 Regime: RANGING | Range pos: 93% | RSI: 42.2
  💰 Daily P&L: $-4,000.00

[2026-07-30 13:44] O:7455.75 H:7457.50 L:7455.25 C:7457.00 V:890.0
  📈 Trend: moderate_bullish (raw: strong_bullish) | 🌍 Regime: ranging
  🗺️  Grid: 0.080% | 🔺 7456.25 🔻 7455.00
  📡 RSI: 40.9 | MACD: 0.04 | ATR: 2.00
  📊 Filled: 0 | Pending: 0
  🔲 Regime: RANGING | Range pos: 95% | RSI: 40.9
  💰 Daily P&L: $-4,000.00

[2026-07-30 13:45] O:7457.00 H:7458.00 L:7456.75 C:7458.00 V:1879.0
  📈 Trend: strong_bullish | 🌍 Regime: ranging
  🗺️  Grid: 0.080% | 🔺 7457.50 🔻 7455.25
  📡 RSI: 52.4 | MACD: 0.19 | ATR: 1.86
  📊 Filled: 0 | Pending: 0
  🔲 Regime: RANGING | Range pos: 97% | RSI: 52.4
  💰 Daily P&L: $-4,000.00

[2026-07-30 13:46] O:7458.00 H:7459.00 L:7457.25 C:7458.75 V:1300.0
  📈 Trend: strong_bullish | 🌍 Regime: ranging
  🗺️  Grid: 0.080% | 🔺 7458.00 🔻 7456.75
  📡 RSI: 61.0 | MACD: 0.37 | ATR: 1.84
  📊 Filled: 0 | Pending: 0
  🔲 Regime: RANGING | Range pos: 98% | RSI: 61.0
  💰 Daily P&L: $-4,000.00

[2026-07-30 13:47] O:7459.00 H:7459.50 L:7458.25 C:7459.25 V:1147.0
  📈 Trend: strong_bullish | 🌍 Regime: ranging
  🗺️  Grid: 0.080% | 🔺 7459.00 🔻 7457.25
  📡 RSI: 61.9 | MACD: 0.55 | ATR: 1.82
  📊 Filled: 0 | Pending: 0
  🔲 Regime: RANGING | Range pos: 99% | RSI: 61.9
  💰 Daily P&L: $-4,000.00

[2026-07-30 13:48] O:7459.25 H:7459.50 L:7458.00 C:7458.00 V:1192.0
  📈 Trend: strong_bullish | 🌍 Regime: ranging
  🗺️  Grid: 0.080% | 🔺 7459.50 🔻 7458.25
  📡 RSI: 54.3 | MACD: 0.58 | ATR: 1.82
  📊 Filled: 0 | Pending: 0
  🔲 Regime: RANGING | Range pos: 97% | RSI: 54.3
  💰 Daily P&L: $-4,000.00

[2026-07-30 13:49] O:7458.25 H:7459.00 L:7458.00 C:7459.00 V:908.0
  📈 Trend: strong_bullish | 🌍 Regime: ranging
  🗺️  Grid: 0.080% | 🔺 7459.50 🔻 7458.00
  📡 RSI: 59.2 | MACD: 0.67 | ATR: 1.80
  📊 Filled: 0 | Pending: 0
  🔲 Regime: RANGING | Range pos: 99% | RSI: 59.2
  💰 Daily P&L: $-4,000.00

[2026-07-30 13:50] O:7459.00 H:7460.75 L:7458.75 C:7459.25 V:1865.0
  📈 Trend: strong_bullish | 🌍 Regime: ranging
  🗺️  Grid: 0.080% | 🔺 7459.00 🔻 7458.00
  📡 RSI: 61.2 | MACD: 0.76 | ATR: 1.86
  📊 Filled: 0 | Pending: 0
  🔲 Regime: RANGING | Range pos: 98% | RSI: 61.2
  💰 Daily P&L: $-4,000.00

[2026-07-30 13:51] O:7459.25 H:7459.50 L:7457.75 C:7458.75 V:1746.0
  📈 Trend: strong_bullish | 🌍 Regime: ranging
  🗺️  Grid: 0.080% | 🔺 7460.75 🔻 7458.75
  📡 RSI: 65.2 | MACD: 0.78 | ATR: 1.79
  📊 Filled: 0 | Pending: 0
  🔲 Regime: RANGING | Range pos: 97% | RSI: 65.2
  💰 Daily P&L: $-4,000.00

[2026-07-30 13:52] O:7458.75 H:7460.00 L:7458.50 C:7459.00 V:1076.0
  📈 Trend: strong_bullish | 🌍 Regime: ranging
  🗺️  Grid: 0.080% | 🔺 7459.50 🔻 7457.75
  📡 RSI: 67.4 | MACD: 0.81 | ATR: 1.71
  📊 Filled: 0 | Pending: 0
  🔲 Regime: RANGING | Range pos: 97% | RSI: 67.4
  💰 Daily P&L: $-4,000.00

[2026-07-30 13:53] O:7458.75 H:7460.25 L:7458.50 C:7459.75 V:1575.0
  📈 Trend: strong_bullish | 🌍 Regime: ranging
  🗺️  Grid: 0.080% | 🔺 7460.00 🔻 7458.50
  📡 RSI: 70.8 | MACD: 0.88 | ATR: 1.73
  📊 Filled: 0 | Pending: 0
  🔲 Regime: RANGING | Range pos: 98% | RSI: 70.8
  🚫 Raw trend blocks RANGING SHORT | raw: strong_bullish
  💰 Daily P&L: $-4,000.00

[2026-07-30 13:54] O:7459.75 H:7460.25 L:7458.75 C:7459.00 V:1074.0
  📈 Trend: strong_bullish | 🌍 Regime: ranging
  🗺️  Grid: 0.080% | 🔺 7460.25 🔻 7458.50
  📡 RSI: 60.5 | MACD: 0.87 | ATR: 1.64
  📊 Filled: 0 | Pending: 0
  🔲 Regime: RANGING | Range pos: 97% | RSI: 60.5
  💰 Daily P&L: $-4,000.00

[2026-07-30 13:55] O:7458.75 H:7460.00 L:7458.50 C:7458.75 V:1171.0
  📈 Trend: strong_bullish | 🌍 Regime: ranging
  🗺️  Grid: 0.080% | 🔺 7460.25 🔻 7458.75
  📡 RSI: 68.4 | MACD: 0.83 | ATR: 1.61
  📊 Filled: 0 | Pending: 0
  🔲 Regime: RANGING | Range pos: 97% | RSI: 68.4
  💰 Daily P&L: $-4,000.00

[2026-07-30 13:56] O:7458.75 H:7460.00 L:7457.50 C:7459.75 V:1230.0
  📈 Trend: strong_bullish | 🌍 Regime: ranging
  🗺️  Grid: 0.080% | 🔺 7460.00 🔻 7458.50
  📡 RSI: 73.2 | MACD: 0.87 | ATR: 1.62
  📊 Filled: 0 | Pending: 0
  🔲 Regime: RANGING | Range pos: 98% | RSI: 73.2
  🚫 Raw trend blocks RANGING SHORT | raw: strong_bullish
  💰 Daily P&L: $-4,000.00

[2026-07-30 13:57] O:7459.75 H:7460.00 L:7458.75 C:7459.50 V:950.0
  📈 Trend: strong_bullish | 🌍 Regime: ranging
  🗺️  Grid: 0.080% | 🔺 7460.00 🔻 7457.50
  📡 RSI: 69.2 | MACD: 0.87 | ATR: 1.62
  📊 Filled: 0 | Pending: 0
  🔲 Regime: RANGING | Range pos: 98% | RSI: 69.2
  💰 Daily P&L: $-4,000.00

[2026-07-30 13:58] O:7459.25 H:7460.00 L:7458.75 C:7459.25 V:1121.0
  📈 Trend: strong_bullish | 🌍 Regime: ranging
  🗺️  Grid: 0.080% | 🔺 7460.00 🔻 7458.75
  📡 RSI: 62.9 | MACD: 0.84 | ATR: 1.55
  📊 Filled: 0 | Pending: 0
  🔲 Regime: RANGING | Range pos: 98% | RSI: 62.9
  💰 Daily P&L: $-4,000.00

[2026-07-30 13:59] O:7459.25 H:7462.50 L:7459.25 C:7461.50 V:2549.0
  📈 Trend: strong_bullish | 🌍 Regime: ranging
  🗺️  Grid: 0.080% | 🔺 7460.00 🔻 7458.75
  📡 RSI: 67.5 | MACD: 0.99 | ATR: 1.70
  📊 Filled: 0 | Pending: 0
  🔲 Regime: RANGING | Range pos: 98% | RSI: 67.5
  💰 Daily P&L: $-4,000.00

[2026-07-30 14:00] O:7461.50 H:7464.25 L:7461.25 C:7464.00 V:2999.0
  📈 Trend: strong_bullish | 🌍 Regime: ranging
  🗺️  Grid: 0.080% | 🔺 7462.50 🔻 7459.25
  📡 RSI: 72.3 | MACD: 1.29 | ATR: 1.79
  📊 Filled: 0 | Pending: 0
  🔲 Regime: RANGING | Range pos: 100% | RSI: 72.3
  🚫 Raw trend blocks RANGING SHORT | raw: strong_bullish
  💰 Daily P&L: $-4,000.00

[2026-07-30 14:01] O:7464.00 H:7465.50 L:7463.75 C:7464.75 V:1938.0
  📈 Trend: strong_bullish | 🌍 Regime: ranging
  🗺️  Grid: 0.080% | 🔺 7464.25 🔻 7461.25
  📡 RSI: 72.9 | MACD: 1.57 | ATR: 1.82
  📊 Filled: 0 | Pending: 0
  🔲 Regime: RANGING | Range pos: 99% | RSI: 72.9
  🚫 Raw trend blocks RANGING SHORT | raw: strong_bullish
  💰 Daily P&L: $-4,000.00

[2026-07-30 14:02] O:7465.00 H:7467.50 L:7465.00 C:7465.50 V:2420.0
  📈 Trend: strong_bullish | 🌍 Regime: ranging
  🗺️  Grid: 0.080% | 🔺 7465.50 🔻 7463.75
  📡 RSI: 82.6 | MACD: 1.84 | ATR: 1.91
  📊 Filled: 0 | Pending: 0
  🔲 Regime: RANGING | Range pos: 97% | RSI: 82.6
  🚫 Raw trend blocks RANGING SHORT | raw: strong_bullish
  💰 Daily P&L: $-4,000.00

[2026-07-30 14:03] O:7465.50 H:7466.25 L:7464.75 C:7464.75 V:1299.0
  📈 Trend: strong_bullish | 🌍 Regime: ranging
  🗺️  Grid: 0.080% | 🔺 7467.50 🔻 7465.00
  📡 RSI: 75.6 | MACD: 1.96 | ATR: 1.95
  📊 Filled: 0 | Pending: 0
  🔲 Regime: RANGING | Range pos: 96% | RSI: 75.6
  🚫 Raw trend blocks RANGING SHORT | raw: strong_bullish
  💰 Daily P&L: $-4,000.00

[2026-07-30 14:04] O:7464.75 H:7466.50 L:7464.50 C:7466.25 V:1542.0
  📈 Trend: strong_bullish | 🌍 Regime: ranging
  🗺️  Grid: 0.080% | 🔺 7466.25 🔻 7464.75
  📡 RSI: 78.0 | MACD: 2.16 | ATR: 1.95
  📊 Filled: 0 | Pending: 0
  🔲 Regime: RANGING | Range pos: 98% | RSI: 78.0
  🚫 Raw trend blocks RANGING SHORT | raw: strong_bullish
  💰 Daily P&L: $-4,000.00

[2026-07-30 14:05] O:7466.25 H:7467.25 L:7465.50 C:7467.00 V:1606.0
  📈 Trend: strong_bullish | 🌍 Regime: ranging
  🗺️  Grid: 0.080% | 🔺 7466.50 🔻 7464.50
  📡 RSI: 82.4 | MACD: 2.35 | ATR: 1.95
  📊 Filled: 0 | Pending: 0
  🔲 Regime: RANGING | Range pos: 99% | RSI: 82.4
  🚫 Raw trend blocks RANGING SHORT | raw: strong_bullish
  💰 Daily P&L: $-4,000.00

[2026-07-30 14:06] O:7467.00 H:7468.25 L:7466.00 C:7468.25 V:2032.0
  📈 Trend: strong_bullish | 🌍 Regime: ranging
  🗺️  Grid: 0.080% | 🔺 7467.25 🔻 7465.50
  📡 RSI: 83.6 | MACD: 2.57 | ATR: 2.00
  📊 Filled: 0 | Pending: 0
  🔲 Regime: RANGING | Range pos: 100% | RSI: 83.6
  🚫 Raw trend blocks RANGING SHORT | raw: strong_bullish
  💰 Daily P&L: $-4,000.00

[2026-07-30 14:07] O:7468.25 H:7470.00 L:7467.75 C:7469.50 V:2311.0
  📈 Trend: strong_bullish | 🌍 Regime: ranging
  🗺️  Grid: 0.080% | 🔺 7468.25 🔻 7466.00
  📡 RSI: 84.2 | MACD: 2.81 | ATR: 2.04
  📊 Filled: 0 | Pending: 0
  🔲 Regime: RANGING | Range pos: 99% | RSI: 84.2
  🚫 Raw trend blocks RANGING SHORT | raw: strong_bullish
  💰 Daily P&L: $-4,000.00

[2026-07-30 14:08] O:7469.50 H:7471.00 L:7468.75 C:7470.75 V:2533.0
  📈 Trend: strong_bullish | 🌍 Regime: ranging
  🗺️  Grid: 0.080% | 🔺 7470.00 🔻 7467.75
  📡 RSI: 89.8 | MACD: 3.07 | ATR: 2.09
  📊 Filled: 0 | Pending: 0
  🔲 Regime: RANGING | Range pos: 100% | RSI: 89.8
  🚫 Raw trend blocks RANGING SHORT | raw: strong_bullish
  💰 Daily P&L: $-4,000.00

[2026-07-30 14:09] O:7470.50 H:7472.25 L:7470.50 C:7471.75 V:2248.0
  📈 Trend: strong_bullish | 🌍 Regime: ranging
  🗺️  Grid: 0.080% | 🔺 7471.00 🔻 7468.75
  📡 RSI: 91.9 | MACD: 3.32 | ATR: 2.11
  📊 Filled: 0 | Pending: 0
  🔲 Regime: RANGING | Range pos: 99% | RSI: 91.9
  🚫 Raw trend blocks RANGING SHORT | raw: strong_bullish
  💰 Daily P&L: $-4,000.00

[2026-07-30 14:10] O:7471.75 H:7477.00 L:7471.75 C:7475.50 V:4433.0
  📈 Trend: strong_bullish | 🌍 Regime: ranging
  🗺️  Grid: 0.080% | 🔺 7472.25 🔻 7470.50
  📡 RSI: 93.2 | MACD: 3.77 | ATR: 2.30
  📊 Filled: 0 | Pending: 0
  🔲 Regime: RANGING | Range pos: 98% | RSI: 93.2
  🚫 Raw trend blocks RANGING SHORT | raw: strong_bullish
  💰 Daily P&L: $-4,000.00

[2026-07-30 14:11] O:7475.50 H:7476.00 L:7473.75 C:7473.75 V:2029.0
  📈 Trend: strong_bullish | 🌍 Regime: ranging
  🗺️  Grid: 0.080% | 🔺 7477.00 🔻 7471.75
  📡 RSI: 86.1 | MACD: 3.94 | ATR: 2.38
  📊 Filled: 0 | Pending: 0
  🔲 Regime: RANGING | Range pos: 96% | RSI: 86.1
  🚫 Raw trend blocks RANGING SHORT | raw: strong_bullish
  💰 Daily P&L: $-4,000.00

[2026-07-30 14:12] O:7473.75 H:7477.75 L:7473.75 C:7476.50 V:3117.0
  📈 Trend: strong_bullish | 🌍 Regime: ranging
  🗺️  Grid: 0.080% | 🔺 7476.00 🔻 7473.75
  📡 RSI: 88.8 | MACD: 4.26 | ATR: 2.57
  📊 Filled: 0 | Pending: 0
  🔲 Regime: RANGING | Range pos: 98% | RSI: 88.8
  🚫 Raw trend blocks RANGING SHORT | raw: strong_bullish
  💰 Daily P&L: $-4,000.00

[2026-07-30 14:13] O:7476.25 H:7476.75 L:7475.00 C:7476.00 V:2125.0
  📈 Trend: strong_bullish | 🌍 Regime: ranging
  🗺️  Grid: 0.080% | 🔺 7477.75 🔻 7473.75
  📡 RSI: 85.4 | MACD: 4.41 | ATR: 2.46
  📊 Filled: 0 | Pending: 0
  🔲 Regime: RANGING | Range pos: 98% | RSI: 85.4
  🚫 Raw trend blocks RANGING SHORT | raw: strong_bullish
  💰 Daily P&L: $-4,000.00

[2026-07-30 14:14] O:7475.75 H:7476.50 L:7474.25 C:7474.25 V:2052.0
  📈 Trend: strong_bullish | 🌍 Regime: ranging
  🗺️  Grid: 0.080% | 🔺 7476.75 🔻 7475.00
  📡 RSI: 75.9 | MACD: 4.34 | ATR: 2.41
  📊 Filled: 0 | Pending: 0
  🔲 Regime: RANGING | Range pos: 96% | RSI: 75.9
  🚫 Raw trend blocks RANGING SHORT | raw: strong_bullish
  💰 Daily P&L: $-4,000.00

[2026-07-30 14:15] O:7474.50 H:7475.00 L:7471.50 C:7473.00 V:2438.0
  📈 Trend: strong_bullish | 🌍 Regime: ranging
  🗺️  Grid: 0.080% | 🔺 7476.50 🔻 7474.25
  📡 RSI: 70.4 | MACD: 4.14 | ATR: 2.54
  📊 Filled: 0 | Pending: 0
  🔲 Regime: RANGING | Range pos: 94% | RSI: 70.4
  🚫 Raw trend blocks RANGING SHORT | raw: strong_bullish
  💰 Daily P&L: $-4,000.00

[2026-07-30 14:16] O:7473.00 H:7475.75 L:7473.00 C:7475.75 V:1517.0
  📈 Trend: strong_bullish | 🌍 Regime: ranging
  🗺️  Grid: 0.080% | 🔺 7475.00 🔻 7471.50
  📡 RSI: 73.0 | MACD: 4.15 | ATR: 2.54
  📊 Filled: 0 | Pending: 0
  🔲 Regime: RANGING | Range pos: 97% | RSI: 73.0
  🚫 Raw trend blocks RANGING SHORT | raw: strong_bullish
  💰 Daily P&L: $-4,000.00

[2026-07-30 14:17] O:7476.00 H:7476.50 L:7475.25 C:7476.25 V:1255.0
  📈 Trend: strong_bullish | 🌍 Regime: ranging
  🗺️  Grid: 0.080% | 🔺 7475.75 🔻 7473.00
  📡 RSI: 76.1 | MACD: 4.16 | ATR: 2.52
  📊 Filled: 0 | Pending: 0
  🔲 Regime: RANGING | Range pos: 98% | RSI: 76.1
  🚫 Raw trend blocks RANGING SHORT | raw: strong_bullish
  💰 Daily P&L: $-4,000.00

[2026-07-30 14:18] O:7476.25 H:7478.50 L:7475.50 C:7478.00 V:2217.0
  📈 Trend: strong_bullish | 🌍 Regime: ranging
  🗺️  Grid: 0.080% | 🔺 7476.50 🔻 7475.25
  📡 RSI: 76.4 | MACD: 4.25 | ATR: 2.59
  📊 Filled: 0 | Pending: 0
  🔲 Regime: RANGING | Range pos: 99% | RSI: 76.4
  🚫 Raw trend blocks RANGING SHORT | raw: strong_bullish
  💰 Daily P&L: $-4,000.00

[2026-07-30 14:19] O:7477.75 H:7477.75 L:7476.00 C:7476.75 V:1384.0
  📈 Trend: strong_bullish | 🌍 Regime: ranging
  🗺️  Grid: 0.080% | 🔺 7478.50 🔻 7475.50
  📡 RSI: 71.4 | MACD: 4.18 | ATR: 2.61
  📊 Filled: 0 | Pending: 0
  🔲 Regime: RANGING | Range pos: 98% | RSI: 71.4
  🚫 Raw trend blocks RANGING SHORT | raw: strong_bullish
  💰 Daily P&L: $-4,000.00

[2026-07-30 14:20] O:7476.75 H:7477.00 L:7475.25 C:7476.00 V:1554.0
  📈 Trend: strong_bullish | 🌍 Regime: ranging
  🗺️  Grid: 0.080% | 🔺 7477.75 🔻 7476.00
  📡 RSI: 67.4 | MACD: 4.01 | ATR: 2.57
  📊 Filled: 0 | Pending: 0
  🔲 Regime: RANGING | Range pos: 97% | RSI: 67.4
  💰 Daily P&L: $-4,000.00

[2026-07-30 14:21] O:7476.00 H:7476.75 L:7474.75 C:7474.75 V:1388.0
  📈 Trend: strong_bullish | 🌍 Regime: ranging
  🗺️  Grid: 0.080% | 🔺 7477.00 🔻 7475.25
  📡 RSI: 61.8 | MACD: 3.74 | ATR: 2.55
  📊 Filled: 0 | Pending: 0
  🔲 Regime: RANGING | Range pos: 95% | RSI: 61.8
  💰 Daily P&L: $-4,000.00

[2026-07-30 14:22] O:7474.75 H:7475.50 L:7473.25 C:7473.50 V:1407.0
  📈 Trend: strong_bullish | 🌍 Regime: ranging
  🗺️  Grid: 0.080% | 🔺 7476.75 🔻 7474.75
  📡 RSI: 56.2 | MACD: 3.38 | ATR: 2.55
  📊 Filled: 0 | Pending: 0
  🔲 Regime: RANGING | Range pos: 94% | RSI: 56.2
  💰 Daily P&L: $-4,000.00

[2026-07-30 14:23] O:7473.75 H:7475.25 L:7473.25 C:7475.00 V:1593.0
  📈 Trend: strong_bullish | 🌍 Regime: ranging
  🗺️  Grid: 0.080% | 🔺 7475.50 🔻 7473.25
  📡 RSI: 57.1 | MACD: 3.18 | ATR: 2.57
  📊 Filled: 0 | Pending: 0
  🔲 Regime: RANGING | Range pos: 96% | RSI: 57.1
  💰 Daily P&L: $-4,000.00

[2026-07-30 14:24] O:7475.25 H:7476.00 L:7474.00 C:7474.25 V:1385.0
  📈 Trend: strong_bullish | 🌍 Regime: ranging
  🗺️  Grid: 0.080% | 🔺 7475.25 🔻 7473.25
  📡 RSI: 46.8 | MACD: 2.93 | ATR: 2.34
  📊 Filled: 0 | Pending: 0
  🔲 Regime: RANGING | Range pos: 95% | RSI: 46.8
  💰 Daily P&L: $-4,000.00

[2026-07-30 14:25] O:7474.25 H:7475.25 L:7473.75 C:7474.25 V:1579.0
  📈 Trend: strong_bullish | 🌍 Regime: ranging
  🗺️  Grid: 0.080% | 🔺 7476.00 🔻 7474.00
  📡 RSI: 51.4 | MACD: 2.70 | ATR: 2.29
  📊 Filled: 0 | Pending: 0
  🔲 Regime: RANGING | Range pos: 95% | RSI: 51.4
  💰 Daily P&L: $-4,000.00

[2026-07-30 14:26] O:7474.00 H:7475.50 L:7473.75 C:7475.25 V:1234.0
  📈 Trend: strong_bullish | 🌍 Regime: ranging
  🗺️  Grid: 0.080% | 🔺 7475.25 🔻 7473.75
  📡 RSI: 46.2 | MACD: 2.56 | ATR: 2.12
  📊 Filled: 0 | Pending: 0
  🔲 Regime: RANGING | Range pos: 96% | RSI: 46.2
  💰 Daily P&L: $-4,000.00

[2026-07-30 14:27] O:7475.25 H:7475.75 L:7473.50 C:7474.25 V:1183.0
  📈 Trend: strong_bullish | 🌍 Regime: ranging
  🗺️  Grid: 0.080% | 🔺 7475.50 🔻 7473.75
  📡 RSI: 44.8 | MACD: 2.35 | ATR: 2.16
  📊 Filled: 0 | Pending: 0
  🔲 Regime: RANGING | Range pos: 95% | RSI: 44.8
  💰 Daily P&L: $-4,000.00

[2026-07-30 14:28] O:7474.00 H:7475.00 L:7473.00 C:7473.50 V:1173.0
  📈 Trend: strong_bullish | 🌍 Regime: ranging
  🗺️  Grid: 0.080% | 🔺 7475.75 🔻 7473.50
  📡 RSI: 47.6 | MACD: 2.10 | ATR: 2.14
  📊 Filled: 0 | Pending: 0
  🔲 Regime: RANGING | Range pos: 94% | RSI: 47.6
  💰 Daily P&L: $-4,000.00

[2026-07-30 14:29] O:7473.50 H:7473.75 L:7471.25 C:7471.50 V:2335.0
  📈 Trend: strong_bullish (raw: moderate_bullish) | 🌍 Regime: ranging
  🗺️  Grid: 0.080% | 🔺 7475.00 🔻 7473.00
  📡 RSI: 45.5 | MACD: 1.72 | ATR: 2.07
  📊 Filled: 0 | Pending: 0
  🔲 Regime: RANGING | Range pos: 91% | RSI: 45.5
  💰 Daily P&L: $-4,000.00

[2026-07-30 14:30] O:7471.50 H:7473.50 L:7471.00 C:7473.00 V:2470.0
  📈 Trend: moderate_bullish | 🌍 Regime: trending_bullish
  🗺️  Grid: 0.080% | 🔺 7473.75 🔻 7471.25
  📡 RSI: 41.0 | MACD: 1.52 | ATR: 2.05
  📊 Filled: 0 | Pending: 0
  🕐 Outside session (14:30 CT) — no entries
  💰 Daily P&L: $-4,000.00

[2026-07-30 14:31] O:7473.25 H:7473.50 L:7471.00 C:7472.50 V:1559.0
  📈 Trend: moderate_bullish | 🌍 Regime: trending_bullish
  🗺️  Grid: 0.080% | 🔺 7473.50 🔻 7471.00
  📡 RSI: 37.7 | MACD: 1.31 | ATR: 2.14
  📊 Filled: 0 | Pending: 0
  🕐 Outside session (14:31 CT) — no entries
  💰 Daily P&L: $-4,000.00

[2026-07-30 14:32] O:7472.50 H:7472.75 L:7470.25 C:7470.75 V:1711.0
  📈 Trend: moderate_bullish | 🌍 Regime: trending_bullish
  🗺️  Grid: 0.080% | 🔺 7473.50 🔻 7471.00
  📡 RSI: 26.2 | MACD: 0.98 | ATR: 2.11
  📊 Filled: 0 | Pending: 0
  🕐 Outside session (14:32 CT) — no entries
  💰 Daily P&L: $-4,000.00

[2026-07-30 14:33] O:7470.75 H:7472.00 L:7470.50 C:7471.75 V:2070.0
  📈 Trend: moderate_bullish | 🌍 Regime: trending_bullish
  🗺️  Grid: 0.080% | 🔺 7472.75 🔻 7470.25
  📡 RSI: 33.3 | MACD: 0.80 | ATR: 2.07
  📊 Filled: 0 | Pending: 0
  🕐 Outside session (14:33 CT) — no entries
  💰 Daily P&L: $-4,000.00

[2026-07-30 14:34] O:7471.75 H:7472.75 L:7470.25 C:7471.50 V:2267.0
  📈 Trend: moderate_bullish | 🌍 Regime: trending_bullish
  🗺️  Grid: 0.080% | 🔺 7472.00 🔻 7470.50
  📡 RSI: 34.5 | MACD: 0.63 | ATR: 2.12
  📊 Filled: 0 | Pending: 0
  🕐 Outside session (14:34 CT) — no entries
  💰 Daily P&L: $-4,000.00

[2026-07-30 14:35] O:7471.75 H:7472.50 L:7470.25 C:7470.25 V:1896.0
  📈 Trend: moderate_bullish | 🌍 Regime: trending_bullish
  🗺️  Grid: 0.080% | 🔺 7472.75 🔻 7470.25
  📡 RSI: 34.5 | MACD: 0.39 | ATR: 2.14
  📊 Filled: 0 | Pending: 0
  🕐 Outside session (14:35 CT) — no entries
  💰 Daily P&L: $-4,000.00

[2026-07-30 14:36] O:7470.25 H:7470.50 L:7468.00 C:7468.50 V:3122.0
  📈 Trend: moderate_bullish | 🌍 Regime: trending_bullish
  🗺️  Grid: 0.080% | 🔺 7472.50 🔻 7470.25
  📡 RSI: 33.3 | MACD: 0.05 | ATR: 2.16
  📊 Filled: 0 | Pending: 0
  🕐 Outside session (14:36 CT) — no entries
  💰 Daily P&L: $-4,000.00

[2026-07-30 14:37] O:7468.50 H:7471.25 L:7468.25 C:7470.50 V:1818.0
  📈 Trend: moderate_bullish | 🌍 Regime: trending_bullish
  🗺️  Grid: 0.080% | 🔺 7470.50 🔻 7468.00
  📡 RSI: 35.5 | MACD: -0.05 | ATR: 2.23
  📊 Filled: 0 | Pending: 0
  🕐 Outside session (14:37 CT) — no entries
  💰 Daily P&L: $-4,000.00

[2026-07-30 14:38] O:7470.50 H:7472.75 L:7470.00 C:7470.75 V:1800.0
  📈 Trend: moderate_bullish | 🌍 Regime: trending_bullish
  🗺️  Grid: 0.080% | 🔺 7471.25 🔻 7468.25
  📡 RSI: 38.3 | MACD: -0.11 | ATR: 2.29
  📊 Filled: 0 | Pending: 0
  🕐 Outside session (14:38 CT) — no entries
  💰 Daily P&L: $-4,000.00

[2026-07-30 14:39] O:7471.00 H:7472.00 L:7470.25 C:7471.00 V:1859.0
  📈 Trend: moderate_bullish | 🌍 Regime: trending_bullish
  🗺️  Grid: 0.080% | 🔺 7472.75 🔻 7470.00
  📡 RSI: 39.3 | MACD: -0.14 | ATR: 2.30
  📊 Filled: 0 | Pending: 0
  🕐 Outside session (14:39 CT) — no entries
  💰 Daily P&L: $-4,000.00

[2026-07-30 14:40] O:7471.00 H:7471.75 L:7469.25 C:7470.25 V:2164.0
  📈 Trend: moderate_bullish | 🌍 Regime: trending_bullish
  🗺️  Grid: 0.080% | 🔺 7472.00 🔻 7470.25
  📡 RSI: 33.3 | MACD: -0.21 | ATR: 2.36
  📊 Filled: 0 | Pending: 0
  🕐 Outside session (14:40 CT) — no entries
  💰 Daily P&L: $-4,000.00

[2026-07-30 14:41] O:7470.25 H:7472.25 L:7470.00 C:7471.50 V:2014.0
  📈 Trend: moderate_bullish | 🌍 Regime: trending_bullish
  🗺️  Grid: 0.080% | 🔺 7471.75 🔻 7469.25
  📡 RSI: 41.0 | MACD: -0.17 | ATR: 2.36
  📊 Filled: 0 | Pending: 0
  🕐 Outside session (14:41 CT) — no entries
  💰 Daily P&L: $-4,000.00

[2026-07-30 14:42] O:7471.50 H:7471.50 L:7468.50 C:7470.50 V:1908.0
  📈 Trend: moderate_bullish | 🌍 Regime: trending_bullish
  🗺️  Grid: 0.080% | 🔺 7472.25 🔻 7470.00
  📡 RSI: 40.3 | MACD: -0.22 | ATR: 2.43
  📊 Filled: 0 | Pending: 0
  🕐 Outside session (14:42 CT) — no entries
  💰 Daily P&L: $-4,000.00

[2026-07-30 14:43] O:7470.25 H:7472.75 L:7469.75 C:7472.00 V:1929.0
  📈 Trend: moderate_bullish | 🌍 Regime: trending_bullish
  🗺️  Grid: 0.080% | 🔺 7471.50 🔻 7468.50
  📡 RSI: 51.7 | MACD: -0.13 | ATR: 2.46
  📊 Filled: 0 | Pending: 0
  🕐 Outside session (14:43 CT) — no entries
  💰 Daily P&L: $-4,000.00

[2026-07-30 14:44] O:7472.00 H:7472.50 L:7471.50 C:7471.75 V:1663.0
  📈 Trend: moderate_bullish | 🌍 Regime: trending_bullish
  🗺️  Grid: 0.080% | 🔺 7472.75 🔻 7469.75
  📡 RSI: 45.5 | MACD: -0.08 | ATR: 2.36
  📊 Filled: 0 | Pending: 0
  🕐 Outside session (14:44 CT) — no entries
  💰 Daily P&L: $-4,000.00

[2026-07-30 14:45] O:7471.50 H:7472.50 L:7470.50 C:7471.75 V:2523.0
  📈 Trend: moderate_bullish | 🌍 Regime: trending_bullish
  🗺️  Grid: 0.080% | 🔺 7472.50 🔻 7471.50
  📡 RSI: 47.2 | MACD: -0.04 | ATR: 2.32
  📊 Filled: 0 | Pending: 0
  🕐 Outside session (14:45 CT) — no entries
  💰 Daily P&L: $-4,000.00

[2026-07-30 14:46] O:7471.75 H:7472.50 L:7470.00 C:7470.00 V:2209.0
  📈 Trend: moderate_bullish | 🌍 Regime: trending_bullish
  🗺️  Grid: 0.080% | 🔺 7472.50 🔻 7470.50
  📡 RSI: 47.2 | MACD: -0.15 | ATR: 2.32
  📊 Filled: 0 | Pending: 0
  🕐 Outside session (14:46 CT) — no entries
  💰 Daily P&L: $-4,000.00

[2026-07-30 14:47] O:7470.00 H:7470.50 L:7468.75 C:7469.75 V:2408.0
  📈 Trend: moderate_bullish (raw: strong_bearish) | 🌍 Regime: trending_bearish
  🗺️  Grid: 0.080% | 🔺 7472.50 🔻 7470.00
  📡 RSI: 42.0 | MACD: -0.26 | ATR: 2.34
  📊 Filled: 0 | Pending: 0
  🕐 Outside session (14:47 CT) — no entries
  💰 Daily P&L: $-4,000.00

[2026-07-30 14:48] O:7469.75 H:7470.00 L:7468.00 C:7468.00 V:2014.0
  📈 Trend: strong_bearish | 🌍 Regime: trending_bearish
  🗺️  Grid: 0.080% | 🔺 7470.50 🔻 7468.75
  📡 RSI: 37.5 | MACD: -0.47 | ATR: 2.30
  📊 Filled: 0 | Pending: 0
  🕐 Outside session (14:48 CT) — no entries
  💰 Daily P&L: $-4,000.00

[2026-07-30 14:49] O:7468.00 H:7470.25 L:7467.00 C:7470.00 V:3191.0
  📈 Trend: strong_bearish | 🌍 Regime: trending_bearish
  🗺️  Grid: 0.080% | 🔺 7470.00 🔻 7468.00
  📡 RSI: 49.2 | MACD: -0.48 | ATR: 2.38
  📊 Filled: 0 | Pending: 0
  🕐 Outside session (14:49 CT) — no entries
  💰 Daily P&L: $-4,000.00

[2026-07-30 14:50] O:7470.25 H:7471.25 L:7466.75 C:7468.50 V:5455.0
  📈 Trend: strong_bearish | 🌍 Regime: trending_bearish
  🗺️  Grid: 0.080% | 🔺 7470.25 🔻 7467.00
  📡 RSI: 50.0 | MACD: -0.60 | ATR: 2.52
  📊 Filled: 0 | Pending: 0
  🕐 Outside session (14:50 CT) — no entries
  💰 Daily P&L: $-4,000.00

[2026-07-30 14:51] O:7468.25 H:7469.00 L:7465.50 C:7467.50 V:3717.0
  📈 Trend: strong_bearish | 🌍 Regime: trending_bearish
  🗺️  Grid: 0.080% | 🔺 7471.25 🔻 7466.75
  📡 RSI: 38.9 | MACD: -0.76 | ATR: 2.55
  📊 Filled: 0 | Pending: 0
  🕐 Outside session (14:51 CT) — no entries
  💰 Daily P&L: $-4,000.00

[2026-07-30 14:52] O:7467.75 H:7469.00 L:7467.00 C:7469.00 V:3445.0
  📈 Trend: strong_bearish | 🌍 Regime: trending_bearish
  🗺️  Grid: 0.080% | 🔺 7469.00 🔻 7465.50
  📡 RSI: 44.1 | MACD: -0.76 | ATR: 2.50
  📊 Filled: 0 | Pending: 0
  🕐 Outside session (14:52 CT) — no entries
  💰 Daily P&L: $-4,000.00

[2026-07-30 14:53] O:7469.00 H:7470.00 L:7466.00 C:7466.00 V:4884.0
  📈 Trend: strong_bearish | 🌍 Regime: trending_bearish
  🗺️  Grid: 0.080% | 🔺 7469.00 🔻 7467.00
  📡 RSI: 35.7 | MACD: -1.00 | ATR: 2.66
  📊 Filled: 0 | Pending: 0
  🕐 Outside session (14:53 CT) — no entries
  💰 Daily P&L: $-4,000.00

[2026-07-30 14:54] O:7466.25 H:7470.00 L:7465.75 C:7468.50 V:5396.0
  📈 Trend: strong_bearish | 🌍 Regime: trending_bearish
  🗺️  Grid: 0.080% | 🔺 7470.00 🔻 7466.00
  📡 RSI: 45.5 | MACD: -0.97 | ATR: 2.79
  📊 Filled: 0 | Pending: 0
  🕐 Outside session (14:54 CT) — no entries
  💰 Daily P&L: $-4,000.00

[2026-07-30 14:55] O:7468.25 H:7468.50 L:7464.25 C:7466.25 V:6329.0
  📈 Trend: strong_bearish | 🌍 Regime: trending_bearish
  🗺️  Grid: 0.080% | 🔺 7470.00 🔻 7465.75
  📡 RSI: 37.0 | MACD: -1.11 | ATR: 2.93
  📊 Filled: 0 | Pending: 0
  🕐 Outside session (14:55 CT) — no entries
  💰 Daily P&L: $-4,000.00

[2026-07-30 14:56] O:7466.00 H:7471.50 L:7466.00 C:7468.50 V:5946.0
  📈 Trend: strong_bearish | 🌍 Regime: trending_bearish
  🗺️  Grid: 0.080% | 🔺 7468.50 🔻 7464.25
  📡 RSI: 45.3 | MACD: -1.03 | ATR: 3.11
  📊 Filled: 0 | Pending: 0
  🕐 Outside session (14:56 CT) — no entries
  💰 Daily P&L: $-4,000.00

[2026-07-30 14:57] O:7468.50 H:7471.00 L:7468.00 C:7470.50 V:6044.0
  📈 Trend: strong_bearish | 🌍 Regime: trending_bearish
  🗺️  Grid: 0.080% | 🔺 7471.50 🔻 7466.00
  📡 RSI: 46.6 | MACD: -0.80 | ATR: 3.11
  📊 Filled: 0 | Pending: 0
  🕐 Outside session (14:57 CT) — no entries
  💰 Daily P&L: $-4,000.00

[2026-07-30 14:58] O:7470.75 H:7472.50 L:7468.50 C:7470.00 V:10578.0
  📈 Trend: strong_bearish (raw: moderate_bearish) | 🌍 Regime: trending_bearish
  🗺️  Grid: 0.080% | 🔺 7471.00 🔻 7468.00
  📡 RSI: 46.1 | MACD: -0.65 | ATR: 3.32
  📊 Filled: 0 | Pending: 0
  🕐 Outside session (14:58 CT) — no entries
  💰 Daily P&L: $-4,000.00

[2026-07-30 14:59] O:7470.25 H:7476.50 L:7467.75 C:7472.75 V:61069.0
  📈 Trend: strong_bearish (raw: moderate_bullish) | 🌍 Regime: trending_bullish
  🗺️  Grid: 0.080% | 🔺 7472.50 🔻 7468.50
  📡 RSI: 52.0 | MACD: -0.30 | ATR: 3.80
  📊 Filled: 0 | Pending: 0
  🕐 Outside session (14:59 CT) — no entries
  💰 Daily P&L: $-4,000.00

[2026-07-30 15:00] O:7472.75 H:7474.75 L:7468.00 C:7471.50 V:13262.0
  📈 Trend: strong_bearish (raw: moderate_bearish) | 🌍 Regime: ranging
  🗺️  Grid: 0.080% | 🔺 7476.50 🔻 7467.75
  📡 RSI: 53.1 | MACD: -0.13 | ATR: 4.11
  📊 Filled: 0 | Pending: 0
  🕐 Outside session (15:00 CT) — no entries
  💰 Daily P&L: $-4,000.00

[2026-07-30 15:01] O:7471.00 H:7492.00 L:7470.75 C:7489.25 V:5917.0
  📈 Trend: strong_bearish (raw: strong_bullish) | 🌍 Regime: ranging
  🗺️  Grid: 0.088% | 🔺 7474.75 🔻 7468.00
  📡 RSI: 73.2 | MACD: 1.42 | ATR: 5.50
  📊 Filled: 0 | Pending: 0
  🕐 Outside session (15:01 CT) — no entries
  💰 Daily P&L: $-4,000.00

[2026-07-30 15:02] O:7489.00 H:7490.25 L:7484.00 C:7489.25 V:4253.0
  📈 Trend: strong_bullish | 🌍 Regime: ranging
  🗺️  Grid: 0.093% | 🔺 7492.00 🔻 7470.75
  📡 RSI: 76.4 | MACD: 2.62 | ATR: 5.80
  📊 Filled: 0 | Pending: 0
  🕐 Outside session (15:02 CT) — no entries
  💰 Daily P&L: $-4,000.00

[2026-07-30 15:03] O:7489.25 H:7490.50 L:7485.50 C:7486.00 V:3103.0
  📈 Trend: strong_bullish | 🌍 Regime: ranging
  🗺️  Grid: 0.095% | 🔺 7490.25 🔻 7484.00
  📡 RSI: 69.3 | MACD: 3.28 | ATR: 5.93
  📊 Filled: 0 | Pending: 0
  🕐 Outside session (15:03 CT) — no entries
  💰 Daily P&L: $-4,000.00

[2026-07-30 15:04] O:7486.00 H:7492.00 L:7484.75 C:7491.75 V:3002.0
  📈 Trend: strong_bullish | 🌍 Regime: ranging
  🗺️  Grid: 0.098% | 🔺 7490.50 🔻 7485.50
  📡 RSI: 75.4 | MACD: 4.21 | ATR: 6.12
  📊 Filled: 0 | Pending: 0
  🕐 Outside session (15:04 CT) — no entries
  💰 Daily P&L: $-4,000.00

[2026-07-30 15:05] O:7491.75 H:7492.00 L:7486.75 C:7488.50 V:2588.0
  📈 Trend: strong_bullish | 🌍 Regime: ranging
  🗺️  Grid: 0.100% | 🔺 7492.00 🔻 7484.75
  📡 RSI: 71.9 | MACD: 4.63 | ATR: 6.25
  📊 Filled: 0 | Pending: 0
  🕐 Outside session (15:05 CT) — no entries
  💰 Daily P&L: $-4,000.00

[2026-07-30 15:06] O:7488.75 H:7490.50 L:7487.25 C:7487.50 V:1863.0
  📈 Trend: strong_bullish | 🌍 Regime: ranging
  🗺️  Grid: 0.102% | 🔺 7492.00 🔻 7486.75
  📡 RSI: 69.5 | MACD: 4.83 | ATR: 6.34
  📊 Filled: 0 | Pending: 0
  🕐 Outside session (15:06 CT) — no entries
  💰 Daily P&L: $-4,000.00

[2026-07-30 15:07] O:7487.50 H:7490.75 L:7487.25 C:7488.00 V:1456.0
  📈 Trend: strong_bullish | 🌍 Regime: ranging
  🗺️  Grid: 0.101% | 🔺 7490.50 🔻 7487.25
  📡 RSI: 74.4 | MACD: 4.97 | ATR: 6.30
  📊 Filled: 0 | Pending: 0
  🕐 Outside session (15:07 CT) — no entries
  💰 Daily P&L: $-4,000.00

[2026-07-30 15:08] O:7487.75 H:7489.00 L:7485.25 C:7485.50 V:1510.0
  📈 Trend: strong_bullish | 🌍 Regime: ranging
  🗺️  Grid: 0.100% | 🔺 7490.75 🔻 7487.25
  📡 RSI: 68.9 | MACD: 4.83 | ATR: 6.27
  📊 Filled: 0 | Pending: 0
  🕐 Outside session (15:08 CT) — no entries
  💰 Daily P&L: $-4,000.00

[2026-07-30 15:09] O:7485.75 H:7485.75 L:7483.00 C:7483.50 V:1413.0
  📈 Trend: strong_bullish | 🌍 Regime: ranging
  🗺️  Grid: 0.099% | 🔺 7489.00 🔻 7485.25
  📡 RSI: 69.3 | MACD: 4.50 | ATR: 6.16
  📊 Filled: 0 | Pending: 0
  🕐 Outside session (15:09 CT) — no entries
  💰 Daily P&L: $-4,000.00

[2026-07-30 15:10] O:7483.25 H:7484.75 L:7480.50 C:7483.75 V:2256.0
  📈 Trend: strong_bullish | 🌍 Regime: ranging
  🗺️  Grid: 0.097% | 🔺 7485.75 🔻 7483.00
  📡 RSI: 67.8 | MACD: 4.21 | ATR: 6.07
  📊 Filled: 0 | Pending: 0
  🕐 Outside session (15:10 CT) — no entries
  💰 Daily P&L: $-4,000.00

[2026-07-30 15:11] O:7484.00 H:7484.50 L:7480.00 C:7480.75 V:1357.0
  📈 Trend: strong_bullish | 🌍 Regime: ranging
  🗺️  Grid: 0.099% | 🔺 7484.75 🔻 7480.50
  📡 RSI: 61.7 | MACD: 3.69 | ATR: 6.18
  📊 Filled: 0 | Pending: 0
  🕐 Outside session (15:11 CT) — no entries
  💰 Daily P&L: $-4,000.00

[2026-07-30 15:12] O:7480.75 H:7485.25 L:7480.25 C:7485.00 V:1870.0
  📈 Trend: strong_bullish | 🌍 Regime: ranging
  🗺️  Grid: 0.100% | 🔺 7484.50 🔻 7480.00
  📡 RSI: 65.8 | MACD: 3.59 | ATR: 6.25
  📊 Filled: 0 | Pending: 0
  🕐 Outside session (15:12 CT) — no entries
  💰 Daily P&L: $-4,000.00

[2026-07-30 15:13] O:7485.25 H:7487.25 L:7484.75 C:7486.75 V:1065.0
  📈 Trend: strong_bullish | 🌍 Regime: ranging
  🗺️  Grid: 0.093% | 🔺 7485.25 🔻 7480.25
  📡 RSI: 65.1 | MACD: 3.61 | ATR: 5.80
  📊 Filled: 0 | Pending: 0
  🕐 Outside session (15:13 CT) — no entries
  💰 Daily P&L: $-4,000.00

[2026-07-30 15:14] O:7486.50 H:7488.75 L:7486.25 C:7486.75 V:1443.0
  📈 Trend: strong_bullish | 🌍 Regime: ranging
  🗺️  Grid: 0.088% | 🔺 7487.25 🔻 7484.75
  📡 RSI: 66.9 | MACD: 3.58 | ATR: 5.50
  📊 Filled: 0 | Pending: 0
  🕐 Outside session (15:14 CT) — no entries
  💰 Daily P&L: $-4,000.00

[2026-07-30 15:15] O:7486.75 H:7490.75 L:7486.50 C:7490.75 V:952.0
  📈 Trend: strong_bullish | 🌍 Regime: ranging
  🗺️  Grid: 0.080% | 🔺 7488.75 🔻 7486.25
  📡 RSI: 52.4 | MACD: 3.83 | ATR: 4.29
  📊 Filled: 0 | Pending: 0
  🕐 Outside session (15:15 CT) — no entries
  💰 Daily P&L: $-4,000.00

[2026-07-30 15:16] O:7490.75 H:7491.00 L:7488.75 C:7489.25 V:1118.0
  📈 Trend: strong_bullish | 🌍 Regime: ranging
  🗺️  Grid: 0.080% | 🔺 7490.75 🔻 7486.50
  📡 RSI: 50.0 | MACD: 3.87 | ATR: 4.00
  📊 Filled: 0 | Pending: 0
  🕐 Outside session (15:16 CT) — no entries
  💰 Daily P&L: $-4,000.00

[2026-07-30 15:17] O:7489.00 H:7489.50 L:7486.00 C:7487.00 V:1450.0
  📈 Trend: strong_bullish | 🌍 Regime: trending_bullish
  🗺️  Grid: 0.080% | 🔺 7491.00 🔻 7488.75
  📡 RSI: 51.6 | MACD: 3.68 | ATR: 3.89
  📊 Filled: 0 | Pending: 0
  🕐 Outside session (15:17 CT) — no entries
  💰 Daily P&L: $-4,000.00

[2026-07-30 15:18] O:7487.00 H:7489.75 L:7485.25 C:7489.00 V:1543.0
  📈 Trend: strong_bullish | 🌍 Regime: trending_bullish
  🗺️  Grid: 0.080% | 🔺 7489.50 🔻 7486.00
  📡 RSI: 45.1 | MACD: 3.64 | ATR: 3.70
  📊 Filled: 0 | Pending: 0
  🕐 Outside session (15:18 CT) — no entries
  💰 Daily P&L: $-4,000.00

[2026-07-30 15:19] O:7489.25 H:7491.00 L:7489.25 C:7490.25 V:743.0
  📈 Trend: strong_bullish | 🌍 Regime: trending_bullish
  🗺️  Grid: 0.080% | 🔺 7489.75 🔻 7485.25
  📡 RSI: 53.3 | MACD: 3.67 | ATR: 3.46
  📊 Filled: 0 | Pending: 0
  🕐 Outside session (15:19 CT) — no entries
  💰 Daily P&L: $-4,000.00

[2026-07-30 15:20] O:7490.25 H:7492.00 L:7490.00 C:7490.75 V:707.0
  📈 Trend: strong_bullish | 🌍 Regime: trending_bullish
  🗺️  Grid: 0.080% | 🔺 7491.00 🔻 7489.25
  📡 RSI: 56.3 | MACD: 3.69 | ATR: 3.38
  📊 Filled: 0 | Pending: 0
  🕐 Outside session (15:20 CT) — no entries
  💰 Daily P&L: $-4,000.00

[2026-07-30 15:21] O:7490.50 H:7490.50 L:7488.00 C:7488.50 V:562.0
  📈 Trend: strong_bullish (raw: moderate_bullish) | 🌍 Regime: trending_bullish
  🗺️  Grid: 0.080% | 🔺 7492.00 🔻 7490.00
  📡 RSI: 50.9 | MACD: 3.49 | ATR: 3.32
  📊 Filled: 0 | Pending: 0
  🕐 Outside session (15:21 CT) — no entries
  💰 Daily P&L: $-4,000.00

[2026-07-30 15:22] O:7488.25 H:7491.00 L:7488.00 C:7490.00 V:410.0
  📈 Trend: strong_bullish | 🌍 Regime: trending_bullish
  🗺️  Grid: 0.080% | 🔺 7490.50 🔻 7488.00
  📡 RSI: 58.5 | MACD: 3.41 | ATR: 3.27
  📊 Filled: 0 | Pending: 0
  🕐 Outside session (15:22 CT) — no entries
  💰 Daily P&L: $-4,000.00

[2026-07-30 15:23] O:7489.75 H:7492.00 L:7489.75 C:7491.50 V:729.0
  📈 Trend: strong_bullish (raw: moderate_bullish) | 🌍 Regime: trending_bullish
  🗺️  Grid: 0.080% | 🔺 7491.00 🔻 7488.00
  📡 RSI: 65.4 | MACD: 3.43 | ATR: 3.23
  📊 Filled: 0 | Pending: 0
  🕐 Outside session (15:23 CT) — no entries
  💰 Daily P&L: $-4,000.00

[2026-07-30 15:24] O:7491.50 H:7491.50 L:7490.00 C:7490.50 V:421.0
  📈 Trend: strong_bullish | 🌍 Regime: ranging
  🗺️  Grid: 0.080% | 🔺 7492.00 🔻 7489.75
  📡 RSI: 62.6 | MACD: 3.32 | ATR: 3.04
  📊 Filled: 0 | Pending: 0
  🕐 Outside session (15:24 CT) — no entries
  💰 Daily P&L: $-4,000.00

[2026-07-30 15:25] O:7490.75 H:7490.75 L:7488.75 C:7489.50 V:466.0
  📈 Trend: strong_bullish | 🌍 Regime: ranging
  🗺️  Grid: 0.080% | 🔺 7491.50 🔻 7490.00
  📡 RSI: 67.7 | MACD: 3.12 | ATR: 2.86
  📊 Filled: 0 | Pending: 0
  🕐 Outside session (15:25 CT) — no entries
  💰 Daily P&L: $-4,000.00

[2026-07-30 15:26] O:7489.50 H:7490.75 L:7489.25 C:7490.25 V:464.0
  📈 Trend: strong_bullish | 🌍 Regime: ranging
  🗺️  Grid: 0.080% | 🔺 7490.75 🔻 7488.75
  📡 RSI: 62.4 | MACD: 2.99 | ATR: 2.61
  📊 Filled: 0 | Pending: 0
  🕐 Outside session (15:26 CT) — no entries
  💰 Daily P&L: $-4,000.00

[2026-07-30 15:27] O:7490.25 H:7490.50 L:7488.75 C:7488.75 V:492.0
  📈 Trend: strong_bullish | 🌍 Regime: ranging
  🗺️  Grid: 0.080% | 🔺 7490.75 🔻 7489.25
  📡 RSI: 54.8 | MACD: 2.73 | ATR: 2.55
  📊 Filled: 0 | Pending: 0
  🕐 Outside session (15:27 CT) — no entries
  💰 Daily P&L: $-4,000.00

[2026-07-30 15:28] O:7489.00 H:7491.25 L:7488.75 C:7490.50 V:575.0
  📈 Trend: strong_bullish | 🌍 Regime: ranging
  🗺️  Grid: 0.080% | 🔺 7490.50 🔻 7488.75
  📡 RSI: 58.2 | MACD: 2.64 | ATR: 2.55
  📊 Filled: 0 | Pending: 0
  🕐 Outside session (15:28 CT) — no entries
  💰 Daily P&L: $-4,000.00

[2026-07-30 15:29] O:7490.75 H:7491.25 L:7489.75 C:7490.25 V:374.0
  📈 Trend: strong_bullish | 🌍 Regime: ranging
  🗺️  Grid: 0.080% | 🔺 7491.25 🔻 7488.75
  📡 RSI: 48.7 | MACD: 2.52 | ATR: 2.36
  📊 Filled: 0 | Pending: 0
  🕐 Outside session (15:29 CT) — no entries
  💰 Daily P&L: $-4,000.00

[2026-07-30 15:30] O:7490.50 H:7498.00 L:7480.00 C:7481.25 V:3302.0
  📈 Trend: strong_bullish | 🌍 Regime: ranging
  🗺️  Grid: 0.080% | 🔺 7491.25 🔻 7489.75
  📡 RSI: 34.9 | MACD: 1.68 | ATR: 3.48
  📊 Filled: 0 | Pending: 0
  🕐 Outside session (15:30 CT) — no entries
  💰 Daily P&L: $-4,000.00

[2026-07-30 15:31] O:7481.50 H:7485.25 L:7479.25 C:7480.50 V:1578.0
  📈 Trend: strong_bullish (raw: moderate_bullish) | 🌍 Regime: trending_bullish
  🗺️  Grid: 0.080% | 🔺 7498.00 🔻 7480.00
  📡 RSI: 37.0 | MACD: 0.94 | ATR: 3.66
  📊 Filled: 0 | Pending: 0
  🕐 Outside session (15:31 CT) — no entries
  💰 Daily P&L: $-4,000.00

[2026-07-30 15:32] O:7480.25 H:7485.25 L:7480.00 C:7484.50 V:1593.0
  📈 Trend: moderate_bullish | 🌍 Regime: trending_bullish
  🗺️  Grid: 0.080% | 🔺 7485.25 🔻 7479.25
  📡 RSI: 41.7 | MACD: 0.67 | ATR: 3.71
  📊 Filled: 0 | Pending: 0
  🕐 Outside session (15:32 CT) — no entries
  💰 Daily P&L: $-4,000.00

[2026-07-30 15:33] O:7484.50 H:7487.75 L:7483.50 C:7485.00 V:843.0
  📈 Trend: moderate_bullish | 🌍 Regime: trending_bullish
  🗺️  Grid: 0.080% | 🔺 7485.25 🔻 7480.00
  📡 RSI: 40.0 | MACD: 0.49 | ATR: 3.88
  📊 Filled: 0 | Pending: 0
  🕐 Outside session (15:33 CT) — no entries
  💰 Daily P&L: $-4,000.00

[2026-07-30 15:34] O:7485.25 H:7486.00 L:7484.25 C:7484.75 V:547.0
  📈 Trend: moderate_bullish | 🌍 Regime: trending_bullish
  🗺️  Grid: 0.080% | 🔺 7487.75 🔻 7483.50
  📡 RSI: 38.5 | MACD: 0.32 | ATR: 3.86
  📊 Filled: 0 | Pending: 0
  🕐 Outside session (15:34 CT) — no entries
  💰 Daily P&L: $-4,000.00

[2026-07-30 15:35] O:7484.75 H:7485.00 L:7480.75 C:7481.50 V:596.0
  📈 Trend: moderate_bullish | 🌍 Regime: trending_bullish
  🗺️  Grid: 0.080% | 🔺 7486.00 🔻 7484.25
  📡 RSI: 37.0 | MACD: -0.07 | ATR: 3.96
  📊 Filled: 0 | Pending: 0
  🕐 Outside session (15:35 CT) — no entries
  💰 Daily P&L: $-4,000.00

[2026-07-30 15:36] O:7481.50 H:7481.75 L:7479.25 C:7481.00 V:644.0
  📈 Trend: moderate_bullish | 🌍 Regime: trending_bullish
  🗺️  Grid: 0.080% | 🔺 7485.00 🔻 7480.75
  📡 RSI: 32.7 | MACD: -0.42 | ATR: 3.93
  📊 Filled: 0 | Pending: 0
  🕐 Outside session (15:36 CT) — no entries
  💰 Daily P&L: $-4,000.00

[2026-07-30 15:37] O:7481.00 H:7481.25 L:7478.75 C:7481.00 V:626.0
  📈 Trend: moderate_bullish | 🌍 Regime: trending_bullish
  🗺️  Grid: 0.080% | 🔺 7481.75 🔻 7479.25
  📡 RSI: 28.6 | MACD: -0.69 | ATR: 3.95
  📊 Filled: 0 | Pending: 0
  🕐 Outside session (15:37 CT) — no entries
  💰 Daily P&L: $-4,000.00

[2026-07-30 15:38] O:7481.25 H:7481.75 L:7479.50 C:7481.50 V:671.0
  📈 Trend: moderate_bullish | 🌍 Regime: trending_bullish
  🗺️  Grid: 0.080% | 🔺 7481.25 🔻 7478.75
  📡 RSI: 31.2 | MACD: -0.85 | ATR: 4.00
  📊 Filled: 0 | Pending: 0
  🕐 Outside session (15:38 CT) — no entries
  💰 Daily P&L: $-4,000.00

[2026-07-30 15:39] O:7481.50 H:7482.75 L:7480.25 C:7481.50 V:658.0
  📈 Trend: moderate_bullish | 🌍 Regime: trending_bullish
  🗺️  Grid: 0.080% | 🔺 7481.75 🔻 7479.50
  📡 RSI: 32.6 | MACD: -0.97 | ATR: 4.04
  📊 Filled: 0 | Pending: 0
  🕐 Outside session (15:39 CT) — no entries
  💰 Daily P&L: $-4,000.00

[2026-07-30 15:40] O:7481.25 H:7481.50 L:7478.25 C:7479.00 V:760.0
  📈 Trend: moderate_bullish | 🌍 Regime: trending_bullish
  🗺️  Grid: 0.080% | 🔺 7482.75 🔻 7480.25
  📡 RSI: 27.3 | MACD: -1.25 | ATR: 4.16
  📊 Filled: 0 | Pending: 0
  🕐 Outside session (15:40 CT) — no entries
  💰 Daily P&L: $-4,000.00

[2026-07-30 15:41] O:7479.00 H:7480.00 L:7476.25 C:7478.25 V:617.0
  📈 Trend: moderate_bullish | 🌍 Regime: trending_bullish
  🗺️  Grid: 0.080% | 🔺 7481.50 🔻 7478.25
  📡 RSI: 28.1 | MACD: -1.51 | ATR: 4.30
  📊 Filled: 0 | Pending: 0
  🕐 Outside session (15:41 CT) — no entries
  💰 Daily P&L: $-4,000.00

[2026-07-30 15:42] O:7478.25 H:7481.75 L:7478.25 C:7481.75 V:1184.0
  📈 Trend: moderate_bullish | 🌍 Regime: trending_bullish
  🗺️  Grid: 0.080% | 🔺 7480.00 🔻 7476.25
  📡 RSI: 33.0 | MACD: -1.42 | ATR: 4.38
  📊 Filled: 0 | Pending: 0
  🕐 Outside session (15:42 CT) — no entries
  💰 Daily P&L: $-4,000.00

[2026-07-30 15:43] O:7481.25 H:7481.50 L:7479.75 C:7480.75 V:450.0
  📈 Trend: moderate_bullish | 🌍 Regime: trending_bullish
  🗺️  Grid: 0.080% | 🔺 7481.75 🔻 7478.25
  📡 RSI: 32.1 | MACD: -1.42 | ATR: 4.41
  📊 Filled: 0 | Pending: 0
  🕐 Outside session (15:43 CT) — no entries
  💰 Daily P&L: $-4,000.00

[2026-07-30 15:44] O:7480.75 H:7481.50 L:7479.00 C:7481.00 V:354.0
  📈 Trend: moderate_bullish (raw: strong_bearish) | 🌍 Regime: trending_bearish
  🗺️  Grid: 0.080% | 🔺 7481.50 🔻 7479.75
  📡 RSI: 49.3 | MACD: -1.38 | ATR: 3.30
  📊 Filled: 0 | Pending: 0
  🕐 Outside session (15:44 CT) — no entries
  💰 Daily P&L: $-4,000.00

[2026-07-30 15:45] O:7480.75 H:7482.00 L:7479.00 C:7479.75 V:533.0
  📈 Trend: strong_bearish | 🌍 Regime: trending_bearish
  🗺️  Grid: 0.080% | 🔺 7481.50 🔻 7479.00
  📡 RSI: 47.9 | MACD: -1.43 | ATR: 3.09
  📊 Filled: 0 | Pending: 0
  🕐 Outside session (15:45 CT) — no entries
  💰 Daily P&L: $-4,000.00

[2026-07-30 15:46] O:7480.00 H:7480.25 L:7478.25 C:7478.50 V:500.0
  📈 Trend: strong_bearish | 🌍 Regime: trending_bearish
  🗺️  Grid: 0.080% | 🔺 7482.00 🔻 7479.00
  📡 RSI: 30.6 | MACD: -1.55 | ATR: 2.86
  📊 Filled: 0 | Pending: 0
  🕐 Outside session (15:46 CT) — no entries
  💰 Daily P&L: $-4,000.00

[2026-07-30 15:47] O:7478.75 H:7479.00 L:7477.50 C:7478.25 V:352.0
  📈 Trend: strong_bearish | 🌍 Regime: trending_bearish
  🗺️  Grid: 0.080% | 🔺 7480.25 🔻 7478.25
  📡 RSI: 27.9 | MACD: -1.65 | ATR: 2.66
  📊 Filled: 0 | Pending: 0
  🕐 Outside session (15:47 CT) — no entries
  💰 Daily P&L: $-4,000.00

[2026-07-30 15:48] O:7478.00 H:7478.25 L:7476.50 C:7477.00 V:864.0
  📈 Trend: strong_bearish | 🌍 Regime: trending_bearish
  🗺️  Grid: 0.080% | 🔺 7479.00 🔻 7477.50
  📡 RSI: 26.2 | MACD: -1.81 | ATR: 2.66
  📊 Filled: 0 | Pending: 0
  🕐 Outside session (15:48 CT) — no entries
  💰 Daily P&L: $-4,000.00

[2026-07-30 15:49] O:7477.00 H:7478.25 L:7475.75 C:7477.00 V:911.0
  📈 Trend: strong_bearish | 🌍 Regime: trending_bearish
  🗺️  Grid: 0.080% | 🔺 7478.25 🔻 7476.50
  📡 RSI: 32.7 | MACD: -1.92 | ATR: 2.54
  📊 Filled: 0 | Pending: 0
  🕐 Outside session (15:49 CT) — no entries
  💰 Daily P&L: $-4,000.00

[2026-07-30 15:50] O:7477.00 H:7478.25 L:7474.25 C:7474.50 V:690.0
  📈 Trend: strong_bearish | 🌍 Regime: trending_bearish
  🗺️  Grid: 0.080% | 🔺 7478.25 🔻 7475.75
  📡 RSI: 28.3 | MACD: -2.17 | ATR: 2.64
  📊 Filled: 0 | Pending: 0
  🕐 Outside session (15:50 CT) — no entries
  💰 Daily P&L: $-4,000.00

[2026-07-30 15:51] O:7474.50 H:7476.25 L:7474.25 C:7475.00 V:779.0
  📈 Trend: strong_bearish | 🌍 Regime: trending_bearish
  🗺️  Grid: 0.080% | 🔺 7478.25 🔻 7474.25
  📡 RSI: 30.6 | MACD: -2.31 | ATR: 2.61
  📊 Filled: 0 | Pending: 0
  🕐 Outside session (15:51 CT) — no entries
  💰 Daily P&L: $-4,000.00

[2026-07-30 15:52] O:7474.75 H:7476.50 L:7472.50 C:7473.75 V:559.0
  📈 Trend: strong_bearish | 🌍 Regime: trending_bearish
  🗺️  Grid: 0.080% | 🔺 7476.25 🔻 7474.25
  📡 RSI: 26.2 | MACD: -2.49 | ATR: 2.73
  📊 Filled: 0 | Pending: 0
  🕐 Outside session (15:52 CT) — no entries
  💰 Daily P&L: $-4,000.00

[2026-07-30 15:53] O:7473.75 H:7475.50 L:7473.75 C:7475.50 V:1156.0
  📈 Trend: strong_bearish | 🌍 Regime: trending_bearish
  🗺️  Grid: 0.080% | 🔺 7476.50 🔻 7472.50
  📡 RSI: 33.3 | MACD: -2.47 | ATR: 2.68
  📊 Filled: 0 | Pending: 0
  🕐 Outside session (15:53 CT) — no entries
  💰 Daily P&L: $-4,000.00

[2026-07-30 15:54] O:7475.75 H:7476.50 L:7473.25 C:7475.00 V:564.0
  📈 Trend: strong_bearish | 🌍 Regime: trending_bearish
  🗺️  Grid: 0.080% | 🔺 7475.50 🔻 7473.75
  📡 RSI: 37.5 | MACD: -2.46 | ATR: 2.68
  📊 Filled: 0 | Pending: 0
  🕐 Outside session (15:54 CT) — no entries
  💰 Daily P&L: $-4,000.00

[2026-07-30 15:55] O:7475.00 H:7476.75 L:7475.00 C:7475.50 V:427.0
  📈 Trend: strong_bearish | 🌍 Regime: trending_bearish
  🗺️  Grid: 0.080% | 🔺 7476.50 🔻 7473.25
  📡 RSI: 41.3 | MACD: -2.39 | ATR: 2.54
  📊 Filled: 0 | Pending: 0
  🕐 Outside session (15:55 CT) — no entries
  💰 Daily P&L: $-4,000.00

[2026-07-30 15:56] O:7475.50 H:7475.75 L:7472.00 C:7473.50 V:775.0
  📈 Trend: strong_bearish | 🌍 Regime: trending_bearish
  🗺️  Grid: 0.080% | 🔺 7476.75 🔻 7475.00
  📡 RSI: 21.1 | MACD: -2.46 | ATR: 2.55
  📊 Filled: 0 | Pending: 0
  🕐 Outside session (15:56 CT) — no entries
  💰 Daily P&L: $-4,000.00

[2026-07-30 15:57] O:7473.75 H:7474.25 L:7473.25 C:7473.50 V:299.0
  📈 Trend: strong_bearish | 🌍 Regime: trending_bearish
  🗺️  Grid: 0.080% | 🔺 7475.75 🔻 7472.00
  📡 RSI: 22.6 | MACD: -2.49 | ATR: 2.48
  📊 Filled: 0 | Pending: 0
  🕐 Outside session (15:57 CT) — no entries
  💰 Daily P&L: $-4,000.00

[2026-07-30 15:58] O:7473.50 H:7476.75 L:7473.50 C:7476.00 V:486.0
  📈 Trend: strong_bearish | 🌍 Regime: trending_bearish
  🗺️  Grid: 0.080% | 🔺 7474.25 🔻 7473.25
  📡 RSI: 33.9 | MACD: -2.29 | ATR: 2.54
  📊 Filled: 0 | Pending: 0
  🕐 Outside session (15:58 CT) — no entries
  💰 Daily P&L: $-4,000.00

[2026-07-30 15:59] O:7476.25 H:7476.75 L:7473.50 C:7474.50 V:581.0
  📈 Trend: strong_bearish (raw: moderate_bearish) | 🌍 Regime: trending_bearish
  🗺️  Grid: 0.080% | 🔺 7476.75 🔻 7473.50
  📡 RSI: 33.3 | MACD: -2.22 | ATR: 2.55
  📊 Filled: 0 | Pending: 0
  🕐 Outside session (15:59 CT) — no entries
  💰 Daily P&L: $-4,000.00

[2026-07-30 17:00] O:7479.50 H:7479.50 L:7468.25 C:7471.00 V:912.0
  📈 Trend: strong_bearish | 🌍 Regime: trending_bearish
  🗺️  Grid: 0.080% | 🔺 7476.75 🔻 7473.50
  📡 RSI: 29.2 | MACD: -2.42 | ATR: 3.21
  📊 Filled: 0 | Pending: 0
  🕐 Outside session (17:00 CT) — no entries
  💰 Daily P&L: $-4,000.00

[2026-07-30 17:01] O:7471.25 H:7477.75 L:7470.50 C:7477.00 V:477.0
  📈 Trend: strong_bearish (raw: moderate_bearish) | 🌍 Regime: trending_bearish
  🗺️  Grid: 0.080% | 🔺 7479.50 🔻 7468.25
  📡 RSI: 47.4 | MACD: -2.07 | ATR: 3.62
  📊 Filled: 0 | Pending: 0
  🕐 Outside session (17:01 CT) — no entries
  💰 Daily P&L: $-4,000.00

[2026-07-30 17:02] O:7477.00 H:7478.00 L:7475.25 C:7477.50 V:304.0
  📈 Trend: moderate_bearish | 🌍 Regime: trending_bearish
  🗺️  Grid: 0.080% | 🔺 7477.75 🔻 7470.50
  📡 RSI: 51.1 | MACD: -1.74 | ATR: 3.70
  📊 Filled: 0 | Pending: 0
  🕐 Outside session (17:02 CT) — no entries
  💰 Daily P&L: $-4,000.00

[2026-07-30 17:03] O:7477.50 H:7479.50 L:7477.00 C:7478.25 V:197.0
  📈 Trend: moderate_bearish | 🌍 Regime: trending_bearish
  🗺️  Grid: 0.080% | 🔺 7478.00 🔻 7475.25
  📡 RSI: 52.6 | MACD: -1.39 | ATR: 3.70
  📊 Filled: 0 | Pending: 0
  🕐 Outside session (17:03 CT) — no entries
  💰 Daily P&L: $-4,000.00

[2026-07-30 17:04] O:7478.25 H:7478.75 L:7477.50 C:7478.25 V:151.0
  📈 Trend: moderate_bearish | 🌍 Regime: trending_bearish
  🗺️  Grid: 0.080% | 🔺 7479.50 🔻 7477.00
  📡 RSI: 58.8 | MACD: -1.11 | ATR: 3.50
  📊 Filled: 0 | Pending: 0
  🕐 Outside session (17:04 CT) — no entries
  💰 Daily P&L: $-4,000.00

[2026-07-30 17:05] O:7478.50 H:7479.00 L:7476.75 C:7478.00 V:182.0
  📈 Trend: moderate_bearish | 🌍 Regime: trending_bearish
  🗺️  Grid: 0.080% | 🔺 7478.75 🔻 7477.50
  📡 RSI: 57.1 | MACD: -0.89 | ATR: 3.52
  📊 Filled: 0 | Pending: 0
  🕐 Outside session (17:05 CT) — no entries
  💰 Daily P&L: $-4,000.00

[2026-07-30 17:06] O:7478.00 H:7478.00 L:7476.00 C:7476.50 V:197.0
  📈 Trend: moderate_bearish | 🌍 Regime: trending_bearish
  🗺️  Grid: 0.080% | 🔺 7479.00 🔻 7476.75
  📡 RSI: 56.5 | MACD: -0.83 | ATR: 3.38
  📊 Filled: 0 | Pending: 0
  🕐 Outside session (17:06 CT) — no entries
  💰 Daily P&L: $-4,000.00

[2026-07-30 17:07] O:7476.25 H:7477.75 L:7476.25 C:7477.75 V:233.0
  📈 Trend: moderate_bearish (raw: moderate_bullish) | 🌍 Regime: ranging
  🗺️  Grid: 0.080% | 🔺 7478.00 🔻 7476.00
  📡 RSI: 55.4 | MACD: -0.68 | ATR: 3.36
  📊 Filled: 0 | Pending: 0
  🕐 Outside session (17:07 CT) — no entries
  💰 Daily P&L: $-4,000.00

[2026-07-30 17:08] O:7477.75 H:7478.00 L:7475.25 C:7477.75 V:189.0
  📈 Trend: moderate_bullish | 🌍 Regime: ranging
  🗺️  Grid: 0.080% | 🔺 7477.75 🔻 7476.25
  📡 RSI: 56.8 | MACD: -0.55 | ATR: 3.32
  📊 Filled: 0 | Pending: 0
  🕐 Outside session (17:08 CT) — no entries
  💰 Daily P&L: $-4,000.00

[2026-07-30 17:09] O:7477.50 H:7479.75 L:7477.50 C:7479.00 V:302.0
  📈 Trend: moderate_bullish | 🌍 Regime: ranging
  🗺️  Grid: 0.080% | 🔺 7478.00 🔻 7475.25
  📡 RSI: 58.3 | MACD: -0.34 | ATR: 3.36
  📊 Filled: 0 | Pending: 0
  🕐 Outside session (17:09 CT) — no entries
  💰 Daily P&L: $-4,000.00

[2026-07-30 17:10] O:7479.25 H:7479.75 L:7478.25 C:7479.75 V:135.0
  📈 Trend: moderate_bullish | 🌍 Regime: ranging
  🗺️  Grid: 0.080% | 🔺 7479.75 🔻 7477.50
  📡 RSI: 65.8 | MACD: -0.11 | ATR: 3.20
  📊 Filled: 0 | Pending: 0
  🕐 Outside session (17:10 CT) — no entries
  💰 Daily P&L: $-4,000.00

[2026-07-30 17:11] O:7479.75 H:7480.25 L:7478.75 C:7479.75 V:192.0
  📈 Trend: moderate_bullish (raw: strong_bullish) | 🌍 Regime: ranging
  🗺️  Grid: 0.080% | 🔺 7479.75 🔻 7478.25
  📡 RSI: 65.8 | MACD: 0.07 | ATR: 3.23
  📊 Filled: 0 | Pending: 0
  🕐 Outside session (17:11 CT) — no entries
  💰 Daily P&L: $-4,000.00

[2026-07-30 17:12] O:7479.50 H:7479.50 L:7476.25 C:7477.00 V:136.0
  📈 Trend: moderate_bullish | 🌍 Regime: ranging
  🗺️  Grid: 0.080% | 🔺 7480.25 🔻 7478.75
  📡 RSI: 52.5 | MACD: -0.02 | ATR: 3.25
  📊 Filled: 0 | Pending: 0
  🕐 Outside session (17:12 CT) — no entries
  💰 Daily P&L: $-4,000.00

[2026-07-30 17:13] O:7477.00 H:7477.25 L:7475.00 C:7475.00 V:274.0
  📈 Trend: moderate_bullish (raw: moderate_bearish) | 🌍 Regime: ranging
  🗺️  Grid: 0.080% | 🔺 7479.50 🔻 7476.25
  📡 RSI: 51.2 | MACD: -0.24 | ATR: 3.18
  📊 Filled: 0 | Pending: 0
  🕐 Outside session (17:13 CT) — no entries
  💰 Daily P&L: $-4,000.00

[2026-07-30 17:14] O:7475.00 H:7477.00 L:7474.75 C:7476.50 V:167.0
  📈 Trend: moderate_bullish | 🌍 Regime: ranging
  🗺️  Grid: 0.080% | 🔺 7477.25 🔻 7475.00
  📡 RSI: 64.9 | MACD: -0.29 | ATR: 2.54
  📊 Filled: 0 | Pending: 0
  🕐 Outside session (17:14 CT) — no entries
  💰 Daily P&L: $-4,000.00

[2026-07-30 17:15] O:7476.25 H:7478.00 L:7476.25 C:7477.75 V:118.0
  📈 Trend: moderate_bullish | 🌍 Regime: ranging
  🗺️  Grid: 0.080% | 🔺 7477.00 🔻 7474.75
  📡 RSI: 52.7 | MACD: -0.23 | ATR: 2.14
  📊 Filled: 0 | Pending: 0
  🕐 Outside session (17:15 CT) — no entries
  💰 Daily P&L: $-4,000.00

[2026-07-30 17:16] O:7477.50 H:7480.75 L:7477.50 C:7479.75 V:250.0
  📈 Trend: moderate_bullish | 🌍 Regime: ranging
  🗺️  Grid: 0.080% | 🔺 7478.00 🔻 7476.25
  📡 RSI: 57.4 | MACD: -0.02 | ATR: 2.18
  📊 Filled: 0 | Pending: 0
  🕐 Outside session (17:16 CT) — no entries
  💰 Daily P&L: $-4,000.00

[2026-07-30 17:17] O:7479.75 H:7480.50 L:7479.00 C:7480.25 V:125.0
  📈 Trend: moderate_bullish (raw: strong_bullish) | 🌍 Regime: ranging
  🗺️  Grid: 0.080% | 🔺 7480.75 🔻 7477.50
  📡 RSI: 56.7 | MACD: 0.19 | ATR: 2.11
  📊 Filled: 0 | Pending: 0
  🕐 Outside session (17:17 CT) — no entries
  💰 Daily P&L: $-4,000.00

[2026-07-30 17:18] O:7480.00 H:7480.25 L:7476.50 C:7477.50 V:217.0
  📈 Trend: strong_bullish | 🌍 Regime: ranging
  🗺️  Grid: 0.080% | 🔺 7480.50 🔻 7479.00
  📡 RSI: 47.9 | MACD: 0.13 | ATR: 2.29
  📊 Filled: 0 | Pending: 0
  🕐 Outside session (17:18 CT) — no entries
  💰 Daily P&L: $-4,000.00

[2026-07-30 17:19] O:7477.00 H:7478.50 L:7477.00 C:7477.75 V:163.0
  📈 Trend: strong_bullish | 🌍 Regime: ranging
  🗺️  Grid: 0.080% | 🔺 7480.25 🔻 7476.50
  📡 RSI: 49.3 | MACD: 0.10 | ATR: 2.23
  📊 Filled: 0 | Pending: 0
  🕐 Outside session (17:19 CT) — no entries
  💰 Daily P&L: $-4,000.00

[2026-07-30 17:20] O:7477.75 H:7478.75 L:7476.25 C:7476.50 V:280.0
  📈 Trend: strong_bullish (raw: moderate_bearish) | 🌍 Regime: ranging
  🗺️  Grid: 0.080% | 🔺 7478.50 🔻 7477.00
  📡 RSI: 50.0 | MACD: -0.02 | ATR: 2.27
  📊 Filled: 0 | Pending: 0
  🕐 Outside session (17:20 CT) — no entries
  💰 Daily P&L: $-4,000.00

[2026-07-30 17:21] O:7476.50 H:7476.75 L:7475.25 C:7475.25 V:210.0
  📈 Trend: strong_bullish (raw: strong_bearish) | 🌍 Regime: ranging
  🗺️  Grid: 0.080% | 🔺 7478.75 🔻 7476.25
  📡 RSI: 42.9 | MACD: -0.22 | ATR: 2.27
  📊 Filled: 0 | Pending: 0
  🕐 Outside session (17:21 CT) — no entries
  💰 Daily P&L: $-4,000.00

[2026-07-30 17:22] O:7475.00 H:7476.00 L:7474.75 C:7475.25 V:215.0
  📈 Trend: strong_bearish | 🌍 Regime: ranging
  🗺️  Grid: 0.080% | 🔺 7476.75 🔻 7475.25
  📡 RSI: 42.9 | MACD: -0.37 | ATR: 2.16
  📊 Filled: 0 | Pending: 0
  🕐 Outside session (17:22 CT) — no entries
  💰 Daily P&L: $-4,000.00

[2026-07-30 17:23] O:7475.00 H:7475.25 L:7472.75 C:7474.00 V:261.0
  📈 Trend: strong_bearish | 🌍 Regime: ranging
  🗺️  Grid: 0.080% | 🔺 7476.00 🔻 7474.75
  📡 RSI: 35.7 | MACD: -0.58 | ATR: 2.18
  📊 Filled: 0 | Pending: 0
  🕐 Outside session (17:23 CT) — no entries
  💰 Daily P&L: $-4,000.00

[2026-07-30 17:24] O:7474.00 H:7474.25 L:7473.00 C:7473.25 V:95.0
  📈 Trend: strong_bearish | 🌍 Regime: ranging
  🗺️  Grid: 0.080% | 🔺 7475.25 🔻 7472.75
  📡 RSI: 31.4 | MACD: -0.81 | ATR: 2.16
  📊 Filled: 0 | Pending: 0
  🕐 Outside session (17:24 CT) — no entries
  💰 Daily P&L: $-4,000.00

[2026-07-30 17:25] O:7473.25 H:7476.00 L:7473.25 C:7476.00 V:231.0
  📈 Trend: strong_bearish | 🌍 Regime: ranging
  🗺️  Grid: 0.080% | 🔺 7474.25 🔻 7473.00
  📡 RSI: 40.7 | MACD: -0.75 | ATR: 2.25
  📊 Filled: 0 | Pending: 0
  🕐 Outside session (17:25 CT) — no entries
  💰 Daily P&L: $-4,000.00

[2026-07-30 17:26] O:7475.75 H:7476.00 L:7474.75 C:7475.00 V:215.0
  📈 Trend: strong_bearish | 🌍 Regime: ranging
  🗺️  Grid: 0.080% | 🔺 7476.00 🔻 7473.25
  📡 RSI: 44.6 | MACD: -0.78 | ATR: 2.09
  📊 Filled: 0 | Pending: 0
  🕐 Outside session (17:26 CT) — no entries
  💰 Daily P&L: $-4,000.00

[2026-07-30 17:27] O:7475.00 H:7475.75 L:7474.25 C:7475.25 V:229.0
  📈 Trend: strong_bearish | 🌍 Regime: ranging
  🗺️  Grid: 0.080% | 🔺 7476.00 🔻 7474.75
  📡 RSI: 50.7 | MACD: -0.77 | ATR: 2.04
  📊 Filled: 0 | Pending: 0
  🕐 Outside session (17:27 CT) — no entries
  💰 Daily P&L: $-4,000.00

[2026-07-30 17:28] O:7475.25 H:7475.75 L:7474.75 C:7475.75 V:108.0
  📈 Trend: strong_bearish | 🌍 Regime: ranging
  🗺️  Grid: 0.080% | 🔺 7475.75 🔻 7474.25
  📡 RSI: 47.6 | MACD: -0.72 | ATR: 1.95
  📊 Filled: 0 | Pending: 0
  🕐 Outside session (17:28 CT) — no entries
  💰 Daily P&L: $-4,000.00

[2026-07-30 17:29] O:7475.75 H:7475.75 L:7474.00 C:7475.00 V:100.0
  📈 Trend: strong_bearish | 🌍 Regime: ranging
  🗺️  Grid: 0.080% | 🔺 7475.75 🔻 7474.75
  📡 RSI: 41.0 | MACD: -0.73 | ATR: 1.95
  📊 Filled: 0 | Pending: 0
  🕐 Outside session (17:29 CT) — no entries
  💰 Daily P&L: $-4,000.00

[2026-07-30 17:30] O:7475.00 H:7475.25 L:7474.25 C:7474.50 V:101.0
  📈 Trend: strong_bearish | 🌍 Regime: ranging
  🗺️  Grid: 0.080% | 🔺 7475.75 🔻 7474.00
  📡 RSI: 30.9 | MACD: -0.76 | ATR: 1.79
  📊 Filled: 0 | Pending: 0
  🕐 Outside session (17:30 CT) — no entries
  💰 Daily P&L: $-4,000.00

[2026-07-30 17:31] O:7474.25 H:7474.25 L:7472.50 C:7472.75 V:259.0
  📈 Trend: strong_bearish | 🌍 Regime: ranging
  🗺️  Grid: 0.080% | 🔺 7475.25 🔻 7474.25
  📡 RSI: 25.0 | MACD: -0.93 | ATR: 1.82
  📊 Filled: 0 | Pending: 0
  🕐 Outside session (17:31 CT) — no entries
  💰 Daily P&L: $-4,000.00

[2026-07-30 17:32] O:7472.75 H:7473.50 L:7472.50 C:7473.00 V:94.0
  📈 Trend: strong_bearish | 🌍 Regime: ranging
  🗺️  Grid: 0.080% | 🔺 7474.25 🔻 7472.50
  📡 RSI: 32.0 | MACD: -1.02 | ATR: 1.62
  📊 Filled: 0 | Pending: 0
  🕐 Outside session (17:32 CT) — no entries
  💰 Daily P&L: $-4,000.00

[2026-07-30 17:33] O:7473.25 H:7475.50 L:7473.00 C:7474.50 V:116.0
  📈 Trend: strong_bearish | 🌍 Regime: ranging
  🗺️  Grid: 0.080% | 🔺 7473.50 🔻 7472.50
  📡 RSI: 38.2 | MACD: -0.97 | ATR: 1.70
  📊 Filled: 0 | Pending: 0
  🕐 Outside session (17:33 CT) — no entries
  💰 Daily P&L: $-4,000.00

[2026-07-30 17:34] O:7474.50 H:7476.75 L:7474.25 C:7476.50 V:193.0
  📈 Trend: strong_bearish (raw: moderate_bearish) | 🌍 Regime: ranging
  🗺️  Grid: 0.080% | 🔺 7475.50 🔻 7473.00
  📡 RSI: 50.0 | MACD: -0.75 | ATR: 1.70
  📊 Filled: 0 | Pending: 0
  🕐 Outside session (17:34 CT) — no entries
  💰 Daily P&L: $-4,000.00

[2026-07-30 17:35] O:7476.75 H:7478.50 L:7476.25 C:7478.50 V:187.0
  📈 Trend: moderate_bearish | 🌍 Regime: ranging
  🗺️  Grid: 0.080% | 🔺 7476.75 🔻 7474.25
  📡 RSI: 60.7 | MACD: -0.41 | ATR: 1.75
  📊 Filled: 0 | Pending: 0
  🕐 Outside session (17:35 CT) — no entries
  💰 Daily P&L: $-4,000.00

[2026-07-30 17:36] O:7478.25 H:7479.00 L:7477.75 C:7478.75 V:162.0
  📈 Trend: moderate_bearish | 🌍 Regime: ranging
  🗺️  Grid: 0.080% | 🔺 7478.50 🔻 7476.25
  📡 RSI: 61.3 | MACD: -0.13 | ATR: 1.75
  📊 Filled: 0 | Pending: 0
  🕐 Outside session (17:36 CT) — no entries
  💰 Daily P&L: $-4,000.00

[2026-07-30 17:37] O:7478.75 H:7480.25 L:7478.50 C:7479.75 V:154.0
  📈 Trend: moderate_bearish (raw: strong_bullish) | 🌍 Regime: ranging
  🗺️  Grid: 0.080% | 🔺 7479.00 🔻 7477.75
  📡 RSI: 68.9 | MACD: 0.18 | ATR: 1.70
  📊 Filled: 0 | Pending: 0
  🕐 Outside session (17:37 CT) — no entries
  💰 Daily P&L: $-4,000.00

[2026-07-30 17:38] O:7479.50 H:7480.25 L:7479.50 C:7479.75 V:78.0
  📈 Trend: strong_bullish | 🌍 Regime: ranging
  🗺️  Grid: 0.080% | 🔺 7480.25 🔻 7478.50
  📡 RSI: 72.4 | MACD: 0.42 | ATR: 1.66
  📊 Filled: 0 | Pending: 0
  🕐 Outside session (17:38 CT) — no entries
  💰 Daily P&L: $-4,000.00

[2026-07-30 17:39] O:7479.75 H:7480.50 L:7478.75 C:7480.25 V:117.0
  📈 Trend: strong_bullish | 🌍 Regime: ranging
  🗺️  Grid: 0.080% | 🔺 7480.25 🔻 7479.50
  📡 RSI: 67.3 | MACD: 0.64 | ATR: 1.59
  📊 Filled: 0 | Pending: 0
  🕐 Outside session (17:39 CT) — no entries
  💰 Daily P&L: $-4,000.00

[2026-07-30 17:40] O:7480.00 H:7480.50 L:7479.00 C:7480.25 V:117.0
  📈 Trend: strong_bullish | 🌍 Regime: ranging
  🗺️  Grid: 0.080% | 🔺 7480.50 🔻 7478.75
  📡 RSI: 73.3 | MACD: 0.81 | ATR: 1.61
  📊 Filled: 0 | Pending: 0
  🕐 Outside session (17:40 CT) — no entries
  💰 Daily P&L: $-4,000.00

[2026-07-30 17:41] O:7479.75 H:7480.25 L:7479.25 C:7479.75 V:127.0
  📈 Trend: strong_bullish | 🌍 Regime: ranging
  🗺️  Grid: 0.080% | 🔺 7480.50 🔻 7479.00
  📡 RSI: 69.6 | MACD: 0.89 | ATR: 1.57
  📊 Filled: 0 | Pending: 0
  🕐 Outside session (17:41 CT) — no entries
  💰 Daily P&L: $-4,000.00

[2026-07-30 17:42] O:7479.75 H:7481.25 L:7479.50 C:7480.75 V:133.0
  📈 Trend: strong_bullish | 🌍 Regime: ranging
  🗺️  Grid: 0.080% | 🔺 7480.25 🔻 7479.25
  📡 RSI: 70.8 | MACD: 1.02 | ATR: 1.62
  📊 Filled: 0 | Pending: 0
  🕐 Outside session (17:42 CT) — no entries
  💰 Daily P&L: $-4,000.00

[2026-07-30 17:43] O:7480.50 H:7480.75 L:7480.25 C:7480.75 V:55.0
  📈 Trend: strong_bullish | 🌍 Regime: ranging
  🗺️  Grid: 0.080% | 🔺 7481.25 🔻 7479.50
  📡 RSI: 75.6 | MACD: 1.11 | ATR: 1.54
  📊 Filled: 0 | Pending: 0
  🕐 Outside session (17:43 CT) — no entries
  💰 Daily P&L: $-4,000.00

[2026-07-30 17:44] O:7481.00 H:7482.50 L:7481.00 C:7482.25 V:151.0
  📈 Trend: strong_bullish | 🌍 Regime: ranging
  🗺️  Grid: 0.080% | 🔺 7480.75 🔻 7480.25
  📡 RSI: 81.6 | MACD: 1.29 | ATR: 1.59
  📊 Filled: 0 | Pending: 0
  🕐 Outside session (17:44 CT) — no entries
  💰 Daily P&L: $-4,000.00

[2026-07-30 17:45] O:7482.25 H:7482.75 L:7481.75 C:7482.75 V:135.0
  📈 Trend: strong_bullish | 🌍 Regime: ranging
  🗺️  Grid: 0.080% | 🔺 7482.50 🔻 7481.00
  📡 RSI: 95.5 | MACD: 1.46 | ATR: 1.52
  📊 Filled: 0 | Pending: 0
  🕐 Outside session (17:45 CT) — no entries
  💰 Daily P&L: $-4,000.00

[2026-07-30 17:46] O:7482.75 H:7483.75 L:7482.50 C:7482.75 V:157.0
  📈 Trend: strong_bullish | 🌍 Regime: ranging
  🗺️  Grid: 0.080% | 🔺 7482.75 🔻 7481.75
  📡 RSI: 95.3 | MACD: 1.57 | ATR: 1.54
  📊 Filled: 0 | Pending: 0
  🕐 Outside session (17:46 CT) — no entries
  💰 Daily P&L: $-4,000.00

[2026-07-30 17:47] O:7482.75 H:7483.00 L:7482.25 C:7482.75 V:100.0
  📈 Trend: strong_bullish | 🌍 Regime: ranging
  🗺️  Grid: 0.080% | 🔺 7483.75 🔻 7482.50
  📡 RSI: 94.6 | MACD: 1.64 | ATR: 1.41
  📊 Filled: 0 | Pending: 0
  🕐 Outside session (17:47 CT) — no entries
  💰 Daily P&L: $-4,000.00

[2026-07-30 17:48] O:7482.50 H:7482.75 L:7482.25 C:7482.50 V:56.0
  📈 Trend: strong_bullish | 🌍 Regime: ranging
  🗺️  Grid: 0.080% | 🔺 7483.00 🔻 7482.25
  📡 RSI: 90.0 | MACD: 1.66 | ATR: 1.27
  📊 Filled: 0 | Pending: 0
  🕐 Outside session (17:48 CT) — no entries
  💰 Daily P&L: $-4,000.00

[2026-07-30 17:49] O:7482.75 H:7483.00 L:7482.25 C:7482.75 V:45.0
  📈 Trend: strong_bullish | 🌍 Regime: ranging
  🗺️  Grid: 0.080% | 🔺 7482.75 🔻 7482.25
  📡 RSI: 87.0 | MACD: 1.68 | ATR: 1.16
  📊 Filled: 0 | Pending: 0
  🕐 Outside session (17:49 CT) — no entries
  💰 Daily P&L: $-4,000.00

[2026-07-30 17:50] O:7482.75 H:7482.75 L:7481.75 C:7482.75 V:91.0
  📈 Trend: strong_bullish | 🌍 Regime: ranging
  🗺️  Grid: 0.080% | 🔺 7483.00 🔻 7482.25
  📡 RSI: 86.4 | MACD: 1.67 | ATR: 1.14
  📊 Filled: 0 | Pending: 0
  🕐 Outside session (17:50 CT) — no entries
  💰 Daily P&L: $-4,000.00

[2026-07-30 17:51] O:7482.75 H:7483.25 L:7481.50 C:7482.75 V:191.0
  📈 Trend: strong_bullish | 🌍 Regime: ranging
  🗺️  Grid: 0.080% | 🔺 7482.75 🔻 7481.75
  📡 RSI: 83.3 | MACD: 1.64 | ATR: 1.14
  📊 Filled: 0 | Pending: 0
  🕐 Outside session (17:51 CT) — no entries
  💰 Daily P&L: $-4,000.00

[2026-07-30 17:52] O:7482.75 H:7483.50 L:7482.75 C:7483.25 V:98.0
  📈 Trend: strong_bullish | 🌍 Regime: ranging
  🗺️  Grid: 0.080% | 🔺 7483.25 🔻 7481.50
  📡 RSI: 85.0 | MACD: 1.64 | ATR: 1.14
  📊 Filled: 0 | Pending: 0
  🕐 Outside session (17:52 CT) — no entries
  💰 Daily P&L: $-4,000.00

[2026-07-30 17:53] O:7483.25 H:7484.25 L:7483.25 C:7484.00 V:101.0
  📈 Trend: strong_bullish | 🌍 Regime: ranging
  🗺️  Grid: 0.080% | 🔺 7483.50 🔻 7482.75
  📡 RSI: 85.7 | MACD: 1.69 | ATR: 1.09
  📊 Filled: 0 | Pending: 0
  🕐 Outside session (17:53 CT) — no entries
  💰 Daily P&L: $-4,000.00

[2026-07-30 17:54] O:7484.00 H:7485.00 L:7483.75 C:7484.00 V:142.0
  📈 Trend: strong_bullish | 🌍 Regime: ranging
  🗺️  Grid: 0.080% | 🔺 7484.25 🔻 7483.25
  📡 RSI: 85.7 | MACD: 1.70 | ATR: 1.07
  📊 Filled: 0 | Pending: 0
  🕐 Outside session (17:54 CT) — no entries
  💰 Daily P&L: $-4,000.00

[2026-07-30 17:55] O:7484.00 H:7485.00 L:7483.50 C:7485.00 V:85.0
  📈 Trend: strong_bullish | 🌍 Regime: ranging
  🗺️  Grid: 0.080% | 🔺 7485.00 🔻 7483.75
  📡 RSI: 95.7 | MACD: 1.77 | ATR: 1.11
  📊 Filled: 0 | Pending: 0
  🕐 Outside session (17:55 CT) — no entries
  💰 Daily P&L: $-4,000.00

[2026-07-30 17:56] O:7484.75 H:7485.50 L:7484.75 C:7485.00 V:140.0
  📈 Trend: strong_bullish | 🌍 Regime: ranging
  🗺️  Grid: 0.080% | 🔺 7485.00 🔻 7483.50
  📡 RSI: 94.7 | MACD: 1.81 | ATR: 1.04
  📊 Filled: 0 | Pending: 0
  🕐 Outside session (17:56 CT) — no entries
  💰 Daily P&L: $-4,000.00

[2026-07-30 17:57] O:7484.75 H:7484.75 L:7484.00 C:7484.25 V:97.0
  📈 Trend: strong_bullish | 🌍 Regime: ranging
  🗺️  Grid: 0.080% | 🔺 7485.50 🔻 7484.75
  📡 RSI: 81.8 | MACD: 1.75 | ATR: 1.07
  📊 Filled: 0 | Pending: 0
  🕐 Outside session (17:57 CT) — no entries
  💰 Daily P&L: $-4,000.00

[2026-07-30 17:58] O:7484.25 H:7485.00 L:7484.00 C:7484.75 V:114.0
  📈 Trend: strong_bullish | 🌍 Regime: ranging
  🗺️  Grid: 0.080% | 🔺 7484.75 🔻 7484.00
  📡 RSI: 77.8 | MACD: 1.73 | ATR: 1.02
  📊 Filled: 0 | Pending: 0
  🕐 Outside session (17:58 CT) — no entries
  💰 Daily P&L: $-4,000.00

[2026-07-30 17:59] O:7484.50 H:7485.50 L:7484.50 C:7484.50 V:90.0
  📈 Trend: strong_bullish | 🌍 Regime: ranging
  🗺️  Grid: 0.080% | 🔺 7485.00 🔻 7484.00
  📡 RSI: 70.6 | MACD: 1.68 | ATR: 1.02
  📊 Filled: 0 | Pending: 0
  🕐 Outside session (17:59 CT) — no entries
  💰 Daily P&L: $-4,000.00

[2026-07-30 18:00] O:7484.50 H:7487.00 L:7484.50 C:7485.00 V:233.0
  📈 Trend: strong_bullish | 🌍 Regime: ranging
  🗺️  Grid: 0.080% | 🔺 7485.50 🔻 7484.50
  📡 RSI: 73.7 | MACD: 1.65 | ATR: 1.11
  📊 Filled: 0 | Pending: 0
  🕐 Outside session (18:00 CT) — no entries
  💰 Daily P&L: $-4,000.00

[2026-07-30 18:01] O:7485.25 H:7488.25 L:7485.25 C:7488.25 V:254.0
  📈 Trend: strong_bullish | 🌍 Regime: ranging
  🗺️  Grid: 0.080% | 🔺 7487.00 🔻 7484.50
  📡 RSI: 84.4 | MACD: 1.88 | ATR: 1.29
  📊 Filled: 0 | Pending: 0
  🕐 Outside session (18:01 CT) — no entries
  💰 Daily P&L: $-4,000.00

[2026-07-30 18:02] O:7488.00 H:7488.50 L:7486.75 C:7487.50 V:145.0
  📈 Trend: strong_bullish | 🌍 Regime: ranging
  🗺️  Grid: 0.080% | 🔺 7488.25 🔻 7485.25
  📡 RSI: 79.4 | MACD: 1.97 | ATR: 1.38
  📊 Filled: 0 | Pending: 0
  🕐 Outside session (18:02 CT) — no entries
  💰 Daily P&L: $-4,000.00

[2026-07-30 18:03] O:7487.50 H:7489.25 L:7487.00 C:7489.00 V:221.0
  📈 Trend: strong_bullish | 🌍 Regime: ranging
  🗺️  Grid: 0.080% | 🔺 7488.50 🔻 7486.75
  📡 RSI: 82.1 | MACD: 2.14 | ATR: 1.48
  📊 Filled: 0 | Pending: 0
  🕐 Outside session (18:03 CT) — no entries
  💰 Daily P&L: $-4,000.00

[2026-07-30 18:04] O:7489.00 H:7489.00 L:7488.50 C:7488.75 V:111.0
  📈 Trend: strong_bullish | 🌍 Regime: ranging
  🗺️  Grid: 0.080% | 🔺 7489.25 🔻 7487.00
  📡 RSI: 80.0 | MACD: 2.23 | ATR: 1.45
  📊 Filled: 0 | Pending: 0
  🕐 Outside session (18:04 CT) — no entries
  💰 Daily P&L: $-4,000.00

[2026-07-30 18:05] O:7488.50 H:7489.25 L:7488.50 C:7488.50 V:108.0
  📈 Trend: strong_bullish | 🌍 Regime: ranging
  🗺️  Grid: 0.080% | 🔺 7489.00 🔻 7488.50
  📡 RSI: 78.0 | MACD: 2.25 | ATR: 1.38
  📊 Filled: 0 | Pending: 0
  🕐 Outside session (18:05 CT) — no entries
  💰 Daily P&L: $-4,000.00

[2026-07-30 18:06] O:7488.75 H:7488.75 L:7488.00 C:7488.25 V:163.0
  📈 Trend: strong_bullish | 🌍 Regime: ranging
  🗺️  Grid: 0.080% | 🔺 7489.25 🔻 7488.50
  📡 RSI: 75.0 | MACD: 2.22 | ATR: 1.38
  📊 Filled: 0 | Pending: 0
  🕐 Outside session (18:06 CT) — no entries
  💰 Daily P&L: $-4,000.00

[2026-07-30 18:07] O:7488.00 H:7488.25 L:7487.50 C:7488.00 V:73.0
  📈 Trend: strong_bullish | 🌍 Regime: ranging
  🗺️  Grid: 0.080% | 🔺 7488.75 🔻 7488.00
  📡 RSI: 71.1 | MACD: 2.16 | ATR: 1.36
  📊 Filled: 0 | Pending: 0
  🕐 Outside session (18:07 CT) — no entries
  💰 Daily P&L: $-4,000.00

[2026-07-30 18:08] O:7487.75 H:7487.75 L:7486.75 C:7486.75 V:109.0
  📈 Trend: strong_bullish | 🌍 Regime: ranging
  🗺️  Grid: 0.080% | 🔺 7488.25 🔻 7487.50
  📡 RSI: 62.8 | MACD: 1.98 | ATR: 1.36
  📊 Filled: 0 | Pending: 0
  🕐 Outside session (18:08 CT) — no entries
  💰 Daily P&L: $-4,000.00

[2026-07-30 18:09] O:7486.75 H:7487.25 L:7484.75 C:7484.75 V:169.0
  📈 Trend: strong_bullish | 🌍 Regime: ranging
  🗺️  Grid: 0.080% | 🔺 7487.75 🔻 7486.75
  📡 RSI: 48.9 | MACD: 1.66 | ATR: 1.43
  📊 Filled: 0 | Pending: 0
  🕐 Outside session (18:09 CT) — no entries
  💰 Daily P&L: $-4,000.00

[2026-07-30 18:10] O:7485.00 H:7485.25 L:7483.25 C:7483.50 V:175.0
  📈 Trend: strong_bullish | 🌍 Regime: ranging
  🗺️  Grid: 0.080% | 🔺 7487.25 🔻 7484.75
  📡 RSI: 44.2 | MACD: 1.29 | ATR: 1.52
  📊 Filled: 0 | Pending: 0
  🕐 Outside session (18:10 CT) — no entries
  💰 Daily P&L: $-4,000.00

[2026-07-30 18:11] O:7483.50 H:7483.75 L:7482.50 C:7483.25 V:148.0
  📈 Trend: strong_bullish (raw: moderate_bullish) | 🌍 Regime: ranging
  🗺️  Grid: 0.080% | 🔺 7485.25 🔻 7483.25
  📡 RSI: 46.0 | MACD: 0.97 | ATR: 1.54
  📊 Filled: 0 | Pending: 0
  🕐 Outside session (18:11 CT) — no entries
  💰 Daily P&L: $-4,000.00

[2026-07-30 18:12] O:7483.00 H:7483.75 L:7482.50 C:7482.50 V:110.0
  📈 Trend: moderate_bullish | 🌍 Regime: ranging
  🗺️  Grid: 0.080% | 🔺 7483.75 🔻 7482.50
  📡 RSI: 41.2 | MACD: 0.64 | ATR: 1.55
  📊 Filled: 0 | Pending: 0
  🕐 Outside session (18:12 CT) — no entries
  💰 Daily P&L: $-4,000.00

[2026-07-30 18:13] O:7482.75 H:7483.25 L:7482.25 C:7483.25 V:131.0
  📈 Trend: moderate_bullish | 🌍 Regime: ranging
  🗺️  Grid: 0.080% | 🔺 7483.75 🔻 7482.50
  📡 RSI: 45.3 | MACD: 0.44 | ATR: 1.55
  📊 Filled: 0 | Pending: 0
  🕐 Outside session (18:13 CT) — no entries
  💰 Daily P&L: $-4,000.00

[2026-07-30 18:14] O:7483.00 H:7483.25 L:7482.75 C:7483.00 V:42.0
  📈 Trend: moderate_bullish | 🌍 Regime: ranging
  🗺️  Grid: 0.080% | 🔺 7483.25 🔻 7482.25
  📡 RSI: 42.3 | MACD: 0.26 | ATR: 1.41
  📊 Filled: 0 | Pending: 0
  🕐 Outside session (18:14 CT) — no entries
  💰 Daily P&L: $-4,000.00

[2026-07-30 18:15] O:7482.75 H:7483.25 L:7482.75 C:7483.00 V:47.0
  📈 Trend: moderate_bullish | 🌍 Regime: ranging
  🗺️  Grid: 0.080% | 🔺 7483.25 🔻 7482.75
  📡 RSI: 23.1 | MACD: 0.11 | ATR: 1.21
  📊 Filled: 0 | Pending: 0
  🕐 Outside session (18:15 CT) — no entries
  💰 Daily P&L: $-4,000.00

[2026-07-30 18:16] O:7483.00 H:7483.00 L:7482.00 C:7482.00 V:91.0
  📈 Trend: moderate_bullish | 🌍 Regime: ranging
  🗺️  Grid: 0.080% | 🔺 7483.25 🔻 7482.75
  📡 RSI: 22.5 | MACD: -0.08 | ATR: 1.16
  📊 Filled: 0 | Pending: 0
  🕐 Outside session (18:16 CT) — no entries
  💰 Daily P&L: $-4,000.00

[2026-07-30 18:17] O:7482.00 H:7482.25 L:7481.00 C:7481.75 V:113.0
  📈 Trend: moderate_bullish | 🌍 Regime: ranging
  🗺️  Grid: 0.080% | 🔺 7483.00 🔻 7482.00
  📡 RSI: 8.6 | MACD: -0.26 | ATR: 1.09
  📊 Filled: 0 | Pending: 0
  🕐 Outside session (18:17 CT) — no entries
  💰 Daily P&L: $-4,000.00

[2026-07-30 18:18] O:7481.75 H:7482.50 L:7481.25 C:7482.25 V:54.0
  📈 Trend: moderate_bullish | 🌍 Regime: ranging
  🗺️  Grid: 0.080% | 🔺 7482.25 🔻 7481.00
  📡 RSI: 13.9 | MACD: -0.35 | ATR: 1.14
  📊 Filled: 0 | Pending: 0
  🕐 Outside session (18:18 CT) — no entries
  💰 Daily P&L: $-4,000.00

[2026-07-30 18:19] O:7482.25 H:7482.50 L:7482.00 C:7482.00 V:54.0
  📈 Trend: moderate_bullish | 🌍 Regime: ranging
  🗺️  Grid: 0.080% | 🔺 7482.50 🔻 7481.25
  📡 RSI: 13.9 | MACD: -0.44 | ATR: 1.12
  📊 Filled: 0 | Pending: 0
  🕐 Outside session (18:19 CT) — no entries
  💰 Daily P&L: $-4,000.00

[2026-07-30 18:20] O:7481.75 H:7482.00 L:7481.50 C:7481.75 V:55.0
  📈 Trend: moderate_bullish | 🌍 Regime: ranging
  🗺️  Grid: 0.080% | 🔺 7482.50 🔻 7482.00
  📡 RSI: 13.9 | MACD: -0.52 | ATR: 1.11
  📊 Filled: 0 | Pending: 0
  🕐 Outside session (18:20 CT) — no entries
  💰 Daily P&L: $-4,000.00

[2026-07-30 18:21] O:7481.75 H:7482.00 L:7480.25 C:7480.75 V:95.0
  📈 Trend: moderate_bullish | 🌍 Regime: ranging
  🗺️  Grid: 0.080% | 🔺 7482.00 🔻 7481.50
  📡 RSI: 12.8 | MACD: -0.66 | ATR: 1.18
  📊 Filled: 0 | Pending: 0
  🕐 Outside session (18:21 CT) — no entries
  💰 Daily P&L: $-4,000.00

[2026-07-30 18:22] O:7480.75 H:7481.50 L:7480.75 C:7481.50 V:71.0
  📈 Trend: moderate_bullish | 🌍 Regime: ranging
  🗺️  Grid: 0.080% | 🔺 7482.00 🔻 7480.25
  📡 RSI: 21.6 | MACD: -0.70 | ATR: 1.14
  📊 Filled: 0 | Pending: 0
  🕐 Outside session (18:22 CT) — no entries
  💰 Daily P&L: $-4,000.00

[2026-07-30 18:23] O:7481.50 H:7481.50 L:7480.75 C:7481.00 V:49.0
  📈 Trend: moderate_bullish | 🌍 Regime: ranging
  🗺️  Grid: 0.080% | 🔺 7481.50 🔻 7480.75
  📡 RSI: 25.8 | MACD: -0.77 | ATR: 1.02
  📊 Filled: 0 | Pending: 0
  🕐 Outside session (18:23 CT) — no entries
  💰 Daily P&L: $-4,000.00

[2026-07-30 18:24] O:7481.00 H:7481.00 L:7480.75 C:7480.75 V:47.0
  📈 Trend: moderate_bullish | 🌍 Regime: ranging
  🗺️  Grid: 0.080% | 🔺 7481.50 🔻 7480.75
  📡 RSI: 29.6 | MACD: -0.83 | ATR: 0.89
  📊 Filled: 0 | Pending: 0
  🕐 Outside session (18:24 CT) — no entries
  💰 Daily P&L: $-4,000.00

[2026-07-30 18:25] O:7480.75 H:7484.00 L:7480.75 C:7482.75 V:138.0
  📈 Trend: moderate_bullish (raw: strong_bearish) | 🌍 Regime: ranging
  🗺️  Grid: 0.080% | 🔺 7481.00 🔻 7480.75
  📡 RSI: 47.1 | MACD: -0.71 | ATR: 1.04
  📊 Filled: 0 | Pending: 0
  🕐 Outside session (18:25 CT) — no entries
  💰 Daily P&L: $-4,000.00

[2026-07-30 18:26] O:7482.75 H:7483.75 L:7482.25 C:7483.00 V:114.0
  📈 Trend: strong_bearish | 🌍 Regime: ranging
  🗺️  Grid: 0.080% | 🔺 7484.00 🔻 7480.75
  📡 RSI: 53.1 | MACD: -0.59 | ATR: 1.05
  📊 Filled: 0 | Pending: 0
  🕐 Outside session (18:26 CT) — no entries
  💰 Daily P&L: $-4,000.00

[2026-07-30 18:27] O:7482.75 H:7483.25 L:7482.75 C:7483.00 V:22.0
  📈 Trend: strong_bearish (raw: moderate_bearish) | 🌍 Regime: ranging
  🗺️  Grid: 0.080% | 🔺 7483.75 🔻 7482.25
  📡 RSI: 48.3 | MACD: -0.48 | ATR: 1.02
  📊 Filled: 0 | Pending: 0
  🕐 Outside session (18:27 CT) — no entries
  💰 Daily P&L: $-4,000.00

[2026-07-30 18:28] O:7482.75 H:7483.00 L:7482.75 C:7482.75 V:37.0
  📈 Trend: moderate_bearish | 🌍 Regime: ranging
  🗺️  Grid: 0.080% | 🔺 7483.25 🔻 7482.75
  📡 RSI: 48.3 | MACD: -0.42 | ATR: 1.00
  📊 Filled: 0 | Pending: 0
  🕐 Outside session (18:28 CT) — no entries
  💰 Daily P&L: $-4,000.00

[2026-07-30 18:29] O:7482.75 H:7483.50 L:7482.00 C:7482.75 V:29.0
  📈 Trend: moderate_bearish | 🌍 Regime: ranging
  🗺️  Grid: 0.080% | 🔺 7483.00 🔻 7482.75
  📡 RSI: 48.3 | MACD: -0.36 | ATR: 1.07
  📊 Filled: 0 | Pending: 0
  🕐 Outside session (18:29 CT) — no entries
  💰 Daily P&L: $-4,000.00

[2026-07-30 18:30] O:7482.75 H:7482.75 L:7482.00 C:7482.25 V:52.0
  📈 Trend: moderate_bearish | 🌍 Regime: ranging
  🗺️  Grid: 0.080% | 🔺 7483.50 🔻 7482.00
  📡 RSI: 51.9 | MACD: -0.35 | ATR: 1.05
  📊 Filled: 0 | Pending: 0
  🕐 Outside session (18:30 CT) — no entries
  💰 Daily P&L: $-4,000.00

[2026-07-30 18:31] O:7482.50 H:7484.00 L:7482.50 C:7483.25 V:91.0
  📈 Trend: moderate_bearish (raw: moderate_bullish) | 🌍 Regime: ranging
  🗺️  Grid: 0.080% | 🔺 7482.75 🔻 7482.00
  📡 RSI: 60.0 | MACD: -0.26 | ATR: 1.09
  📊 Filled: 0 | Pending: 0
  🕐 Outside session (18:31 CT) — no entries
  💰 Daily P&L: $-4,000.00

[2026-07-30 18:32] O:7483.25 H:7485.25 L:7482.50 C:7485.25 V:123.0
  📈 Trend: moderate_bullish | 🌍 Regime: ranging
  🗺️  Grid: 0.080% | 🔺 7484.00 🔻 7482.50
  📡 RSI: 66.7 | MACD: -0.03 | ATR: 1.20
  📊 Filled: 0 | Pending: 0
  🕐 Outside session (18:32 CT) — no entries
  💰 Daily P&L: $-4,000.00

[2026-07-30 18:33] O:7485.00 H:7485.25 L:7483.50 C:7485.25 V:93.0
  📈 Trend: moderate_bullish (raw: strong_bullish) | 🌍 Regime: ranging
  🗺️  Grid: 0.080% | 🔺 7485.25 🔻 7482.50
  📡 RSI: 68.6 | MACD: 0.15 | ATR: 1.29
  📊 Filled: 0 | Pending: 0
  🕐 Outside session (18:33 CT) — no entries
  💰 Daily P&L: $-4,000.00

[2026-07-30 18:34] O:7485.25 H:7485.25 L:7484.00 C:7484.25 V:60.0
  📈 Trend: strong_bullish | 🌍 Regime: ranging
  🗺️  Grid: 0.080% | 🔺 7485.25 🔻 7483.50
  📡 RSI: 63.2 | MACD: 0.22 | ATR: 1.34
  📊 Filled: 0 | Pending: 0
  🕐 Outside session (18:34 CT) — no entries
  💰 Daily P&L: $-4,000.00

[2026-07-30 18:35] O:7484.00 H:7484.25 L:7483.50 C:7484.25 V:50.0
  📈 Trend: strong_bullish | 🌍 Regime: ranging
  🗺️  Grid: 0.080% | 🔺 7485.25 🔻 7484.00
  📡 RSI: 70.6 | MACD: 0.26 | ATR: 1.27
  📊 Filled: 0 | Pending: 0
  🕐 Outside session (18:35 CT) — no entries
  💰 Daily P&L: $-4,000.00

[2026-07-30 18:36] O:7484.25 H:7484.50 L:7484.00 C:7484.50 V:20.0
  📈 Trend: strong_bullish | 🌍 Regime: ranging
  🗺️  Grid: 0.080% | 🔺 7484.25 🔻 7483.50
  📡 RSI: 68.8 | MACD: 0.31 | ATR: 1.25
  📊 Filled: 0 | Pending: 0
  🕐 Outside session (18:36 CT) — no entries
  💰 Daily P&L: $-4,000.00

[2026-07-30 18:37] O:7484.50 H:7484.50 L:7483.50 C:7484.00 V:61.0
  📈 Trend: strong_bullish | 🌍 Regime: ranging
  🗺️  Grid: 0.080% | 🔺 7484.50 🔻 7484.00
  📡 RSI: 68.8 | MACD: 0.31 | ATR: 1.27
  📊 Filled: 0 | Pending: 0
  🕐 Outside session (18:37 CT) — no entries
  💰 Daily P&L: $-4,000.00

[2026-07-30 18:38] O:7484.00 H:7485.00 L:7483.00 C:7484.00 V:77.0
  📈 Trend: strong_bullish | 🌍 Regime: ranging
  🗺️  Grid: 0.080% | 🔺 7484.50 🔻 7483.50
  📡 RSI: 71.0 | MACD: 0.31 | ATR: 1.39
  📊 Filled: 0 | Pending: 0
  🕐 Outside session (18:38 CT) — no entries
  💰 Daily P&L: $-4,000.00

[2026-07-30 18:39] O:7484.00 H:7486.50 L:7483.75 C:7485.75 V:93.0
  📈 Trend: strong_bullish | 🌍 Regime: ranging
  🗺️  Grid: 0.080% | 🔺 7485.00 🔻 7483.00
  📡 RSI: 70.0 | MACD: 0.44 | ATR: 1.36
  📊 Filled: 0 | Pending: 0
  🕐 Outside session (18:39 CT) — no entries
  💰 Daily P&L: $-4,000.00

[2026-07-30 18:40] O:7485.50 H:7486.50 L:7485.50 C:7485.75 V:93.0
  📈 Trend: strong_bullish | 🌍 Regime: ranging
  🗺️  Grid: 0.080% | 🔺 7486.50 🔻 7483.75
  📡 RSI: 69.0 | MACD: 0.54 | ATR: 1.32
  📊 Filled: 0 | Pending: 0
  🕐 Outside session (18:40 CT) — no entries
  💰 Daily P&L: $-4,000.00

[2026-07-30 18:41] O:7485.50 H:7487.50 L:7485.50 C:7487.00 V:145.0
  📈 Trend: strong_bullish | 🌍 Regime: ranging
  🗺️  Grid: 0.080% | 🔺 7486.50 🔻 7485.50
  📡 RSI: 73.5 | MACD: 0.71 | ATR: 1.43
  📊 Filled: 0 | Pending: 0
  🕐 Outside session (18:41 CT) — no entries
  💰 Daily P&L: $-4,000.00

[2026-07-30 18:42] O:7487.00 H:7487.50 L:7486.00 C:7486.00 V:90.0
  📈 Trend: strong_bullish | 🌍 Regime: ranging
  🗺️  Grid: 0.080% | 🔺 7487.50 🔻 7485.50
  📡 RSI: 67.6 | MACD: 0.76 | ATR: 1.52
  📊 Filled: 0 | Pending: 0
  🕐 Outside session (18:42 CT) — no entries
  💰 Daily P&L: $-4,000.00

[2026-07-30 18:43] O:7485.75 H:7487.25 L:7485.50 C:7487.25 V:175.0
  📈 Trend: strong_bullish | 🌍 Regime: ranging
  🗺️  Grid: 0.080% | 🔺 7487.50 🔻 7486.00
  📡 RSI: 71.4 | MACD: 0.88 | ATR: 1.54
  📊 Filled: 0 | Pending: 0
  🕐 Outside session (18:43 CT) — no entries
  💰 Daily P&L: $-4,000.00

[2026-07-30 18:44] O:7487.00 H:7487.75 L:7486.75 C:7487.75 V:142.0
  📈 Trend: strong_bullish | 🌍 Regime: ranging
  🗺️  Grid: 0.080% | 🔺 7487.25 🔻 7485.50
  📡 RSI: 76.2 | MACD: 1.01 | ATR: 1.55
  📊 Filled: 0 | Pending: 0
  🕐 Outside session (18:44 CT) — no entries
  💰 Daily P&L: $-4,000.00

[2026-07-30 18:45] O:7487.75 H:7488.75 L:7486.00 C:7488.75 V:257.0
  📈 Trend: strong_bullish | 🌍 Regime: ranging
  🗺️  Grid: 0.080% | 🔺 7487.75 🔻 7486.75
  📡 RSI: 76.2 | MACD: 1.18 | ATR: 1.62
  📊 Filled: 0 | Pending: 0
  🕐 Outside session (18:45 CT) — no entries
  💰 Daily P&L: $-4,000.00

[2026-07-30 18:46] O:7488.50 H:7489.50 L:7487.75 C:7488.50 V:180.0
  📈 Trend: strong_bullish | 🌍 Regime: ranging
  🗺️  Grid: 0.080% | 🔺 7488.75 🔻 7486.00
  📡 RSI: 68.6 | MACD: 1.28 | ATR: 1.55
  📊 Filled: 0 | Pending: 0
  🕐 Outside session (18:46 CT) — no entries
  💰 Daily P&L: $-4,000.00

[2026-07-30 18:47] O:7488.75 H:7490.50 L:7488.50 C:7488.50 V:188.0
  📈 Trend: strong_bullish | 🌍 Regime: ranging
  🗺️  Grid: 0.080% | 🔺 7489.50 🔻 7487.75
  📡 RSI: 68.6 | MACD: 1.34 | ATR: 1.57
  📊 Filled: 0 | Pending: 0
  🕐 Outside session (18:47 CT) — no entries
  💰 Daily P&L: $-4,000.00

[2026-07-30 18:48] O:7488.50 H:7489.50 L:7488.50 C:7489.25 V:135.0
  📈 Trend: strong_bullish | 🌍 Regime: ranging
  🗺️  Grid: 0.080% | 🔺 7490.50 🔻 7488.50
  📡 RSI: 79.4 | MACD: 1.44 | ATR: 1.55
  📊 Filled: 0 | Pending: 0
  🕐 Outside session (18:48 CT) — no entries
  💰 Daily P&L: $-4,000.00

[2026-07-30 18:49] O:7489.25 H:7490.00 L:7489.25 C:7489.75 V:119.0
  📈 Trend: strong_bullish | 🌍 Regime: ranging
  🗺️  Grid: 0.080% | 🔺 7489.50 🔻 7488.50
  📡 RSI: 80.6 | MACD: 1.54 | ATR: 1.55
  📊 Filled: 0 | Pending: 0
  🕐 Outside session (18:49 CT) — no entries
  💰 Daily P&L: $-4,000.00

[2026-07-30 18:50] O:7489.50 H:7489.50 L:7485.50 C:7485.50 V:279.0
  📈 Trend: strong_bullish | 🌍 Regime: ranging
  🗺️  Grid: 0.080% | 🔺 7490.00 🔻 7489.25
  📡 RSI: 53.8 | MACD: 1.26 | ATR: 1.82
  📊 Filled: 0 | Pending: 0
  🕐 Outside session (18:50 CT) — no entries
  💰 Daily P&L: $-4,000.00

[2026-07-30 18:51] O:7485.50 H:7489.00 L:7485.00 C:7489.00 V:187.0
  📈 Trend: strong_bullish | 🌍 Regime: ranging
  🗺️  Grid: 0.080% | 🔺 7489.50 🔻 7485.50
  📡 RSI: 65.6 | MACD: 1.30 | ATR: 2.04
  📊 Filled: 0 | Pending: 0
  🕐 Outside session (18:51 CT) — no entries
  💰 Daily P&L: $-4,000.00

[2026-07-30 18:52] O:7489.00 H:7490.75 L:7488.75 C:7490.00 V:202.0
  📈 Trend: strong_bullish | 🌍 Regime: ranging
  🗺️  Grid: 0.080% | 🔺 7489.00 🔻 7485.00
  📡 RSI: 67.6 | MACD: 1.40 | ATR: 2.04
  📊 Filled: 0 | Pending: 0
  🕐 Outside session (18:52 CT) — no entries
  💰 Daily P&L: $-4,000.00

[2026-07-30 18:53] O:7490.00 H:7490.25 L:7489.25 C:7489.50 V:113.0
  📈 Trend: strong_bullish | 🌍 Regime: ranging
  🗺️  Grid: 0.080% | 🔺 7490.75 🔻 7488.75
  📡 RSI: 61.9 | MACD: 1.42 | ATR: 1.91
  📊 Filled: 0 | Pending: 0
  🕐 Outside session (18:53 CT) — no entries
  💰 Daily P&L: $-4,000.00

[2026-07-30 18:54] O:7489.50 H:7490.00 L:7489.00 C:7490.00 V:87.0
  📈 Trend: strong_bullish | 🌍 Regime: ranging
  🗺️  Grid: 0.080% | 🔺 7490.25 🔻 7489.25
  📡 RSI: 63.1 | MACD: 1.47 | ATR: 1.91
  📊 Filled: 0 | Pending: 0
  🕐 Outside session (18:54 CT) — no entries
  💰 Daily P&L: $-4,000.00

[2026-07-30 18:55] O:7490.00 H:7491.50 L:7490.00 C:7491.00 V:126.0
  📈 Trend: strong_bullish | 🌍 Regime: ranging
  🗺️  Grid: 0.080% | 🔺 7490.00 🔻 7489.00
  📡 RSI: 62.5 | MACD: 1.56 | ATR: 1.88
  📊 Filled: 0 | Pending: 0
  🕐 Outside session (18:55 CT) — no entries
  💰 Daily P&L: $-4,000.00

[2026-07-30 18:56] O:7491.00 H:7491.50 L:7490.50 C:7491.50 V:126.0
  📈 Trend: strong_bullish | 🌍 Regime: ranging
  🗺️  Grid: 0.080% | 🔺 7491.50 🔻 7490.00
  📡 RSI: 67.7 | MACD: 1.66 | ATR: 1.84
  📊 Filled: 0 | Pending: 0
  🕐 Outside session (18:56 CT) — no entries
  💰 Daily P&L: $-4,000.00

[2026-07-30 18:57] O:7491.25 H:7491.25 L:7490.50 C:7490.75 V:78.0
  📈 Trend: strong_bullish | 🌍 Regime: ranging
  🗺️  Grid: 0.080% | 🔺 7491.50 🔻 7490.50
  📡 RSI: 61.7 | MACD: 1.66 | ATR: 1.79
  📊 Filled: 0 | Pending: 0
  🕐 Outside session (18:57 CT) — no entries
  💰 Daily P&L: $-4,000.00

[2026-07-30 18:58] O:7490.75 H:7490.75 L:7488.50 C:7489.00 V:122.0
  📈 Trend: strong_bullish | 🌍 Regime: ranging
  🗺️  Grid: 0.080% | 🔺 7491.25 🔻 7490.50
  📡 RSI: 53.8 | MACD: 1.49 | ATR: 1.88
  📊 Filled: 0 | Pending: 0
  🕐 Outside session (18:58 CT) — no entries
  💰 Daily P&L: $-4,000.00

[2026-07-30 18:59] O:7488.50 H:7489.25 L:7487.75 C:7487.75 V:126.0
  📈 Trend: strong_bullish | 🌍 Regime: ranging
  🗺️  Grid: 0.080% | 🔺 7490.75 🔻 7488.50
  📡 RSI: 47.0 | MACD: 1.25 | ATR: 1.79
  📊 Filled: 0 | Pending: 0
  🕐 Outside session (18:59 CT) — no entries
  💰 Daily P&L: $-4,000.00

📅 New trading day. Previous day P&L: $-4,000.00

[2026-07-30 19:00] O:7487.75 H:7488.50 L:7486.50 C:7487.50 V:470.0
  📈 Trend: strong_bullish | 🌍 Regime: ranging
  🗺️  Grid: 0.080% | 🔺 7489.25 🔻 7487.75
  📡 RSI: 47.0 | MACD: 1.03 | ATR: 1.80
  📊 Filled: 0 | Pending: 0
  🕐 Outside session (19:00 CT) — no entries
  💰 Daily P&L: $+0.00

[2026-07-30 19:01] O:7487.50 H:7488.00 L:7486.00 C:7486.75 V:328.0
  📈 Trend: strong_bullish | 🌍 Regime: ranging
  🗺️  Grid: 0.080% | 🔺 7488.50 🔻 7486.50
  📡 RSI: 44.9 | MACD: 0.78 | ATR: 1.80
  📊 Filled: 0 | Pending: 0
  🕐 Outside session (19:01 CT) — no entries
  💰 Daily P&L: $+0.00

[2026-07-30 19:02] O:7486.50 H:7487.25 L:7484.75 C:7486.00 V:441.0
  📈 Trend: strong_bullish (raw: moderate_bullish) | 🌍 Regime: ranging
  🗺️  Grid: 0.080% | 🔺 7488.00 🔻 7486.00
  📡 RSI: 40.6 | MACD: 0.52 | ATR: 1.91
  📊 Filled: 0 | Pending: 0
  🕐 Outside session (19:02 CT) — no entries
  💰 Daily P&L: $+0.00

[2026-07-30 19:03] O:7486.00 H:7490.25 L:7485.75 C:7489.00 V:573.0
  📈 Trend: strong_bullish | 🌍 Regime: ranging
  🗺️  Grid: 0.080% | 🔺 7487.25 🔻 7484.75
  📡 RSI: 48.1 | MACD: 0.55 | ATR: 2.18
  📊 Filled: 0 | Pending: 0
  🕐 Outside session (19:03 CT) — no entries
  💰 Daily P&L: $+0.00

[2026-07-30 19:04] O:7489.50 H:7490.50 L:7488.75 C:7489.00 V:180.0
  📈 Trend: strong_bullish | 🌍 Regime: ranging
  🗺️  Grid: 0.080% | 🔺 7490.25 🔻 7485.75
  📡 RSI: 61.3 | MACD: 0.56 | ATR: 2.00
  📊 Filled: 0 | Pending: 0
  🕐 Outside session (19:04 CT) — no entries
  💰 Daily P&L: $+0.00

[2026-07-30 19:05] O:7489.50 H:7491.00 L:7489.00 C:7490.50 V:129.0
  📈 Trend: strong_bullish | 🌍 Regime: ranging
  🗺️  Grid: 0.080% | 🔺 7490.50 🔻 7488.75
  📡 RSI: 55.6 | MACD: 0.69 | ATR: 1.86
  📊 Filled: 0 | Pending: 0
  🕐 Outside session (19:05 CT) — no entries
  💰 Daily P&L: $+0.00

[2026-07-30 19:06] O:7491.00 H:7493.50 L:7490.25 C:7490.75 V:584.0
  📈 Trend: strong_bullish | 🌍 Regime: ranging
  🗺️  Grid: 0.080% | 🔺 7491.00 🔻 7489.00
  📡 RSI: 52.9 | MACD: 0.80 | ATR: 1.95
  📊 Filled: 0 | Pending: 0
  🕐 Outside session (19:06 CT) — no entries
  💰 Daily P&L: $+0.00

[2026-07-30 19:07] O:7490.50 H:7491.75 L:7490.50 C:7491.75 V:187.0
  📈 Trend: strong_bullish | 🌍 Regime: ranging
  🗺️  Grid: 0.080% | 🔺 7493.50 🔻 7490.25
  📡 RSI: 58.5 | MACD: 0.95 | ATR: 1.96
  📊 Filled: 0 | Pending: 0
  🕐 Outside session (19:07 CT) — no entries
  💰 Daily P&L: $+0.00

[2026-07-30 19:08] O:7491.75 H:7493.00 L:7491.00 C:7491.75 V:195.0
  📈 Trend: strong_bullish | 🌍 Regime: ranging
  🗺️  Grid: 0.080% | 🔺 7491.75 🔻 7490.50
  📡 RSI: 56.9 | MACD: 1.07 | ATR: 2.04
  📊 Filled: 0 | Pending: 0
  🕐 Outside session (19:08 CT) — no entries
  💰 Daily P&L: $+0.00

[2026-07-30 19:09] O:7491.75 H:7493.75 L:7491.75 C:7491.75 V:167.0
  📈 Trend: strong_bullish | 🌍 Regime: ranging
  🗺️  Grid: 0.080% | 🔺 7493.00 🔻 7491.00
  📡 RSI: 53.2 | MACD: 1.14 | ATR: 2.07
  📊 Filled: 0 | Pending: 0
  🕐 Outside session (19:09 CT) — no entries
  💰 Daily P&L: $+0.00

[2026-07-30 19:10] O:7491.75 H:7492.25 L:7490.50 C:7491.25 V:164.0
  📈 Trend: strong_bullish | 🌍 Regime: ranging
  🗺️  Grid: 0.080% | 🔺 7493.75 🔻 7491.75
  📡 RSI: 48.9 | MACD: 1.15 | ATR: 2.12
  📊 Filled: 0 | Pending: 0
  🕐 Outside session (19:10 CT) — no entries
  💰 Daily P&L: $+0.00

[2026-07-30 19:11] O:7491.25 H:7492.50 L:7491.00 C:7492.25 V:322.0
  📈 Trend: strong_bullish | 🌍 Regime: ranging
  🗺️  Grid: 0.080% | 🔺 7492.25 🔻 7490.50
  📡 RSI: 56.2 | MACD: 1.22 | ATR: 2.16
  📊 Filled: 0 | Pending: 0
  🕐 Outside session (19:11 CT) — no entries
  💰 Daily P&L: $+0.00

[2026-07-30 19:12] O:7492.00 H:7492.50 L:7491.00 C:7492.00 V:196.0
  📈 Trend: strong_bullish | 🌍 Regime: ranging
  🗺️  Grid: 0.080% | 🔺 7492.50 🔻 7491.00
  📡 RSI: 64.3 | MACD: 1.24 | ATR: 2.11
  📊 Filled: 0 | Pending: 0
  🕐 Outside session (19:12 CT) — no entries
  💰 Daily P&L: $+0.00

[2026-07-30 19:13] O:7491.75 H:7493.50 L:7491.75 C:7493.25 V:209.0
  📈 Trend: strong_bullish | 🌍 Regime: ranging
  🗺️  Grid: 0.080% | 🔺 7492.50 🔻 7491.00
  📡 RSI: 76.2 | MACD: 1.35 | ATR: 2.12
  📊 Filled: 0 | Pending: 0
  🕐 Outside session (19:13 CT) — no entries
  💰 Daily P&L: $+0.00

[2026-07-30 19:14] O:7493.50 H:7496.50 L:7493.50 C:7495.75 V:482.0
  📈 Trend: strong_bullish | 🌍 Regime: ranging
  🗺️  Grid: 0.080% | 🔺 7493.50 🔻 7491.75
  📡 RSI: 82.4 | MACD: 1.61 | ATR: 2.21
  📊 Filled: 0 | Pending: 0
  🕐 Outside session (19:14 CT) — no entries
  💰 Daily P&L: $+0.00

[2026-07-30 19:15] O:7495.50 H:7497.75 L:7495.50 C:7496.75 V:789.0
  📈 Trend: strong_bullish | 🌍 Regime: ranging
  🗺️  Grid: 0.080% | 🔺 7496.50 🔻 7493.50
  📡 RSI: 88.5 | MACD: 1.88 | ATR: 2.23
  📊 Filled: 0 | Pending: 0
  🕐 Outside session (19:15 CT) — no entries
  💰 Daily P&L: $+0.00

[2026-07-30 19:16] O:7496.75 H:7496.75 L:7493.50 C:7494.25 V:506.0
  📈 Trend: strong_bullish | 🌍 Regime: ranging
  🗺️  Grid: 0.080% | 🔺 7497.75 🔻 7495.50
  📡 RSI: 78.0 | MACD: 1.87 | ATR: 2.29
  📊 Filled: 0 | Pending: 0
  🕐 Outside session (19:16 CT) — no entries
  💰 Daily P&L: $+0.00

[2026-07-30 19:17] O:7494.25 H:7494.50 L:7493.25 C:7493.25 V:158.0
  📈 Trend: strong_bullish | 🌍 Regime: ranging
  🗺️  Grid: 0.080% | 🔺 7496.75 🔻 7493.50
  📡 RSI: 66.7 | MACD: 1.76 | ATR: 2.05
  📊 Filled: 0 | Pending: 0
  🕐 Outside session (19:17 CT) — no entries
  💰 Daily P&L: $+0.00

[2026-07-30 19:18] O:7493.25 H:7494.75 L:7493.00 C:7494.50 V:130.0
  📈 Trend: strong_bullish | 🌍 Regime: ranging
  🗺️  Grid: 0.080% | 🔺 7494.50 🔻 7493.25
  📡 RSI: 69.6 | MACD: 1.76 | ATR: 2.05
  📊 Filled: 0 | Pending: 0
  🕐 Outside session (19:18 CT) — no entries
  💰 Daily P&L: $+0.00

[2026-07-30 19:19] O:7494.50 H:7497.25 L:7494.50 C:7497.00 V:156.0
  📈 Trend: strong_bullish | 🌍 Regime: ranging
  🗺️  Grid: 0.080% | 🔺 7494.75 🔻 7493.00
  📡 RSI: 71.7 | MACD: 1.93 | ATR: 2.11
  📊 Filled: 0 | Pending: 0
  🕐 Outside session (19:19 CT) — no entries
  💰 Daily P&L: $+0.00

[2026-07-30 19:20] O:7497.00 H:7498.00 L:7496.00 C:7497.25 V:267.0
  📈 Trend: strong_bullish | 🌍 Regime: ranging
  🗺️  Grid: 0.080% | 🔺 7497.25 🔻 7494.50
  📡 RSI: 71.7 | MACD: 2.06 | ATR: 2.02
  📊 Filled: 0 | Pending: 0
  🕐 Outside session (19:20 CT) — no entries
  💰 Daily P&L: $+0.00

[2026-07-30 19:21] O:7497.25 H:7497.50 L:7493.75 C:7493.75 V:198.0
  📈 Trend: strong_bullish | 🌍 Regime: ranging
  🗺️  Grid: 0.080% | 🔺 7498.00 🔻 7496.00
  📡 RSI: 55.7 | MACD: 1.87 | ATR: 2.20
  📊 Filled: 0 | Pending: 0
  🕐 Outside session (19:21 CT) — no entries
  💰 Daily P&L: $+0.00

[2026-07-30 19:22] O:7493.75 H:7494.50 L:7493.00 C:7493.50 V:131.0
  📈 Trend: strong_bullish | 🌍 Regime: ranging
  🗺️  Grid: 0.080% | 🔺 7497.50 🔻 7493.75
  📡 RSI: 54.9 | MACD: 1.67 | ATR: 2.16
  📊 Filled: 0 | Pending: 0
  🕐 Outside session (19:22 CT) — no entries
  💰 Daily P&L: $+0.00

[2026-07-30 19:23] O:7493.75 H:7494.75 L:7493.50 C:7494.50 V:125.0
  📈 Trend: strong_bullish | 🌍 Regime: ranging
  🗺️  Grid: 0.080% | 🔺 7494.50 🔻 7493.00
  📡 RSI: 57.3 | MACD: 1.58 | ATR: 2.11
  📊 Filled: 0 | Pending: 0
  🕐 Outside session (19:23 CT) — no entries
  💰 Daily P&L: $+0.00

[2026-07-30 19:24] O:7494.75 H:7495.75 L:7493.50 C:7494.50 V:149.0
  📈 Trend: strong_bullish | 🌍 Regime: ranging
  🗺️  Grid: 0.080% | 🔺 7494.75 🔻 7493.50
  📡 RSI: 58.9 | MACD: 1.49 | ATR: 2.14
  📊 Filled: 0 | Pending: 0
  🕐 Outside session (19:24 CT) — no entries
  💰 Daily P&L: $+0.00

[2026-07-30 19:25] O:7494.50 H:7494.50 L:7493.75 C:7494.00 V:76.0
  📈 Trend: strong_bullish | 🌍 Regime: ranging
  🗺️  Grid: 0.080% | 🔺 7495.75 🔻 7493.50
  📡 RSI: 54.9 | MACD: 1.36 | ATR: 2.09
  📊 Filled: 0 | Pending: 0
  🕐 Outside session (19:25 CT) — no entries
  💰 Daily P&L: $+0.00

[2026-07-30 19:26] O:7494.25 H:7495.00 L:7494.00 C:7494.00 V:94.0
  📈 Trend: strong_bullish | 🌍 Regime: ranging
  🗺️  Grid: 0.080% | 🔺 7494.50 🔻 7493.75
  📡 RSI: 55.7 | MACD: 1.25 | ATR: 2.05
  📊 Filled: 0 | Pending: 0
  🕐 Outside session (19:26 CT) — no entries
  💰 Daily P&L: $+0.00

[2026-07-30 19:27] O:7493.75 H:7494.50 L:7493.50 C:7494.25 V:116.0
  📈 Trend: strong_bullish | 🌍 Regime: ranging
  🗺️  Grid: 0.080% | 🔺 7495.00 🔻 7494.00
  📡 RSI: 53.0 | MACD: 1.16 | ATR: 2.00
  📊 Filled: 0 | Pending: 0
  🕐 Outside session (19:27 CT) — no entries
  💰 Daily P&L: $+0.00

[2026-07-30 19:28] O:7494.50 H:7494.75 L:7493.50 C:7494.25 V:94.0
  📈 Trend: strong_bullish | 🌍 Regime: ranging
  🗺️  Grid: 0.080% | 🔺 7494.50 🔻 7493.50
  📡 RSI: 44.6 | MACD: 1.08 | ATR: 1.86
  📊 Filled: 0 | Pending: 0
  🕐 Outside session (19:28 CT) — no entries
  💰 Daily P&L: $+0.00

[2026-07-30 19:29] O:7494.00 H:7494.50 L:7493.25 C:7494.25 V:120.0
  📈 Trend: strong_bullish | 🌍 Regime: ranging
  🗺️  Grid: 0.080% | 🔺 7494.75 🔻 7493.50
  📡 RSI: 40.4 | MACD: 1.01 | ATR: 1.79
  📊 Filled: 0 | Pending: 0
  🕐 Outside session (19:29 CT) — no entries
  💰 Daily P&L: $+0.00

[2026-07-30 19:30] O:7494.00 H:7496.50 L:7493.75 C:7496.50 V:171.0
  📈 Trend: strong_bullish | 🌍 Regime: ranging
  🗺️  Grid: 0.080% | 🔺 7494.50 🔻 7493.25
  📡 RSI: 58.8 | MACD: 1.12 | ATR: 1.75
  📊 Filled: 0 | Pending: 0
  🕐 Outside session (19:30 CT) — no entries
  💰 Daily P&L: $+0.00

[2026-07-30 19:31] O:7496.75 H:7497.25 L:7496.00 C:7496.00 V:190.0
  📈 Trend: strong_bullish | 🌍 Regime: ranging
  🗺️  Grid: 0.080% | 🔺 7496.50 🔻 7493.75
  📡 RSI: 61.2 | MACD: 1.15 | ATR: 1.75
  📊 Filled: 0 | Pending: 0
  🕐 Outside session (19:31 CT) — no entries
  💰 Daily P&L: $+0.00

[2026-07-30 19:32] O:7495.75 H:7496.75 L:7495.50 C:7496.75 V:101.0
  📈 Trend: strong_bullish | 🌍 Regime: ranging
  🗺️  Grid: 0.080% | 🔺 7497.25 🔻 7496.00
  📡 RSI: 59.6 | MACD: 1.22 | ATR: 1.71
  📊 Filled: 0 | Pending: 0
  🕐 Outside session (19:32 CT) — no entries
  💰 Daily P&L: $+0.00

[2026-07-30 19:33] O:7496.50 H:7497.25 L:7496.00 C:7497.00 V:153.0
  📈 Trend: strong_bullish | 🌍 Regime: ranging
  🗺️  Grid: 0.080% | 🔺 7496.75 🔻 7495.50
  📡 RSI: 50.0 | MACD: 1.28 | ATR: 1.61
  📊 Filled: 0 | Pending: 0
  🕐 Outside session (19:33 CT) — no entries
  💰 Daily P&L: $+0.00

[2026-07-30 19:34] O:7496.75 H:7497.00 L:7496.00 C:7496.25 V:107.0
  📈 Trend: strong_bullish | 🌍 Regime: ranging
  🗺️  Grid: 0.080% | 🔺 7497.25 🔻 7496.00
  📡 RSI: 45.0 | MACD: 1.26 | ATR: 1.54
  📊 Filled: 0 | Pending: 0
  🕐 Outside session (19:34 CT) — no entries
  💰 Daily P&L: $+0.00

[2026-07-30 19:35] O:7496.25 H:7496.75 L:7496.00 C:7496.25 V:109.0
  📈 Trend: strong_bullish | 🌍 Regime: ranging
  🗺️  Grid: 0.080% | 🔺 7497.00 🔻 7496.00
  📡 RSI: 69.2 | MACD: 1.23 | ATR: 1.32
  📊 Filled: 0 | Pending: 0
  🕐 Outside session (19:35 CT) — no entries
  💰 Daily P&L: $+0.00

[2026-07-30 19:36] O:7496.25 H:7496.25 L:7494.00 C:7494.50 V:277.0
  📈 Trend: strong_bullish | 🌍 Regime: ranging
  🗺️  Grid: 0.080% | 🔺 7496.75 🔻 7496.00
  📡 RSI: 56.2 | MACD: 1.05 | ATR: 1.38
  📊 Filled: 0 | Pending: 0
  🕐 Outside session (19:36 CT) — no entries
  💰 Daily P&L: $+0.00

[2026-07-30 19:37] O:7495.00 H:7495.25 L:7494.25 C:7495.00 V:108.0
  📈 Trend: strong_bullish | 🌍 Regime: ranging
  🗺️  Grid: 0.080% | 🔺 7496.25 🔻 7494.00
  📡 RSI: 53.3 | MACD: 0.93 | ATR: 1.36
  📊 Filled: 0 | Pending: 0
  🕐 Outside session (19:37 CT) — no entries
  💰 Daily P&L: $+0.00

[2026-07-30 19:38] O:7495.25 H:7496.25 L:7494.75 C:7495.50 V:100.0
  📈 Trend: strong_bullish (raw: moderate_bullish) | 🌍 Regime: ranging
  🗺️  Grid: 0.080% | 🔺 7495.25 🔻 7494.25
  📡 RSI: 56.2 | MACD: 0.87 | ATR: 1.30
  📊 Filled: 0 | Pending: 0
  🕐 Outside session (19:38 CT) — no entries
  💰 Daily P&L: $+0.00

[2026-07-30 19:39] O:7495.75 H:7495.75 L:7494.00 C:7495.00 V:113.0
  📈 Trend: moderate_bullish | 🌍 Regime: ranging
  🗺️  Grid: 0.080% | 🔺 7496.25 🔻 7494.75
  📡 RSI: 56.2 | MACD: 0.78 | ATR: 1.38
  📊 Filled: 0 | Pending: 0
  🕐 Outside session (19:39 CT) — no entries
  💰 Daily P&L: $+0.00

[2026-07-30 19:40] O:7494.75 H:7495.50 L:7494.25 C:7494.25 V:90.0
  📈 Trend: moderate_bullish (raw: strong_bullish) | 🌍 Regime: ranging
  🗺️  Grid: 0.080% | 🔺 7495.75 🔻 7494.00
  📡 RSI: 51.4 | MACD: 0.63 | ATR: 1.39
  📊 Filled: 0 | Pending: 0
  🕐 Outside session (19:40 CT) — no entries
  💰 Daily P&L: $+0.00

[2026-07-30 19:41] O:7494.00 H:7495.00 L:7493.75 C:7494.25 V:202.0
  📈 Trend: strong_bullish | 🌍 Regime: ranging
  🗺️  Grid: 0.080% | 🔺 7495.50 🔻 7494.25
  📡 RSI: 50.0 | MACD: 0.51 | ATR: 1.41
  📊 Filled: 0 | Pending: 0
  🕐 Outside session (19:41 CT) — no entries
  💰 Daily P&L: $+0.00

[2026-07-30 19:42] O:7494.00 H:7496.75 L:7494.00 C:7496.00 V:290.0
  📈 Trend: strong_bullish | 🌍 Regime: ranging
  🗺️  Grid: 0.080% | 🔺 7495.00 🔻 7493.75
  📡 RSI: 58.5 | MACD: 0.55 | ATR: 1.52
  📊 Filled: 0 | Pending: 0
  🕐 Outside session (19:42 CT) — no entries
  💰 Daily P&L: $+0.00

[2026-07-30 19:43] O:7495.75 H:7496.00 L:7494.25 C:7496.00 V:211.0
  📈 Trend: strong_bullish | 🌍 Regime: ranging
  🗺️  Grid: 0.080% | 🔺 7496.75 🔻 7494.00
  📡 RSI: 58.5 | MACD: 0.58 | ATR: 1.55
  📊 Filled: 0 | Pending: 0
  🕐 Outside session (19:43 CT) — no entries
  💰 Daily P&L: $+0.00

[2026-07-30 19:44] O:7496.00 H:7496.50 L:7495.00 C:7496.50 V:155.0
  📈 Trend: strong_bullish | 🌍 Regime: ranging
  🗺️  Grid: 0.080% | 🔺 7496.00 🔻 7494.25
  📡 RSI: 50.0 | MACD: 0.63 | ATR: 1.46
  📊 Filled: 0 | Pending: 0
  🕐 Outside session (19:44 CT) — no entries
  💰 Daily P&L: $+0.00

[2026-07-30 19:45] O:7497.00 H:7497.00 L:7495.50 C:7495.75 V:143.0
  📈 Trend: strong_bullish | 🌍 Regime: ranging
  🗺️  Grid: 0.080% | 🔺 7496.50 🔻 7495.00
  📡 RSI: 48.6 | MACD: 0.60 | ATR: 1.48
  📊 Filled: 0 | Pending: 0
  🕐 Outside session (19:45 CT) — no entries
  💰 Daily P&L: $+0.00

[2026-07-30 19:46] O:7495.50 H:7495.50 L:7493.00 C:7493.25 V:356.0
  📈 Trend: strong_bullish (raw: moderate_bullish) | 🌍 Regime: ranging
  🗺️  Grid: 0.080% | 🔺 7497.00 🔻 7495.50
  📡 RSI: 33.3 | MACD: 0.38 | ATR: 1.59
  📊 Filled: 0 | Pending: 0
  🕐 Outside session (19:46 CT) — no entries
  💰 Daily P&L: $+0.00

[2026-07-30 19:47] O:7493.00 H:7493.75 L:7492.50 C:7493.25 V:138.0
  📈 Trend: moderate_bullish | 🌍 Regime: ranging
  🗺️  Grid: 0.080% | 🔺 7495.50 🔻 7493.00
  📡 RSI: 31.7 | MACD: 0.20 | ATR: 1.59
  📊 Filled: 0 | Pending: 0
  🕐 Outside session (19:47 CT) — no entries
  💰 Daily P&L: $+0.00

[2026-07-30 19:48] O:7493.25 H:7493.50 L:7492.50 C:7493.50 V:73.0
  📈 Trend: moderate_bullish | 🌍 Regime: ranging
  🗺️  Grid: 0.080% | 🔺 7493.75 🔻 7492.50
  📡 RSI: 35.9 | MACD: 0.07 | ATR: 1.59
  📊 Filled: 0 | Pending: 0
  🕐 Outside session (19:48 CT) — no entries
  💰 Daily P&L: $+0.00

[2026-07-30 19:49] O:7493.50 H:7493.50 L:7491.50 C:7492.00 V:97.0
  📈 Trend: moderate_bullish | 🌍 Regime: ranging
  🗺️  Grid: 0.080% | 🔺 7493.50 🔻 7492.50
  📡 RSI: 31.1 | MACD: -0.15 | ATR: 1.68
  📊 Filled: 0 | Pending: 0
  🕐 Outside session (19:49 CT) — no entries
  💰 Daily P&L: $+0.00

[2026-07-30 19:50] O:7492.00 H:7493.50 L:7492.00 C:7493.25 V:161.0
  📈 Trend: moderate_bullish | 🌍 Regime: ranging
  🗺️  Grid: 0.080% | 🔺 7493.50 🔻 7491.50
  📡 RSI: 44.2 | MACD: -0.22 | ATR: 1.62
  📊 Filled: 0 | Pending: 0
  🕐 Outside session (19:50 CT) — no entries
  💰 Daily P&L: $+0.00

[2026-07-30 19:51] O:7493.00 H:7493.75 L:7492.50 C:7493.00 V:117.0
  📈 Trend: moderate_bullish | 🌍 Regime: ranging
  🗺️  Grid: 0.080% | 🔺 7493.50 🔻 7492.00
  📡 RSI: 40.5 | MACD: -0.29 | ATR: 1.64
  📊 Filled: 0 | Pending: 0
  🕐 Outside session (19:51 CT) — no entries
  💰 Daily P&L: $+0.00

[2026-07-30 19:52] O:7493.00 H:7493.75 L:7493.00 C:7493.75 V:63.0
  📈 Trend: moderate_bullish | 🌍 Regime: ranging
  🗺️  Grid: 0.080% | 🔺 7493.75 🔻 7492.50
  📡 RSI: 41.9 | MACD: -0.28 | ATR: 1.59
  📊 Filled: 0 | Pending: 0
  🕐 Outside session (19:52 CT) — no entries
  💰 Daily P&L: $+0.00

[2026-07-30 19:53] O:7493.50 H:7493.50 L:7492.25 C:7492.50 V:85.0
  📈 Trend: moderate_bullish | 🌍 Regime: ranging
  🗺️  Grid: 0.080% | 🔺 7493.75 🔻 7493.00
  📡 RSI: 39.1 | MACD: -0.37 | ATR: 1.57
  📊 Filled: 0 | Pending: 0
  🕐 Outside session (19:53 CT) — no entries
  💰 Daily P&L: $+0.00

[2026-07-30 19:54] O:7492.25 H:7492.75 L:7491.25 C:7491.25 V:117.0
  📈 Trend: moderate_bullish | 🌍 Regime: ranging
  🗺️  Grid: 0.080% | 🔺 7493.50 🔻 7492.25
  📡 RSI: 37.5 | MACD: -0.54 | ATR: 1.59
  📊 Filled: 0 | Pending: 0
  🕐 Outside session (19:54 CT) — no entries
  💰 Daily P&L: $+0.00

[2026-07-30 19:55] O:7491.50 H:7492.75 L:7491.25 C:7492.50 V:108.0
  📈 Trend: moderate_bullish (raw: strong_bearish) | 🌍 Regime: ranging
  🗺️  Grid: 0.080% | 🔺 7492.75 🔻 7491.25
  📡 RSI: 43.4 | MACD: -0.57 | ATR: 1.61
  📊 Filled: 0 | Pending: 0
  🕐 Outside session (19:55 CT) — no entries
  💰 Daily P&L: $+0.00

[2026-07-30 19:56] O:7492.50 H:7493.25 L:7492.50 C:7493.25 V:123.0
  📈 Trend: strong_bearish | 🌍 Regime: ranging
  🗺️  Grid: 0.080% | 🔺 7492.75 🔻 7491.25
  📡 RSI: 38.8 | MACD: -0.52 | ATR: 1.46
  📊 Filled: 0 | Pending: 0
  🕐 Outside session (19:56 CT) — no entries
  💰 Daily P&L: $+0.00

[2026-07-30 19:57] O:7493.25 H:7494.00 L:7493.00 C:7493.75 V:145.0
  📈 Trend: strong_bearish | 🌍 Regime: ranging
  🗺️  Grid: 0.080% | 🔺 7493.25 🔻 7492.50
  📡 RSI: 41.2 | MACD: -0.44 | ATR: 1.41
  📊 Filled: 0 | Pending: 0
  🕐 Outside session (19:57 CT) — no entries
  💰 Daily P&L: $+0.00

[2026-07-30 19:58] O:7494.00 H:7495.00 L:7494.00 C:7494.75 V:172.0
  📈 Trend: strong_bearish (raw: moderate_bearish) | 🌍 Regime: ranging
  🗺️  Grid: 0.080% | 🔺 7494.00 🔻 7493.00
  📡 RSI: 43.4 | MACD: -0.29 | ATR: 1.39
  📊 Filled: 0 | Pending: 0
  🕐 Outside session (19:58 CT) — no entries
  💰 Daily P&L: $+0.00

[2026-07-30 19:59] O:7494.50 H:7495.50 L:7494.50 C:7495.00 V:152.0
  📈 Trend: strong_bearish (raw: moderate_bullish) | 🌍 Regime: ranging
  🗺️  Grid: 0.080% | 🔺 7495.00 🔻 7494.00
  📡 RSI: 47.1 | MACD: -0.15 | ATR: 1.36
  📊 Filled: 0 | Pending: 0
  🕐 Outside session (19:59 CT) — no entries
  💰 Daily P&L: $+0.00

[2026-07-30 20:00] O:7495.00 H:7497.00 L:7495.00 C:7496.75 V:569.0
  📈 Trend: strong_bearish (raw: strong_bullish) | 🌍 Regime: ranging
  🗺️  Grid: 0.080% | 🔺 7495.50 🔻 7494.50
  📡 RSI: 64.6 | MACD: 0.10 | ATR: 1.30
  📊 Filled: 0 | Pending: 0
  🕐 Outside session (20:00 CT) — no entries
  💰 Daily P&L: $+0.00

[2026-07-30 20:01] O:7496.75 H:7498.75 L:7496.75 C:7498.00 V:501.0
  📈 Trend: strong_bullish | 🌍 Regime: ranging
  🗺️  Grid: 0.080% | 🔺 7497.00 🔻 7495.00
  📡 RSI: 67.9 | MACD: 0.40 | ATR: 1.36
  📊 Filled: 0 | Pending: 0
  🕐 Outside session (20:01 CT) — no entries
  💰 Daily P&L: $+0.00

[2026-07-30 20:02] O:7498.00 H:7499.75 L:7497.75 C:7498.75 V:460.0
  📈 Trend: strong_bullish | 🌍 Regime: ranging
  🗺️  Grid: 0.080% | 🔺 7498.75 🔻 7496.75
  📡 RSI: 69.1 | MACD: 0.69 | ATR: 1.43
  📊 Filled: 0 | Pending: 0
  🕐 Outside session (20:02 CT) — no entries
  💰 Daily P&L: $+0.00

[2026-07-30 20:03] O:7498.75 H:7498.75 L:7498.00 C:7498.50 V:254.0
  📈 Trend: strong_bullish | 🌍 Regime: ranging
  🗺️  Grid: 0.080% | 🔺 7499.75 🔻 7497.75
  📡 RSI: 76.0 | MACD: 0.88 | ATR: 1.34
  📊 Filled: 0 | Pending: 0
  🕐 Outside session (20:03 CT) — no entries
  💰 Daily P&L: $+0.00

[2026-07-30 20:04] O:7498.50 H:7499.25 L:7498.50 C:7499.25 V:169.0
  📈 Trend: strong_bullish | 🌍 Regime: ranging
  🗺️  Grid: 0.080% | 🔺 7498.75 🔻 7498.00
  📡 RSI: 75.0 | MACD: 1.09 | ATR: 1.29
  📊 Filled: 0 | Pending: 0
  🕐 Outside session (20:04 CT) — no entries
  💰 Daily P&L: $+0.00

[2026-07-30 20:05] O:7499.25 H:7500.00 L:7498.75 C:7499.50 V:356.0
  📈 Trend: strong_bullish | 🌍 Regime: ranging
  🗺️  Grid: 0.080% | 🔺 7499.25 🔻 7498.50
  📡 RSI: 77.1 | MACD: 1.25 | ATR: 1.29
  📊 Filled: 0 | Pending: 0
  🕐 Outside session (20:05 CT) — no entries
  💰 Daily P&L: $+0.00

[2026-07-30 20:06] O:7499.75 H:7500.75 L:7499.25 C:7499.75 V:470.0
  📈 Trend: strong_bullish | 🌍 Regime: ranging
  🗺️  Grid: 0.080% | 🔺 7500.00 🔻 7498.75
  📡 RSI: 76.1 | MACD: 1.39 | ATR: 1.34
  📊 Filled: 0 | Pending: 0
  🕐 Outside session (20:06 CT) — no entries
  💰 Daily P&L: $+0.00

[2026-07-30 20:07] O:7499.50 H:7500.25 L:7499.50 C:7499.75 V:106.0
  📈 Trend: strong_bullish | 🌍 Regime: ranging
  🗺️  Grid: 0.080% | 🔺 7500.75 🔻 7499.25
  📡 RSI: 85.4 | MACD: 1.48 | ATR: 1.29
  📊 Filled: 0 | Pending: 0
  🕐 Outside session (20:07 CT) — no entries
  💰 Daily P&L: $+0.00

[2026-07-30 20:08] O:7499.75 H:7501.00 L:7499.50 C:7501.00 V:332.0
  📈 Trend: strong_bullish | 🌍 Regime: ranging
  🗺️  Grid: 0.080% | 🔺 7500.25 🔻 7499.50
  📡 RSI: 97.6 | MACD: 1.64 | ATR: 1.29
  📊 Filled: 0 | Pending: 0
  🕐 Outside session (20:08 CT) — no entries
  💰 Daily P&L: $+0.00

[2026-07-30 20:09] O:7501.00 H:7501.75 L:7500.50 C:7501.50 V:291.0
  📈 Trend: strong_bullish | 🌍 Regime: ranging
  🗺️  Grid: 0.080% | 🔺 7501.00 🔻 7499.50
  📡 RSI: 97.4 | MACD: 1.78 | ATR: 1.27
  📊 Filled: 0 | Pending: 0
  🕐 Outside session (20:09 CT) — no entries
  💰 Daily P&L: $+0.00

[2026-07-30 20:10] O:7501.75 H:7502.00 L:7501.00 C:7501.00 V:346.0
  📈 Trend: strong_bullish | 🌍 Regime: ranging
  🗺️  Grid: 0.080% | 🔺 7501.75 🔻 7500.50
  📡 RSI: 91.9 | MACD: 1.83 | ATR: 1.29
  📊 Filled: 0 | Pending: 0
  🕐 Outside session (20:10 CT) — no entries
  💰 Daily P&L: $+0.00

[2026-07-30 20:11] O:7501.25 H:7501.75 L:7499.75 C:7500.00 V:432.0
  📈 Trend: strong_bullish | 🌍 Regime: ranging
  🗺️  Grid: 0.080% | 🔺 7502.00 🔻 7501.00
  📡 RSI: 82.1 | MACD: 1.77 | ATR: 1.36
  📊 Filled: 0 | Pending: 0
  🕐 Outside session (20:11 CT) — no entries
  💰 Daily P&L: $+0.00

[2026-07-30 20:12] O:7499.75 H:7500.25 L:7499.25 C:7500.25 V:185.0
  📈 Trend: strong_bullish | 🌍 Regime: ranging
  🗺️  Grid: 0.080% | 🔺 7501.75 🔻 7499.75
  📡 RSI: 80.6 | MACD: 1.72 | ATR: 1.34
  📊 Filled: 0 | Pending: 0
  🕐 Outside session (20:12 CT) — no entries
  💰 Daily P&L: $+0.00

[2026-07-30 20:13] O:7500.25 H:7500.50 L:7499.75 C:7500.50 V:174.0
  📈 Trend: strong_bullish | 🌍 Regime: ranging
  🗺️  Grid: 0.080% | 🔺 7500.25 🔻 7499.25
  📡 RSI: 80.6 | MACD: 1.69 | ATR: 1.32
  📊 Filled: 0 | Pending: 0
  🕐 Outside session (20:13 CT) — no entries
  💰 Daily P&L: $+0.00

[2026-07-30 20:14] O:7500.75 H:7501.00 L:7499.50 C:7500.00 V:244.0
  📈 Trend: strong_bullish | 🌍 Regime: ranging
  🗺️  Grid: 0.080% | 🔺 7500.50 🔻 7499.75
  📡 RSI: 71.0 | MACD: 1.60 | ATR: 1.29
  📊 Filled: 0 | Pending: 0
  🕐 Outside session (20:14 CT) — no entries
  💰 Daily P&L: $+0.00

[2026-07-30 20:15] O:7500.00 H:7501.50 L:7499.75 C:7501.50 V:205.0
  📈 Trend: strong_bullish | 🌍 Regime: trending_bullish
  🗺️  Grid: 0.080% | 🔺 7501.00 🔻 7499.50
  📡 RSI: 71.9 | MACD: 1.63 | ATR: 1.27
  📊 Filled: 0 | Pending: 0
  🕐 Outside session (20:15 CT) — no entries
  💰 Daily P&L: $+0.00

[2026-07-30 20:16] O:7501.25 H:7502.00 L:7501.00 C:7502.00 V:172.0
  📈 Trend: strong_bullish | 🌍 Regime: trending_bullish
  🗺️  Grid: 0.080% | 🔺 7501.50 🔻 7499.75
  📡 RSI: 71.0 | MACD: 1.68 | ATR: 1.20
  📊 Filled: 0 | Pending: 0
  🕐 Outside session (20:16 CT) — no entries
  💰 Daily P&L: $+0.00

[2026-07-30 20:17] O:7501.75 H:7503.75 L:7501.75 C:7503.50 V:653.0
  📈 Trend: strong_bullish | 🌍 Regime: trending_bullish
  🗺️  Grid: 0.080% | 🔺 7502.00 🔻 7501.00
  📡 RSI: 77.8 | MACD: 1.81 | ATR: 1.29
  📊 Filled: 0 | Pending: 0
  🕐 Outside session (20:17 CT) — no entries
  💰 Daily P&L: $+0.00

[2026-07-30 20:18] O:7503.75 H:7504.50 L:7501.50 C:7501.50 V:438.0
  📈 Trend: strong_bullish | 🌍 Regime: trending_bullish
  🗺️  Grid: 0.080% | 🔺 7503.75 🔻 7501.75
  📡 RSI: 61.0 | MACD: 1.74 | ATR: 1.45
  📊 Filled: 0 | Pending: 0
  🕐 Outside session (20:18 CT) — no entries
  💰 Daily P&L: $+0.00

[2026-07-30 20:19] O:7501.75 H:7502.25 L:7501.50 C:7502.25 V:128.0
  📈 Trend: strong_bullish | 🌍 Regime: trending_bullish
  🗺️  Grid: 0.080% | 🔺 7504.50 🔻 7501.50
  📡 RSI: 62.8 | MACD: 1.72 | ATR: 1.41
  📊 Filled: 0 | Pending: 0
  🕐 Outside session (20:19 CT) — no entries
  💰 Daily P&L: $+0.00

[2026-07-30 20:20] O:7502.00 H:7503.50 L:7501.75 C:7503.25 V:154.0
  📈 Trend: strong_bullish | 🌍 Regime: trending_bullish
  🗺️  Grid: 0.080% | 🔺 7502.25 🔻 7501.50
  📡 RSI: 65.2 | MACD: 1.77 | ATR: 1.43
  📊 Filled: 0 | Pending: 0
  🕐 Outside session (20:20 CT) — no entries
  💰 Daily P&L: $+0.00

[2026-07-30 20:21] O:7503.25 H:7503.50 L:7503.00 C:7503.50 V:123.0
  📈 Trend: strong_bullish | 🌍 Regime: trending_bullish
  🗺️  Grid: 0.080% | 🔺 7503.50 🔻 7501.75
  📡 RSI: 66.0 | MACD: 1.81 | ATR: 1.41
  📊 Filled: 0 | Pending: 0
  🕐 Outside session (20:21 CT) — no entries
  💰 Daily P&L: $+0.00

[2026-07-30 20:22] O:7503.25 H:7503.50 L:7503.00 C:7503.00 V:82.0
  📈 Trend: strong_bullish | 🌍 Regime: trending_bullish
  🗺️  Grid: 0.080% | 🔺 7503.50 🔻 7503.00
  📡 RSI: 59.1 | MACD: 1.78 | ATR: 1.34
  📊 Filled: 0 | Pending: 0
  🕐 Outside session (20:22 CT) — no entries
  💰 Daily P&L: $+0.00

[2026-07-30 20:23] O:7503.25 H:7503.75 L:7502.25 C:7502.50 V:244.0
  📈 Trend: strong_bullish | 🌍 Regime: trending_bullish
  🗺️  Grid: 0.080% | 🔺 7503.50 🔻 7503.00
  📡 RSI: 54.5 | MACD: 1.69 | ATR: 1.36
  📊 Filled: 0 | Pending: 0
  🕐 Outside session (20:23 CT) — no entries
  💰 Daily P&L: $+0.00

[2026-07-30 20:24] O:7502.25 H:7502.50 L:7500.75 C:7502.25 V:332.0
  📈 Trend: strong_bullish | 🌍 Regime: trending_bullish
  🗺️  Grid: 0.080% | 🔺 7503.75 🔻 7502.25
  📡 RSI: 55.8 | MACD: 1.58 | ATR: 1.41
  📊 Filled: 0 | Pending: 0
  🕐 Outside session (20:24 CT) — no entries
  💰 Daily P&L: $+0.00

[2026-07-30 20:25] O:7502.25 H:7502.75 L:7502.00 C:7502.50 V:180.0
  📈 Trend: strong_bullish | 🌍 Regime: trending_bullish
  🗺️  Grid: 0.080% | 🔺 7502.50 🔻 7500.75
  📡 RSI: 62.5 | MACD: 1.50 | ATR: 1.32
  📊 Filled: 0 | Pending: 0
  🕐 Outside session (20:25 CT) — no entries
  💰 Daily P&L: $+0.00

[2026-07-30 20:26] O:7502.75 H:7503.50 L:7502.50 C:7503.50 V:172.0
  📈 Trend: strong_bullish | 🌍 Regime: trending_bullish
  🗺️  Grid: 0.080% | 🔺 7502.75 🔻 7502.00
  📡 RSI: 65.1 | MACD: 1.50 | ATR: 1.32
  📊 Filled: 0 | Pending: 0
  🕐 Outside session (20:26 CT) — no entries
  💰 Daily P&L: $+0.00

[2026-07-30 20:27] O:7503.50 H:7503.75 L:7502.00 C:7502.75 V:229.0
  📈 Trend: strong_bullish | 🌍 Regime: trending_bullish
  🗺️  Grid: 0.080% | 🔺 7503.50 🔻 7502.50
  📡 RSI: 60.0 | MACD: 1.42 | ATR: 1.39
  📊 Filled: 0 | Pending: 0
  🕐 Outside session (20:27 CT) — no entries
  💰 Daily P&L: $+0.00

[2026-07-30 20:28] O:7502.50 H:7502.50 L:7501.25 C:7501.75 V:97.0
  📈 Trend: strong_bullish | 🌍 Regime: trending_bullish
  🗺️  Grid: 0.080% | 🔺 7503.75 🔻 7502.00
  📡 RSI: 57.4 | MACD: 1.27 | ATR: 1.39
  📊 Filled: 0 | Pending: 0
  🕐 Outside session (20:28 CT) — no entries
  💰 Daily P&L: $+0.00

[2026-07-30 20:29] O:7501.75 H:7502.50 L:7500.75 C:7502.25 V:105.0
  📈 Trend: strong_bullish | 🌍 Regime: trending_bullish
  🗺️  Grid: 0.080% | 🔺 7502.50 🔻 7501.25
  📡 RSI: 53.5 | MACD: 1.17 | ATR: 1.39
  📊 Filled: 0 | Pending: 0
  🕐 Outside session (20:29 CT) — no entries
  💰 Daily P&L: $+0.00

[2026-07-30 20:30] O:7502.25 H:7502.75 L:7500.75 C:7501.75 V:304.0
  📈 Trend: strong_bullish | 🌍 Regime: trending_bullish
  🗺️  Grid: 0.080% | 🔺 7502.50 🔻 7500.75
  📡 RSI: 48.8 | MACD: 1.04 | ATR: 1.46
  📊 Filled: 0 | Pending: 0
  🕐 Outside session (20:30 CT) — no entries
  💰 Daily P&L: $+0.00

[2026-07-30 20:31] O:7501.50 H:7502.00 L:7500.25 C:7500.25 V:251.0
  📈 Trend: strong_bullish (raw: moderate_bullish) | 🌍 Regime: trending_bullish
  🗺️  Grid: 0.080% | 🔺 7502.75 🔻 7500.75
  📡 RSI: 34.9 | MACD: 0.81 | ATR: 1.45
  📊 Filled: 0 | Pending: 0
  🕐 Outside session (20:31 CT) — no entries
  💰 Daily P&L: $+0.00

[2026-07-30 20:32] O:7500.25 H:7500.50 L:7499.50 C:7500.00 V:248.0
  📈 Trend: moderate_bullish | 🌍 Regime: trending_bullish
  🗺️  Grid: 0.080% | 🔺 7502.00 🔻 7500.25
  📡 RSI: 41.7 | MACD: 0.60 | ATR: 1.30
  📊 Filled: 0 | Pending: 0
  🕐 Outside session (20:32 CT) — no entries
  💰 Daily P&L: $+0.00

[2026-07-30 20:33] O:7500.00 H:7501.00 L:7499.75 C:7501.00 V:112.0
  📈 Trend: moderate_bullish (raw: strong_bullish) | 🌍 Regime: trending_bullish
  🗺️  Grid: 0.080% | 🔺 7500.50 🔻 7499.50
  📡 RSI: 43.2 | MACD: 0.50 | ATR: 1.34
  📊 Filled: 0 | Pending: 0
  🕐 Outside session (20:33 CT) — no entries
  💰 Daily P&L: $+0.00

[2026-07-30 20:34] O:7501.00 H:7501.50 L:7499.75 C:7501.00 V:279.0
  📈 Trend: moderate_bullish | 🌍 Regime: trending_bullish
  🗺️  Grid: 0.080% | 🔺 7501.00 🔻 7499.75
  📡 RSI: 36.4 | MACD: 0.42 | ATR: 1.34
  📊 Filled: 0 | Pending: 0
  🕐 Outside session (20:34 CT) — no entries
  💰 Daily P&L: $+0.00

[2026-07-30 20:35] O:7501.25 H:7501.25 L:7499.50 C:7500.25 V:145.0
  📈 Trend: moderate_bullish | 🌍 Regime: trending_bullish
  🗺️  Grid: 0.080% | 🔺 7501.50 🔻 7499.75
  📡 RSI: 31.4 | MACD: 0.30 | ATR: 1.43
  📊 Filled: 0 | Pending: 0
  🕐 Outside session (20:35 CT) — no entries
  💰 Daily P&L: $+0.00

[2026-07-30 20:36] O:7500.00 H:7500.25 L:7499.25 C:7499.50 V:193.0
  📈 Trend: moderate_bullish | 🌍 Regime: trending_bullish
  🗺️  Grid: 0.080% | 🔺 7501.25 🔻 7499.50
  📡 RSI: 30.6 | MACD: 0.14 | ATR: 1.46
  📊 Filled: 0 | Pending: 0
  🕐 Outside session (20:36 CT) — no entries
  💰 Daily P&L: $+0.00

[2026-07-30 20:37] O:7499.50 H:7499.50 L:7497.25 C:7498.50 V:319.0
  📈 Trend: moderate_bullish | 🌍 Regime: trending_bullish
  🗺️  Grid: 0.080% | 🔺 7500.25 🔻 7499.25
  📡 RSI: 28.9 | MACD: -0.07 | ATR: 1.52
  📊 Filled: 0 | Pending: 0
  🕐 Outside session (20:37 CT) — no entries
  💰 Daily P&L: $+0.00

[2026-07-30 20:38] O:7498.50 H:7498.50 L:7497.00 C:7497.75 V:233.0
  📈 Trend: moderate_bullish | 🌍 Regime: trending_bullish
  🗺️  Grid: 0.080% | 🔺 7499.50 🔻 7497.25
  📡 RSI: 27.5 | MACD: -0.29 | ATR: 1.50
  📊 Filled: 0 | Pending: 0
  🕐 Outside session (20:38 CT) — no entries
  💰 Daily P&L: $+0.00

[2026-07-30 20:39] O:7497.75 H:7498.25 L:7497.00 C:7498.25 V:121.0
  📈 Trend: moderate_bullish | 🌍 Regime: trending_bullish
  🗺️  Grid: 0.080% | 🔺 7498.50 🔻 7497.00
  📡 RSI: 29.3 | MACD: -0.43 | ATR: 1.54
  📊 Filled: 0 | Pending: 0
  🕐 Outside session (20:39 CT) — no entries
  💰 Daily P&L: $+0.00

[2026-07-30 20:40] O:7498.25 H:7498.50 L:7496.50 C:7497.50 V:181.0
  📈 Trend: moderate_bullish | 🌍 Regime: trending_bullish
  🗺️  Grid: 0.080% | 🔺 7498.25 🔻 7497.00
  📡 RSI: 20.0 | MACD: -0.58 | ATR: 1.61
  📊 Filled: 0 | Pending: 0
  🕐 Outside session (20:40 CT) — no entries
  💰 Daily P&L: $+0.00

[2026-07-30 20:41] O:7497.50 H:7498.00 L:7496.75 C:7497.25 V:116.0
  📈 Trend: moderate_bullish | 🌍 Regime: trending_bullish
  🗺️  Grid: 0.080% | 🔺 7498.50 🔻 7496.50
  📡 RSI: 21.1 | MACD: -0.72 | ATR: 1.57
  📊 Filled: 0 | Pending: 0
  🕐 Outside session (20:41 CT) — no entries
  💰 Daily P&L: $+0.00

[2026-07-30 20:42] O:7497.25 H:7497.75 L:7497.00 C:7497.75 V:142.0
  📈 Trend: moderate_bullish | 🌍 Regime: trending_bullish
  🗺️  Grid: 0.080% | 🔺 7498.00 🔻 7496.75
  📡 RSI: 27.8 | MACD: -0.78 | ATR: 1.52
  📊 Filled: 0 | Pending: 0
  🕐 Outside session (20:42 CT) — no entries
  💰 Daily P&L: $+0.00

[2026-07-30 20:43] O:7497.75 H:7497.75 L:7496.50 C:7496.75 V:125.0
  📈 Trend: moderate_bullish | 🌍 Regime: trending_bullish
  🗺️  Grid: 0.080% | 🔺 7497.75 🔻 7497.00
  📡 RSI: 21.1 | MACD: -0.90 | ATR: 1.48
  📊 Filled: 0 | Pending: 0
  🕐 Outside session (20:43 CT) — no entries
  💰 Daily P&L: $+0.00

[2026-07-30 20:44] O:7496.75 H:7497.00 L:7496.50 C:7497.00 V:90.0
  📈 Trend: moderate_bullish | 🌍 Regime: trending_bullish
  🗺️  Grid: 0.080% | 🔺 7497.75 🔻 7496.50
  📡 RSI: 24.3 | MACD: -0.96 | ATR: 1.38
  📊 Filled: 0 | Pending: 0
  🕐 Outside session (20:44 CT) — no entries
  💰 Daily P&L: $+0.00

[2026-07-30 20:45] O:7497.00 H:7497.25 L:7496.00 C:7496.25 V:121.0
  📈 Trend: moderate_bullish (raw: strong_bearish) | 🌍 Regime: ranging
  🗺️  Grid: 0.080% | 🔺 7497.00 🔻 7496.50
  📡 RSI: 26.5 | MACD: -1.05 | ATR: 1.34
  📊 Filled: 0 | Pending: 0
  🕐 Outside session (20:45 CT) — no entries
  💰 Daily P&L: $+0.00

[2026-07-30 20:46] O:7496.50 H:7496.50 L:7495.50 C:7496.00 V:192.0
  📈 Trend: strong_bearish | 🌍 Regime: ranging
  🗺️  Grid: 0.080% | 🔺 7497.25 🔻 7496.00
  📡 RSI: 26.5 | MACD: -1.14 | ATR: 1.34
  📊 Filled: 0 | Pending: 0
  🕐 Outside session (20:46 CT) — no entries
  💰 Daily P&L: $+0.00

[2026-07-30 20:47] O:7496.00 H:7496.25 L:7494.50 C:7494.75 V:188.0
  📈 Trend: strong_bearish | 🌍 Regime: ranging
  🗺️  Grid: 0.080% | 🔺 7496.50 🔻 7495.50
  📡 RSI: 14.3 | MACD: -1.29 | ATR: 1.38
  📊 Filled: 0 | Pending: 0
  🕐 Outside session (20:47 CT) — no entries
  💰 Daily P&L: $+0.00

[2026-07-30 20:48] O:7494.75 H:7496.00 L:7494.25 C:7494.75 V:206.0
  📈 Trend: strong_bearish | 🌍 Regime: ranging
  🗺️  Grid: 0.080% | 🔺 7496.25 🔻 7494.50
  📡 RSI: 14.3 | MACD: -1.40 | ATR: 1.38
  📊 Filled: 0 | Pending: 0
  🕐 Outside session (20:48 CT) — no entries
  💰 Daily P&L: $+0.00

[2026-07-30 20:49] O:7494.75 H:7496.25 L:7494.50 C:7494.75 V:96.0
  📈 Trend: strong_bearish | 🌍 Regime: ranging
  🗺️  Grid: 0.080% | 🔺 7496.00 🔻 7494.25
  📡 RSI: 15.6 | MACD: -1.46 | ATR: 1.38
  📊 Filled: 0 | Pending: 0
  🕐 Outside session (20:49 CT) — no entries
  💰 Daily P&L: $+0.00

[2026-07-30 20:50] O:7495.00 H:7495.75 L:7494.50 C:7495.50 V:215.0
  📈 Trend: strong_bearish | 🌍 Regime: trending_bearish
  🗺️  Grid: 0.080% | 🔺 7496.25 🔻 7494.50
  📡 RSI: 25.0 | MACD: -1.44 | ATR: 1.39
  📊 Filled: 0 | Pending: 0
  🕐 Outside session (20:50 CT) — no entries
  💰 Daily P&L: $+0.00

[2026-07-30 20:51] O:7495.50 H:7496.50 L:7495.25 C:7495.75 V:316.0
  📈 Trend: strong_bearish | 🌍 Regime: trending_bearish
  🗺️  Grid: 0.080% | 🔺 7495.75 🔻 7494.50
  📡 RSI: 31.0 | MACD: -1.38 | ATR: 1.32
  📊 Filled: 0 | Pending: 0
  🕐 Outside session (20:51 CT) — no entries
  💰 Daily P&L: $+0.00

[2026-07-30 20:52] O:7495.75 H:7496.75 L:7495.75 C:7496.25 V:115.0
  📈 Trend: strong_bearish | 🌍 Regime: trending_bearish
  🗺️  Grid: 0.080% | 🔺 7496.50 🔻 7495.25
  📡 RSI: 39.3 | MACD: -1.28 | ATR: 1.29
  📊 Filled: 0 | Pending: 0
  🕐 Outside session (20:52 CT) — no entries
  💰 Daily P&L: $+0.00

[2026-07-30 20:53] O:7496.50 H:7497.00 L:7496.00 C:7496.25 V:138.0
  📈 Trend: strong_bearish (raw: moderate_bearish) | 🌍 Regime: trending_bearish
  🗺️  Grid: 0.080% | 🔺 7496.75 🔻 7495.75
  📡 RSI: 34.6 | MACD: -1.19 | ATR: 1.27
  📊 Filled: 0 | Pending: 0
  🕐 Outside session (20:53 CT) — no entries
  💰 Daily P&L: $+0.00

[2026-07-30 20:54] O:7496.25 H:7496.75 L:7495.50 C:7495.75 V:129.0
  📈 Trend: moderate_bearish | 🌍 Regime: trending_bearish
  🗺️  Grid: 0.080% | 🔺 7497.00 🔻 7496.00
  📡 RSI: 36.0 | MACD: -1.14 | ATR: 1.21
  📊 Filled: 0 | Pending: 0
  🕐 Outside session (20:54 CT) — no entries
  💰 Daily P&L: $+0.00

[2026-07-30 20:55] O:7495.75 H:7496.75 L:7495.50 C:7496.50 V:102.0
  📈 Trend: moderate_bearish | 🌍 Regime: trending_bearish
  🗺️  Grid: 0.080% | 🔺 7496.75 🔻 7495.50
  📡 RSI: 44.4 | MACD: -1.04 | ATR: 1.21
  📊 Filled: 0 | Pending: 0
  🕐 Outside session (20:55 CT) — no entries
  💰 Daily P&L: $+0.00

[2026-07-30 20:56] O:7496.50 H:7498.00 L:7496.25 C:7497.75 V:81.0
  📈 Trend: moderate_bearish | 🌍 Regime: trending_bearish
  🗺️  Grid: 0.080% | 🔺 7496.75 🔻 7495.50
  📡 RSI: 50.0 | MACD: -0.84 | ATR: 1.29
  📊 Filled: 0 | Pending: 0
  🕐 Outside session (20:56 CT) — no entries
  💰 Daily P&L: $+0.00

[2026-07-30 20:57] O:7497.75 H:7497.75 L:7496.25 C:7497.25 V:127.0
  📈 Trend: moderate_bearish | 🌍 Regime: trending_bearish
  🗺️  Grid: 0.080% | 🔺 7498.00 🔻 7496.25
  📡 RSI: 53.6 | MACD: -0.71 | ATR: 1.30
  📊 Filled: 0 | Pending: 0
  🕐 Outside session (20:57 CT) — no entries
  💰 Daily P&L: $+0.00

[2026-07-30 20:58] O:7497.25 H:7497.25 L:7496.75 C:7496.75 V:91.0
  📈 Trend: moderate_bearish | 🌍 Regime: trending_bearish
  🗺️  Grid: 0.080% | 🔺 7497.75 🔻 7496.25
  📡 RSI: 48.3 | MACD: -0.65 | ATR: 1.30
  📊 Filled: 0 | Pending: 0
  🕐 Outside session (20:58 CT) — no entries
  💰 Daily P&L: $+0.00

[2026-07-30 20:59] O:7496.75 H:7497.75 L:7496.50 C:7497.75 V:176.0
  📈 Trend: moderate_bearish (raw: moderate_bullish) | 🌍 Regime: trending_bullish
  🗺️  Grid: 0.080% | 🔺 7497.25 🔻 7496.75
  📡 RSI: 60.0 | MACD: -0.51 | ATR: 1.30
  📊 Filled: 0 | Pending: 0
  🕐 Outside session (20:59 CT) — no entries
  💰 Daily P&L: $+0.00

[2026-07-30 21:00] O:7497.75 H:7500.50 L:7497.75 C:7499.50 V:248.0
  📈 Trend: moderate_bullish | 🌍 Regime: trending_bullish
  🗺️  Grid: 0.080% | 🔺 7497.75 🔻 7496.50
  📡 RSI: 69.4 | MACD: -0.26 | ATR: 1.43
  📊 Filled: 0 | Pending: 0
  🕐 Outside session (21:00 CT) — no entries
  💰 Daily P&L: $+0.00

[2026-07-30 21:01] O:7499.75 H:7499.75 L:7497.75 C:7498.00 V:127.0
  📈 Trend: moderate_bullish | 🌍 Regime: trending_bullish
  🗺️  Grid: 0.080% | 🔺 7500.50 🔻 7497.75
  📡 RSI: 67.6 | MACD: -0.18 | ATR: 1.45
  📊 Filled: 0 | Pending: 0
  🕐 Outside session (21:01 CT) — no entries
  💰 Daily P&L: $+0.00

[2026-07-30 21:02] O:7497.75 H:7498.25 L:7497.00 C:7497.00 V:179.0
  📈 Trend: moderate_bullish | 🌍 Regime: trending_bullish
  🗺️  Grid: 0.080% | 🔺 7499.75 🔻 7497.75
  📡 RSI: 61.0 | MACD: -0.19 | ATR: 1.41
  📊 Filled: 0 | Pending: 0
  🕐 Outside session (21:02 CT) — no entries
  💰 Daily P&L: $+0.00

[2026-07-30 21:03] O:7497.00 H:7497.50 L:7496.00 C:7496.00 V:182.0
  📈 Trend: moderate_bullish (raw: moderate_bearish) | 🌍 Regime: ranging
  🗺️  Grid: 0.080% | 🔺 7498.25 🔻 7497.00
  📡 RSI: 55.6 | MACD: -0.28 | ATR: 1.39
  📊 Filled: 0 | Pending: 0
  🕐 Outside session (21:03 CT) — no entries
  💰 Daily P&L: $+0.00

[2026-07-30 21:04] O:7495.75 H:7496.25 L:7495.00 C:7495.25 V:213.0
  📈 Trend: moderate_bearish | 🌍 Regime: ranging
  🗺️  Grid: 0.080% | 🔺 7497.50 🔻 7496.00
  📡 RSI: 48.9 | MACD: -0.40 | ATR: 1.39
  📊 Filled: 0 | Pending: 0
  🕐 Outside session (21:04 CT) — no entries
  💰 Daily P&L: $+0.00

[2026-07-30 21:05] O:7495.00 H:7496.00 L:7494.50 C:7495.75 V:170.0
  📈 Trend: moderate_bearish | 🌍 Regime: trending_bearish
  🗺️  Grid: 0.080% | 🔺 7496.25 🔻 7495.00
  📡 RSI: 50.0 | MACD: -0.46 | ATR: 1.41
  📊 Filled: 0 | Pending: 0
  🕐 Outside session (21:05 CT) — no entries
  💰 Daily P&L: $+0.00

[2026-07-30 21:06] O:7495.50 H:7497.50 L:7495.50 C:7496.75 V:243.0
  📈 Trend: moderate_bearish (raw: moderate_bullish) | 🌍 Regime: ranging
  🗺️  Grid: 0.080% | 🔺 7496.00 🔻 7494.50
  📡 RSI: 52.1 | MACD: -0.41 | ATR: 1.48
  📊 Filled: 0 | Pending: 0
  🕐 Outside session (21:06 CT) — no entries
  💰 Daily P&L: $+0.00

[2026-07-30 21:07] O:7497.00 H:7498.00 L:7496.75 C:7496.75 V:103.0
  📈 Trend: moderate_bullish | 🌍 Regime: ranging
  🗺️  Grid: 0.080% | 🔺 7497.50 🔻 7495.50
  📡 RSI: 52.1 | MACD: -0.38 | ATR: 1.50
  📊 Filled: 0 | Pending: 0
  🕐 Outside session (21:07 CT) — no entries
  💰 Daily P&L: $+0.00

[2026-07-30 21:08] O:7497.00 H:7497.25 L:7496.50 C:7496.75 V:109.0
  📈 Trend: moderate_bullish | 🌍 Regime: ranging
  🗺️  Grid: 0.080% | 🔺 7498.00 🔻 7496.75
  📡 RSI: 54.3 | MACD: -0.34 | ATR: 1.46
  📊 Filled: 0 | Pending: 0
  🕐 Outside session (21:08 CT) — no entries
  💰 Daily P&L: $+0.00

[2026-07-30 21:09] O:7496.50 H:7498.00 L:7496.50 C:7497.75 V:70.0
  📈 Trend: moderate_bullish | 🌍 Regime: ranging
  🗺️  Grid: 0.080% | 🔺 7497.25 🔻 7496.50
  📡 RSI: 55.3 | MACD: -0.23 | ATR: 1.48
  📊 Filled: 0 | Pending: 0
  🕐 Outside session (21:09 CT) — no entries
  💰 Daily P&L: $+0.00

[2026-07-30 21:10] O:7497.75 H:7497.75 L:7496.00 C:7496.50 V:84.0
  📈 Trend: moderate_bullish | 🌍 Regime: ranging
  🗺️  Grid: 0.080% | 🔺 7498.00 🔻 7496.50
  📡 RSI: 44.7 | MACD: -0.24 | ATR: 1.48
  📊 Filled: 0 | Pending: 0
  🕐 Outside session (21:10 CT) — no entries
  💰 Daily P&L: $+0.00

[2026-07-30 21:11] O:7496.50 H:7496.75 L:7496.50 C:7496.75 V:13.0
  📈 Trend: moderate_bullish | 🌍 Regime: ranging
  🗺️  Grid: 0.080% | 🔺 7497.75 🔻 7496.00
  📡 RSI: 47.8 | MACD: -0.23 | ATR: 1.39
  📊 Filled: 0 | Pending: 0
  🕐 Outside session (21:11 CT) — no entries
  💰 Daily P&L: $+0.00

[2026-07-30 23:29] O:7502.75 H:7503.25 L:7502.75 C:7503.00 V:31.0
  📈 Trend: moderate_bullish (raw: strong_bullish) | 🌍 Regime: ranging
  🗺️  Grid: 0.080% | 🔺 7496.75 🔻 7496.50
  📡 RSI: 68.1 | MACD: 0.29 | ATR: 1.82
  📊 Filled: 0 | Pending: 0
  🕐 Outside session (23:29 CT) — no entries
  💰 Daily P&L: $+0.00

[2026-07-30 23:30] O:7503.00 H:7503.25 L:7502.75 C:7502.75 V:116.0
  📈 Trend: strong_bullish | 🌍 Regime: ranging
  🗺️  Grid: 0.080% | 🔺 7503.25 🔻 7502.75
  📡 RSI: 65.2 | MACD: 0.66 | ATR: 1.77
  📊 Filled: 0 | Pending: 0
  🕐 Outside session (23:30 CT) — no entries
  💰 Daily P&L: $+0.00

[2026-07-30 23:31] O:7502.50 H:7503.00 L:7502.25 C:7502.50 V:84.0
  📈 Trend: strong_bullish | 🌍 Regime: ranging
  🗺️  Grid: 0.080% | 🔺 7503.25 🔻 7502.75
  📡 RSI: 60.0 | MACD: 0.93 | ATR: 1.62
  📊 Filled: 0 | Pending: 0
  🕐 Outside session (23:31 CT) — no entries
  💰 Daily P&L: $+0.00

[2026-07-30 23:32] O:7502.50 H:7504.00 L:7502.50 C:7503.75 V:112.0
  📈 Trend: strong_bullish | 🌍 Regime: ranging
  🗺️  Grid: 0.080% | 🔺 7503.00 🔻 7502.25
  📡 RSI: 69.5 | MACD: 1.23 | ATR: 1.59
  📊 Filled: 0 | Pending: 0
  🕐 Outside session (23:32 CT) — no entries
  💰 Daily P&L: $+0.00

[2026-07-30 23:33] O:7503.75 H:7505.25 L:7503.75 C:7504.50 V:217.0
  📈 Trend: strong_bullish | 🌍 Regime: ranging
  🗺️  Grid: 0.080% | 🔺 7504.00 🔻 7502.50
  📡 RSI: 75.9 | MACD: 1.51 | ATR: 1.61
  📊 Filled: 0 | Pending: 0
  🕐 Outside session (23:33 CT) — no entries
  💰 Daily P&L: $+0.00

[2026-07-30 23:34] O:7504.50 H:7505.25 L:7504.25 C:7505.00 V:123.0
  📈 Trend: strong_bullish | 🌍 Regime: ranging
  🗺️  Grid: 0.080% | 🔺 7505.25 🔻 7503.75
  📡 RSI: 82.1 | MACD: 1.76 | ATR: 1.57
  📊 Filled: 0 | Pending: 0
  🕐 Outside session (23:34 CT) — no entries
  💰 Daily P&L: $+0.00

[2026-07-30 23:35] O:7505.00 H:7505.25 L:7504.50 C:7505.25 V:110.0
  📈 Trend: strong_bullish | 🌍 Regime: ranging
  🗺️  Grid: 0.080% | 🔺 7505.25 🔻 7504.25
  📡 RSI: 87.0 | MACD: 1.95 | ATR: 1.54
  📊 Filled: 0 | Pending: 0
  🕐 Outside session (23:35 CT) — no entries
  💰 Daily P&L: $+0.00

[2026-07-30 23:36] O:7505.25 H:7505.75 L:7505.00 C:7505.25 V:168.0
  📈 Trend: strong_bullish | 🌍 Regime: ranging
  🗺️  Grid: 0.080% | 🔺 7505.25 🔻 7504.50
  📡 RSI: 86.5 | MACD: 2.07 | ATR: 1.48
  📊 Filled: 0 | Pending: 0
  🕐 Outside session (23:36 CT) — no entries
  💰 Daily P&L: $+0.00

[2026-07-30 23:37] O:7505.00 H:7505.00 L:7503.75 C:7504.50 V:157.0
  📈 Trend: strong_bullish | 🌍 Regime: ranging
  🗺️  Grid: 0.080% | 🔺 7505.75 🔻 7505.00
  📡 RSI: 80.4 | MACD: 2.09 | ATR: 1.45
  📊 Filled: 0 | Pending: 0
  🕐 Outside session (23:37 CT) — no entries
  💰 Daily P&L: $+0.00

[2026-07-30 23:38] O:7504.50 H:7504.75 L:7504.25 C:7504.75 V:61.0
  📈 Trend: strong_bullish | 🌍 Regime: ranging
  🗺️  Grid: 0.080% | 🔺 7505.00 🔻 7503.75
  📡 RSI: 80.8 | MACD: 2.10 | ATR: 1.39
  📊 Filled: 0 | Pending: 0
  🕐 Outside session (23:38 CT) — no entries
  💰 Daily P&L: $+0.00

[2026-07-30 23:39] O:7504.75 H:7507.75 L:7504.75 C:7506.75 V:405.0
  📈 Trend: strong_bullish | 🌍 Regime: ranging
  🗺️  Grid: 0.080% | 🔺 7504.75 🔻 7504.25
  📡 RSI: 83.3 | MACD: 2.24 | ATR: 1.55
  📊 Filled: 0 | Pending: 0
  🕐 Outside session (23:39 CT) — no entries
  💰 Daily P&L: $+0.00

[2026-07-30 23:40] O:7506.75 H:7507.25 L:7506.75 C:7507.00 V:106.0
  📈 Trend: strong_bullish | 🌍 Regime: ranging
  🗺️  Grid: 0.080% | 🔺 7507.75 🔻 7504.75
  📡 RSI: 82.5 | MACD: 2.34 | ATR: 1.48
  📊 Filled: 0 | Pending: 0
  🕐 Outside session (23:40 CT) — no entries
  💰 Daily P&L: $+0.00

[2026-07-30 23:41] O:7506.75 H:7506.75 L:7506.00 C:7506.25 V:86.0
  📈 Trend: strong_bullish | 🌍 Regime: ranging
  🗺️  Grid: 0.080% | 🔺 7507.25 🔻 7506.75
  📡 RSI: 85.5 | MACD: 2.34 | ATR: 1.43
  📊 Filled: 0 | Pending: 0
  🕐 Outside session (23:41 CT) — no entries
  💰 Daily P&L: $+0.00

[2026-07-30 23:42] O:7506.25 H:7507.25 L:7506.25 C:7507.00 V:77.0
  📈 Trend: strong_bullish | 🌍 Regime: ranging
  🗺️  Grid: 0.080% | 🔺 7506.75 🔻 7506.00
  📡 RSI: 86.0 | MACD: 2.37 | ATR: 1.48
  📊 Filled: 0 | Pending: 0
  🕐 Outside session (23:42 CT) — no entries
  💰 Daily P&L: $+0.00

[2026-07-30 23:43] O:7507.00 H:7507.25 L:7506.25 C:7506.50 V:91.0
  📈 Trend: strong_bullish | 🌍 Regime: ranging
  🗺️  Grid: 0.080% | 🔺 7507.25 🔻 7506.25
  📡 RSI: 70.6 | MACD: 2.33 | ATR: 1.09
  📊 Filled: 0 | Pending: 0
  🕐 Outside session (23:43 CT) — no entries
  💰 Daily P&L: $+0.00

[2026-07-30 23:44] O:7506.75 H:7507.50 L:7506.75 C:7507.50 V:110.0
  📈 Trend: strong_bullish | 🌍 Regime: ranging
  🗺️  Grid: 0.080% | 🔺 7507.25 🔻 7506.25
  📡 RSI: 75.7 | MACD: 2.35 | ATR: 1.12
  📊 Filled: 0 | Pending: 0
  🕐 Outside session (23:44 CT) — no entries
  💰 Daily P&L: $+0.00

[2026-07-30 23:45] O:7507.50 H:7508.50 L:7507.50 C:7508.25 V:231.0
  📈 Trend: strong_bullish | 🌍 Regime: ranging
  🗺️  Grid: 0.080% | 🔺 7507.50 🔻 7506.75
  📡 RSI: 79.5 | MACD: 2.40 | ATR: 1.14
  📊 Filled: 0 | Pending: 0
  🕐 Outside session (23:45 CT) — no entries
  💰 Daily P&L: $+0.00

[2026-07-30 23:46] O:7508.25 H:7508.25 L:7507.75 C:7508.25 V:101.0
  📈 Trend: strong_bullish | 🌍 Regime: ranging
  🗺️  Grid: 0.080% | 🔺 7508.50 🔻 7507.50
  📡 RSI: 76.5 | MACD: 2.41 | ATR: 1.07
  📊 Filled: 0 | Pending: 0
  🕐 Outside session (23:46 CT) — no entries
  💰 Daily P&L: $+0.00

[2026-07-30 23:47] O:7508.25 H:7508.25 L:7507.50 C:7507.50 V:154.0
  📈 Trend: strong_bullish | 🌍 Regime: ranging
  🗺️  Grid: 0.080% | 🔺 7508.25 🔻 7507.75
  📡 RSI: 67.6 | MACD: 2.33 | ATR: 1.02
  📊 Filled: 0 | Pending: 0
  🕐 Outside session (23:47 CT) — no entries
  💰 Daily P&L: $+0.00

[2026-07-30 23:48] O:7507.50 H:7507.75 L:7507.50 C:7507.50 V:85.0
  📈 Trend: strong_bullish | 🌍 Regime: ranging
  🗺️  Grid: 0.080% | 🔺 7508.25 🔻 7507.50
  📡 RSI: 65.6 | MACD: 2.24 | ATR: 0.96
  📊 Filled: 0 | Pending: 0
  🕐 Outside session (23:48 CT) — no entries
  💰 Daily P&L: $+0.00

[2026-07-30 23:49] O:7507.50 H:7507.75 L:7507.50 C:7507.75 V:56.0
  📈 Trend: strong_bullish | 🌍 Regime: ranging
  🗺️  Grid: 0.080% | 🔺 7507.75 🔻 7507.50
  📡 RSI: 65.6 | MACD: 2.16 | ATR: 0.93
  📊 Filled: 0 | Pending: 0
  🕐 Outside session (23:49 CT) — no entries
  💰 Daily P&L: $+0.00

[2026-07-30 23:50] O:7507.75 H:7507.75 L:7506.00 C:7507.50 V:159.0
  📈 Trend: strong_bullish | 🌍 Regime: ranging
  🗺️  Grid: 0.080% | 🔺 7507.75 🔻 7507.50
  📡 RSI: 63.6 | MACD: 2.06 | ATR: 1.00
  📊 Filled: 0 | Pending: 0
  🕐 Outside session (23:50 CT) — no entries
  💰 Daily P&L: $+0.00

[2026-07-30 23:51] O:7507.50 H:7507.75 L:7506.75 C:7506.75 V:62.0
  📈 Trend: strong_bullish | 🌍 Regime: ranging
  🗺️  Grid: 0.080% | 🔺 7507.75 🔻 7506.00
  📡 RSI: 63.6 | MACD: 1.90 | ATR: 0.96
  📊 Filled: 0 | Pending: 0
  🕐 Outside session (23:51 CT) — no entries
  💰 Daily P&L: $+0.00

[2026-07-30 23:52] O:7506.75 H:7507.25 L:7506.75 C:7507.25 V:53.0
  📈 Trend: strong_bullish | 🌍 Regime: ranging
  🗺️  Grid: 0.080% | 🔺 7507.75 🔻 7506.75
  📡 RSI: 64.7 | MACD: 1.79 | ATR: 0.96
  📊 Filled: 0 | Pending: 0
