2026-08-24 10:22:13 | ERROR    | Error 10148, reqId 714: OrderId 714 that needs to be cancelled cannot be cancelled, state: Cancelled.
2026-08-24 10:23:06 | ERROR    | Error 10147, reqId 714: OrderId 714 that needs to be cancelled is not found.
2026-08-24 11:29:06 | ERROR    | Error 10148, reqId 718: OrderId 718 that needs to be cancelled cannot be cancelled, state: Cancelled.
2026-08-24 13:21:05 | ERROR    | Error 10148, reqId 722: OrderId 722 that needs to be cancelled cannot be cancelled, state: PendingCancel.
2026-08-24 13:21:05 | WARNING  | Canceled order: Trade(contract=Contract(secType='FUT', conId=649180671, symbol='ES', lastTradeDateOrContractMonth='20260918', multiplier='50', exchange='CME', currency='USD', localSymbol='ESU6', tradingClass='ES'), order=Order(orderId=722, clientId=10, permId=2141996461, action='SELL', totalQuantity=10.0, orderType='LMT', lmtPrice=7684.75, auxPrice=0.0, tif='DAY', ocaGroup='exit_720_1787589427', ocaType=1), orderStatus=OrderStatus(orderId=722, status='Cancelled', filled=0.0, remaining=10.0, avgFillPrice=0.0, permId=2141996461, parentId=0, lastFillPrice=0.0, clientId=10, whyHeld='', mktCapPrice=0.0), fills=[], log=[TradeLogEntry(time=datetime.datetime(2026, 8, 24, 16, 37, 7, 361032, tzinfo=datetime.timezone.utc), status='PendingSubmit', message='', errorCode=0), TradeLogEntry(time=datetime.datetime(2026, 8, 24, 16, 37, 7, 420611, tzinfo=datetime.timezone.utc), status='PreSubmitted', message='', errorCode=0), TradeLogEntry(time=datetime.datetime(2026, 8, 24, 16, 37, 8, 421819, tzinfo=datetime.timezone.utc), status='Submitted', message='', errorCode=0), TradeLogEntry(time=datetime.datetime(2026, 8, 24, 17, 21, 5, 362399, tzinfo=datetime.timezone.utc), status='PreSubmitted', message='', errorCode=0), TradeLogEntry(time=datetime.datetime(2026, 8, 24, 17, 21, 5, 376756, tzinfo=datetime.timezone.utc), status='PendingCancel', message='', errorCode=0), TradeLogEntry(time=datetime.datetime(2026, 8, 24, 17, 21, 5, 382870, tzinfo=datetime.timezone.utc), status='PendingCancel', message='', errorCode=0), TradeLogEntry(time=datetime.datetime(2026, 8, 24, 17, 21, 5, 384871, tzinfo=datetime.timezone.utc), status='Cancelled', message='Error 10148, reqId 722: OrderId 722 that needs to be cancelled cannot be cancelled, state: PendingCancel.', errorCode=10148)], advancedError='')
2026-08-24 13:21:06 | ERROR    | Error 10148, reqId 722: OrderId 722 that needs to be cancelled cannot be cancelled, state: Cancelled.
2026-08-24 15:00:17 | ERROR    | Error 1100, reqId -1: Connectivity between IBKR and Trader Workstation has been lost.
2026-08-24 15:00:22 | ERROR    | Error handling fields: ['10', '709', 'ES', 'FUT', '20260918 08:30:00 US/Central', '0', '', 'CME', 'USD', 'ESU6', 'ES', 'ES', '649180671', '0.25', '50', 'ACTIVETIM,AD,ADJUST,ALERT,ALGO,ALLOC,AVGCOST,BASKET,BENCHPX,COND,CONDORDER,DAY,DEACT,DEACTDIS,DEACTEOD,GAT,GTC,GTD,GTT,HID,ICE,IOC,LIT,LMT,LTH,MIT,MKT,MTL,NGCOMB,NONALGO,OCA,PEGBENCH,SCALE,SCALERST,SNAPMID,SNAPMKT,SNAPREL,STP,STPLMT,TRAIL,TRAILLIT,TRAILLMT,TRAILMIT,WHATIF', 'CME,QBALGO', '1', '11004968', 'E-mini S&P 500', '', '202609', '', '', '', 'US/Central', '20260823:1700-20260824:1600;20260824:1700-20260825:1600;20260825:1700-20260826:1600;20260826:1700-20260827:1600;20260827:1700-20260828:1600', '20260824:0830-20260824:1600;20260825:0830-20260825:1600;20260826:0830-20260826:1600;20260827:0830-20260827:1600;20260828:0830-20260828:1600', '', '', '0', '2147483647', 'ES', 'IND', '67,67', '20260918', '', '1', '1', '1']
Traceback (most recent call last):
  File "C:\Python312\Lib\site-packages\ib_insync\decoder.py", line 198, in interpret
    handler(fields)
  File "C:\Python312\Lib\site-packages\ib_insync\decoder.py", line 336, in contractDetails
    self.wrapper.contractDetails(int(reqId), cd)
  File "C:\Python312\Lib\site-packages\ib_insync\wrapper.py", line 521, in contractDetails
    self._results[reqId].append(contractDetails)
    ~~~~~~~~~~~~~^^^^^^^
KeyError: 709
2026-08-24 15:00:22 | ERROR    | Error 1102, reqId -1: Connectivity between IBKR and Trader Workstation has been restored - data maintained. All data farms are connected: usfarm.nj; usfuture; usfarm; euhmds; fundfarm; ushmds; secdefnj.
.75 L:7671.25 C:7671.50 V:13308.0
  📈 Trend: strong_bullish (raw: strong_bearish) | 🌍 Regime: ranging
  🗺️  Grid: 0.080% | 🔺 7681.75 🔻 7679.50
  📡 RSI: 35.8 | MACD: -0.19 | ATR: 2.45
  📊 Filled: 0 | Pending: 0
  🕐 Outside session (08:30 CT) — no entries
  💰 Daily P&L: $+0.00

[2026-08-24 08:31] O:7671.50 H:7676.75 L:7669.00 C:7676.00 V:8180.0
  📈 Trend: strong_bearish | 🌍 Regime: ranging
  🗺️  Grid: 0.080% | 🔺 7682.75 🔻 7671.25
  📡 RSI: 43.5 | MACD: -0.31 | ATR: 2.91
  📊 Filled: 0 | Pending: 0
  🕐 Outside session (08:31 CT) — no entries
  💰 Daily P&L: $+0.00

[2026-08-24 08:32] O:7676.00 H:7676.25 L:7670.25 C:7670.75 V:4846.0
  📈 Trend: strong_bearish | 🌍 Regime: ranging
  🗺️  Grid: 0.080% | 🔺 7676.75 🔻 7669.00
  📡 RSI: 40.2 | MACD: -0.83 | ATR: 3.11
  📊 Filled: 0 | Pending: 0
  🕐 Outside session (08:32 CT) — no entries
  💰 Daily P&L: $+0.00

[2026-08-24 08:33] O:7671.00 H:7671.00 L:7666.25 C:7668.50 V:4969.0
  📈 Trend: strong_bearish | 🌍 Regime: ranging
  🗺️  Grid: 0.080% | 🔺 7676.25 🔻 7670.25
  📡 RSI: 33.1 | MACD: -1.40 | ATR: 3.27
  📊 Filled: 0 | Pending: 0
  🕐 Outside session (08:33 CT) — no entries
  💰 Daily P&L: $+0.00

[2026-08-24 08:34] O:7668.50 H:7670.00 L:7667.50 C:7669.00 V:4317.0
  📈 Trend: strong_bearish | 🌍 Regime: ranging
  🗺️  Grid: 0.080% | 🔺 7671.00 🔻 7666.25
  📡 RSI: 34.2 | MACD: -1.79 | ATR: 3.38
  📊 Filled: 0 | Pending: 0
  🕐 Outside session (08:34 CT) — no entries
  💰 Daily P&L: $+0.00

[2026-08-24 08:35] O:7669.00 H:7671.75 L:7665.75 C:7670.75 V:6025.0
  📈 Trend: strong_bearish | 🌍 Regime: ranging
  🗺️  Grid: 0.080% | 🔺 7670.00 🔻 7667.50
  📡 RSI: 38.1 | MACD: -1.94 | ATR: 3.75
  📊 Filled: 0 | Pending: 0
  🕐 Outside session (08:35 CT) — no entries
  💰 Daily P&L: $+0.00

[2026-08-24 08:36] O:7670.75 H:7672.75 L:7668.50 C:7672.00 V:3701.0
  📈 Trend: strong_bearish | 🌍 Regime: ranging
  🗺️  Grid: 0.080% | 🔺 7671.75 🔻 7665.75
  📡 RSI: 40.5 | MACD: -1.93 | ATR: 4.02
  📊 Filled: 0 | Pending: 0
  🕐 Outside session (08:36 CT) — no entries
  💰 Daily P&L: $+0.00

[2026-08-24 08:37] O:7672.25 H:7672.50 L:7669.25 C:7669.25 V:2608.0
  📈 Trend: strong_bearish | 🌍 Regime: ranging
  🗺️  Grid: 0.080% | 🔺 7672.75 🔻 7668.50
  📡 RSI: 38.1 | MACD: -2.12 | ATR: 4.14
  📊 Filled: 0 | Pending: 0
  🕐 Outside session (08:37 CT) — no entries
  💰 Daily P&L: $+0.00

[2026-08-24 08:38] O:7669.50 H:7671.25 L:7664.75 C:7666.75 V:6795.0
  📈 Trend: strong_bearish | 🌍 Regime: ranging
  🗺️  Grid: 0.080% | 🔺 7672.50 🔻 7669.25
  📡 RSI: 36.1 | MACD: -2.45 | ATR: 4.55
  📊 Filled: 0 | Pending: 0
  🕐 Outside session (08:38 CT) — no entries
  💰 Daily P&L: $+0.00

[2026-08-24 08:39] O:7666.50 H:7668.75 L:7665.75 C:7668.00 V:4078.0
  📈 Trend: strong_bearish | 🌍 Regime: ranging
  🗺️  Grid: 0.080% | 🔺 7671.25 🔻 7664.75
  📡 RSI: 38.7 | MACD: -2.58 | ATR: 4.68
  📊 Filled: 0 | Pending: 0
  🕐 Outside session (08:39 CT) — no entries
  💰 Daily P&L: $+0.00

[2026-08-24 08:40] O:7668.25 H:7670.00 L:7665.25 C:7669.75 V:4899.0
  📈 Trend: strong_bearish | 🌍 Regime: ranging
  🗺️  Grid: 0.080% | 🔺 7668.75 🔻 7665.75
  📡 RSI: 41.4 | MACD: -2.51 | ATR: 4.88
  📊 Filled: 0 | Pending: 0
  🕐 Outside session (08:40 CT) — no entries
  💰 Daily P&L: $+0.00

[2026-08-24 08:41] O:7669.75 H:7672.00 L:7668.00 C:7669.75 V:3940.0
  📈 Trend: strong_bearish | 🌍 Regime: ranging
  🗺️  Grid: 0.080% | 🔺 7670.00 🔻 7665.25
  📡 RSI: 37.4 | MACD: -2.43 | ATR: 4.95
  📊 Filled: 0 | Pending: 0
  🕐 Outside session (08:41 CT) — no entries
  💰 Daily P&L: $+0.00

[2026-08-24 08:42] O:7669.50 H:7669.50 L:7663.00 C:7663.25 V:4959.0
  📈 Trend: strong_bearish | 🌍 Regime: ranging
  🗺️  Grid: 0.082% | 🔺 7672.00 🔻 7668.00
  📡 RSI: 27.2 | MACD: -2.85 | ATR: 5.23
  📊 Filled: 0 | Pending: 0
  🕐 Outside session (08:42 CT) — no entries
  💰 Daily P&L: $+0.00

[2026-08-24 08:43] O:7663.00 H:7663.75 L:7661.50 C:7662.00 V:5367.0
  📈 Trend: strong_bearish | 🌍 Regime: ranging
  🗺️  Grid: 0.082% | 🔺 7669.50 🔻 7663.00
  📡 RSI: 26.3 | MACD: -3.25 | ATR: 5.23
  📊 Filled: 0 | Pending: 0
  🕐 Outside session (08:43 CT) — no entries
  💰 Daily P&L: $+0.00

[2026-08-24 08:44] O:7661.75 H:7662.75 L:7655.75 C:7656.00 V:7210.0
  📈 Trend: strong_bearish | 🌍 Regime: ranging
  🗺️  Grid: 0.080% | 🔺 7663.75 🔻 7661.50
  📡 RSI: 29.3 | MACD: -4.01 | ATR: 4.91
  📊 Filled: 0 | Pending: 0
  🕐 Outside session (08:44 CT) — no entries
  💰 Daily P&L: $+0.00

[2026-08-24 08:45] O:7656.00 H:7659.50 L:7655.00 C:7658.00 V:6662.0
  📈 Trend: strong_bearish | 🌍 Regime: trending_bearish
  🗺️  Grid: 0.080% | 🔺 7662.75 🔻 7655.75
  📡 RSI: 24.3 | MACD: -4.40 | ATR: 4.68
  📊 Filled: 0 | Pending: 0
  💰 Daily P&L: $+0.00

[2026-08-24 08:46] O:7658.00 H:7664.75 L:7657.75 C:7664.50 V:6635.0
  📈 Trend: strong_bearish | 🌍 Regime: trending_bearish
  🗺️  Grid: 0.080% | 🔺 7659.50 🔻 7655.00
  📡 RSI: 41.4 | MACD: -4.13 | ATR: 4.75
  📊 Filled: 0 | Pending: 0
  💰 Daily P&L: $+0.00

[2026-08-24 08:47] O:7664.50 H:7668.00 L:7663.75 C:7665.75 V:5155.0
  📈 Trend: strong_bearish | 🌍 Regime: trending_bearish
  🗺️  Grid: 0.080% | 🔺 7664.75 🔻 7657.75
  📡 RSI: 46.1 | MACD: -3.78 | ATR: 4.71
  📊 Filled: 0 | Pending: 0
  💰 Daily P&L: $+0.00

[2026-08-24 08:48] O:7665.50 H:7668.00 L:7665.00 C:7668.00 V:3924.0
  📈 Trend: strong_bearish | 🌍 Regime: trending_bearish
  🗺️  Grid: 0.080% | 🔺 7668.00 🔻 7663.75
  📡 RSI: 48.6 | MACD: -3.28 | ATR: 4.75
  📊 Filled: 0 | Pending: 0
  💰 Daily P&L: $+0.00

[2026-08-24 08:49] O:7667.75 H:7670.25 L:7665.00 C:7665.75 V:4840.0
  📈 Trend: strong_bearish | 🌍 Regime: trending_bearish
  🗺️  Grid: 0.080% | 🔺 7668.00 🔻 7665.00
  📡 RSI: 43.3 | MACD: -3.03 | ATR: 4.70
  📊 Filled: 0 | Pending: 0
  💰 Daily P&L: $+0.00

[2026-08-24 08:50] O:7665.75 H:7666.25 L:7663.25 C:7664.50 V:4445.0
  📈 Trend: strong_bearish | 🌍 Regime: trending_bearish
  🗺️  Grid: 0.080% | 🔺 7670.25 🔻 7665.00
  📡 RSI: 40.0 | MACD: -2.89 | ATR: 4.61
  📊 Filled: 0 | Pending: 0
  💰 Daily P&L: $+0.00

[2026-08-24 08:51] O:7664.25 H:7666.75 L:7663.75 C:7664.00 V:3485.0
  📈 Trend: strong_bearish | 🌍 Regime: trending_bearish
  🗺️  Grid: 0.080% | 🔺 7666.25 🔻 7663.25
  📡 RSI: 42.6 | MACD: -2.80 | ATR: 4.59
  📊 Filled: 0 | Pending: 0
  💰 Daily P&L: $+0.00

[2026-08-24 08:52] O:7664.25 H:7665.75 L:7662.00 C:7662.25 V:4226.0
  📈 Trend: strong_bearish | 🌍 Regime: trending_bearish
  🗺️  Grid: 0.080% | 🔺 7666.75 🔻 7663.75
  📡 RSI: 43.5 | MACD: -2.83 | ATR: 4.39
  📊 Filled: 0 | Pending: 0
  💰 Daily P&L: $+0.00

[2026-08-24 08:53] O:7662.00 H:7666.50 L:7662.00 C:7666.25 V:3180.0
  📈 Trend: strong_bearish | 🌍 Regime: trending_bearish
  🗺️  Grid: 0.080% | 🔺 7665.75 🔻 7662.00
  📡 RSI: 47.7 | MACD: -2.51 | ATR: 4.50
  📊 Filled: 0 | Pending: 0
  💰 Daily P&L: $+0.00

[2026-08-24 08:54] O:7666.25 H:7670.00 L:7665.75 C:7669.25 V:3832.0
  📈 Trend: strong_bearish | 🌍 Regime: trending_bearish
  🗺️  Grid: 0.080% | 🔺 7666.50 🔻 7662.00
  📡 RSI: 49.4 | MACD: -1.98 | ATR: 4.46
  📊 Filled: 0 | Pending: 0
  💰 Daily P&L: $+0.00

[2026-08-24 08:55] O:7669.00 H:7670.00 L:7666.75 C:7668.25 V:4183.0
  📈 Trend: strong_bearish | 🌍 Regime: trending_bearish
  🗺️  Grid: 0.080% | 🔺 7670.00 🔻 7665.75
  📡 RSI: 48.1 | MACD: -1.63 | ATR: 4.41
  📊 Filled: 0 | Pending: 0
  💰 Daily P&L: $+0.00

[2026-08-24 08:56] O:7668.25 H:7671.00 L:7667.75 C:7669.50 V:3603.0
  📈 Trend: strong_bearish (raw: moderate_bearish) | 🌍 Regime: trending_bearish
  🗺️  Grid: 0.080% | 🔺 7670.00 🔻 7666.75
  📡 RSI: 59.1 | MACD: -1.24 | ATR: 4.16
  📊 Filled: 0 | Pending: 0
  💰 Daily P&L: $+0.00

[2026-08-24 08:57] O:7669.50 H:7670.50 L:7667.50 C:7668.25 V:2936.0
  📈 Trend: moderate_bearish | 🌍 Regime: trending_bearish
  🗺️  Grid: 0.080% | 🔺 7671.00 🔻 7667.75
  📡 RSI: 59.1 | MACD: -1.01 | ATR: 4.21
  📊 Filled: 0 | Pending: 0
  💰 Daily P&L: $+0.00

[2026-08-24 08:58] O:7668.00 H:7671.00 L:7666.75 C:7670.75 V:2690.0
  📈 Trend: moderate_bearish | 🌍 Regime: trending_bearish
  🗺️  Grid: 0.080% | 🔺 7670.50 🔻 7667.50
  📡 RSI: 74.0 | MACD: -0.63 | ATR: 4.02
  📊 Filled: 0 | Pending: 0
  💰 Daily P&L: $+0.00

[2026-08-24 08:59] O:7670.75 H:7671.00 L:7667.75 C:7668.50 V:2407.0
  📈 Trend: moderate_bearish (raw: strong_bearish) | 🌍 Regime: trending_bearish
  🗺️  Grid: 0.080% | 🔺 7671.00 🔻 7666.75
  📡 RSI: 66.9 | MACD: -0.50 | ATR: 3.93
  📊 Filled: 0 | Pending: 0
  💰 Daily P&L: $+0.00

[2026-08-24 09:00] O:7668.75 H:7670.25 L:7666.50 C:7669.25 V:5217.0
  📈 Trend: strong_bearish | 🌍 Regime: trending_bearish
  🗺️  Grid: 0.080% | 🔺 7671.00 🔻 7667.75
  📡 RSI: 59.4 | MACD: -0.33 | ATR: 3.70
  📊 Filled: 0 | Pending: 0
  💰 Daily P&L: $+0.00

[2026-08-24 09:01] O:7669.25 H:7674.00 L:7669.00 C:7672.00 V:4110.0
  📈 Trend: strong_bearish (raw: moderate_bullish) | 🌍 Regime: trending_bullish
  🗺️  Grid: 0.080% | 🔺 7670.25 🔻 7666.50
  📡 RSI: 61.7 | MACD: 0.02 | ATR: 3.75
  📊 Filled: 0 | Pending: 0
  💰 Daily P&L: $+0.00

[2026-08-24 09:02] O:7671.75 H:7672.25 L:7664.75 C:7665.00 V:5437.0
  📈 Trend: strong_bearish (raw: moderate_bearish) | 🌍 Regime: ranging
  🗺️  Grid: 0.080% | 🔺 7674.00 🔻 7669.00
  📡 RSI: 45.2 | MACD: -0.26 | ATR: 4.07
  📊 Filled: 0 | Pending: 0
  🔲 Regime: RANGING | Range pos: 36% | RSI: 45.2
  💰 Daily P&L: $+0.00

[2026-08-24 09:03] O:7665.00 H:7666.00 L:7663.00 C:7664.00 V:3585.0
  📈 Trend: moderate_bearish | 🌍 Regime: ranging
  🗺️  Grid: 0.080% | 🔺 7672.25 🔻 7664.75
  📡 RSI: 47.1 | MACD: -0.55 | ATR: 3.91
  📊 Filled: 0 | Pending: 0
  🔲 Regime: RANGING | Range pos: 32% | RSI: 47.1
  💰 Daily P&L: $+0.00

[2026-08-24 09:04] O:7664.25 H:7665.00 L:7662.25 C:7664.25 V:2856.0
  📈 Trend: moderate_bearish | 🌍 Regime: ranging
  🗺️  Grid: 0.080% | 🔺 7666.00 🔻 7663.00
  📡 RSI: 49.6 | MACD: -0.76 | ATR: 3.89
  📊 Filled: 0 | Pending: 0
  🔲 Regime: RANGING | Range pos: 33% | RSI: 49.6
  💰 Daily P&L: $+0.00

[2026-08-24 09:05] O:7664.25 H:7666.50 L:7663.50 C:7665.75 V:3068.0
  📈 Trend: moderate_bearish (raw: strong_bearish) | 🌍 Regime: ranging
  🗺️  Grid: 0.080% | 🔺 7665.00 🔻 7662.25
  📡 RSI: 52.9 | MACD: -0.79 | ATR: 3.89
  📊 Filled: 0 | Pending: 0
  🔲 Regime: RANGING | Range pos: 39% | RSI: 52.9
  💰 Daily P&L: $+0.00

[2026-08-24 09:06] O:7665.75 H:7666.00 L:7662.75 C:7663.50 V:2717.0
  📈 Trend: strong_bearish | 🌍 Regime: ranging
  🗺️  Grid: 0.080% | 🔺 7666.50 🔻 7663.50
  📡 RSI: 52.0 | MACD: -0.99 | ATR: 3.86
  📊 Filled: 0 | Pending: 0
  🔲 Regime: RANGING | Range pos: 31% | RSI: 52.0
  💰 Daily P&L: $+0.00

[2026-08-24 09:07] O:7663.50 H:7664.00 L:7662.50 C:7663.25 V:2224.0
  📈 Trend: strong_bearish | 🌍 Regime: ranging
  🗺️  Grid: 0.080% | 🔺 7666.00 🔻 7662.75
  📡 RSI: 44.4 | MACD: -1.15 | ATR: 3.64
  📊 Filled: 0 | Pending: 0
  🔲 Regime: RANGING | Range pos: 30% | RSI: 44.4
  💰 Daily P&L: $+0.00

[2026-08-24 09:08] O:7663.25 H:7663.75 L:7661.25 C:7661.75 V:3731.0
  📈 Trend: strong_bearish | 🌍 Regime: ranging
  🗺️  Grid: 0.080% | 🔺 7664.00 🔻 7662.50
  📡 RSI: 35.3 | MACD: -1.39 | ATR: 3.52
  📊 Filled: 0 | Pending: 0
  🔲 Regime: RANGING | Range pos: 24% | RSI: 35.3
  💰 Daily P&L: $+0.00

[2026-08-24 09:09] O:7661.50 H:7663.75 L:7660.25 C:7663.50 V:2538.0
  📈 Trend: strong_bearish | 🌍 Regime: ranging
  🗺️  Grid: 0.080% | 🔺 7663.75 🔻 7661.25
  📡 RSI: 41.0 | MACD: -1.41 | ATR: 3.54
  📊 Filled: 0 | Pending: 0
  🔲 Regime: RANGING | Range pos: 31% | RSI: 41.0
  💰 Daily P&L: $+0.00

[2026-08-24 09:10] O:7663.50 H:7663.50 L:7661.50 C:7663.00 V:2201.0
  📈 Trend: strong_bearish | 🌍 Regime: ranging
  🗺️  Grid: 0.080% | 🔺 7663.75 🔻 7660.25
  📡 RSI: 37.3 | MACD: -1.46 | ATR: 3.45
  📊 Filled: 0 | Pending: 0
  🔲 Regime: RANGING | Range pos: 29% | RSI: 37.3
  💰 Daily P&L: $+0.00

[2026-08-24 09:11] O:7663.00 H:7664.00 L:7660.50 C:7661.25 V:3129.0
  📈 Trend: strong_bearish | 🌍 Regime: ranging
  🗺️  Grid: 0.080% | 🔺 7663.50 🔻 7661.50
  📡 RSI: 36.5 | MACD: -1.62 | ATR: 3.48
  📊 Filled: 0 | Pending: 0
  🔲 Regime: RANGING | Range pos: 23% | RSI: 36.5
  💰 Daily P&L: $+0.00

[2026-08-24 09:12] O:7661.50 H:7661.50 L:7659.75 C:7659.75 V:2041.0
  📈 Trend: strong_bearish | 🌍 Regime: ranging
  🗺️  Grid: 0.080% | 🔺 7664.00 🔻 7660.50
  📡 RSI: 28.0 | MACD: -1.84 | ATR: 3.30
  📊 Filled: 0 | Pending: 0
  🔲 Regime: RANGING | Range pos: 17% | RSI: 28.0
  📤 Limit BUY 10 @ 7659.75 submitted (ID: 712)
  📋 Order 712 status: Submitted
  ⬆️ LONG ORDER @ 7659.75 | Size: 1.00 | SL: 7653.25 | TP: 7669.75 [10cts]
     Reason: Grid Long (sideways, RSI: 28.0)
  🔬 SHADOW [long ranging]: 🟥 ROBUST WOULD BLOCK (1 filter)
       MACD=BLOCK (-1.84 vs -1.62, Δ-0.23) | 5m=N/A (ranging)
     ⏳ Order 712 PENDING - awaiting fill confirmation
  💰 Daily P&L: $+0.00
  ✅ Fill: BOT 10.0 @ 7659.75
  📋 Order 712 status: Filled
  📤 Stop-Limit SELL 10 @ stop:7651.75 / lmt:7647.75 submitted (ID: 713) [OCA:exit_712_1787580846]
  📋 Order 713 status: PreSubmitted
  📤 Limit SELL 10 @ 7669.75 submitted (ID: 714) [OCA:exit_712_1787580846]
  📋 Order 714 status: PreSubmitted
  ✅ FILL CONFIRMED: LONG @ 7659.75 (order 712)
     📊 Bracket placed: SL #713 @ 7651.75 | TP #714 @ 7669.75
     Trail activates @ +7.5 pts

[2026-08-24 09:13] O:7659.75 H:7663.00 L:7659.50 C:7661.50 V:3012.0
  📈 Trend: strong_bearish | 🌍 Regime: ranging
  🗺️  Grid: 0.080% | 🔺 7661.50 🔻 7659.75
  📡 RSI: 35.7 | MACD: -1.86 | ATR: 3.32
  📊 Filled: 1 | Pending: 0
  📍 LONG @ 7659.75 | SL: 7651.75 | TP: 7669.75 | P&L: $+875.00 | +7.5 to trail
  💰 Daily P&L: $+0.00
  📋 Order 714 status: Submitted

[2026-08-24 09:14] O:7661.75 H:7664.50 L:7661.00 C:7664.25 V:2361.0
  📈 Trend: strong_bearish | 🌍 Regime: ranging
  🗺️  Grid: 0.080% | 🔺 7663.00 🔻 7659.50
  📡 RSI: 40.6 | MACD: -1.63 | ATR: 3.30
  📊 Filled: 1 | Pending: 0
  📍 LONG @ 7659.75 | SL: 7651.75 | TP: 7669.75 | P&L: $+2,250.00 | +4.2 to trail
  💰 Daily P&L: $+0.00

[2026-08-24 09:15] O:7664.25 H:7664.75 L:7661.00 C:7663.00 V:2520.0
  📈 Trend: strong_bearish | 🌍 Regime: ranging
  🗺️  Grid: 0.080% | 🔺 7664.50 🔻 7661.00
  📡 RSI: 32.0 | MACD: -1.54 | ATR: 3.21
  📊 Filled: 1 | Pending: 0
  📍 LONG @ 7659.75 | SL: 7651.75 | TP: 7669.75 | P&L: $+1,625.00 | +2.8 to trail
  💰 Daily P&L: $+0.00

[2026-08-24 09:16] O:7663.00 H:7665.00 L:7662.75 C:7663.75 V:2873.0
  📈 Trend: strong_bearish | 🌍 Regime: ranging
  🗺️  Grid: 0.080% | 🔺 7664.75 🔻 7661.00
  📡 RSI: 46.7 | MACD: -1.38 | ATR: 2.84
  📊 Filled: 1 | Pending: 0
  📍 LONG @ 7659.75 | SL: 7651.75 | TP: 7669.75 | P&L: $+2,000.00 | +2.5 to trail
  💰 Daily P&L: $+0.00

[2026-08-24 09:17] O:7663.75 H:7664.50 L:7661.25 C:7661.50 V:2819.0
  📈 Trend: strong_bearish | 🌍 Regime: ranging
  🗺️  Grid: 0.080% | 🔺 7665.00 🔻 7662.75
  📡 RSI: 43.8 | MACD: -1.43 | ATR: 2.86
  📊 Filled: 1 | Pending: 0
  📍 LONG @ 7659.75 | SL: 7651.75 | TP: 7669.75 | P&L: $+875.00 | +2.2 to trail
  💰 Daily P&L: $+0.00

[2026-08-24 09:18] O:7661.50 H:7662.75 L:7660.50 C:7662.50 V:1774.0
  📈 Trend: strong_bearish | 🌍 Regime: ranging
  🗺️  Grid: 0.080% | 🔺 7664.50 🔻 7661.25
  📡 RSI: 45.8 | MACD: -1.36 | ATR: 2.82
  📊 Filled: 1 | Pending: 0
  📍 LONG @ 7659.75 | SL: 7651.75 | TP: 7669.75 | P&L: $+1,375.00 | +2.2 to trail
  💰 Daily P&L: $+0.00

[2026-08-24 09:19] O:7662.50 H:7664.00 L:7661.50 C:7663.00 V:1492.0
  📈 Trend: strong_bearish | 🌍 Regime: ranging
  🗺️  Grid: 0.080% | 🔺 7662.75 🔻 7660.50
  📡 RSI: 43.0 | MACD: -1.26 | ATR: 2.79
  📊 Filled: 1 | Pending: 0
  📍 LONG @ 7659.75 | SL: 7651.75 | TP: 7669.75 | P&L: $+1,625.00 | +2.2 to trail
  💰 Daily P&L: $+0.00

[2026-08-24 09:20] O:7662.75 H:7666.00 L:7662.75 C:7665.25 V:3272.0
  📈 Trend: strong_bearish | 🌍 Regime: trending_bearish
  🗺️  Grid: 0.080% | 🔺 7664.00 🔻 7661.50
  📡 RSI: 54.4 | MACD: -0.98 | ATR: 2.79
  📊 Filled: 1 | Pending: 0
  📍 LONG @ 7659.75 | SL: 7651.75 | TP: 7669.75 | P&L: $+2,750.00 | +2.2 to trail
  💰 Daily P&L: $+0.00

[2026-08-24 09:21] O:7665.50 H:7668.25 L:7665.00 C:7668.00 V:3295.0
  📈 Trend: strong_bearish (raw: moderate_bearish) | 🌍 Regime: trending_bearish
  🗺️  Grid: 0.080% | 🔺 7666.00 🔻 7662.75
  📡 RSI: 60.7 | MACD: -0.54 | ATR: 2.91
  📊 Filled: 1 | Pending: 0
  📍 LONG @ 7659.75 | SL: 7651.75 | TP: 7669.75 | P&L: $+4,125.00 | +1.2 to trail
  ✏️ Stop order 713 modified → 7666.75 [confirmed]
  🔄 TRAILING ACTIVATED @ +8.50pts | Stop: 7651.75 → 7666.75
  💰 Daily P&L: $+0.00
  📋 Order 714 status: PreSubmitted
  📋 Order 714 status: PendingCancel
  ✅ Fill: SLD 10.0 @ 7666.75
  📋 Order 713 status: Filled
  📋 Order 714 status: PendingCancel
  🛡️ OCA backup: cancelling sibling order 714 immediately after 713 filled
  📋 Order 714 status: Cancelled

[2026-08-24 09:22] O:7668.00 H:7669.00 L:7666.75 C:7668.75 V:2893.0
  📈 Trend: moderate_bearish | 🌍 Regime: trending_bearish
  🗺️  Grid: 0.080% | 🔺 7668.25 🔻 7665.00
  📡 RSI: 66.3 | MACD: -0.12 | ATR: 2.89
  📊 Filled: 1 | Pending: 0
  📍 LONG @ 7659.75 | Trail: 7666.75 | TP: 7669.75 | P&L: $+4,500.00 | 🔒 Trailing
  ✅ EXIT LONG @ 7666.75 | Trailing Stop
     P&L: +7.00 pts ($+3,500.00) | Daily: $+3,500.00
  ⚠️ POSITION MISMATCH after exit: broker=-1, bot expects=0
  🛟 Flattening stray -1 contract(s) with BUY to restore expected exposure
  📤 Market BUY 1 contracts submitted (ID: 715)
  📋 Order 715 status: PreSubmitted
  ✅ Fill: BOT 1.0 @ 7668.75
  📋 Order 715 status: Filled
  ⏸️ Cooldown: 2 bar(s) remaining after exit
  💰 Daily P&L: $+3,500.00

[2026-08-24 09:23] O:7668.50 H:7669.25 L:7664.50 C:7666.00 V:3581.0
  📈 Trend: moderate_bearish | 🌍 Regime: trending_bearish
  🗺️  Grid: 0.080% | 🔺 7669.00 🔻 7666.75
  📡 RSI: 55.6 | MACD: -0.01 | ATR: 2.98
  📊 Filled: 0 | Pending: 0
  ⏸️ Cooldown: 1 bar(s) remaining after exit
  💰 Daily P&L: $+3,500.00

[2026-08-24 09:24] O:7665.75 H:7665.75 L:7662.00 C:7662.50 V:2701.0
  📈 Trend: moderate_bearish (raw: strong_bearish) | 🌍 Regime: trending_bearish
  🗺️  Grid: 0.080% | 🔺 7669.25 🔻 7664.50
  📡 RSI: 49.0 | MACD: -0.21 | ATR: 3.12
  📊 Filled: 0 | Pending: 0
  💰 Daily P&L: $+3,500.00

[2026-08-24 09:25] O:7662.75 H:7663.00 L:7661.50 C:7661.75 V:2388.0
  📈 Trend: strong_bearish | 🌍 Regime: trending_bearish
  🗺️  Grid: 0.080% | 🔺 7665.75 🔻 7662.00
  📡 RSI: 51.0 | MACD: -0.42 | ATR: 2.98
  📊 Filled: 0 | Pending: 0
  💰 Daily P&L: $+3,500.00

[2026-08-24 09:26] O:7661.75 H:7663.00 L:7660.50 C:7662.25 V:2614.0
  📈 Trend: strong_bearish | 🌍 Regime: trending_bearish
  🗺️  Grid: 0.080% | 🔺 7663.00 🔻 7661.50
  📡 RSI: 55.3 | MACD: -0.54 | ATR: 3.04
  📊 Filled: 0 | Pending: 0
  💰 Daily P&L: $+3,500.00

[2026-08-24 09:27] O:7662.25 H:7663.00 L:7661.25 C:7662.00 V:2014.0
  📈 Trend: strong_bearish | 🌍 Regime: trending_bearish
  🗺️  Grid: 0.080% | 🔺 7663.00 🔻 7660.50
  📡 RSI: 51.1 | MACD: -0.65 | ATR: 2.91
  📊 Filled: 0 | Pending: 0
  💰 Daily P&L: $+3,500.00

[2026-08-24 09:28] O:7662.00 H:7665.50 L:7661.25 C:7665.00 V:2860.0
  📈 Trend: strong_bearish (raw: moderate_bearish) | 🌍 Regime: trending_bearish
  🗺️  Grid: 0.080% | 🔺 7663.00 🔻 7661.25
  📡 RSI: 51.7 | MACD: -0.48 | ATR: 2.96
  📊 Filled: 0 | Pending: 0
  💰 Daily P&L: $+3,500.00

[2026-08-24 09:29] O:7665.00 H:7665.00 L:7662.50 C:7663.25 V:2040.0
  📈 Trend: moderate_bearish | 🌍 Regime: trending_bearish
  🗺️  Grid: 0.080% | 🔺 7665.50 🔻 7661.25
  📡 RSI: 50.5 | MACD: -0.49 | ATR: 2.88
  📊 Filled: 0 | Pending: 0
  💰 Daily P&L: $+3,500.00

[2026-08-24 09:30] O:7663.25 H:7667.75 L:7661.75 C:7667.50 V:2860.0
  📈 Trend: moderate_bearish | 🌍 Regime: trending_bearish
  🗺️  Grid: 0.080% | 🔺 7665.00 🔻 7662.50
  📡 RSI: 57.1 | MACD: -0.15 | ATR: 3.14
  📊 Filled: 0 | Pending: 0
  💰 Daily P&L: $+3,500.00

[2026-08-24 09:31] O:7667.50 H:7669.75 L:7667.00 C:7668.50 V:3780.0
  📈 Trend: moderate_bearish (raw: moderate_bullish) | 🌍 Regime: ranging
  🗺️  Grid: 0.080% | 🔺 7667.75 🔻 7661.75
  📡 RSI: 64.0 | MACD: 0.20 | ATR: 3.11
  📊 Filled: 0 | Pending: 0
  🔲 Regime: RANGING | Range pos: 49% | RSI: 64.0
  💰 Daily P&L: $+3,500.00

[2026-08-24 09:32] O:7668.25 H:7670.00 L:7668.00 C:7669.25 V:2402.0
  📈 Trend: moderate_bullish | 🌍 Regime: ranging
  🗺️  Grid: 0.080% | 🔺 7669.75 🔻 7667.00
  📡 RSI: 63.6 | MACD: 0.53 | ATR: 3.09
  📊 Filled: 0 | Pending: 0
  🔲 Regime: RANGING | Range pos: 51% | RSI: 63.6
  💰 Daily P&L: $+3,500.00

[2026-08-24 09:33] O:7669.25 H:7671.75 L:7669.25 C:7670.50 V:2701.0
  📈 Trend: moderate_bullish (raw: strong_bullish) | 🌍 Regime: ranging
  🗺️  Grid: 0.080% | 🔺 7670.00 🔻 7668.00
  📡 RSI: 64.7 | MACD: 0.88 | ATR: 3.09
  📊 Filled: 0 | Pending: 0
  🔲 Regime: RANGING | Range pos: 56% | RSI: 64.7
  💰 Daily P&L: $+3,500.00

[2026-08-24 09:34] O:7670.50 H:7671.25 L:7669.75 C:7670.50 V:2937.0
  📈 Trend: strong_bullish | 🌍 Regime: ranging
  🗺️  Grid: 0.080% | 🔺 7671.75 🔻 7669.25
  📡 RSI: 61.3 | MACD: 1.14 | ATR: 2.96
  📊 Filled: 0 | Pending: 0
  🔲 Regime: RANGING | Range pos: 56% | RSI: 61.3
  💰 Daily P&L: $+3,500.00

[2026-08-24 09:35] O:7670.50 H:7671.75 L:7669.50 C:7670.50 V:2474.0
  📈 Trend: strong_bullish | 🌍 Regime: ranging
  🗺️  Grid: 0.080% | 🔺 7671.25 🔻 7669.75
  📡 RSI: 56.1 | MACD: 1.34 | ATR: 2.89
  📊 Filled: 0 | Pending: 0
  🔲 Regime: RANGING | Range pos: 56% | RSI: 56.1
  💰 Daily P&L: $+3,500.00

[2026-08-24 09:36] O:7670.75 H:7673.00 L:7670.00 C:7672.75 V:2819.0
  📈 Trend: strong_bullish | 🌍 Regime: ranging
  🗺️  Grid: 0.080% | 🔺 7671.75 🔻 7669.50
  📡 RSI: 59.1 | MACD: 1.66 | ATR: 2.95
  📊 Filled: 0 | Pending: 0
  🔲 Regime: RANGING | Range pos: 64% | RSI: 59.1
  💰 Daily P&L: $+3,500.00

[2026-08-24 09:37] O:7672.75 H:7673.00 L:7671.00 C:7671.50 V:2157.0
  📈 Trend: strong_bullish | 🌍 Regime: ranging
  🗺️  Grid: 0.080% | 🔺 7673.00 🔻 7670.00
  📡 RSI: 63.4 | MACD: 1.79 | ATR: 2.75
  📊 Filled: 0 | Pending: 0
  🔲 Regime: RANGING | Range pos: 59% | RSI: 63.4
  💰 Daily P&L: $+3,500.00

[2026-08-24 09:38] O:7671.50 H:7673.00 L:7670.75 C:7672.25 V:2056.0
  📈 Trend: strong_bullish | 🌍 Regime: ranging
  🗺️  Grid: 0.080% | 🔺 7673.00 🔻 7671.00
  📡 RSI: 77.5 | MACD: 1.93 | ATR: 2.62
  📊 Filled: 0 | Pending: 0
  🔲 Regime: RANGING | Range pos: 62% | RSI: 77.5
  💰 Daily P&L: $+3,500.00

[2026-08-24 09:39] O:7672.00 H:7672.50 L:7670.25 C:7671.00 V:1460.0
  📈 Trend: strong_bullish | 🌍 Regime: ranging
  🗺️  Grid: 0.080% | 🔺 7673.00 🔻 7670.75
  📡 RSI: 75.3 | MACD: 1.92 | ATR: 2.68
  📊 Filled: 0 | Pending: 0
  🔲 Regime: RANGING | Range pos: 58% | RSI: 75.3
  💰 Daily P&L: $+3,500.00

[2026-08-24 09:40] O:7671.25 H:7672.25 L:7670.00 C:7672.00 V:1802.0
  📈 Trend: strong_bullish | 🌍 Regime: ranging
  🗺️  Grid: 0.080% | 🔺 7672.50 🔻 7670.25
  📡 RSI: 76.0 | MACD: 1.96 | ATR: 2.66
  📊 Filled: 0 | Pending: 0
  🔲 Regime: RANGING | Range pos: 61% | RSI: 76.0
  💰 Daily P&L: $+3,500.00

[2026-08-24 09:41] O:7672.00 H:7675.50 L:7671.25 C:7675.00 V:3258.0
  📈 Trend: strong_bullish | 🌍 Regime: ranging
  🗺️  Grid: 0.080% | 🔺 7672.25 🔻 7670.00
  📡 RSI: 80.2 | MACD: 2.22 | ATR: 2.84
  📊 Filled: 0 | Pending: 0
  🔲 Regime: RANGING | Range pos: 72% | RSI: 80.2
  📤 Limit SELL 10 @ 7675.00 submitted (ID: 716)
  📋 Order 716 status: Submitted
  ⬇️ SHORT ORDER @ 7675.00 | Size: 1.00 | SL: 7680.75 | TP: 7666.50 [10cts]
     Reason: Grid Short (sideways, RSI: 80.2)
  🔬 SHADOW [short ranging]: 🟥 ROBUST WOULD BLOCK (1 filter)
       MACD=BLOCK (+2.22 vs +1.96, Δ+0.26) | 5m=N/A (ranging)
     ⏳ Order 716 PENDING - awaiting fill confirmation
  💰 Daily P&L: $+3,500.00

[2026-08-24 09:42] O:7675.00 H:7675.25 L:7672.25 C:7672.75 V:2123.0
  📈 Trend: strong_bullish | 🌍 Regime: ranging
  🗺️  Grid: 0.080% | 🔺 7675.50 🔻 7671.25
  📡 RSI: 68.7 | MACD: 2.22 | ATR: 2.75
  📊 Filled: 0 | Pending: 1
     ⏳ PENDING SHORT @ 7675.00 (order 716, 60s)
  💰 Daily P&L: $+3,500.00

[2026-08-24 09:43] O:7672.75 H:7673.50 L:7669.25 C:7669.25 V:2145.0
  📈 Trend: strong_bullish | 🌍 Regime: ranging
  🗺️  Grid: 0.080% | 🔺 7675.25 🔻 7672.25
  📡 RSI: 63.3 | MACD: 1.91 | ATR: 2.88
  📊 Filled: 0 | Pending: 1
     ⏳ PENDING SHORT @ 7675.00 (order 716, 120s)
  💰 Daily P&L: $+3,500.00
  ⏰ Order 716 timed out after 180s - cancelling
  📋 Order 716 status: PendingCancel

[2026-08-24 09:44] O:7669.50 H:7672.50 L:7669.25 C:7671.25 V:2097.0
  📈 Trend: strong_bullish | 🌍 Regime: trending_bullish
  🗺️  Grid: 0.080% | 🔺 7673.50 🔻 7669.25
  📡 RSI: 59.3 | MACD: 1.80 | ATR: 2.68
  📊 Filled: 0 | Pending: 0
  💰 Daily P&L: $+3,500.00
  📋 Order 716 status: Cancelled

[2026-08-24 09:45] O:7671.25 H:7672.25 L:7669.75 C:7671.25 V:2183.0
  📈 Trend: strong_bullish (raw: moderate_bullish) | 🌍 Regime: ranging
  🗺️  Grid: 0.080% | 🔺 7672.50 🔻 7669.25
  📡 RSI: 57.1 | MACD: 1.70 | ATR: 2.66
  📊 Filled: 0 | Pending: 0
  🔲 Regime: RANGING | Range pos: 59% | RSI: 57.1
  💰 Daily P&L: $+3,500.00

[2026-08-24 09:46] O:7671.25 H:7671.75 L:7668.75 C:7670.50 V:2747.0
  📈 Trend: moderate_bullish | 🌍 Regime: ranging
  🗺️  Grid: 0.080% | 🔺 7672.25 🔻 7669.75
  📡 RSI: 53.2 | MACD: 1.54 | ATR: 2.73
  📊 Filled: 0 | Pending: 0
  🔲 Regime: RANGING | Range pos: 56% | RSI: 53.2
  💰 Daily P&L: $+3,500.00

[2026-08-24 09:47] O:7670.50 H:7672.25 L:7669.75 C:7671.50 V:1354.0
  📈 Trend: moderate_bullish | 🌍 Regime: ranging
  🗺️  Grid: 0.080% | 🔺 7671.75 🔻 7668.75
  📡 RSI: 52.6 | MACD: 1.48 | ATR: 2.73
  📊 Filled: 0 | Pending: 0
  🔲 Regime: RANGING | Range pos: 59% | RSI: 52.6
  💰 Daily P&L: $+3,500.00

[2026-08-24 09:48] O:7671.25 H:7672.50 L:7670.25 C:7671.50 V:1334.0
  📈 Trend: moderate_bullish | 🌍 Regime: trending_bullish
  🗺️  Grid: 0.080% | 🔺 7672.25 🔻 7669.75
  📡 RSI: 52.6 | MACD: 1.42 | ATR: 2.79
  📊 Filled: 0 | Pending: 0
  💰 Daily P&L: $+3,500.00

[2026-08-24 09:49] O:7671.25 H:7673.00 L:7670.75 C:7673.00 V:1400.0
  📈 Trend: moderate_bullish | 🌍 Regime: trending_bullish
  🗺️  Grid: 0.080% | 🔺 7672.50 🔻 7670.25
  📡 RSI: 56.1 | MACD: 1.47 | ATR: 2.79
  📊 Filled: 0 | Pending: 0
  💰 Daily P&L: $+3,500.00

[2026-08-24 09:50] O:7673.00 H:7673.50 L:7670.00 C:7670.00 V:2053.0
  📈 Trend: moderate_bullish | 🌍 Regime: trending_bullish
  🗺️  Grid: 0.080% | 🔺 7673.00 🔻 7670.75
  📡 RSI: 43.5 | MACD: 1.25 | ATR: 2.82
  📊 Filled: 0 | Pending: 0
  💰 Daily P&L: $+3,500.00

[2026-08-24 09:51] O:7670.00 H:7670.00 L:7668.50 C:7669.25 V:1433.0
  📈 Trend: moderate_bullish (raw: moderate_bearish) | 🌍 Regime: trending_bearish
  🗺️  Grid: 0.080% | 🔺 7673.50 🔻 7670.00
  📡 RSI: 44.6 | MACD: 1.01 | ATR: 2.79
  📊 Filled: 0 | Pending: 0
  💰 Daily P&L: $+3,500.00

[2026-08-24 09:52] O:7669.25 H:7670.00 L:7668.25 C:7669.50 V:1948.0
  📈 Trend: moderate_bearish | 🌍 Regime: trending_bearish
  🗺️  Grid: 0.080% | 🔺 7670.00 🔻 7668.50
  📡 RSI: 43.2 | MACD: 0.83 | ATR: 2.75
  📊 Filled: 0 | Pending: 0
  💰 Daily P&L: $+3,500.00

[2026-08-24 09:53] O:7669.50 H:7670.25 L:7668.75 C:7669.50 V:1330.0
  📈 Trend: moderate_bearish | 🌍 Regime: trending_bearish
  🗺️  Grid: 0.080% | 🔺 7670.00 🔻 7668.25
  📡 RSI: 46.1 | MACD: 0.68 | ATR: 2.70
  📊 Filled: 0 | Pending: 0
  💰 Daily P&L: $+3,500.00

[2026-08-24 09:54] O:7669.75 H:7670.75 L:7669.25 C:7670.50 V:1682.0
  📈 Trend: moderate_bearish | 🌍 Regime: trending_bearish
  🗺️  Grid: 0.080% | 🔺 7670.25 🔻 7668.75
  📡 RSI: 46.1 | MACD: 0.63 | ATR: 2.64
  📊 Filled: 0 | Pending: 0
  💰 Daily P&L: $+3,500.00

[2026-08-24 09:55] O:7670.50 H:7671.00 L:7669.50 C:7670.00 V:1180.0
  📈 Trend: moderate_bearish | 🌍 Regime: trending_bearish
  🗺️  Grid: 0.080% | 🔺 7670.75 🔻 7669.25
  📡 RSI: 34.8 | MACD: 0.55 | ATR: 2.45
  📊 Filled: 0 | Pending: 0
  💰 Daily P&L: $+3,500.00

[2026-08-24 09:56] O:7670.00 H:7672.00 L:7669.25 C:7671.50 V:1844.0
  📈 Trend: moderate_bearish | 🌍 Regime: trending_bearish
  🗺️  Grid: 0.080% | 🔺 7671.00 🔻 7669.50
  📡 RSI: 46.0 | MACD: 0.59 | ATR: 2.43
  📊 Filled: 0 | Pending: 0
  💰 Daily P&L: $+3,500.00

[2026-08-24 09:57] O:7671.50 H:7674.00 L:7671.00 C:7671.75 V:2314.0
  📈 Trend: moderate_bearish | 🌍 Regime: trending_bearish
  🗺️  Grid: 0.080% | 🔺 7672.00 🔻 7669.25
  📡 RSI: 60.0 | MACD: 0.64 | ATR: 2.34
  📊 Filled: 0 | Pending: 0
  💰 Daily P&L: $+3,500.00

[2026-08-24 09:58] O:7671.75 H:7672.00 L:7670.25 C:7671.25 V:1665.0
  📈 Trend: moderate_bearish (raw: moderate_bullish) | 🌍 Regime: trending_bullish
  🗺️  Grid: 0.080% | 🔺 7674.00 🔻 7671.00
  📡 RSI: 50.0 | MACD: 0.64 | ATR: 2.23
  📊 Filled: 0 | Pending: 0
  💰 Daily P&L: $+3,500.00

[2026-08-24 09:59] O:7671.50 H:7671.50 L:7669.75 C:7670.75 V:1357.0
  📈 Trend: moderate_bearish | 🌍 Regime: ranging
  🗺️  Grid: 0.080% | 🔺 7672.00 🔻 7670.25
  📡 RSI: 47.8 | MACD: 0.58 | ATR: 2.18
  📊 Filled: 0 | Pending: 0
  🔲 Regime: RANGING | Range pos: 57% | RSI: 47.8
  💰 Daily P&L: $+3,500.00

[2026-08-24 10:00] O:7670.75 H:7672.50 L:7668.00 C:7668.75 V:2851.0
  📈 Trend: moderate_bearish | 🌍 Regime: ranging
  🗺️  Grid: 0.080% | 🔺 7671.50 🔻 7669.75
  📡 RSI: 43.1 | MACD: 0.38 | ATR: 2.29
  📊 Filled: 0 | Pending: 0
  🔲 Regime: RANGING | Range pos: 50% | RSI: 43.1
  💰 Daily P&L: $+3,500.00

[2026-08-24 10:01] O:7668.75 H:7668.75 L:7666.50 C:7666.75 V:1802.0
  📈 Trend: moderate_bearish | 🌍 Regime: ranging
  🗺️  Grid: 0.080% | 🔺 7672.50 🔻 7668.00
  📡 RSI: 32.7 | MACD: 0.05 | ATR: 2.27
  📊 Filled: 0 | Pending: 0
  🔲 Regime: RANGING | Range pos: 42% | RSI: 32.7
  💰 Daily P&L: $+3,500.00

[2026-08-24 10:02] O:7666.75 H:7667.00 L:7666.00 C:7666.75 V:1729.0
  📈 Trend: moderate_bearish (raw: strong_bearish) | 🌍 Regime: ranging
  🗺️  Grid: 0.080% | 🔺 7668.75 🔻 7666.50
  📡 RSI: 32.7 | MACD: -0.21 | ATR: 2.18
  📊 Filled: 0 | Pending: 0
  🔲 Regime: RANGING | Range pos: 42% | RSI: 32.7
  💰 Daily P&L: $+3,500.00

[2026-08-24 10:03] O:7667.00 H:7667.25 L:7665.25 C:7665.50 V:1717.0
  📈 Trend: strong_bearish | 🌍 Regime: ranging
  🗺️  Grid: 0.080% | 🔺 7667.00 🔻 7666.00
  📡 RSI: 22.2 | MACD: -0.51 | ATR: 2.16
  📊 Filled: 0 | Pending: 0
  🔲 Regime: RANGING | Range pos: 38% | RSI: 22.2
  💰 Daily P&L: $+3,500.00

[2026-08-24 10:04] O:7665.50 H:7666.00 L:7664.25 C:7664.75 V:1683.0
  📈 Trend: strong_bearish | 🌍 Regime: ranging
  🗺️  Grid: 0.080% | 🔺 7667.25 🔻 7665.25
  📡 RSI: 26.7 | MACD: -0.79 | ATR: 2.04
  📊 Filled: 0 | Pending: 0
  🔲 Regime: RANGING | Range pos: 35% | RSI: 26.7
  💰 Daily P&L: $+3,500.00

[2026-08-24 10:05] O:7664.50 H:7664.75 L:7662.50 C:7662.75 V:2505.0
  📈 Trend: strong_bearish | 🌍 Regime: ranging
  🗺️  Grid: 0.080% | 🔺 7666.00 🔻 7664.25
  📡 RSI: 24.0 | MACD: -1.17 | ATR: 2.09
  📊 Filled: 0 | Pending: 0
  🔲 Regime: RANGING | Range pos: 28% | RSI: 24.0
  📤 Limit BUY 10 @ 7662.75 submitted (ID: 717)
  📋 Order 717 status: PreSubmitted
  ✅ Fill: BOT 9.0 @ 7662.5
  📋 Order 717 status: PreSubmitted
  📋 Order 717 status: Submitted
  ⬆️ LONG ORDER @ 7662.75 | Size: 1.00 | SL: 7658.50 | TP: 7669.00 [10cts]
     Reason: Grid Long (sideways, RSI: 24.0)
  🔬 SHADOW [long ranging]: 🟥 ROBUST WOULD BLOCK (1 filter)
       MACD=BLOCK (-1.17 vs -0.79, Δ-0.38) | 5m=N/A (ranging)
     ⏳ Order 717 PENDING - awaiting fill confirmation
  💰 Daily P&L: $+3,500.00
  ✅ Fill: BOT 1.0 @ 7662.75
  📋 Order 717 status: Filled
  📤 Stop-Limit SELL 10 @ stop:7654.75 / lmt:7650.75 submitted (ID: 718) [OCA:exit_717_1787584026]
  📋 Order 718 status: PreSubmitted
  📤 Limit SELL 10 @ 7669.00 submitted (ID: 719) [OCA:exit_717_1787584026]
  📋 Order 719 status: PreSubmitted
  ✅ FILL CONFIRMED: LONG @ 7662.75 (order 717)
     📊 Bracket placed: SL #718 @ 7654.75 | TP #719 @ 7669.00
     Trail activates @ +7.5 pts

[2026-08-24 10:06] O:7662.75 H:7664.00 L:7662.25 C:7663.75 V:1830.0
  📈 Trend: strong_bearish | 🌍 Regime: ranging
  🗺️  Grid: 0.080% | 🔺 7664.75 🔻 7662.50
  📡 RSI: 28.3 | MACD: -1.37 | ATR: 2.09
  📊 Filled: 1 | Pending: 0
  📍 LONG @ 7662.75 | SL: 7654.75 | TP: 7669.00 | P&L: $+500.00 | +7.5 to trail
  💰 Daily P&L: $+3,500.00
  📋 Order 719 status: Submitted

[2026-08-24 10:07] O:7663.75 H:7664.00 L:7662.50 C:7663.25 V:1670.0
  📈 Trend: strong_bearish | 🌍 Regime: ranging
  🗺️  Grid: 0.080% | 🔺 7664.00 🔻 7662.25
  📡 RSI: 27.3 | MACD: -1.55 | ATR: 2.09
  📊 Filled: 1 | Pending: 0
  📍 LONG @ 7662.75 | SL: 7654.75 | TP: 7669.00 | P&L: $+250.00 | +6.2 to trail
  💰 Daily P&L: $+3,500.00

[2026-08-24 10:08] O:7663.50 H:7663.50 L:7661.75 C:7663.00 V:1717.0
  📈 Trend: strong_bearish | 🌍 Regime: ranging
  🗺️  Grid: 0.080% | 🔺 7664.00 🔻 7662.50
  📡 RSI: 21.2 | MACD: -1.70 | ATR: 2.11
  📊 Filled: 1 | Pending: 0
  📍 LONG @ 7662.75 | SL: 7654.75 | TP: 7669.00 | P&L: $+125.00 | +6.2 to trail
  💰 Daily P&L: $+3,500.00

[2026-08-24 10:09] O:7663.00 H:7665.00 L:7662.50 C:7663.75 V:2096.0
  📈 Trend: strong_bearish | 🌍 Regime: ranging
  🗺️  Grid: 0.080% | 🔺 7663.50 🔻 7661.75
  📡 RSI: 26.4 | MACD: -1.73 | ATR: 2.18
  📊 Filled: 1 | Pending: 0
  📍 LONG @ 7662.75 | SL: 7654.75 | TP: 7669.00 | P&L: $+500.00 | +6.2 to trail
  💰 Daily P&L: $+3,500.00

[2026-08-24 10:10] O:7663.75 H:7664.25 L:7662.00 C:7663.25 V:1655.0
  📈 Trend: strong_bearish | 🌍 Regime: trending_bearish
  🗺️  Grid: 0.080% | 🔺 7665.00 🔻 7662.50
  📡 RSI: 16.3 | MACD: -1.78 | ATR: 2.14
  📊 Filled: 1 | Pending: 0
  📍 LONG @ 7662.75 | SL: 7654.75 | TP: 7669.00 | P&L: $+250.00 | +5.2 to trail
  💰 Daily P&L: $+3,500.00

[2026-08-24 10:11] O:7663.25 H:7663.75 L:7662.25 C:7663.25 V:1418.0
  📈 Trend: strong_bearish | 🌍 Regime: trending_bearish
  🗺️  Grid: 0.080% | 🔺 7664.25 🔻 7662.00
  📡 RSI: 14.6 | MACD: -1.80 | ATR: 2.04
  📊 Filled: 1 | Pending: 0
  📍 LONG @ 7662.75 | SL: 7654.75 | TP: 7669.00 | P&L: $+250.00 | +5.2 to trail
  💰 Daily P&L: $+3,500.00

[2026-08-24 10:12] O:7663.50 H:7664.00 L:7662.75 C:7663.50 V:1107.0
  📈 Trend: strong_bearish | 🌍 Regime: trending_bearish
  🗺️  Grid: 0.080% | 🔺 7663.75 🔻 7662.25
  📡 RSI: 17.0 | MACD: -1.77 | ATR: 2.00
  📊 Filled: 1 | Pending: 0
  📍 LONG @ 7662.75 | SL: 7654.75 | TP: 7669.00 | P&L: $+375.00 | +5.2 to trail
  💰 Daily P&L: $+3,500.00

[2026-08-24 10:13] O:7663.50 H:7666.00 L:7663.00 C:7663.00 V:1979.0
  📈 Trend: strong_bearish | 🌍 Regime: trending_bearish
  🗺️  Grid: 0.080% | 🔺 7664.00 🔻 7662.75
  📡 RSI: 17.0 | MACD: -1.77 | ATR: 2.09
  📊 Filled: 1 | Pending: 0
  📍 LONG @ 7662.75 | SL: 7654.75 | TP: 7669.00 | P&L: $+125.00 | +5.2 to trail
  💰 Daily P&L: $+3,500.00

[2026-08-24 10:14] O:7663.00 H:7663.00 L:7660.75 C:7661.50 V:1751.0
  📈 Trend: strong_bearish | 🌍 Regime: trending_bearish
  🗺️  Grid: 0.080% | 🔺 7666.00 🔻 7663.00
  📡 RSI: 17.8 | MACD: -1.86 | ATR: 1.93
  📊 Filled: 1 | Pending: 0
  📍 LONG @ 7662.75 | SL: 7654.75 | TP: 7669.00 | P&L: $-625.00 | +4.2 to trail
  💰 Daily P&L: $+3,500.00

[2026-08-24 10:15] O:7661.25 H:7661.75 L:7660.25 C:7660.75 V:1832.0
  📈 Trend: strong_bearish | 🌍 Regime: trending_bearish
  🗺️  Grid: 0.080% | 🔺 7663.00 🔻 7660.75
  📡 RSI: 20.0 | MACD: -1.98 | ATR: 1.88
  📊 Filled: 1 | Pending: 0
  📍 LONG @ 7662.75 | SL: 7654.75 | TP: 7669.00 | P&L: $-1,000.00 | +4.2 to trail
  💰 Daily P&L: $+3,500.00

[2026-08-24 10:16] O:7660.50 H:7661.75 L:7660.25 C:7660.50 V:1480.0
  📈 Trend: strong_bearish | 🌍 Regime: trending_bearish
  🗺️  Grid: 0.080% | 🔺 7661.75 🔻 7660.25
  📡 RSI: 19.5 | MACD: -2.07 | ATR: 1.91
  📊 Filled: 1 | Pending: 0
  📍 LONG @ 7662.75 | SL: 7654.75 | TP: 7669.00 | P&L: $-1,125.00 | +4.2 to trail
  💰 Daily P&L: $+3,500.00

[2026-08-24 10:17] O:7660.50 H:7661.75 L:7660.25 C:7661.50 V:1117.0
  📈 Trend: strong_bearish | 🌍 Regime: trending_bearish
  🗺️  Grid: 0.080% | 🔺 7661.75 🔻 7660.25
  📡 RSI: 30.0 | MACD: -2.03 | ATR: 1.88
  📊 Filled: 1 | Pending: 0
  📍 LONG @ 7662.75 | SL: 7654.75 | TP: 7669.00 | P&L: $-625.00 | +4.2 to trail
  💰 Daily P&L: $+3,500.00

[2026-08-24 10:18] O:7661.25 H:7662.00 L:7660.50 C:7661.50 V:1141.0
  📈 Trend: strong_bearish | 🌍 Regime: trending_bearish
  🗺️  Grid: 0.080% | 🔺 7661.75 🔻 7660.25
  📡 RSI: 32.4 | MACD: -1.98 | ATR: 1.86
  📊 Filled: 1 | Pending: 0
  📍 LONG @ 7662.75 | SL: 7654.75 | TP: 7669.00 | P&L: $-625.00 | +4.2 to trail
  💰 Daily P&L: $+3,500.00

[2026-08-24 10:19] O:7661.50 H:7662.50 L:7660.75 C:7661.00 V:878.0
  📈 Trend: strong_bearish | 🌍 Regime: trending_bearish
  🗺️  Grid: 0.080% | 🔺 7662.00 🔻 7660.50
  📡 RSI: 38.7 | MACD: -1.96 | ATR: 1.82
  📊 Filled: 1 | Pending: 0
  📍 LONG @ 7662.75 | SL: 7654.75 | TP: 7669.00 | P&L: $-875.00 | +4.2 to trail
  💰 Daily P&L: $+3,500.00

[2026-08-24 10:20] O:7660.75 H:7661.00 L:7658.25 C:7659.50 V:3244.0
  📈 Trend: strong_bearish | 🌍 Regime: trending_bearish
  🗺️  Grid: 0.080% | 🔺 7662.50 🔻 7660.75
  📡 RSI: 24.2 | MACD: -2.04 | ATR: 1.89
  📊 Filled: 1 | Pending: 0
  📍 LONG @ 7662.75 | SL: 7654.75 | TP: 7669.00 | P&L: $-1,625.00 | +4.2 to trail
  💰 Daily P&L: $+3,500.00

[2026-08-24 10:21] O:7659.50 H:7660.25 L:7657.75 C:7660.25 V:2179.0
  📈 Trend: strong_bearish | 🌍 Regime: trending_bearish
  🗺️  Grid: 0.080% | 🔺 7661.00 🔻 7658.25
  📡 RSI: 32.4 | MACD: -2.02 | ATR: 1.96
  📊 Filled: 1 | Pending: 0
  📍 LONG @ 7662.75 | SL: 7654.75 | TP: 7669.00 | P&L: $-1,250.00 | +4.2 to trail
  💰 Daily P&L: $+3,500.00

[2026-08-24 10:22] O:7660.00 H:7660.25 L:7659.00 C:7659.50 V:1642.0
  📈 Trend: strong_bearish | 🌍 Regime: trending_bearish
  🗺️  Grid: 0.080% | 🔺 7660.25 🔻 7657.75
  📡 RSI: 30.6 | MACD: -2.04 | ATR: 1.93
  📊 Filled: 1 | Pending: 0
  📍 LONG @ 7662.75 | SL: 7654.75 | TP: 7669.00 | P&L: $-1,625.00 | +4.2 to trail
  💰 Daily P&L: $+3,500.00

[2026-08-24 10:23] O:7659.25 H:7663.50 L:7659.25 C:7663.00 V:2873.0
  📈 Trend: strong_bearish | 🌍 Regime: trending_bearish
  🗺️  Grid: 0.080% | 🔺 7660.25 🔻 7659.00
  📡 RSI: 46.8 | MACD: -1.76 | ATR: 2.05
  📊 Filled: 1 | Pending: 0
  📍 LONG @ 7662.75 | SL: 7654.75 | TP: 7669.00 | P&L: $+125.00 | +4.2 to trail
  💰 Daily P&L: $+3,500.00

[2026-08-24 10:24] O:7663.00 H:7666.00 L:7662.50 C:7665.50 V:2498.0
  📈 Trend: strong_bearish (raw: moderate_bearish) | 🌍 Regime: trending_bearish
  🗺️  Grid: 0.080% | 🔺 7663.50 🔻 7659.25
  📡 RSI: 58.2 | MACD: -1.31 | ATR: 2.14
  📊 Filled: 1 | Pending: 0
  📍 LONG @ 7662.75 | SL: 7654.75 | TP: 7669.00 | P&L: $+1,375.00 | +4.2 to trail
  💰 Daily P&L: $+3,500.00

[2026-08-24 10:25] O:7665.50 H:7667.25 L:7665.25 C:7666.00 V:2568.0
  📈 Trend: moderate_bearish | 🌍 Regime: trending_bearish
  🗺️  Grid: 0.080% | 🔺 7666.00 🔻 7662.50
  📡 RSI: 59.6 | MACD: -0.91 | ATR: 2.18
  📊 Filled: 1 | Pending: 0
  📍 LONG @ 7662.75 | SL: 7654.75 | TP: 7669.00 | P&L: $+1,625.00 | +4.2 to trail
  💰 Daily P&L: $+3,500.00

[2026-08-24 10:26] O:7666.00 H:7666.00 L:7664.50 C:7665.25 V:1690.0
  📈 Trend: moderate_bearish | 🌍 Regime: trending_bearish
  🗺️  Grid: 0.080% | 🔺 7667.25 🔻 7665.25
  📡 RSI: 55.9 | MACD: -0.64 | ATR: 2.20
  📊 Filled: 1 | Pending: 0
  📍 LONG @ 7662.75 | SL: 7654.75 | TP: 7669.00 | P&L: $+1,250.00 | +3.0 to trail
  💰 Daily P&L: $+3,500.00

[2026-08-24 10:27] O:7665.25 H:7666.50 L:7665.25 C:7665.75 V:1795.0
  📈 Trend: moderate_bearish | 🌍 Regime: trending_bearish
  🗺️  Grid: 0.080% | 🔺 7666.00 🔻 7664.50
  📡 RSI: 59.3 | MACD: -0.39 | ATR: 2.07
  📊 Filled: 1 | Pending: 0
  📍 LONG @ 7662.75 | SL: 7654.75 | TP: 7669.00 | P&L: $+1,500.00 | +3.0 to trail
  💰 Daily P&L: $+3,500.00
  📋 Order 718 status: Cancelled
  ✅ Fill: SLD 8.0 @ 7669.0
  📋 Order 719 status: Submitted
  ✅ Fill: SLD 2.0 @ 7669.0
  📋 Order 719 status: Filled

[2026-08-24 10:28] O:7665.75 H:7668.00 L:7665.00 C:7667.75 V:1726.0
  📈 Trend: moderate_bearish | 🌍 Regime: trending_bearish
  🗺️  Grid: 0.080% | 🔺 7666.50 🔻 7665.25
  📡 RSI: 70.5 | MACD: -0.02 | ATR: 2.12
  📊 Filled: 1 | Pending: 0
  📍 LONG @ 7662.75 | SL: 7654.75 | TP: 7669.00 | P&L: $+2,500.00 | +3.0 to trail
  ✅ EXIT LONG @ 7669.00 | Take Profit
     P&L: +6.25 pts ($+3,125.00) | Daily: $+6,625.00
  ⏸️ Cooldown: 2 bar(s) remaining after exit
  💰 Daily P&L: $+6,625.00

[2026-08-24 10:29] O:7667.75 H:7674.25 L:7667.50 C:7671.50 V:14837.0
  📈 Trend: moderate_bearish (raw: moderate_bullish) | 🌍 Regime: trending_bullish
  🗺️  Grid: 0.080% | 🔺 7668.00 🔻 7665.00
  📡 RSI: 79.5 | MACD: 0.56 | ATR: 2.50
  📊 Filled: 0 | Pending: 0
  ⏸️ Cooldown: 1 bar(s) remaining after exit
  💰 Daily P&L: $+6,625.00

[2026-08-24 10:30] O:7671.50 H:7673.50 L:7668.00 C:7673.25 V:8600.0
  📈 Trend: moderate_bullish | 🌍 Regime: trending_bullish
  🗺️  Grid: 0.080% | 🔺 7674.25 🔻 7667.50
  📡 RSI: 82.3 | MACD: 1.15 | ATR: 2.79
  📊 Filled: 0 | Pending: 0
  💰 Daily P&L: $+6,625.00

[2026-08-24 10:31] O:7673.25 H:7674.75 L:7671.25 C:7672.25 V:3380.0
  📈 Trend: moderate_bullish | 🌍 Regime: trending_bullish
  🗺️  Grid: 0.080% | 🔺 7673.50 🔻 7668.00
  📡 RSI: 77.2 | MACD: 1.52 | ATR: 2.93
  📊 Filled: 0 | Pending: 0
  💰 Daily P&L: $+6,625.00

[2026-08-24 10:32] O:7672.25 H:7672.75 L:7669.75 C:7670.50 V:3058.0
  📈 Trend: moderate_bullish | 🌍 Regime: trending_bullish
  🗺️  Grid: 0.080% | 🔺 7674.75 🔻 7671.25
  📡 RSI: 70.9 | MACD: 1.66 | ATR: 3.04
  📊 Filled: 0 | Pending: 0
  💰 Daily P&L: $+6,625.00

[2026-08-24 10:33] O:7670.25 H:7673.75 L:7670.00 C:7673.25 V:2009.0
  📈 Trend: moderate_bullish | 🌍 Regime: trending_bullish
  🗺️  Grid: 0.080% | 🔺 7672.75 🔻 7669.75
  📡 RSI: 75.8 | MACD: 1.96 | ATR: 3.18
  📊 Filled: 0 | Pending: 0
  💰 Daily P&L: $+6,625.00

[2026-08-24 10:34] O:7673.25 H:7673.75 L:7671.50 C:7672.50 V:2582.0
  📈 Trend: moderate_bullish | 🌍 Regime: trending_bullish
  🗺️  Grid: 0.080% | 🔺 7673.75 🔻 7670.00
  📡 RSI: 78.3 | MACD: 2.12 | ATR: 3.14
  📊 Filled: 0 | Pending: 0
  💰 Daily P&L: $+6,625.00

[2026-08-24 10:35] O:7672.50 H:7673.50 L:7671.00 C:7672.00 V:2057.0
  📈 Trend: moderate_bullish | 🌍 Regime: trending_bullish
  🗺️  Grid: 0.080% | 🔺 7673.75 🔻 7671.50
  📡 RSI: 75.8 | MACD: 2.18 | ATR: 3.14
  📊 Filled: 0 | Pending: 0
  💰 Daily P&L: $+6,625.00

[2026-08-24 10:36] O:7672.00 H:7673.00 L:7671.00 C:7672.00 V:1585.0
  📈 Trend: moderate_bullish | 🌍 Regime: trending_bullish
  🗺️  Grid: 0.080% | 🔺 7673.50 🔻 7671.00
  📡 RSI: 78.4 | MACD: 2.20 | ATR: 3.20
  📊 Filled: 0 | Pending: 0
  💰 Daily P&L: $+6,625.00

[2026-08-24 10:37] O:7672.00 H:7674.25 L:7671.25 C:7674.00 V:1640.0
  📈 Trend: moderate_bullish (raw: strong_bullish) | 🌍 Regime: trending_bullish
  🗺️  Grid: 0.080% | 🔺 7673.00 🔻 7671.00
  📡 RSI: 76.8 | MACD: 2.35 | ATR: 3.11
  📊 Filled: 0 | Pending: 0
  💰 Daily P&L: $+6,625.00

[2026-08-24 10:38] O:7674.00 H:7674.25 L:7672.50 C:7673.00 V:1470.0
  📈 Trend: strong_bullish | 🌍 Regime: trending_bullish
  🗺️  Grid: 0.080% | 🔺 7674.25 🔻 7671.25
  📡 RSI: 69.7 | MACD: 2.36 | ATR: 2.98
  📊 Filled: 0 | Pending: 0
  💰 Daily P&L: $+6,625.00

[2026-08-24 10:39] O:7673.00 H:7675.75 L:7673.00 C:7674.50 V:2885.0
  📈 Trend: strong_bullish | 🌍 Regime: trending_bullish
  🗺️  Grid: 0.080% | 🔺 7674.25 🔻 7672.50
  📡 RSI: 71.2 | MACD: 2.46 | ATR: 3.04
  📊 Filled: 0 | Pending: 0
  💰 Daily P&L: $+6,625.00

[2026-08-24 10:40] O:7674.50 H:7677.75 L:7674.25 C:7677.00 V:3867.0
  📈 Trend: strong_bullish | 🌍 Regime: trending_bullish
  🗺️  Grid: 0.080% | 🔺 7675.75 🔻 7673.00
  📡 RSI: 77.0 | MACD: 2.71 | ATR: 3.18
  📊 Filled: 0 | Pending: 0
  💰 Daily P&L: $+6,625.00

[2026-08-24 10:41] O:7677.00 H:7677.25 L:7676.00 C:7677.00 V:1957.0
  📈 Trend: strong_bullish | 🌍 Regime: trending_bullish
  🗺️  Grid: 0.080% | 🔺 7677.75 🔻 7674.25
  📡 RSI: 76.5 | MACD: 2.88 | ATR: 3.18
  📊 Filled: 0 | Pending: 0
  💰 Daily P&L: $+6,625.00

[2026-08-24 10:42] O:7677.00 H:7677.25 L:7675.25 C:7677.00 V:2794.0
  📈 Trend: strong_bullish | 🌍 Regime: trending_bullish
  🗺️  Grid: 0.080% | 🔺 7677.25 🔻 7676.00
  📡 RSI: 74.0 | MACD: 2.98 | ATR: 3.11
  📊 Filled: 0 | Pending: 0
  💰 Daily P&L: $+6,625.00

[2026-08-24 10:43] O:7677.00 H:7678.75 L:7675.50 C:7676.25 V:2213.0
  📈 Trend: strong_bullish | 🌍 Regime: trending_bullish
  🗺️  Grid: 0.080% | 🔺 7677.25 🔻 7675.25
  📡 RSI: 64.6 | MACD: 2.96 | ATR: 2.86
  📊 Filled: 0 | Pending: 0
  💰 Daily P&L: $+6,625.00

[2026-08-24 10:44] O:7676.50 H:7677.25 L:7675.00 C:7676.75 V:2196.0
  📈 Trend: strong_bullish | 🌍 Regime: trending_bullish
  🗺️  Grid: 0.080% | 🔺 7678.75 🔻 7675.50
  📡 RSI: 61.7 | MACD: 2.95 | ATR: 2.62
  📊 Filled: 0 | Pending: 0
  💰 Daily P&L: $+6,625.00

[2026-08-24 10:45] O:7676.75 H:7680.00 L:7676.75 C:7678.50 V:3175.0
  📈 Trend: strong_bullish | 🌍 Regime: trending_bullish
  🗺️  Grid: 0.080% | 🔺 7677.25 🔻 7675.00
  📡 RSI: 69.8 | MACD: 3.05 | ATR: 2.61
  📊 Filled: 0 | Pending: 0
  💰 Daily P&L: $+6,625.00

[2026-08-24 10:46] O:7678.75 H:7680.00 L:7677.75 C:7679.25 V:2360.0
  📈 Trend: strong_bullish | 🌍 Regime: trending_bullish
  🗺️  Grid: 0.080% | 🔺 7680.00 🔻 7676.75
  📡 RSI: 79.7 | MACD: 3.16 | ATR: 2.55
  📊 Filled: 0 | Pending: 0
  💰 Daily P&L: $+6,625.00

[2026-08-24 10:47] O:7679.50 H:7680.75 L:7679.00 C:7680.00 V:3186.0
  📈 Trend: strong_bullish | 🌍 Regime: trending_bullish
  🗺️  Grid: 0.080% | 🔺 7680.00 🔻 7677.75
  📡 RSI: 76.5 | MACD: 3.26 | ATR: 2.41
  📊 Filled: 0 | Pending: 0
  💰 Daily P&L: $+6,625.00

[2026-08-24 10:48] O:7680.00 H:7681.50 L:7677.00 C:7677.00 V:3143.0
  📈 Trend: strong_bullish | 🌍 Regime: trending_bullish
  🗺️  Grid: 0.080% | 🔺 7680.75 🔻 7679.00
  📡 RSI: 65.0 | MACD: 3.07 | ATR: 2.57
  📊 Filled: 0 | Pending: 0
  💰 Daily P&L: $+6,625.00

[2026-08-24 10:49] O:7677.25 H:7677.75 L:7676.75 C:7677.00 V:1383.0
  📈 Trend: strong_bullish (raw: moderate_bullish) | 🌍 Regime: trending_bullish
  🗺️  Grid: 0.080% | 🔺 7681.50 🔻 7677.00
  📡 RSI: 67.2 | MACD: 2.88 | ATR: 2.46
  📊 Filled: 0 | Pending: 0
  💰 Daily P&L: $+6,625.00

[2026-08-24 10:50] O:7676.75 H:7678.50 L:7676.75 C:7677.25 V:1378.0
  📈 Trend: moderate_bullish | 🌍 Regime: trending_bullish
  🗺️  Grid: 0.080% | 🔺 7677.75 🔻 7676.75
  📡 RSI: 67.8 | MACD: 2.72 | ATR: 2.45
  📊 Filled: 0 | Pending: 0
  💰 Daily P&L: $+6,625.00

[2026-08-24 10:51] O:7677.25 H:7679.00 L:7677.00 C:7678.50 V:1200.0
  📈 Trend: moderate_bullish | 🌍 Regime: trending_bullish
  🗺️  Grid: 0.080% | 🔺 7678.50 🔻 7676.75
  📡 RSI: 66.1 | MACD: 2.66 | ATR: 2.38
  📊 Filled: 0 | Pending: 0
  💰 Daily P&L: $+6,625.00

[2026-08-24 10:52] O:7678.50 H:7679.25 L:7677.75 C:7679.00 V:785.0
  📈 Trend: moderate_bullish | 🌍 Regime: trending_bullish
  🗺️  Grid: 0.080% | 🔺 7679.00 🔻 7677.00
  📡 RSI: 72.2 | MACD: 2.63 | ATR: 2.36
  📊 Filled: 0 | Pending: 0
  💰 Daily P&L: $+6,625.00

[2026-08-24 10:53] O:7678.75 H:7680.25 L:7678.25 C:7680.00 V:1472.0
  📈 Trend: moderate_bullish | 🌍 Regime: trending_bullish
  🗺️  Grid: 0.080% | 🔺 7679.25 🔻 7677.75
  📡 RSI: 71.2 | MACD: 2.65 | ATR: 2.30
  📊 Filled: 0 | Pending: 0
  💰 Daily P&L: $+6,625.00

[2026-08-24 10:54] O:7680.00 H:7680.00 L:7677.00 C:7677.25 V:1026.0
  📈 Trend: moderate_bullish | 🌍 Regime: trending_bullish
  🗺️  Grid: 0.080% | 🔺 7680.25 🔻 7678.25
  📡 RSI: 50.9 | MACD: 2.42 | ATR: 2.27
  📊 Filled: 0 | Pending: 0
  💰 Daily P&L: $+6,625.00

[2026-08-24 10:55] O:7677.25 H:7677.75 L:7675.50 C:7677.75 V:2195.0
  📈 Trend: moderate_bullish | 🌍 Regime: trending_bullish
  🗺️  Grid: 0.080% | 🔺 7680.00 🔻 7677.00
  📡 RSI: 52.7 | MACD: 2.25 | ATR: 2.34
  📊 Filled: 0 | Pending: 0
  💰 Daily P&L: $+6,625.00

[2026-08-24 10:56] O:7677.50 H:7677.75 L:7676.25 C:7677.50 V:1806.0
  📈 Trend: moderate_bullish | 🌍 Regime: trending_bullish
  🗺️  Grid: 0.080% | 🔺 7677.75 🔻 7675.50
  📡 RSI: 51.8 | MACD: 2.07 | ATR: 2.30
  📊 Filled: 0 | Pending: 0
  💰 Daily P&L: $+6,625.00

[2026-08-24 10:57] O:7677.25 H:7677.75 L:7676.50 C:7676.75 V:1727.0
  📈 Trend: moderate_bullish | 🌍 Regime: trending_bullish
  🗺️  Grid: 0.080% | 🔺 7677.75 🔻 7676.25
  📡 RSI: 51.8 | MACD: 1.85 | ATR: 2.16
  📊 Filled: 0 | Pending: 0
  💰 Daily P&L: $+6,625.00

[2026-08-24 10:58] O:7676.75 H:7677.75 L:7676.75 C:7677.00 V:1492.0
  📈 Trend: moderate_bullish | 🌍 Regime: trending_bullish
  🗺️  Grid: 0.080% | 🔺 7677.75 🔻 7676.50
  📡 RSI: 50.9 | MACD: 1.67 | ATR: 2.07
  📊 Filled: 0 | Pending: 0
  💰 Daily P&L: $+6,625.00

[2026-08-24 10:59] O:7676.75 H:7679.50 L:7676.25 C:7679.50 V:1928.0
  📈 Trend: moderate_bullish (raw: strong_bullish) | 🌍 Regime: trending_bullish
  🗺️  Grid: 0.080% | 🔺 7677.75 🔻 7676.75
  📡 RSI: 53.4 | MACD: 1.72 | ATR: 2.07
  📊 Filled: 0 | Pending: 0
  💰 Daily P&L: $+6,625.00

[2026-08-24 11:00] O:7679.25 H:7683.50 L:7678.25 C:7678.75 V:5816.0
  📈 Trend: strong_bullish | 🌍 Regime: trending_bullish
  🗺️  Grid: 0.080% | 🔺 7679.50 🔻 7676.25
  📡 RSI: 48.3 | MACD: 1.67 | ATR: 2.29
  📊 Filled: 0 | Pending: 0
  💰 Daily P&L: $+6,625.00

[2026-08-24 11:01] O:7678.50 H:7684.00 L:7678.50 C:7682.00 V:3623.0
  📈 Trend: strong_bullish | 🌍 Regime: trending_bullish
  🗺️  Grid: 0.080% | 🔺 7683.50 🔻 7678.25
  📡 RSI: 55.9 | MACD: 1.87 | ATR: 2.55
  📊 Filled: 0 | Pending: 0
  💰 Daily P&L: $+6,625.00

[2026-08-24 11:02] O:7681.75 H:7685.50 L:7680.50 C:7683.50 V:4517.0
  📈 Trend: strong_bullish | 🌍 Regime: trending_bullish
  🗺️  Grid: 0.080% | 🔺 7684.00 🔻 7678.50
  📡 RSI: 71.0 | MACD: 2.13 | ATR: 2.59
  📊 Filled: 0 | Pending: 0
  💰 Daily P&L: $+6,625.00

[2026-08-24 11:03] O:7683.50 H:7686.00 L:7683.00 C:7684.25 V:2434.0
  📈 Trend: strong_bullish | 🌍 Regime: trending_bullish
  🗺️  Grid: 0.080% | 🔺 7685.50 🔻 7680.50
  📡 RSI: 72.3 | MACD: 2.37 | ATR: 2.73
  📊 Filled: 0 | Pending: 0
  💰 Daily P&L: $+6,625.00

[2026-08-24 11:04] O:7684.50 H:7685.00 L:7683.25 C:7683.75 V:1788.0
  📈 Trend: strong_bullish | 🌍 Regime: trending_bullish
  🗺️  Grid: 0.080% | 🔺 7686.00 🔻 7683.00
  📡 RSI: 69.7 | MACD: 2.49 | ATR: 2.73
  📊 Filled: 0 | Pending: 0
  💰 Daily P&L: $+6,625.00

[2026-08-24 11:05] O:7683.50 H:7684.00 L:7681.00 C:7681.50 V:2236.0
  📈 Trend: strong_bullish | 🌍 Regime: trending_bullish
  🗺️  Grid: 0.080% | 🔺 7685.00 🔻 7683.25
  📡 RSI: 58.6 | MACD: 2.38 | ATR: 2.80
  📊 Filled: 0 | Pending: 0
  💰 Daily P&L: $+6,625.00

[2026-08-24 11:06] O:7681.50 H:7682.00 L:7680.75 C:7681.25 V:1362.0
  📈 Trend: strong_bullish | 🌍 Regime: trending_bullish
  🗺️  Grid: 0.080% | 🔺 7684.00 🔻 7681.00
  📡 RSI: 56.5 | MACD: 2.24 | ATR: 2.79
  📊 Filled: 0 | Pending: 0
  💰 Daily P&L: $+6,625.00

[2026-08-24 11:07] O:7681.00 H:7681.50 L:7680.75 C:7680.75 V:1001.0
  📈 Trend: strong_bullish | 🌍 Regime: trending_bullish
  🗺️  Grid: 0.080% | 🔺 7682.00 🔻 7680.75
  📡 RSI: 52.2 | MACD: 2.07 | ATR: 2.70
  📊 Filled: 0 | Pending: 0
  💰 Daily P&L: $+6,625.00

[2026-08-24 11:08] O:7680.75 H:7681.00 L:7679.25 C:7680.25 V:1436.0
  📈 Trend: strong_bullish | 🌍 Regime: trending_bullish
  🗺️  Grid: 0.080% | 🔺 7681.50 🔻 7680.75
  📡 RSI: 60.3 | MACD: 1.87 | ATR: 2.61
  📊 Filled: 0 | Pending: 0
  💰 Daily P&L: $+6,625.00

[2026-08-24 11:09] O:7680.25 H:7680.50 L:7678.50 C:7679.00 V:1001.0
  📈 Trend: strong_bullish | 🌍 Regime: trending_bullish
  🗺️  Grid: 0.080% | 🔺 7681.00 🔻 7679.25
  📡 RSI: 54.1 | MACD: 1.59 | ATR: 2.59
  📊 Filled: 0 | Pending: 0
  💰 Daily P&L: $+6,625.00

[2026-08-24 11:10] O:7679.00 H:7679.75 L:7678.25 C:7679.25 V:1833.0
  📈 Trend: strong_bullish | 🌍 Regime: trending_bullish
  🗺️  Grid: 0.080% | 🔺 7680.50 🔻 7678.50
  📡 RSI: 55.7 | MACD: 1.38 | ATR: 2.59
  📊 Filled: 0 | Pending: 0
  💰 Daily P&L: $+6,625.00

[2026-08-24 11:11] O:7679.00 H:7680.00 L:7678.50 C:7678.75 V:1176.0
  📈 Trend: strong_bullish (raw: moderate_bullish) | 🌍 Regime: trending_bullish
  🗺️  Grid: 0.080% | 🔺 7679.75 🔻 7678.25
  📡 RSI: 56.7 | MACD: 1.15 | ATR: 2.61
  📊 Filled: 0 | Pending: 0
  💰 Daily P&L: $+6,625.00

[2026-08-24 11:12] O:7678.50 H:7679.75 L:7678.50 C:7679.75 V:734.0
  📈 Trend: moderate_bullish | 🌍 Regime: trending_bullish
  🗺️  Grid: 0.080% | 🔺 7680.00 🔻 7678.50
  📡 RSI: 58.7 | MACD: 1.04 | ATR: 2.62
  📊 Filled: 0 | Pending: 0
  💰 Daily P&L: $+6,625.00

[2026-08-24 11:13] O:7679.50 H:7680.00 L:7678.75 C:7679.25 V:888.0
  📈 Trend: moderate_bullish (raw: strong_bullish) | 🌍 Regime: trending_bullish
  🗺️  Grid: 0.080% | 🔺 7679.75 🔻 7678.50
  📡 RSI: 49.1 | MACD: 0.91 | ATR: 2.48
  📊 Filled: 0 | Pending: 0
  💰 Daily P&L: $+6,625.00

[2026-08-24 11:14] O:7679.50 H:7680.75 L:7679.00 C:7680.75 V:661.0
  📈 Trend: strong_bullish | 🌍 Regime: trending_bullish
  🗺️  Grid: 0.080% | 🔺 7680.00 🔻 7678.75
  📡 RSI: 56.9 | MACD: 0.91 | ATR: 2.23
  📊 Filled: 0 | Pending: 0
  💰 Daily P&L: $+6,625.00

[2026-08-24 11:15] O:7680.75 H:7683.00 L:7680.25 C:7682.50 V:1642.0
  📈 Trend: strong_bullish | 🌍 Regime: trending_bullish
  🗺️  Grid: 0.080% | 🔺 7680.75 🔻 7679.00
  📡 RSI: 51.9 | MACD: 1.04 | ATR: 2.04
  📊 Filled: 0 | Pending: 0
  💰 Daily P&L: $+6,625.00

[2026-08-24 11:16] O:7682.50 H:7685.00 L:7682.25 C:7684.75 V:1946.0
  📈 Trend: strong_bullish | 🌍 Regime: trending_bullish
  🗺️  Grid: 0.080% | 🔺 7683.00 🔻 7680.25
  📡 RSI: 54.5 | MACD: 1.31 | ATR: 1.88
  📊 Filled: 0 | Pending: 0
  💰 Daily P&L: $+6,625.00

[2026-08-24 11:17] O:7685.00 H:7685.00 L:7683.25 C:7684.00 V:1327.0
  📈 Trend: strong_bullish | 🌍 Regime: trending_bullish
  🗺️  Grid: 0.080% | 🔺 7685.00 🔻 7682.25
  📡 RSI: 49.1 | MACD: 1.45 | ATR: 1.79
  📊 Filled: 0 | Pending: 0
  💰 Daily P&L: $+6,625.00

[2026-08-24 11:18] O:7683.75 H:7685.75 L:7683.75 C:7684.50 V:1454.0
  📈 Trend: strong_bullish | 🌍 Regime: trending_bullish
  🗺️  Grid: 0.080% | 🔺 7685.00 🔻 7683.25
  📡 RSI: 52.7 | MACD: 1.58 | ATR: 1.80
  📊 Filled: 0 | Pending: 0
  💰 Daily P&L: $+6,625.00

[2026-08-24 11:19] O:7684.75 H:7685.75 L:7684.50 C:7684.75 V:1139.0
  📈 Trend: strong_bullish | 🌍 Regime: trending_bullish
  🗺️  Grid: 0.080% | 🔺 7685.75 🔻 7683.75
  📡 RSI: 63.8 | MACD: 1.68 | ATR: 1.68
  📊 Filled: 0 | Pending: 0
  💰 Daily P&L: $+6,625.00

[2026-08-24 11:20] O:7684.50 H:7684.75 L:7683.50 C:7684.25 V:1413.0
  📈 Trend: strong_bullish | 🌍 Regime: trending_bullish
  🗺️  Grid: 0.080% | 🔺 7685.75 🔻 7684.50
  📡 RSI: 62.5 | MACD: 1.70 | ATR: 1.68
  📊 Filled: 0 | Pending: 0
  💰 Daily P&L: $+6,625.00

[2026-08-24 11:21] O:7684.25 H:7685.50 L:7684.00 C:7685.25 V:1382.0
  📈 Trend: strong_bullish | 🌍 Regime: trending_bullish
  🗺️  Grid: 0.080% | 🔺 7684.75 🔻 7683.50
  📡 RSI: 68.0 | MACD: 1.78 | ATR: 1.73
  📊 Filled: 0 | Pending: 0
  💰 Daily P&L: $+6,625.00

[2026-08-24 11:22] O:7685.25 H:7686.50 L:7684.50 C:7684.75 V:1549.0
  📈 Trend: strong_bullish | 🌍 Regime: trending_bullish
  🗺️  Grid: 0.080% | 🔺 7685.50 🔻 7684.00
  📡 RSI: 68.0 | MACD: 1.78 | ATR: 1.75
  📊 Filled: 0 | Pending: 0
  💰 Daily P&L: $+6,625.00

[2026-08-24 11:23] O:7684.75 H:7684.75 L:7682.25 C:7683.25 V:1457.0
  📈 Trend: strong_bullish | 🌍 Regime: trending_bullish
  🗺️  Grid: 0.080% | 🔺 7686.50 🔻 7684.50
  📡 RSI: 66.7 | MACD: 1.64 | ATR: 1.79
  📊 Filled: 0 | Pending: 0
  💰 Daily P&L: $+6,625.00

[2026-08-24 11:24] O:7683.00 H:7683.25 L:7682.25 C:7682.75 V:861.0
  📈 Trend: strong_bullish | 🌍 Regime: trending_bullish
  🗺️  Grid: 0.080% | 🔺 7684.75 🔻 7682.25
  📡 RSI: 63.5 | MACD: 1.48 | ATR: 1.75
  📊 Filled: 0 | Pending: 0
  💰 Daily P&L: $+6,625.00

[2026-08-24 11:25] O:7682.75 H:7683.00 L:7682.25 C:7682.75 V:813.0
  📈 Trend: strong_bullish | 🌍 Regime: trending_bullish
  🗺️  Grid: 0.080% | 🔺 7683.25 🔻 7682.25
  📡 RSI: 66.0 | MACD: 1.33 | ATR: 1.70
  📊 Filled: 0 | Pending: 0
  💰 Daily P&L: $+6,625.00

[2026-08-24 11:26] O:7682.75 H:7683.00 L:7682.00 C:7682.75 V:863.0
  📈 Trend: strong_bullish | 🌍 Regime: trending_bullish
  🗺️  Grid: 0.080% | 🔺 7683.00 🔻 7682.25
  📡 RSI: 63.0 | MACD: 1.20 | ATR: 1.68
  📊 Filled: 0 | Pending: 0
  💰 Daily P&L: $+6,625.00

[2026-08-24 11:27] O:7682.75 H:7683.75 L:7682.50 C:7682.75 V:916.0
  📈 Trend: strong_bullish | 🌍 Regime: trending_bullish
  🗺️  Grid: 0.080% | 🔺 7683.00 🔻 7682.00
  📡 RSI: 65.9 | MACD: 1.08 | ATR: 1.68
  📊 Filled: 0 | Pending: 0
  💰 Daily P&L: $+6,625.00

[2026-08-24 11:28] O:7682.75 H:7683.50 L:7682.50 C:7683.50 V:603.0
  📈 Trend: strong_bullish | 🌍 Regime: trending_bullish
  🗺️  Grid: 0.080% | 🔺 7683.75 🔻 7682.50
  📡 RSI: 63.4 | MACD: 1.04 | ATR: 1.62
  📊 Filled: 0 | Pending: 0
  💰 Daily P&L: $+6,625.00

[2026-08-24 11:29] O:7683.25 H:7684.25 L:7682.75 C:7683.25 V:1015.0
  📈 Trend: strong_bullish | 🌍 Regime: trending_bullish
  🗺️  Grid: 0.080% | 🔺 7683.50 🔻 7682.50
  📡 RSI: 54.3 | MACD: 0.97 | ATR: 1.54
  📊 Filled: 0 | Pending: 0
  💰 Daily P&L: $+6,625.00

[2026-08-24 11:30] O:7683.25 H:7684.00 L:7681.25 C:7682.00 V:1580.0
  📈 Trend: strong_bullish | 🌍 Regime: trending_bullish
  🗺️  Grid: 0.080% | 🔺 7684.25 🔻 7682.75
  📡 RSI: 32.3 | MACD: 0.81 | ATR: 1.54
  📊 Filled: 0 | Pending: 0
  💰 Daily P&L: $+6,625.00

[2026-08-24 11:31] O:7681.75 H:7681.75 L:7679.75 C:7679.75 V:2128.0
  📈 Trend: strong_bullish (raw: moderate_bullish) | 🌍 Regime: trending_bullish
  🗺️  Grid: 0.080% | 🔺 7684.00 🔻 7681.25
  📡 RSI: 27.0 | MACD: 0.49 | ATR: 1.57
  📊 Filled: 0 | Pending: 0
  💰 Daily P&L: $+6,625.00

[2026-08-24 11:32] O:7680.00 H:7680.25 L:7679.00 C:7679.75 V:1542.0
  📈 Trend: strong_bullish | 🌍 Regime: trending_bullish
  🗺️  Grid: 0.080% | 🔺 7681.75 🔻 7679.75
  📡 RSI: 22.9 | MACD: 0.24 | ATR: 1.52
  📊 Filled: 0 | Pending: 0
  💰 Daily P&L: $+6,625.00

[2026-08-24 11:33] O:7679.75 H:7680.25 L:7679.25 C:7679.75 V:707.0
  📈 Trend: strong_bullish (raw: moderate_bullish) | 🌍 Regime: trending_bullish
  🗺️  Grid: 0.080% | 🔺 7680.25 🔻 7679.00
  📡 RSI: 20.6 | MACD: 0.04 | ATR: 1.50
  📊 Filled: 0 | Pending: 0
  💰 Daily P&L: $+6,625.00

[2026-08-24 11:34] O:7679.75 H:7680.00 L:7679.00 C:7680.00 V:841.0
  📈 Trend: moderate_bullish | 🌍 Regime: trending_bullish
  🗺️  Grid: 0.080% | 🔺 7680.25 🔻 7679.25
  📡 RSI: 24.2 | MACD: -0.10 | ATR: 1.48
  📊 Filled: 0 | Pending: 0
  💰 Daily P&L: $+6,625.00

[2026-08-24 11:35] O:7680.00 H:7680.75 L:7679.25 C:7680.50 V:752.0
  📈 Trend: moderate_bullish | 🌍 Regime: trending_bullish
  🗺️  Grid: 0.080% | 🔺 7680.00 🔻 7679.00
  📡 RSI: 19.4 | MACD: -0.17 | ATR: 1.48
  📊 Filled: 0 | Pending: 0
  📤 Limit BUY 10 @ 7680.50 submitted (ID: 720)
  ⬆️ LONG ORDER @ 7680.50 | Size: 1.00 | SL: 7677.50 | TP: 7685.00 [10cts]
     Reason: Grid Long (moderate_bullish, RSI: 19.4)
  🔬 SHADOW [long trending]: 🟥 ROBUST WOULD BLOCK (1 filter)
       MACD=BLOCK (-0.17 vs -0.10, Δ-0.07) | 5m=PASS (1m=moderate_bullish, 5m=sideways)
     ⏳ Order 720 PENDING - awaiting fill confirmation
  💰 Daily P&L: $+6,625.00
  📋 Order 720 status: PreSubmitted
  ✅ Fill: BOT 10.0 @ 7680.25
  📋 Order 720 status: Filled
  📤 Stop-Limit SELL 10 @ stop:7672.25 / lmt:7668.25 submitted (ID: 721) [OCA:exit_720_1787589427]
  📋 Order 721 status: PreSubmitted
  📤 Limit SELL 10 @ 7684.75 submitted (ID: 722) [OCA:exit_720_1787589427]
  📋 Order 722 status: PreSubmitted
  ✅ FILL CONFIRMED: LONG @ 7680.25 (order 720)
     📊 Bracket placed: SL #721 @ 7672.25 | TP #722 @ 7684.75
     Trail activates @ +7.5 pts

[2026-08-24 11:36] O:7680.25 H:7680.75 L:7679.75 C:7680.25 V:644.0
  📈 Trend: moderate_bullish | 🌍 Regime: trending_bullish
  🗺️  Grid: 0.080% | 🔺 7680.75 🔻 7679.25
  📡 RSI: 20.0 | MACD: -0.24 | ATR: 1.41
  📊 Filled: 1 | Pending: 0
  📍 LONG @ 7680.25 | SL: 7672.25 | TP: 7684.75 | P&L: $+0.00 | +7.5 to trail
  💰 Daily P&L: $+6,625.00
  📋 Order 722 status: Submitted

[2026-08-24 11:37] O:7680.00 H:7681.00 L:7680.00 C:7680.75 V:581.0
  📈 Trend: moderate_bullish | 🌍 Regime: trending_bullish
  🗺️  Grid: 0.080% | 🔺 7680.75 🔻 7679.75
  📡 RSI: 30.8 | MACD: -0.25 | ATR: 1.30
  📊 Filled: 1 | Pending: 0
  📍 LONG @ 7680.25 | SL: 7672.25 | TP: 7684.75 | P&L: $+250.00 | +7.0 to trail
  💰 Daily P&L: $+6,625.00

[2026-08-24 11:38] O:7680.75 H:7681.25 L:7677.75 C:7678.00 V:1607.0
  📈 Trend: moderate_bullish | 🌍 Regime: trending_bullish
  🗺️  Grid: 0.080% | 🔺 7681.00 🔻 7680.00
  📡 RSI: 22.9 | MACD: -0.48 | ATR: 1.48
  📊 Filled: 1 | Pending: 0
  📍 LONG @ 7680.25 | SL: 7672.25 | TP: 7684.75 | P&L: $-1,125.00 | +6.8 to trail
  💰 Daily P&L: $+6,625.00

[2026-08-24 11:39] O:7678.00 H:7678.50 L:7677.25 C:7677.75 V:986.0
  📈 Trend: moderate_bullish | 🌍 Regime: trending_bullish
  🗺️  Grid: 0.080% | 🔺 7681.25 🔻 7677.75
  📡 RSI: 22.2 | MACD: -0.67 | ATR: 1.52
  📊 Filled: 1 | Pending: 0
  📍 LONG @ 7680.25 | SL: 7672.25 | TP: 7684.75 | P&L: $-1,250.00 | +6.5 to trail
  💰 Daily P&L: $+6,625.00

[2026-08-24 11:40] O:7677.50 H:7678.25 L:7676.75 C:7678.00 V:1039.0
  📈 Trend: moderate_bullish | 🌍 Regime: trending_bullish
  🗺️  Grid: 0.080% | 🔺 7678.50 🔻 7677.25
  📡 RSI: 24.3 | MACD: -0.79 | ATR: 1.55
  📊 Filled: 1 | Pending: 0
  📍 LONG @ 7680.25 | SL: 7672.25 | TP: 7684.75 | P&L: $-1,125.00 | +6.5 to trail
  💰 Daily P&L: $+6,625.00

[2026-08-24 11:41] O:7678.00 H:7678.00 L:7677.00 C:7677.75 V:629.0
  📈 Trend: moderate_bullish | 🌍 Regime: trending_bullish
  🗺️  Grid: 0.080% | 🔺 7678.25 🔻 7676.75
  📡 RSI: 23.7 | MACD: -0.90 | ATR: 1.54
  📊 Filled: 1 | Pending: 0
  📍 LONG @ 7680.25 | SL: 7672.25 | TP: 7684.75 | P&L: $-1,250.00 | +6.5 to trail
  💰 Daily P&L: $+6,625.00

[2026-08-24 11:42] O:7677.50 H:7677.75 L:7676.00 C:7676.25 V:602.0
  📈 Trend: moderate_bullish (raw: strong_bearish) | 🌍 Regime: ranging
  🗺️  Grid: 0.080% | 🔺 7678.00 🔻 7677.00
  📡 RSI: 14.6 | MACD: -1.09 | ATR: 1.59
  📊 Filled: 1 | Pending: 0
  📍 LONG @ 7680.25 | SL: 7672.25 | TP: 7684.75 | P&L: $-2,000.00 | +6.5 to trail
  💰 Daily P&L: $+6,625.00

[2026-08-24 11:43] O:7676.00 H:7677.00 L:7675.75 C:7676.75 V:760.0
  📈 Trend: strong_bearish | 🌍 Regime: ranging
  🗺️  Grid: 0.080% | 🔺 7677.75 🔻 7676.00
  📡 RSI: 19.0 | MACD: -1.19 | ATR: 1.57
  📊 Filled: 1 | Pending: 0
  📍 LONG @ 7680.25 | SL: 7672.25 | TP: 7684.75 | P&L: $-1,750.00 | +6.5 to trail
  💰 Daily P&L: $+6,625.00

[2026-08-24 11:44] O:7676.75 H:7677.75 L:7676.50 C:7677.25 V:810.0
  📈 Trend: strong_bearish | 🌍 Regime: ranging
  🗺️  Grid: 0.080% | 🔺 7677.00 🔻 7675.75
  📡 RSI: 25.6 | MACD: -1.22 | ATR: 1.46
  📊 Filled: 1 | Pending: 0
  📍 LONG @ 7680.25 | SL: 7672.25 | TP: 7684.75 | P&L: $-1,500.00 | +6.5 to trail
  💰 Daily P&L: $+6,625.00

[2026-08-24 11:45] O:7677.25 H:7677.50 L:7675.75 C:7676.00 V:1269.0
  📈 Trend: strong_bearish | 🌍 Regime: ranging
  🗺️  Grid: 0.080% | 🔺 7677.75 🔻 7676.50
  📡 RSI: 28.6 | MACD: -1.32 | ATR: 1.43
  📊 Filled: 1 | Pending: 0
  📍 LONG @ 7680.25 | SL: 7672.25 | TP: 7684.75 | P&L: $-2,125.00 | +6.5 to trail
  💰 Daily P&L: $+6,625.00

[2026-08-24 11:46] O:7675.75 H:7676.50 L:7675.75 C:7676.25 V:1002.0
  📈 Trend: strong_bearish | 🌍 Regime: ranging
  🗺️  Grid: 0.080% | 🔺 7677.50 🔻 7675.75
  📡 RSI: 30.6 | MACD: -1.37 | ATR: 1.39
  📊 Filled: 1 | Pending: 0
  📍 LONG @ 7680.25 | SL: 7672.25 | TP: 7684.75 | P&L: $-2,000.00 | +6.5 to trail
  💰 Daily P&L: $+6,625.00

[2026-08-24 11:47] O:7676.00 H:7677.00 L:7676.00 C:7676.75 V:1217.0
  📈 Trend: strong_bearish | 🌍 Regime: ranging
  🗺️  Grid: 0.080% | 🔺 7676.50 🔻 7675.75
  📡 RSI: 34.2 | MACD: -1.35 | ATR: 1.39
  📊 Filled: 1 | Pending: 0
  📍 LONG @ 7680.25 | SL: 7672.25 | TP: 7684.75 | P&L: $-1,750.00 | +6.5 to trail
  💰 Daily P&L: $+6,625.00

[2026-08-24 11:48] O:7676.75 H:7678.00 L:7676.50 C:7676.50 V:1203.0
  📈 Trend: strong_bearish | 🌍 Regime: ranging
  🗺️  Grid: 0.080% | 🔺 7677.00 🔻 7676.00
  📡 RSI: 31.6 | MACD: -1.34 | ATR: 1.43
  📊 Filled: 1 | Pending: 0
  📍 LONG @ 7680.25 | SL: 7672.25 | TP: 7684.75 | P&L: $-1,875.00 | +6.5 to trail
  💰 Daily P&L: $+6,625.00

[2026-08-24 11:49] O:7676.50 H:7677.75 L:7676.00 C:7677.75 V:792.0
  📈 Trend: strong_bearish | 🌍 Regime: ranging
  🗺️  Grid: 0.080% | 🔺 7678.00 🔻 7676.50
  📡 RSI: 36.6 | MACD: -1.22 | ATR: 1.45
  📊 Filled: 1 | Pending: 0
  📍 LONG @ 7680.25 | SL: 7672.25 | TP: 7684.75 | P&L: $-1,250.00 | +6.5 to trail
  💰 Daily P&L: $+6,625.00

[2026-08-24 11:50] O:7677.50 H:7678.75 L:7676.75 C:7677.00 V:1317.0
  📈 Trend: strong_bearish | 🌍 Regime: trending_bearish
  🗺️  Grid: 0.080% | 🔺 7677.75 🔻 7676.00
  📡 RSI: 34.9 | MACD: -1.17 | ATR: 1.52
  📊 Filled: 1 | Pending: 0
  📍 LONG @ 7680.25 | SL: 7672.25 | TP: 7684.75 | P&L: $-1,625.00 | +6.5 to trail
  💰 Daily P&L: $+6,625.00

[2026-08-24 11:51] O:7676.75 H:7677.00 L:7675.25 C:7675.50 V:856.0
  📈 Trend: strong_bearish | 🌍 Regime: trending_bearish
  🗺️  Grid: 0.080% | 🔺 7678.75 🔻 7676.75
  📡 RSI: 27.7 | MACD: -1.23 | ATR: 1.57
  📊 Filled: 1 | Pending: 0
  📍 LONG @ 7680.25 | SL: 7672.25 | TP: 7684.75 | P&L: $-2,375.00 | +6.5 to trail
  💰 Daily P&L: $+6,625.00

[2026-08-24 11:52] O:7675.50 H:7677.25 L:7675.50 C:7676.75 V:713.0
  📈 Trend: strong_bearish | 🌍 Regime: trending_bearish
  🗺️  Grid: 0.080% | 🔺 7677.00 🔻 7675.25
  📡 RSI: 43.9 | MACD: -1.17 | ATR: 1.45
  📊 Filled: 1 | Pending: 0
  📍 LONG @ 7680.25 | SL: 7672.25 | TP: 7684.75 | P&L: $-1,750.00 | +6.5 to trail
  💰 Daily P&L: $+6,625.00

[2026-08-24 11:53] O:7676.75 H:7677.00 L:7676.25 C:7677.00 V:511.0
  📈 Trend: strong_bearish (raw: moderate_bearish) | 🌍 Regime: trending_bearish
  🗺️  Grid: 0.080% | 🔺 7677.25 🔻 7675.50
  📡 RSI: 46.3 | MACD: -1.09 | ATR: 1.41
  📊 Filled: 1 | Pending: 0
  📍 LONG @ 7680.25 | SL: 7672.25 | TP: 7684.75 | P&L: $-1,625.00 | +6.5 to trail
  💰 Daily P&L: $+6,625.00

[2026-08-24 11:54] O:7677.00 H:7677.00 L:7675.50 C:7676.25 V:733.0
  📈 Trend: moderate_bearish | 🌍 Regime: trending_bearish
  🗺️  Grid: 0.080% | 🔺 7677.00 🔻 7676.25
  📡 RSI: 41.9 | MACD: -1.07 | ATR: 1.41
  📊 Filled: 1 | Pending: 0
  📍 LONG @ 7680.25 | SL: 7672.25 | TP: 7684.75 | P&L: $-2,000.00 | +6.5 to trail
  💰 Daily P&L: $+6,625.00

[2026-08-24 11:55] O:7676.25 H:7676.25 L:7675.50 C:7675.75 V:739.0
  📈 Trend: moderate_bearish | 🌍 Regime: trending_bearish
  🗺️  Grid: 0.080% | 🔺 7677.00 🔻 7675.50
  📡 RSI: 40.9 | MACD: -1.09 | ATR: 1.39
  📊 Filled: 1 | Pending: 0
  📍 LONG @ 7680.25 | SL: 7672.25 | TP: 7684.75 | P&L: $-2,250.00 | +6.5 to trail
  💰 Daily P&L: $+6,625.00

[2026-08-24 11:56] O:7675.50 H:7676.25 L:7675.50 C:7676.00 V:559.0
  📈 Trend: moderate_bearish | 🌍 Regime: trending_bearish
  🗺️  Grid: 0.080% | 🔺 7676.25 🔻 7675.50
  📡 RSI: 48.7 | MACD: -1.07 | ATR: 1.32
  📊 Filled: 1 | Pending: 0
  📍 LONG @ 7680.25 | SL: 7672.25 | TP: 7684.75 | P&L: $-2,125.00 | +6.5 to trail
  💰 Daily P&L: $+6,625.00

[2026-08-24 11:57] O:7675.75 H:7677.50 L:7675.75 C:7675.75 V:1500.0
  📈 Trend: moderate_bearish | 🌍 Regime: trending_bearish
  🗺️  Grid: 0.080% | 🔺 7676.25 🔻 7675.50
  📡 RSI: 44.7 | MACD: -1.06 | ATR: 1.36
  📊 Filled: 1 | Pending: 0
  📍 LONG @ 7680.25 | SL: 7672.25 | TP: 7684.75 | P&L: $-2,250.00 | +6.5 to trail
  💰 Daily P&L: $+6,625.00

[2026-08-24 11:58] O:7675.75 H:7676.00 L:7675.50 C:7676.00 V:598.0
  📈 Trend: moderate_bearish | 🌍 Regime: trending_bearish
  🗺️  Grid: 0.080% | 🔺 7677.50 🔻 7675.75
  📡 RSI: 43.2 | MACD: -1.02 | ATR: 1.30
  📊 Filled: 1 | Pending: 0
  📍 LONG @ 7680.25 | SL: 7672.25 | TP: 7684.75 | P&L: $-2,125.00 | +6.5 to trail
  💰 Daily P&L: $+6,625.00

[2026-08-24 11:59] O:7675.75 H:7676.50 L:7675.75 C:7676.00 V:574.0
  📈 Trend: moderate_bearish | 🌍 Regime: trending_bearish
  🗺️  Grid: 0.080% | 🔺 7676.00 🔻 7675.50
  📡 RSI: 50.0 | MACD: -0.98 | ATR: 1.23
  📊 Filled: 1 | Pending: 0
  📍 LONG @ 7680.25 | SL: 7672.25 | TP: 7684.75 | P&L: $-2,125.00 | +6.5 to trail
  💰 Daily P&L: $+6,625.00

[2026-08-24 12:00] O:7676.00 H:7676.25 L:7674.50 C:7674.50 V:1151.0
  📈 Trend: moderate_bearish | 🌍 Regime: trending_bearish
  🗺️  Grid: 0.080% | 🔺 7676.50 🔻 7675.75
  📡 RSI: 40.5 | MACD: -1.06 | ATR: 1.30
  📊 Filled: 1 | Pending: 0
  📍 LONG @ 7680.25 | SL: 7672.25 | TP: 7684.75 | P&L: $-2,875.00 | +6.5 to trail
  💰 Daily P&L: $+6,625.00

[2026-08-24 12:01] O:7674.50 H:7675.50 L:7674.50 C:7674.50 V:971.0
  📈 Trend: moderate_bearish (raw: strong_bearish) | 🌍 Regime: trending_bearish
  🗺️  Grid: 0.080% | 🔺 7676.25 🔻 7674.50
  📡 RSI: 37.1 | MACD: -1.10 | ATR: 1.30
  📊 Filled: 1 | Pending: 0
  📍 LONG @ 7680.25 | SL: 7672.25 | TP: 7684.75 | P&L: $-2,875.00 | +6.5 to trail
  💰 Daily P&L: $+6,625.00

[2026-08-24 12:02] O:7674.50 H:7675.00 L:7673.50 C:7673.75 V:2231.0
  📈 Trend: strong_bearish | 🌍 Regime: trending_bearish
  🗺️  Grid: 0.080% | 🔺 7675.50 🔻 7674.50
  📡 RSI: 35.1 | MACD: -1.19 | ATR: 1.30
  📊 Filled: 1 | Pending: 0
  📍 LONG @ 7680.25 | SL: 7672.25 | TP: 7684.75 | P&L: $-3,250.00 | +6.5 to trail
  💰 Daily P&L: $+6,625.00

[2026-08-24 12:03] O:7673.75 H:7674.50 L:7673.50 C:7673.50 V:1486.0
  📈 Trend: strong_bearish | 🌍 Regime: trending_bearish
  🗺️  Grid: 0.080% | 🔺 7675.00 🔻 7673.50
  📡 RSI: 24.2 | MACD: -1.26 | ATR: 1.25
  📊 Filled: 1 | Pending: 0
  📍 LONG @ 7680.25 | SL: 7672.25 | TP: 7684.75 | P&L: $-3,375.00 | +6.5 to trail
  💰 Daily P&L: $+6,625.00

[2026-08-24 12:04] O:7673.50 H:7674.50 L:7672.75 C:7674.25 V:1328.0
  📈 Trend: strong_bearish | 🌍 Regime: trending_bearish
  🗺️  Grid: 0.080% | 🔺 7674.50 🔻 7673.50
  📡 RSI: 33.3 | MACD: -1.24 | ATR: 1.23
  📊 Filled: 1 | Pending: 0
  📍 LONG @ 7680.25 | SL: 7672.25 | TP: 7684.75 | P&L: $-3,000.00 | +6.5 to trail
  💰 Daily P&L: $+6,625.00

[2026-08-24 12:05] O:7674.00 H:7675.00 L:7673.50 C:7674.50 V:1151.0
  📈 Trend: strong_bearish | 🌍 Regime: trending_bearish
  🗺️  Grid: 0.080% | 🔺 7674.50 🔻 7672.75
  📡 RSI: 42.9 | MACD: -1.19 | ATR: 1.21
  📊 Filled: 1 | Pending: 0
  📍 LONG @ 7680.25 | SL: 7672.25 | TP: 7684.75 | P&L: $-2,875.00 | +6.5 to trail
  💰 Daily P&L: $+6,625.00

[2026-08-24 12:06] O:7674.25 H:7675.75 L:7674.25 C:7675.00 V:1088.0
  📈 Trend: strong_bearish (raw: moderate_bearish) | 🌍 Regime: trending_bearish
  🗺️  Grid: 0.080% | 🔺 7675.00 🔻 7673.50
  📡 RSI: 36.0 | MACD: -1.10 | ATR: 1.20
  📊 Filled: 1 | Pending: 0
  📍 LONG @ 7680.25 | SL: 7672.25 | TP: 7684.75 | P&L: $-2,625.00 | +6.5 to trail
  💰 Daily P&L: $+6,625.00

[2026-08-24 12:07] O:7674.75 H:7679.50 L:7674.75 C:7679.25 V:3028.0
  📈 Trend: strong_bearish (raw: moderate_bullish) | 🌍 Regime: ranging
  🗺️  Grid: 0.080% | 🔺 7675.75 🔻 7674.25
  📡 RSI: 61.0 | MACD: -0.68 | ATR: 1.48
  📊 Filled: 1 | Pending: 0
  📍 LONG @ 7680.25 | SL: 7672.25 | TP: 7684.75 | P&L: $-500.00 | +6.5 to trail
  💰 Daily P&L: $+6,625.00

[2026-08-24 12:08] O:7679.00 H:7680.75 L:7677.50 C:7679.00 V:2667.0
  📈 Trend: moderate_bullish | 🌍 Regime: ranging
  🗺️  Grid: 0.080% | 🔺 7679.50 🔻 7674.75
  📡 RSI: 64.1 | MACD: -0.36 | ATR: 1.61
  📊 Filled: 1 | Pending: 0
  📍 LONG @ 7680.25 | SL: 7672.25 | TP: 7684.75 | P&L: $-625.00 | +6.5 to trail
  💰 Daily P&L: $+6,625.00

[2026-08-24 12:09] O:7679.00 H:7679.25 L:7678.25 C:7678.50 V:1165.0
  📈 Trend: moderate_bullish | 🌍 Regime: ranging
  🗺️  Grid: 0.080% | 🔺 7680.75 🔻 7677.50
  📡 RSI: 64.1 | MACD: -0.15 | ATR: 1.62
  📊 Filled: 1 | Pending: 0
  📍 LONG @ 7680.25 | SL: 7672.25 | TP: 7684.75 | P&L: $-875.00 | +6.5 to trail
  💰 Daily P&L: $+6,625.00

[2026-08-24 12:10] O:7678.50 H:7679.75 L:7677.25 C:7677.75 V:1490.0
  📈 Trend: moderate_bullish | 🌍 Regime: ranging
  🗺️  Grid: 0.080% | 🔺 7679.25 🔻 7678.25
  📡 RSI: 58.5 | MACD: -0.04 | ATR: 1.75
  📊 Filled: 1 | Pending: 0
  📍 LONG @ 7680.25 | SL: 7672.25 | TP: 7684.75 | P&L: $-1,250.00 | +6.5 to trail
  💰 Daily P&L: $+6,625.00

[2026-08-24 12:11] O:7677.75 H:7681.50 L:7677.50 C:7681.50 V:1694.0
  📈 Trend: moderate_bullish (raw: strong_bullish) | 🌍 Regime: ranging
  🗺️  Grid: 0.080% | 🔺 7679.75 🔻 7677.25
  📡 RSI: 70.9 | MACD: 0.35 | ATR: 1.91
  📊 Filled: 1 | Pending: 0
  📍 LONG @ 7680.25 | SL: 7672.25 | TP: 7684.75 | P&L: $+625.00 | +6.5 to trail
  💰 Daily P&L: $+6,625.00

[2026-08-24 12:12] O:7681.50 H:7682.00 L:7680.00 C:7680.75 V:1635.0
  📈 Trend: strong_bullish | 🌍 Regime: ranging
  🗺️  Grid: 0.080% | 🔺 7681.50 🔻 7677.50
  📡 RSI: 66.7 | MACD: 0.59 | ATR: 2.02
  📊 Filled: 1 | Pending: 0
  📍 LONG @ 7680.25 | SL: 7672.25 | TP: 7684.75 | P&L: $+250.00 | +6.2 to trail
  💰 Daily P&L: $+6,625.00

[2026-08-24 12:13] O:7680.75 H:7681.25 L:7678.50 C:7678.75 V:1601.0
  📈 Trend: strong_bullish | 🌍 Regime: ranging
  🗺️  Grid: 0.080% | 🔺 7682.00 🔻 7680.00
  📡 RSI: 58.5 | MACD: 0.61 | ATR: 2.16
  📊 Filled: 1 | Pending: 0
  📍 LONG @ 7680.25 | SL: 7672.25 | TP: 7684.75 | P&L: $-750.00 | +5.8 to trail
  💰 Daily P&L: $+6,625.00

[2026-08-24 12:14] O:7678.75 H:7679.50 L:7677.25 C:7679.25 V:1321.0
  📈 Trend: strong_bullish | 🌍 Regime: ranging
  🗺️  Grid: 0.080% | 🔺 7681.25 🔻 7678.50
  📡 RSI: 65.6 | MACD: 0.66 | ATR: 2.20
  📊 Filled: 1 | Pending: 0
  📍 LONG @ 7680.25 | SL: 7672.25 | TP: 7684.75 | P&L: $-500.00 | +5.8 to trail
  💰 Daily P&L: $+6,625.00

[2026-08-24 12:15] O:7679.25 H:7679.25 L:7677.50 C:7678.25 V:689.0
  📈 Trend: strong_bullish | 🌍 Regime: ranging
  🗺️  Grid: 0.080% | 🔺 7679.50 🔻 7677.25
  📡 RSI: 61.5 | MACD: 0.61 | ATR: 2.25
  📊 Filled: 1 | Pending: 0
  📍 LONG @ 7680.25 | SL: 7672.25 | TP: 7684.75 | P&L: $-1,000.00 | +5.8 to trail
  💰 Daily P&L: $+6,625.00

[2026-08-24 12:16] O:7678.00 H:7678.25 L:7674.25 C:7677.00 V:3551.0
  📈 Trend: strong_bullish | 🌍 Regime: ranging
  🗺️  Grid: 0.080% | 🔺 7679.25 🔻 7677.50
  📡 RSI: 59.7 | MACD: 0.46 | ATR: 2.43
  📊 Filled: 1 | Pending: 0
  📍 LONG @ 7680.25 | SL: 7672.25 | TP: 7684.75 | P&L: $-1,625.00 | +5.8 to trail
  💰 Daily P&L: $+6,625.00

[2026-08-24 12:17] O:7676.75 H:7679.75 L:7676.75 C:7679.50 V:1681.0
  📈 Trend: strong_bullish | 🌍 Regime: ranging
  🗺️  Grid: 0.080% | 🔺 7678.25 🔻 7674.25
  📡 RSI: 65.8 | MACD: 0.54 | ATR: 2.57
  📊 Filled: 1 | Pending: 0
  📍 LONG @ 7680.25 | SL: 7672.25 | TP: 7684.75 | P&L: $-375.00 | +5.8 to trail
  💰 Daily P&L: $+6,625.00

[2026-08-24 12:18] O:7679.25 H:7679.50 L:7676.00 C:7676.50 V:1168.0
  📈 Trend: strong_bullish | 🌍 Regime: ranging
  🗺️  Grid: 0.080% | 🔺 7679.75 🔻 7676.75
  📡 RSI: 55.3 | MACD: 0.36 | ATR: 2.70
  📊 Filled: 1 | Pending: 0
  📍 LONG @ 7680.25 | SL: 7672.25 | TP: 7684.75 | P&L: $-1,875.00 | +5.8 to trail
  💰 Daily P&L: $+6,625.00

[2026-08-24 12:19] O:7676.25 H:7677.00 L:7675.25 C:7675.50 V:1209.0
  📈 Trend: strong_bullish (raw: moderate_bullish) | 🌍 Regime: ranging
  🗺️  Grid: 0.080% | 🔺 7679.50 🔻 7676.00
  📡 RSI: 52.3 | MACD: 0.13 | ATR: 2.71
  📊 Filled: 1 | Pending: 0
  📍 LONG @ 7680.25 | SL: 7672.25 | TP: 7684.75 | P&L: $-2,375.00 | +5.8 to trail
  💰 Daily P&L: $+6,625.00
  📋 Order 722 status: PreSubmitted
  📋 Order 722 status: PendingCancel
  ✅ Fill: SLD 10.0 @ 7672.25
  📋 Order 721 status: Filled
  📋 Order 722 status: PendingCancel
  🛡️ OCA backup: cancelling sibling order 722 immediately after 721 filled
  📋 Order 722 status: Cancelled

[2026-08-24 12:20] O:7675.25 H:7675.75 L:7673.50 C:7673.75 V:2076.0
  📈 Trend: strong_bullish (raw: strong_bearish) | 🌍 Regime: ranging
  🗺️  Grid: 0.080% | 🔺 7677.00 🔻 7675.25
  📡 RSI: 47.3 | MACD: -0.19 | ATR: 2.77
  📊 Filled: 1 | Pending: 0
  📍 LONG @ 7680.25 | SL: 7672.25 | TP: 7684.75 | P&L: $-3,250.00 | +5.8 to trail
  ❌ EXIT LONG @ 7672.25 | Stop Loss
     P&L: -8.00 pts ($-4,000.00) | Daily: $+2,625.00
  ⚠️ POSITION MISMATCH after exit: broker=1, bot expects=0
  🛟 Flattening stray 1 contract(s) with SELL to restore expected exposure
  📤 Market SELL 1 contracts submitted (ID: 723)
  📋 Order 723 status: PreSubmitted
  ✅ Fill: SLD 1.0 @ 7672.25
  📋 Order 723 status: Filled
  ⏸️ Cooldown: 2 bar(s) remaining after exit
  💰 Daily P&L: $+2,625.00

[2026-08-24 12:21] O:7673.50 H:7673.50 L:7670.75 C:7671.50 V:3283.0
  📈 Trend: strong_bearish | 🌍 Regime: ranging
  🗺️  Grid: 0.080% | 🔺 7675.75 🔻 7673.50
  📡 RSI: 31.8 | MACD: -0.61 | ATR: 2.64
  📊 Filled: 0 | Pending: 0
  ⏸️ Cooldown: 1 bar(s) remaining after exit
  💰 Daily P&L: $+2,625.00

[2026-08-24 12:22] O:7671.25 H:7671.75 L:7670.25 C:7671.50 V:2226.0
  📈 Trend: strong_bearish | 🌍 Regime: ranging
  🗺️  Grid: 0.080% | 🔺 7673.50 🔻 7670.75
  📡 RSI: 32.1 | MACD: -0.94 | ATR: 2.52
  📊 Filled: 0 | Pending: 0
  🔲 Regime: RANGING | Range pos: 52% | RSI: 32.1
  💰 Daily P&L: $+2,625.00

[2026-08-24 12:23] O:7671.25 H:7671.75 L:7669.00 C:7670.75 V:2753.0
  📈 Trend: strong_bearish | 🌍 Regime: ranging
  🗺️  Grid: 0.080% | 🔺 7671.75 🔻 7670.25
  📡 RSI: 31.8 | MACD: -1.25 | ATR: 2.64
  📊 Filled: 0 | Pending: 0
  🔲 Regime: RANGING | Range pos: 50% | RSI: 31.8
  💰 Daily P&L: $+2,625.00

[2026-08-24 12:24] O:7670.75 H:7671.50 L:7669.75 C:7669.75 V:1326.0
  📈 Trend: strong_bearish | 🌍 Regime: ranging
  🗺️  Grid: 0.080% | 🔺 7671.75 🔻 7669.00
  📡 RSI: 31.4 | MACD: -1.55 | ATR: 2.59
  📊 Filled: 0 | Pending: 0
  🔲 Regime: RANGING | Range pos: 47% | RSI: 31.4
  💰 Daily P&L: $+2,625.00

[2026-08-24 12:25] O:7669.75 H:7670.00 L:7667.25 C:7669.25 V:3233.0
  📈 Trend: strong_bearish | 🌍 Regime: ranging
  🗺️  Grid: 0.080% | 🔺 7671.50 🔻 7669.75
  📡 RSI: 16.4 | MACD: -1.81 | ATR: 2.50
  📊 Filled: 0 | Pending: 0
  🔲 Regime: RANGING | Range pos: 45% | RSI: 16.4
  💰 Daily P&L: $+2,625.00

[2026-08-24 12:26] O:7669.25 H:7671.00 L:7669.00 C:7670.75 V:1414.0
  📈 Trend: strong_bearish | 🌍 Regime: ranging
  🗺️  Grid: 0.080% | 🔺 7670.00 🔻 7667.25
  📡 RSI: 23.7 | MACD: -1.88 | ATR: 2.50
  📊 Filled: 0 | Pending: 0
  🔲 Regime: RANGING | Range pos: 50% | RSI: 23.7
  💰 Daily P&L: $+2,625.00

[2026-08-24 12:27] O:7670.50 H:7671.00 L:7669.50 C:7670.50 V:1293.0
  📈 Trend: strong_bearish | 🌍 Regime: ranging
  🗺️  Grid: 0.080% | 🔺 7671.00 🔻 7669.00
  📡 RSI: 26.1 | MACD: -1.93 | ATR: 2.41
  📊 Filled: 0 | Pending: 0
  🔲 Regime: RANGING | Range pos: 49% | RSI: 26.1
  💰 Daily P&L: $+2,625.00

[2026-08-24 12:28] O:7670.50 H:7671.50 L:7669.75 C:7670.00 V:1450.0
  📈 Trend: strong_bearish | 🌍 Regime: ranging
  🗺️  Grid: 0.080% | 🔺 7671.00 🔻 7669.50
  📡 RSI: 23.2 | MACD: -1.98 | ATR: 2.38
  📊 Filled: 0 | Pending: 0
  🔲 Regime: RANGING | Range pos: 48% | RSI: 23.2
  💰 Daily P&L: $+2,625.00

[2026-08-24 12:29] O:7670.00 H:7670.50 L:7667.75 C:7668.25 V:1198.0
  📈 Trend: strong_bearish | 🌍 Regime: ranging
  🗺️  Grid: 0.080% | 🔺 7671.50 🔻 7669.75
  📡 RSI: 22.2 | MACD: -2.14 | ATR: 2.45
  📊 Filled: 0 | Pending: 0
  🔲 Regime: RANGING | Range pos: 42% | RSI: 22.2
  💰 Daily P&L: $+2,625.00

[2026-08-24 12:30] O:7668.00 H:7668.50 L:7667.00 C:7668.00 V:2379.0
  📈 Trend: strong_bearish | 🌍 Regime: trending_bearish
  🗺️  Grid: 0.080% | 🔺 7670.50 🔻 7667.75
  📡 RSI: 23.5 | MACD: -2.27 | ATR: 2.27
  📊 Filled: 0 | Pending: 0
  💰 Daily P&L: $+2,625.00

[2026-08-24 12:31] O:7667.75 H:7669.00 L:7667.50 C:7668.50 V:1766.0
  📈 Trend: strong_bearish | 🌍 Regime: trending_bearish
  🗺️  Grid: 0.080% | 🔺 7668.50 🔻 7667.00
  📡 RSI: 13.3 | MACD: -2.29 | ATR: 2.16
  📊 Filled: 0 | Pending: 0
  💰 Daily P&L: $+2,625.00

[2026-08-24 12:32] O:7668.50 H:7670.00 L:7668.50 C:7669.00 V:1934.0
  📈 Trend: strong_bearish | 🌍 Regime: trending_bearish
  🗺️  Grid: 0.080% | 🔺 7669.00 🔻 7667.50
  📡 RSI: 20.0 | MACD: -2.25 | ATR: 2.02
  📊 Filled: 0 | Pending: 0
  💰 Daily P&L: $+2,625.00

[2026-08-24 12:33] O:7669.00 H:7669.25 L:7668.00 C:7669.00 V:1479.0
  📈 Trend: strong_bearish | 🌍 Regime: trending_bearish
  🗺️  Grid: 0.080% | 🔺 7670.00 🔻 7668.50
  📡 RSI: 21.7 | MACD: -2.19 | ATR: 1.98
  📊 Filled: 0 | Pending: 0
  💰 Daily P&L: $+2,625.00

[2026-08-24 12:34] O:7669.00 H:7669.50 L:7667.25 C:7667.25 V:1296.0
  📈 Trend: strong_bearish | 🌍 Regime: trending_bearish
  🗺️  Grid: 0.080% | 🔺 7669.25 🔻 7668.00
  📡 RSI: 21.7 | MACD: -2.26 | ATR: 1.98
  📊 Filled: 0 | Pending: 0
  💰 Daily P&L: $+2,625.00

[2026-08-24 12:35] O:7667.00 H:7667.75 L:7665.75 C:7666.25 V:2040.0
  📈 Trend: strong_bearish | 🌍 Regime: trending_bearish
  🗺️  Grid: 0.080% | 🔺 7669.50 🔻 7667.25
  📡 RSI: 24.4 | MACD: -2.37 | ATR: 1.91
  📊 Filled: 0 | Pending: 0
  💰 Daily P&L: $+2,625.00

[2026-08-24 12:36] O:7666.00 H:7667.00 L:7665.50 C:7666.75 V:1255.0
  📈 Trend: strong_bearish | 🌍 Regime: trending_bearish
  🗺️  Grid: 0.080% | 🔺 7667.75 🔻 7665.75
  📡 RSI: 27.9 | MACD: -2.39 | ATR: 1.91
  📊 Filled: 0 | Pending: 0
  💰 Daily P&L: $+2,625.00

[2026-08-24 12:37] O:7666.75 H:7667.50 L:7665.50 C:7665.75 V:1541.0
  📈 Trend: strong_bearish | 🌍 Regime: trending_bearish
  🗺️  Grid: 0.080% | 🔺 7667.00 🔻 7665.50
  📡 RSI: 27.3 | MACD: -2.45 | ATR: 1.86
  📊 Filled: 0 | Pending: 0
  💰 Daily P&L: $+2,625.00

[2026-08-24 12:38] O:7665.50 H:7666.75 L:7665.25 C:7666.25 V:1434.0
  📈 Trend: strong_bearish | 🌍 Regime: trending_bearish
  🗺️  Grid: 0.080% | 🔺 7667.50 🔻 7665.50
  📡 RSI: 33.3 | MACD: -2.44 | ATR: 1.84
  📊 Filled: 0 | Pending: 0
  💰 Daily P&L: $+2,625.00

[2026-08-24 12:39] O:7666.00 H:7668.25 L:7666.00 C:7668.00 V:1489.0
  📈 Trend: strong_bearish | 🌍 Regime: trending_bearish
  🗺️  Grid: 0.080% | 🔺 7666.75 🔻 7665.25
  📡 RSI: 44.7 | MACD: -2.26 | ATR: 1.80
  📊 Filled: 0 | Pending: 0
  💰 Daily P&L: $+2,625.00

[2026-08-24 12:40] O:7668.00 H:7668.75 L:7667.00 C:7667.50 V:1878.0
  📈 Trend: strong_bearish (raw: moderate_bearish) | 🌍 Regime: trending_bearish
  🗺️  Grid: 0.080% | 🔺 7668.25 🔻 7666.00
  📡 RSI: 34.9 | MACD: -2.13 | ATR: 1.79
  📊 Filled: 0 | Pending: 0
  💰 Daily P&L: $+2,625.00

[2026-08-24 12:41] O:7667.50 H:7667.50 L:7666.00 C:7667.50 V:1047.0
  📈 Trend: strong_bearish | 🌍 Regime: trending_bearish
  🗺️  Grid: 0.080% | 🔺 7668.75 🔻 7667.00
  📡 RSI: 35.7 | MACD: -2.01 | ATR: 1.79
  📊 Filled: 0 | Pending: 0
  💰 Daily P&L: $+2,625.00

[2026-08-24 12:42] O:7667.75 H:7668.25 L:7667.25 C:7667.75 V:1048.0
  📈 Trend: strong_bearish | 🌍 Regime: trending_bearish
  🗺️  Grid: 0.080% | 🔺 7667.50 🔻 7666.00
  📡 RSI: 39.0 | MACD: -1.87 | ATR: 1.73
  📊 Filled: 0 | Pending: 0
  💰 Daily P&L: $+2,625.00

[2026-08-24 12:43] O:7667.75 H:7667.75 L:7666.25 C:7666.25 V:1146.0
  📈 Trend: strong_bearish | 🌍 Regime: trending_bearish
  🗺️  Grid: 0.080% | 🔺 7668.25 🔻 7667.25
  📡 RSI: 40.0 | MACD: -1.86 | ATR: 1.64
  📊 Filled: 0 | Pending: 0
  💰 Daily P&L: $+2,625.00

[2026-08-24 12:44] O:7666.50 H:7666.75 L:7665.00 C:7665.25 V:1476.0
  📈 Trend: strong_bearish | 🌍 Regime: trending_bearish
  🗺️  Grid: 0.080% | 🔺 7667.75 🔻 7666.25
  📡 RSI: 37.2 | MACD: -1.91 | ATR: 1.66
  📊 Filled: 0 | Pending: 0
  💰 Daily P&L: $+2,625.00

[2026-08-24 12:45] O:7665.00 H:7665.50 L:7664.50 C:7665.00 V:2251.0
  📈 Trend: strong_bearish | 🌍 Regime: trending_bearish
  🗺️  Grid: 0.080% | 🔺 7666.75 🔻 7665.00
  📡 RSI: 33.3 | MACD: -1.94 | ATR: 1.62
  📊 Filled: 0 | Pending: 0
  💰 Daily P&L: $+2,625.00

[2026-08-24 12:46] O:7665.25 H:7666.00 L:7664.75 C:7665.00 V:1130.0
  📈 Trend: strong_bearish | 🌍 Regime: trending_bearish
  🗺️  Grid: 0.080% | 🔺 7665.50 🔻 7664.50
  📡 RSI: 30.0 | MACD: -1.95 | ATR: 1.61
  📊 Filled: 0 | Pending: 0
  💰 Daily P&L: $+2,625.00

[2026-08-24 12:47] O:7665.25 H:7666.25 L:7664.75 C:7665.50 V:1042.0
  📈 Trend: strong_bearish | 🌍 Regime: trending_bearish
  🗺️  Grid: 0.080% | 🔺 7666.00 🔻 7664.75
  📡 RSI: 33.3 | MACD: -1.89 | ATR: 1.62
  📊 Filled: 0 | Pending: 0
  💰 Daily P&L: $+2,625.00

[2026-08-24 12:48] O:7665.50 H:7667.00 L:7665.50 C:7666.50 V:1086.0
  📈 Trend: strong_bearish | 🌍 Regime: trending_bearish
  🗺️  Grid: 0.080% | 🔺 7666.25 🔻 7664.75
  📡 RSI: 46.2 | MACD: -1.75 | ATR: 1.57
  📊 Filled: 0 | Pending: 0
  💰 Daily P&L: $+2,625.00

[2026-08-24 12:49] O:7666.75 H:7666.75 L:7665.50 C:7666.25 V:897.0
  📈 Trend: strong_bearish | 🌍 Regime: trending_bearish
  🗺️  Grid: 0.080% | 🔺 7667.00 🔻 7665.50
  📡 RSI: 50.0 | MACD: -1.63 | ATR: 1.52
  📊 Filled: 0 | Pending: 0
  💰 Daily P&L: $+2,625.00

[2026-08-24 12:50] O:7666.50 H:7669.00 L:7666.00 C:7668.75 V:1929.0
  📈 Trend: strong_bearish (raw: moderate_bearish) | 🌍 Regime: trending_bearish
  🗺️  Grid: 0.080% | 🔺 7666.75 🔻 7665.50
  📡 RSI: 59.1 | MACD: -1.33 | ATR: 1.62
  📊 Filled: 0 | Pending: 0
  💰 Daily P&L: $+2,625.00

[2026-08-24 12:51] O:7668.75 H:7668.75 L:7666.50 C:7667.00 V:1036.0
  📈 Trend: strong_bearish | 🌍 Regime: ranging
  🗺️  Grid: 0.080% | 🔺 7669.00 🔻 7666.00
  📡 RSI: 55.3 | MACD: -1.21 | ATR: 1.64
  📊 Filled: 0 | Pending: 0
  🔲 Regime: RANGING | Range pos: 38% | RSI: 55.3
  💰 Daily P&L: $+2,625.00

[2026-08-24 12:52] O:7667.00 H:7667.50 L:7665.50 C:7665.75 V:2117.0
  📈 Trend: strong_bearish | 🌍 Regime: ranging
  🗺️  Grid: 0.080% | 🔺 7668.75 🔻 7666.50
  📡 RSI: 48.0 | MACD: -1.20 | ATR: 1.68
  📊 Filled: 0 | Pending: 0
  🔲 Regime: RANGING | Range pos: 34% | RSI: 48.0
  💰 Daily P&L: $+2,625.00

[2026-08-24 12:53] O:7665.50 H:7667.00 L:7665.25 C:7666.75 V:1348.0
  📈 Trend: strong_bearish | 🌍 Regime: ranging
  🗺️  Grid: 0.080% | 🔺 7667.50 🔻 7665.50
  📡 RSI: 44.7 | MACD: -1.11 | ATR: 1.64
  📊 Filled: 0 | Pending: 0
  🔲 Regime: RANGING | Range pos: 37% | RSI: 44.7
  💰 Daily P&L: $+2,625.00

[2026-08-24 12:54] O:7666.75 H:7666.75 L:7665.75 C:7666.00 V:586.0
  📈 Trend: strong_bearish | 🌍 Regime: ranging
  🗺️  Grid: 0.080% | 🔺 7667.00 🔻 7665.25
  📡 RSI: 43.8 | MACD: -1.08 | ATR: 1.59
  📊 Filled: 0 | Pending: 0
  🔲 Regime: RANGING | Range pos: 35% | RSI: 43.8
  💰 Daily P&L: $+2,625.00

[2026-08-24 12:55] O:7666.25 H:7666.50 L:7665.25 C:7666.25 V:629.0
  📈 Trend: strong_bearish | 🌍 Regime: ranging
  🗺️  Grid: 0.080% | 🔺 7666.75 🔻 7665.75
  📡 RSI: 44.9 | MACD: -1.02 | ATR: 1.57
  📊 Filled: 0 | Pending: 0
  🔲 Regime: RANGING | Range pos: 36% | RSI: 44.9
  💰 Daily P&L: $+2,625.00

[2026-08-24 12:56] O:7666.25 H:7667.75 L:7666.00 C:7667.25 V:979.0
  📈 Trend: strong_bearish (raw: moderate_bearish) | 🌍 Regime: ranging
  🗺️  Grid: 0.080% | 🔺 7666.50 🔻 7665.25
  📡 RSI: 48.1 | MACD: -0.89 | ATR: 1.62
  📊 Filled: 0 | Pending: 0
  🔲 Regime: RANGING | Range pos: 39% | RSI: 48.1
  💰 Daily P&L: $+2,625.00

[2026-08-24 12:57] O:7667.00 H:7668.00 L:7666.50 C:7666.50 V:917.0
  📈 Trend: moderate_bearish | 🌍 Regime: ranging
  🗺️  Grid: 0.080% | 🔺 7667.75 🔻 7666.00
  📡 RSI: 51.0 | MACD: -0.83 | ATR: 1.62
  📊 Filled: 0 | Pending: 0
  🔲 Regime: RANGING | Range pos: 37% | RSI: 51.0
  💰 Daily P&L: $+2,625.00

[2026-08-24 12:58] O:7666.75 H:7667.25 L:7666.50 C:7666.75 V:462.0
  📈 Trend: moderate_bearish (raw: strong_bearish) | 🌍 Regime: ranging
  🗺️  Grid: 0.080% | 🔺 7668.00 🔻 7666.50
  📡 RSI: 56.5 | MACD: -0.76 | ATR: 1.55
  📊 Filled: 0 | Pending: 0
  🔲 Regime: RANGING | Range pos: 37% | RSI: 56.5
  💰 Daily P&L: $+2,625.00

[2026-08-24 12:59] O:7666.75 H:7667.25 L:7666.50 C:7667.00 V:529.0
  📈 Trend: strong_bearish | 🌍 Regime: ranging
  🗺️  Grid: 0.080% | 🔺 7667.25 🔻 7666.50
  📡 RSI: 58.7 | MACD: -0.67 | ATR: 1.54
  📊 Filled: 0 | Pending: 0
  🔲 Regime: RANGING | Range pos: 38% | RSI: 58.7
  💰 Daily P&L: $+2,625.00

[2026-08-24 13:00] O:7667.00 H:7670.50 L:7666.75 C:7669.75 V:3527.0
  📈 Trend: strong_bearish (raw: moderate_bearish) | 🌍 Regime: ranging
  🗺️  Grid: 0.080% | 🔺 7667.25 🔻 7666.50
  📡 RSI: 66.7 | MACD: -0.38 | ATR: 1.71
  📊 Filled: 0 | Pending: 0
  🔲 Regime: RANGING | Range pos: 47% | RSI: 66.7
  💰 Daily P&L: $+2,625.00

[2026-08-24 13:01] O:7669.50 H:7670.00 L:7668.25 C:7670.00 V:1548.0
  📈 Trend: moderate_bearish | 🌍 Regime: ranging
  🗺️  Grid: 0.080% | 🔺 7670.50 🔻 7666.75
  📡 RSI: 66.1 | MACD: -0.12 | ATR: 1.73
  📊 Filled: 0 | Pending: 0
  🔲 Regime: RANGING | Range pos: 48% | RSI: 66.1
  💰 Daily P&L: $+2,625.00

[2026-08-24 13:02] O:7670.00 H:7670.75 L:7669.00 C:7669.50 V:1375.0
  📈 Trend: moderate_bearish (raw: moderate_bullish) | 🌍 Regime: ranging
  🗺️  Grid: 0.080% | 🔺 7670.00 🔻 7668.25
  📡 RSI: 61.1 | MACD: 0.04 | ATR: 1.75
  📊 Filled: 0 | Pending: 0
  🔲 Regime: RANGING | Range pos: 46% | RSI: 61.1
  💰 Daily P&L: $+2,625.00

[2026-08-24 13:03] O:7669.50 H:7670.50 L:7668.75 C:7669.75 V:1704.0
  📈 Trend: moderate_bullish | 🌍 Regime: ranging
  🗺️  Grid: 0.080% | 🔺 7670.75 🔻 7669.00
  📡 RSI: 63.0 | MACD: 0.18 | ATR: 1.79
  📊 Filled: 0 | Pending: 0
  🔲 Regime: RANGING | Range pos: 47% | RSI: 63.0
  💰 Daily P&L: $+2,625.00

[2026-08-24 13:04] O:7669.50 H:7670.00 L:7669.00 C:7669.75 V:815.0
  📈 Trend: moderate_bullish | 🌍 Regime: ranging
  🗺️  Grid: 0.080% | 🔺 7670.50 🔻 7668.75
  📡 RSI: 54.5 | MACD: 0.30 | ATR: 1.64
  📊 Filled: 0 | Pending: 0
  🔲 Regime: RANGING | Range pos: 47% | RSI: 54.5
  💰 Daily P&L: $+2,625.00

[2026-08-24 13:05] O:7669.50 H:7670.75 L:7669.00 C:7670.25 V:835.0
  📈 Trend: moderate_bullish | 🌍 Regime: ranging
  🗺️  Grid: 0.080% | 🔺 7670.00 🔻 7669.00
  📡 RSI: 66.7 | MACD: 0.42 | ATR: 1.61
  📊 Filled: 0 | Pending: 0
  🔲 Regime: RANGING | Range pos: 48% | RSI: 66.7
  💰 Daily P&L: $+2,625.00

[2026-08-24 13:06] O:7670.25 H:7671.50 L:7670.00 C:7671.00 V:1142.0
  📈 Trend: moderate_bullish | 🌍 Regime: ranging
  🗺️  Grid: 0.080% | 🔺 7670.75 🔻 7669.00
  📡 RSI: 78.4 | MACD: 0.57 | ATR: 1.57
  📊 Filled: 0 | Pending: 0
  🔲 Regime: RANGING | Range pos: 51% | RSI: 78.4
  💰 Daily P&L: $+2,625.00

[2026-08-24 13:07] O:7671.25 H:7672.50 L:7671.00 C:7671.75 V:1707.0
  📈 Trend: moderate_bullish | 🌍 Regime: ranging
  🗺️  Grid: 0.080% | 🔺 7671.50 🔻 7670.00
  📡 RSI: 77.8 | MACD: 0.74 | ATR: 1.55
  📊 Filled: 0 | Pending: 0
  🔲 Regime: RANGING | Range pos: 53% | RSI: 77.8
  💰 Daily P&L: $+2,625.00

[2026-08-24 13:08] O:7671.75 H:7672.50 L:7671.00 C:7672.25 V:1085.0
  📈 Trend: moderate_bullish | 🌍 Regime: ranging
  🗺️  Grid: 0.080% | 🔺 7672.50 🔻 7671.00
  📡 RSI: 85.7 | MACD: 0.91 | ATR: 1.59
  📊 Filled: 0 | Pending: 0
  🔲 Regime: RANGING | Range pos: 55% | RSI: 85.7
  💰 Daily P&L: $+2,625.00

[2026-08-24 13:09] O:7672.50 H:7674.25 L:7671.75 C:7673.00 V:1920.0
  📈 Trend: moderate_bullish (raw: strong_bullish) | 🌍 Regime: ranging
  🗺️  Grid: 0.080% | 🔺 7672.50 🔻 7671.00
  📡 RSI: 86.5 | MACD: 1.09 | ATR: 1.68
  📊 Filled: 0 | Pending: 0
  🔲 Regime: RANGING | Range pos: 57% | RSI: 86.5
  💰 Daily P&L: $+2,625.00

[2026-08-24 13:10] O:7673.00 H:7673.50 L:7672.25 C:7673.00 V:1361.0
  📈 Trend: strong_bullish | 🌍 Regime: ranging
  🗺️  Grid: 0.080% | 🔺 7674.25 🔻 7671.75
  📡 RSI: 84.8 | MACD: 1.22 | ATR: 1.64
  📊 Filled: 0 | Pending: 0
  🔲 Regime: RANGING | Range pos: 57% | RSI: 84.8
  💰 Daily P&L: $+2,625.00

[2026-08-24 13:11] O:7673.00 H:7674.00 L:7672.50 C:7673.25 V:968.0
  📈 Trend: strong_bullish | 🌍 Regime: ranging
  🗺️  Grid: 0.080% | 🔺 7673.50 🔻 7672.25
  📡 RSI: 93.5 | MACD: 1.33 | ATR: 1.64
  📊 Filled: 0 | Pending: 0
  🔲 Regime: RANGING | Range pos: 58% | RSI: 93.5
  💰 Daily P&L: $+2,625.00

[2026-08-24 13:12] O:7673.25 H:7673.25 L:7672.75 C:7673.00 V:159.0
  📈 Trend: strong_bullish | 🌍 Regime: ranging
  🗺️  Grid: 0.080% | 🔺 7674.00 🔻 7672.50
  📡 RSI: 90.3 | MACD: 1.38 | ATR: 1.62
  📊 Filled: 0 | Pending: 0
  🔲 Regime: RANGING | Range pos: 57% | RSI: 90.3
  💰 Daily P&L: $+2,625.00

[2026-08-24 13:18] O:7675.50 H:7676.00 L:7675.50 C:7676.00 V:149.0
  📈 Trend: strong_bullish | 🌍 Regime: ranging
  🗺️  Grid: 0.080% | 🔺 7673.25 🔻 7672.75
  📡 RSI: 92.9 | MACD: 1.64 | ATR: 1.79
  📊 Filled: 0 | Pending: 0
  🔲 Regime: RANGING | Range pos: 67% | RSI: 92.9
  💰 Daily P&L: $+2,625.00

[2026-08-24 13:19] O:7676.00 H:7676.75 L:7675.50 C:7676.25 V:750.0
  📈 Trend: strong_bullish | 🌍 Regime: ranging
  🗺️  Grid: 0.080% | 🔺 7676.00 🔻 7675.50
  📡 RSI: 90.6 | MACD: 1.84 | ATR: 1.61
  📊 Filled: 0 | Pending: 0
  🔲 Regime: RANGING | Range pos: 67% | RSI: 90.6
  💰 Daily P&L: $+2,625.00

[2026-08-24 13:20] O:7676.25 H:7678.00 L:7676.00 C:7677.75 V:1263.0
  📈 Trend: strong_bullish | 🌍 Regime: ranging
  🗺️  Grid: 0.080% | 🔺 7676.75 🔻 7675.50
  📡 RSI: 91.9 | MACD: 2.10 | ATR: 1.62
  📊 Filled: 0 | Pending: 0
  🔲 Regime: RANGING | Range pos: 72% | RSI: 91.9
  📤 Limit SELL 10 @ 7677.75 submitted (ID: 724)
  📋 Order 724 status: Submitted
  ⬇️ SHORT ORDER @ 7677.75 | Size: 1.00 | SL: 7681.00 | TP: 7673.00 [10cts]
     Reason: Grid Short (sideways, RSI: 91.9)
  🔬 SHADOW [short ranging]: 🟥 ROBUST WOULD BLOCK (1 filter)
       MACD=BLOCK (+2.10 vs +1.84, Δ+0.26) | 5m=N/A (ranging)
     ⏳ Order 724 PENDING - awaiting fill confirmation
  💰 Daily P&L: $+2,625.00

[2026-08-24 13:21] O:7677.75 H:7679.25 L:7677.75 C:7678.75 V:1762.0
  📈 Trend: strong_bullish | 🌍 Regime: ranging
  🗺️  Grid: 0.080% | 🔺 7678.00 🔻 7676.00
  📡 RSI: 97.4 | MACD: 2.36 | ATR: 1.61
  📊 Filled: 0 | Pending: 1
     ⏳ PENDING SHORT @ 7677.75 (order 724, 0s)
  💰 Daily P&L: $+2,625.00

[2026-08-24 13:22] O:7679.00 H:7681.00 L:7679.00 C:7679.25 V:3546.0
  📈 Trend: strong_bullish | 🌍 Regime: ranging
  🗺️  Grid: 0.080% | 🔺 7679.25 🔻 7677.75
  📡 RSI: 97.5 | MACD: 2.58 | ATR: 1.64
  📊 Filled: 0 | Pending: 1
     ⏳ PENDING SHORT @ 7677.75 (order 724, 0s)
  💰 Daily P&L: $+2,625.00

[2026-08-24 13:23] O:7679.50 H:7680.00 L:7678.75 C:7679.75 V:1460.0
  📈 Trend: strong_bullish | 🌍 Regime: trending_bullish
  🗺️  Grid: 0.080% | 🔺 7681.00 🔻 7679.00
  📡 RSI: 97.6 | MACD: 2.76 | ATR: 1.66
  📊 Filled: 0 | Pending: 1
     ⏳ PENDING SHORT @ 7677.75 (order 724, 0s)
  💰 Daily P&L: $+2,625.00

[2026-08-24 13:24] O:7680.00 H:7680.75 L:7679.75 C:7680.25 V:1308.0
  📈 Trend: strong_bullish | 🌍 Regime: trending_bullish
  🗺️  Grid: 0.080% | 🔺 7680.00 🔻 7678.75
  📡 RSI: 97.6 | MACD: 2.91 | ATR: 1.61
  📊 Filled: 0 | Pending: 1
     ⏳ PENDING SHORT @ 7677.75 (order 724, 0s)
  💰 Daily P&L: $+2,625.00

[2026-08-24 13:25] O:7680.00 H:7680.75 L:7679.50 C:7680.00 V:1346.0
  📈 Trend: strong_bullish | 🌍 Regime: trending_bullish
  🗺️  Grid: 0.080% | 🔺 7680.75 🔻 7679.75
  📡 RSI: 95.0 | MACD: 2.97 | ATR: 1.59
  📊 Filled: 0 | Pending: 1
     ⏳ PENDING SHORT @ 7677.75 (order 724, 0s)
  💰 Daily P&L: $+2,625.00

[2026-08-24 13:26] O:7680.00 H:7681.25 L:7680.00 C:7680.75 V:1493.0
  📈 Trend: strong_bullish | 🌍 Regime: trending_bullish
  🗺️  Grid: 0.080% | 🔺 7680.75 🔻 7679.50
  📡 RSI: 95.0 | MACD: 3.05 | ATR: 1.57
  📊 Filled: 0 | Pending: 1
     ⏳ PENDING SHORT @ 7677.75 (order 724, 0s)
  💰 Daily P&L: $+2,625.00

[2026-08-24 13:27] O:7680.75 H:7681.75 L:7680.25 C:7680.50 V:1890.0
  📈 Trend: strong_bullish | 🌍 Regime: trending_bullish
  🗺️  Grid: 0.080% | 🔺 7681.25 🔻 7680.00
  📡 RSI: 92.3 | MACD: 3.06 | ATR: 1.57
  📊 Filled: 0 | Pending: 1
     ⏳ PENDING SHORT @ 7677.75 (order 724, 0s)
  💰 Daily P&L: $+2,625.00

[2026-08-24 13:28] O:7680.50 H:7682.00 L:7680.25 C:7682.00 V:1530.0
  📈 Trend: strong_bullish | 🌍 Regime: trending_bullish
  🗺️  Grid: 0.080% | 🔺 7681.75 🔻 7680.25
  📡 RSI: 92.9 | MACD: 3.14 | ATR: 1.52
  📊 Filled: 0 | Pending: 1
     ⏳ PENDING SHORT @ 7677.75 (order 724, 0s)
  💰 Daily P&L: $+2,625.00

[2026-08-24 13:29] O:7681.75 H:7682.75 L:7681.50 C:7682.00 V:1501.0
  📈 Trend: strong_bullish | 🌍 Regime: trending_bullish
  🗺️  Grid: 0.080% | 🔺 7682.00 🔻 7680.25
  📡 RSI: 92.9 | MACD: 3.18 | ATR: 1.52
  📊 Filled: 0 | Pending: 1
     ⏳ PENDING SHORT @ 7677.75 (order 724, 0s)
  💰 Daily P&L: $+2,625.00

[2026-08-24 13:30] O:7682.00 H:7685.25 L:7682.00 C:7683.75 V:5320.0
  📈 Trend: strong_bullish | 🌍 Regime: trending_bullish
  🗺️  Grid: 0.080% | 🔺 7682.75 🔻 7681.50
  📡 RSI: 93.8 | MACD: 3.31 | ATR: 1.64
  📊 Filled: 0 | Pending: 1
     ⏳ PENDING SHORT @ 7677.75 (order 724, 0s)
  💰 Daily P&L: $+2,625.00

[2026-08-24 13:31] O:7683.75 H:7683.75 L:7681.25 C:7681.50 V:2853.0
  📈 Trend: strong_bullish | 🌍 Regime: trending_bullish
  🗺️  Grid: 0.080% | 🔺 7685.25 🔻 7682.00
  📡 RSI: 80.4 | MACD: 3.19 | ATR: 1.79
  📊 Filled: 0 | Pending: 1
     ⏳ PENDING SHORT @ 7677.75 (order 724, 0s)
  💰 Daily P&L: $+2,625.00

[2026-08-24 13:32] O:7681.50 H:7682.50 L:7681.50 C:7682.50 V:1218.0
  📈 Trend: strong_bullish | 🌍 Regime: trending_bullish
  🗺️  Grid: 0.080% | 🔺 7683.75 🔻 7681.25
  📡 RSI: 77.1 | MACD: 3.14 | ATR: 1.64
  📊 Filled: 0 | Pending: 1
     ⏳ PENDING SHORT @ 7677.75 (order 724, 0s)
  💰 Daily P&L: $+2,625.00

[2026-08-24 13:33] O:7682.50 H:7682.75 L:7681.50 C:7681.75 V:1115.0
  📈 Trend: strong_bullish | 🌍 Regime: trending_bullish
  🗺️  Grid: 0.080% | 🔺 7682.50 🔻 7681.50
  📡 RSI: 72.0 | MACD: 3.01 | ATR: 1.64
  📊 Filled: 0 | Pending: 1
     ⏳ PENDING SHORT @ 7677.75 (order 724, 0s)
  💰 Daily P&L: $+2,625.00

[2026-08-24 13:34] O:7681.75 H:7682.00 L:7680.75 C:7681.00 V:977.0
  📈 Trend: strong_bullish (raw: moderate_bullish) | 🌍 Regime: trending_bullish
  🗺️  Grid: 0.080% | 🔺 7682.75 🔻 7681.50
  📡 RSI: 63.8 | MACD: 2.81 | ATR: 1.59
  📊 Filled: 0 | Pending: 1
     ⏳ PENDING SHORT @ 7677.75 (order 724, 0s)
  💰 Daily P&L: $+2,625.00

[2026-08-24 13:35] O:7681.25 H:7681.75 L:7680.25 C:7680.25 V:900.0
  📈 Trend: moderate_bullish | 🌍 Regime: trending_bullish
  🗺️  Grid: 0.080% | 🔺 7682.00 🔻 7680.75
  📡 RSI: 56.5 | MACD: 2.57 | ATR: 1.59
  📊 Filled: 0 | Pending: 1
     ⏳ PENDING SHORT @ 7677.75 (order 724, 1s)
  💰 Daily P&L: $+2,625.00

[2026-08-24 13:36] O:7680.25 H:7680.50 L:7677.75 C:7678.00 V:3165.0
  📈 Trend: moderate_bullish | 🌍 Regime: trending_bullish
  🗺️  Grid: 0.080% | 🔺 7681.75 🔻 7680.25
  📡 RSI: 45.3 | MACD: 2.16 | ATR: 1.62
  📊 Filled: 0 | Pending: 1
     ⏳ PENDING SHORT @ 7677.75 (order 724, 1s)
  💰 Daily P&L: $+2,625.00

[2026-08-24 13:37] O:7678.00 H:7678.50 L:7677.50 C:7677.75 V:876.0
  📈 Trend: moderate_bullish | 🌍 Regime: trending_bullish
  🗺️  Grid: 0.080% | 🔺 7680.50 🔻 7677.75
  📡 RSI: 42.3 | MACD: 1.80 | ATR: 1.61
  📊 Filled: 0 | Pending: 1
     ⏳ PENDING SHORT @ 7677.75 (order 724, 1s)
  💰 Daily P&L: $+2,625.00

[2026-08-24 13:38] O:7677.75 H:7678.00 L:7676.00 C:7676.00 V:1523.0
  📈 Trend: moderate_bullish (raw: moderate_bearish) | 🌍 Regime: trending_bearish
  🗺️  Grid: 0.080% | 🔺 7678.50 🔻 7677.50
  📡 RSI: 35.1 | MACD: 1.36 | ATR: 1.68
  📊 Filled: 0 | Pending: 1
     ⏳ PENDING SHORT @ 7677.75 (order 724, 1s)
  💰 Daily P&L: $+2,625.00

[2026-08-24 13:39] O:7676.25 H:7676.50 L:7675.25 C:7676.25 V:2036.0
  📈 Trend: moderate_bearish | 🌍 Regime: trending_bearish
  🗺️  Grid: 0.080% | 🔺 7678.00 🔻 7676.00
  📡 RSI: 36.8 | MACD: 1.02 | ATR: 1.68
  📊 Filled: 0 | Pending: 1
     ⏳ PENDING SHORT @ 7677.75 (order 724, 1s)
  💰 Daily P&L: $+2,625.00

[2026-08-24 13:40] O:7676.50 H:7677.50 L:7675.75 C:7677.25 V:1364.0
  📈 Trend: moderate_bearish | 🌍 Regime: trending_bearish
  🗺️  Grid: 0.080% | 🔺 7676.50 🔻 7675.25
  📡 RSI: 37.9 | MACD: 0.82 | ATR: 1.71
  📊 Filled: 0 | Pending: 1
     ⏳ PENDING SHORT @ 7677.75 (order 724, 1s)
  💰 Daily P&L: $+2,625.00

[2026-08-24 13:41] O:7677.25 H:7677.75 L:7676.75 C:7677.50 V:1187.0
  📈 Trend: moderate_bearish | 🌍 Regime: trending_bearish
  🗺️  Grid: 0.080% | 🔺 7677.50 🔻 7675.75
  📡 RSI: 39.7 | MACD: 0.68 | ATR: 1.68
  📊 Filled: 0 | Pending: 1
     ⏳ PENDING SHORT @ 7677.75 (order 724, 1s)
  💰 Daily P&L: $+2,625.00

[2026-08-24 13:42] O:7677.50 H:7678.00 L:7676.50 C:7677.25 V:1048.0
  📈 Trend: moderate_bearish | 🌍 Regime: trending_bearish
  🗺️  Grid: 0.080% | 🔺 7677.75 🔻 7676.75
  📡 RSI: 32.1 | MACD: 0.53 | ATR: 1.66
  📊 Filled: 0 | Pending: 1
     ⏳ PENDING SHORT @ 7677.75 (order 724, 1s)
  💰 Daily P&L: $+2,625.00

[2026-08-24 13:43] O:7677.25 H:7678.25 L:7677.00 C:7678.00 V:795.0
  📈 Trend: moderate_bearish | 🌍 Regime: trending_bearish
  🗺️  Grid: 0.080% | 🔺 7678.00 🔻 7676.50
  📡 RSI: 35.7 | MACD: 0.48 | ATR: 1.66
  📊 Filled: 0 | Pending: 1
     ⏳ PENDING SHORT @ 7677.75 (order 724, 1s)
  💰 Daily P&L: $+2,625.00

[2026-08-24 13:44] O:7678.00 H:7678.00 L:7676.75 C:7677.50 V:708.0
  📈 Trend: moderate_bearish | 🌍 Regime: trending_bearish
  🗺️  Grid: 0.080% | 🔺 7678.25 🔻 7677.00
  📡 RSI: 25.5 | MACD: 0.39 | ATR: 1.52
  📊 Filled: 0 | Pending: 1
     ⏳ PENDING SHORT @ 7677.75 (order 724, 1s)
  💰 Daily P&L: $+2,625.00

[2026-08-24 13:45] O:7677.50 H:7678.50 L:7676.50 C:7676.50 V:975.0
  📈 Trend: moderate_bearish | 🌍 Regime: trending_bearish
  🗺️  Grid: 0.080% | 🔺 7678.00 🔻 7676.75
  📡 RSI: 28.3 | MACD: 0.23 | ATR: 1.48
  📊 Filled: 0 | Pending: 1
     ⏳ PENDING SHORT @ 7677.75 (order 724, 1s)
  💰 Daily P&L: $+2,625.00

[2026-08-24 13:46] O:7676.50 H:7676.50 L:7675.25 C:7676.00 V:1380.0
  📈 Trend: moderate_bearish | 🌍 Regime: trending_bearish
  🗺️  Grid: 0.080% | 🔺 7678.50 🔻 7676.50
  📡 RSI: 20.5 | MACD: 0.07 | ATR: 1.50
  📊 Filled: 0 | Pending: 1
     ⏳ PENDING SHORT @ 7677.75 (order 724, 1s)
  💰 Daily P&L: $+2,625.00

[2026-08-24 13:47] O:7676.00 H:7677.00 L:7676.00 C:7676.75 V:949.0
  📈 Trend: moderate_bearish (raw: strong_bearish) | 🌍 Regime: trending_bearish
  🗺️  Grid: 0.080% | 🔺 7676.50 🔻 7675.25
  📡 RSI: 27.3 | MACD: -0.00 | ATR: 1.48
  📊 Filled: 0 | Pending: 1
     ⏳ PENDING SHORT @ 7677.75 (order 724, 1s)
  💰 Daily P&L: $+2,625.00

[2026-08-24 13:48] O:7676.50 H:7676.75 L:7675.75 C:7676.50 V:747.0
  📈 Trend: strong_bearish | 🌍 Regime: trending_bearish
  🗺️  Grid: 0.080% | 🔺 7677.00 🔻 7676.00
  📡 RSI: 28.6 | MACD: -0.08 | ATR: 1.46
  📊 Filled: 0 | Pending: 1
     ⏳ PENDING SHORT @ 7677.75 (order 724, 1s)
  💰 Daily P&L: $+2,625.00

[2026-08-24 13:49] O:7676.50 H:7678.00 L:7676.50 C:7677.50 V:812.0
  📈 Trend: strong_bearish (raw: moderate_bullish) | 🌍 Regime: ranging
  🗺️  Grid: 0.080% | 🔺 7676.75 🔻 7675.75
  📡 RSI: 37.2 | MACD: -0.05 | ATR: 1.46
  📊 Filled: 0 | Pending: 1
     ⏳ PENDING SHORT @ 7677.75 (order 724, 1s)
  💰 Daily P&L: $+2,625.00

[2026-08-24 13:50] O:7677.50 H:7678.75 L:7677.50 C:7678.00 V:1071.0
  📈 Trend: moderate_bullish | 🌍 Regime: ranging
  🗺️  Grid: 0.080% | 🔺 7678.00 🔻 7676.50
  📡 RSI: 50.0 | MACD: 0.00 | ATR: 1.36
  📊 Filled: 0 | Pending: 1
     ⏳ PENDING SHORT @ 7677.75 (order 724, 1s)
  💰 Daily P&L: $+2,625.00

[2026-08-24 13:51] O:7678.00 H:7678.25 L:7676.50 C:7676.75 V:787.0
  📈 Trend: moderate_bullish | 🌍 Regime: ranging
  🗺️  Grid: 0.080% | 🔺 7678.75 🔻 7677.50
  📡 RSI: 45.0 | MACD: -0.05 | ATR: 1.41
  📊 Filled: 0 | Pending: 1
     ⏳ PENDING SHORT @ 7677.75 (order 724, 1s)
  💰 Daily P&L: $+2,625.00

[2026-08-24 13:52] O:7676.75 H:7677.00 L:7675.25 C:7676.25 V:1074.0
  📈 Trend: moderate_bullish | 🌍 Regime: ranging
  🗺️  Grid: 0.080% | 🔺 7678.25 🔻 7676.50
  📡 RSI: 51.4 | MACD: -0.13 | ATR: 1.39
  📊 Filled: 0 | Pending: 1
     ⏳ PENDING SHORT @ 7677.75 (order 724, 1s)
  💰 Daily P&L: $+2,625.00

[2026-08-24 13:53] O:7676.25 H:7676.50 L:7675.00 C:7675.25 V:1021.0
  📈 Trend: moderate_bullish | 🌍 Regime: ranging
  🗺️  Grid: 0.080% | 🔺 7677.00 🔻 7675.25
  📡 RSI: 44.7 | MACD: -0.27 | ATR: 1.41
  📊 Filled: 0 | Pending: 1
     ⏳ PENDING SHORT @ 7677.75 (order 724, 1s)
  💰 Daily P&L: $+2,625.00

[2026-08-24 13:54] O:7675.25 H:7676.25 L:7675.25 C:7675.75 V:1038.0
  📈 Trend: moderate_bullish | 🌍 Regime: ranging
  🗺️  Grid: 0.080% | 🔺 7676.50 🔻 7675.00
  📡 RSI: 41.7 | MACD: -0.34 | ATR: 1.36
  📊 Filled: 0 | Pending: 1
     ⏳ PENDING SHORT @ 7677.75 (order 724, 1s)
  💰 Daily P&L: $+2,625.00

[2026-08-24 13:55] O:7675.75 H:7677.00 L:7675.25 C:7675.50 V:983.0
  📈 Trend: moderate_bullish | 🌍 Regime: ranging
  🗺️  Grid: 0.080% | 🔺 7676.25 🔻 7675.25
  📡 RSI: 38.9 | MACD: -0.41 | ATR: 1.41
  📊 Filled: 0 | Pending: 1
     ⏳ PENDING SHORT @ 7677.75 (order 724, 1s)
  💰 Daily P&L: $+2,625.00

[2026-08-24 13:56] O:7675.50 H:7676.00 L:7675.00 C:7675.50 V:645.0
  📈 Trend: moderate_bullish (raw: strong_bearish) | 🌍 Regime: ranging
  🗺️  Grid: 0.080% | 🔺 7677.00 🔻 7675.25
  📡 RSI: 40.0 | MACD: -0.46 | ATR: 1.38
  📊 Filled: 0 | Pending: 1
     ⏳ PENDING SHORT @ 7677.75 (order 724, 1s)
  💰 Daily P&L: $+2,625.00

[2026-08-24 13:57] O:7675.50 H:7676.50 L:7675.50 C:7675.75 V:753.0
  📈 Trend: strong_bearish | 🌍 Regime: ranging
  🗺️  Grid: 0.080% | 🔺 7676.00 🔻 7675.00
  📡 RSI: 36.4 | MACD: -0.48 | ATR: 1.36
  📊 Filled: 0 | Pending: 1
     ⏳ PENDING SHORT @ 7677.75 (order 724, 1s)
  💰 Daily P&L: $+2,625.00

[2026-08-24 13:58] O:7675.75 H:7676.00 L:7675.50 C:7676.00 V:721.0
  📈 Trend: strong_bearish | 🌍 Regime: ranging
  🗺️  Grid: 0.080% | 🔺 7676.50 🔻 7675.50
  📡 RSI: 40.6 | MACD: -0.46 | ATR: 1.30
  📊 Filled: 0 | Pending: 1
     ⏳ PENDING SHORT @ 7677.75 (order 724, 1s)
  💰 Daily P&L: $+2,625.00

[2026-08-24 13:59] O:7676.00 H:7676.00 L:7674.00 C:7674.25 V:1552.0
  📈 Trend: strong_bearish | 🌍 Regime: ranging
  🗺️  Grid: 0.080% | 🔺 7676.00 🔻 7675.50
  📡 RSI: 37.1 | MACD: -0.59 | ATR: 1.30
  📊 Filled: 0 | Pending: 1
     ⏳ PENDING SHORT @ 7677.75 (order 724, 1s)
  💰 Daily P&L: $+2,625.00
→ Real-time bars cancelled
  ❌ Cancelling 1 open orders...
  📋 Order 724 status: PendingCancel
  ❌ Cancel request sent for order 724
✓ Disconnected from IBKR
