Logging to: es_bot_20260812_094922.log

============================================================
📈 MODE: SCALP
   • 10 contract(s) max
   • Grid entries only
   • Trailing stop enabled
   • SL: ~8 pts | TP: ~12 pts | Trail activates: +6 pts
   • Best for: Normal sessions, choppy/ranging opens
============================================================
✓ Connected to IBKR (paper) - clientId=10
✓ Front-month contract: ESU6 expiry=20260918

============================================================
Loading historical data for indicator warm-up...
============================================================
→ Fetching historical bars (1 D, 1 min)...
✓ Loaded 950 historical bars

Processing 950 historical bars...

Indicators ready!
  Bars loaded: 950
  Last price: 7779.00
  Trend: moderate_bearish
  RSI: 55.2
  ATR: 3.89
  MACD: -2.18 / Signal: -2.93
  MA: 7775.05 / 7782.42 / 7773.76

------------------------------------------------------------
Account Value: $1,008,193.34
Buying Power: $4,023,484.86
Current Position: 0 contracts
------------------------------------------------------------

============================================================
Starting live 1-minute bar stream...
Strategy is now ACTIVE (SCALP mode)
============================================================

→ Subscribed to 5-second real-time bars (aggregating to 1 min)

[2026-08-12 08:49] O:7778.75 H:7781.25 L:7778.25 C:7780.00 V:2356.0
  📈 Trend: sideways (raw: moderate_bullish) | 🌍 Regime: trending_bullish
  🗺️  Grid: 0.080% | 🔺 7780.50 🔻 7779.00
  📡 RSI: 53.0 | MACD: -1.66 | ATR: 3.80
  📊 Filled: 0 | Pending: 0
  💰 Daily P&L: $+0.00

[2026-08-12 08:50] O:7780.00 H:7780.00 L:7777.50 C:7778.75 V:3555.0
  📈 Trend: moderate_bullish | 🌍 Regime: trending_bullish
  🗺️  Grid: 0.080% | 🔺 7781.25 🔻 7778.25
  📡 RSI: 57.6 | MACD: -1.33 | ATR: 3.59
  📊 Filled: 0 | Pending: 0
  💰 Daily P&L: $+0.00

[2026-08-12 08:51] O:7778.50 H:7779.25 L:7774.25 C:7776.00 V:3423.0
  📈 Trend: moderate_bullish | 🌍 Regime: trending_bullish
  🗺️  Grid: 0.080% | 🔺 7780.00 🔻 7777.50
  📡 RSI: 52.0 | MACD: -1.28 | ATR: 3.66
  📊 Filled: 0 | Pending: 0
  💰 Daily P&L: $+0.00

[2026-08-12 08:52] O:7775.75 H:7775.75 L:7770.75 C:7771.75 V:3434.0
  📈 Trend: moderate_bullish (raw: moderate_bearish) | 🌍 Regime: trending_bearish
  🗺️  Grid: 0.080% | 🔺 7779.25 🔻 7774.25
  📡 RSI: 46.9 | MACD: -1.56 | ATR: 3.79
  📊 Filled: 0 | Pending: 0
  💰 Daily P&L: $+0.00

[2026-08-12 08:53] O:7771.75 H:7774.00 L:7770.50 C:7773.75 V:2699.0
  📈 Trend: moderate_bearish | 🌍 Regime: trending_bearish
  🗺️  Grid: 0.080% | 🔺 7775.75 🔻 7770.75
  📡 RSI: 53.5 | MACD: -1.60 | ATR: 3.71
  📊 Filled: 0 | Pending: 0
  💰 Daily P&L: $+0.00

[2026-08-12 08:54] O:7773.75 H:7774.50 L:7770.25 C:7771.00 V:2661.0
  📈 Trend: moderate_bearish | 🌍 Regime: trending_bearish
  🗺️  Grid: 0.080% | 🔺 7774.00 🔻 7770.50
  📡 RSI: 43.9 | MACD: -1.84 | ATR: 3.79
  📊 Filled: 0 | Pending: 0
  💰 Daily P&L: $+0.00

[2026-08-12 08:55] O:7771.00 H:7771.50 L:7769.00 C:7770.25 V:2763.0
  📈 Trend: moderate_bearish (raw: strong_bearish) | 🌍 Regime: trending_bearish
  🗺️  Grid: 0.080% | 🔺 7774.50 🔻 7770.25
  📡 RSI: 43.5 | MACD: -2.06 | ATR: 3.75
  📊 Filled: 0 | Pending: 0
  💰 Daily P&L: $+0.00

[2026-08-12 08:56] O:7770.50 H:7771.25 L:7765.50 C:7766.25 V:3305.0
  📈 Trend: strong_bearish | 🌍 Regime: trending_bearish
  🗺️  Grid: 0.080% | 🔺 7771.50 🔻 7769.00
  📡 RSI: 38.5 | MACD: -2.53 | ATR: 3.98
  📊 Filled: 0 | Pending: 0
  💰 Daily P&L: $+0.00

[2026-08-12 08:57] O:7766.25 H:7769.00 L:7766.00 C:7768.00 V:2931.0
  📈 Trend: strong_bearish | 🌍 Regime: trending_bearish
  🗺️  Grid: 0.080% | 🔺 7771.25 🔻 7765.50
  📡 RSI: 42.9 | MACD: -2.73 | ATR: 3.96
  📊 Filled: 0 | Pending: 0
  💰 Daily P&L: $+0.00

[2026-08-12 08:58] O:7768.00 H:7771.75 L:7768.00 C:7771.00 V:2645.0
  📈 Trend: strong_bearish | 🌍 Regime: trending_bearish
  🗺️  Grid: 0.080% | 🔺 7769.00 🔻 7766.00
  📡 RSI: 48.6 | MACD: -2.62 | ATR: 3.98
  📊 Filled: 0 | Pending: 0
  💰 Daily P&L: $+0.00

[2026-08-12 08:59] O:7771.00 H:7772.50 L:7770.25 C:7770.50 V:2609.0
  📈 Trend: strong_bearish | 🌍 Regime: trending_bearish
  🗺️  Grid: 0.080% | 🔺 7771.75 🔻 7768.00
  📡 RSI: 50.0 | MACD: -2.54 | ATR: 3.86
  📊 Filled: 0 | Pending: 0
  💰 Daily P&L: $+0.00

[2026-08-12 09:00] O:7770.50 H:7771.00 L:7767.25 C:7770.25 V:4390.0
  📈 Trend: strong_bearish | 🌍 Regime: trending_bearish
  🗺️  Grid: 0.080% | 🔺 7772.50 🔻 7770.25
  📡 RSI: 47.8 | MACD: -2.47 | ATR: 3.95
  📊 Filled: 0 | Pending: 0
  💰 Daily P&L: $+0.00

[2026-08-12 09:01] O:7770.25 H:7772.75 L:7769.25 C:7770.75 V:3216.0
  📈 Trend: strong_bearish (raw: moderate_bearish) | 🌍 Regime: trending_bearish
  🗺️  Grid: 0.080% | 🔺 7771.00 🔻 7767.25
  📡 RSI: 32.0 | MACD: -2.34 | ATR: 3.54
  📊 Filled: 0 | Pending: 0
  💰 Daily P&L: $+0.00

[2026-08-12 09:02] O:7770.50 H:7770.75 L:7766.75 C:7767.50 V:3170.0
  📈 Trend: strong_bearish | 🌍 Regime: ranging
  🗺️  Grid: 0.080% | 🔺 7772.75 🔻 7769.25
  📡 RSI: 29.5 | MACD: -2.48 | ATR: 3.71
  📊 Filled: 0 | Pending: 0
  🔲 Regime: RANGING | Range pos: 13% | RSI: 29.5
  🚫 Raw trend blocks RANGING LONG | raw: strong_bearish
  💰 Daily P&L: $+0.00

[2026-08-12 09:03] O:7767.50 H:7768.50 L:7766.00 C:7766.25 V:3754.0
  📈 Trend: strong_bearish | 🌍 Regime: ranging
  🗺️  Grid: 0.080% | 🔺 7770.75 🔻 7766.75
  📡 RSI: 25.7 | MACD: -2.66 | ATR: 3.68
  📊 Filled: 0 | Pending: 0
  🔲 Regime: RANGING | Range pos: 5% | RSI: 25.7
  🚫 Raw trend blocks RANGING LONG | raw: strong_bearish
  💰 Daily P&L: $+0.00

[2026-08-12 09:04] O:7766.25 H:7766.25 L:7763.75 C:7764.00 V:3746.0
  📈 Trend: strong_bearish | 🌍 Regime: ranging
  🗺️  Grid: 0.080% | 🔺 7768.50 🔻 7766.00
  📡 RSI: 24.8 | MACD: -2.95 | ATR: 3.68
  📊 Filled: 0 | Pending: 0
  🔲 Regime: RANGING | Range pos: 1% | RSI: 24.8
  🚫 Raw trend blocks RANGING LONG | raw: strong_bearish
  💰 Daily P&L: $+0.00

[2026-08-12 09:05] O:7764.00 H:7768.25 L:7763.50 C:7767.50 V:3296.0
  📈 Trend: strong_bearish | 🌍 Regime: ranging
  🗺️  Grid: 0.080% | 🔺 7766.25 🔻 7763.75
  📡 RSI: 35.8 | MACD: -2.86 | ATR: 3.66
  📊 Filled: 0 | Pending: 0
  🔲 Regime: RANGING | Range pos: 23% | RSI: 35.8
  💰 Daily P&L: $+0.00

[2026-08-12 09:06] O:7767.75 H:7769.00 L:7766.75 C:7768.00 V:1788.0
  📈 Trend: strong_bearish | 🌍 Regime: ranging
  🗺️  Grid: 0.080% | 🔺 7768.25 🔻 7763.50
  📡 RSI: 42.9 | MACD: -2.72 | ATR: 3.45
  📊 Filled: 0 | Pending: 0
  🔲 Regime: RANGING | Range pos: 25% | RSI: 42.9
  💰 Daily P&L: $+0.00

[2026-08-12 09:07] O:7767.75 H:7768.25 L:7766.25 C:7767.00 V:1305.0
  📈 Trend: strong_bearish | 🌍 Regime: ranging
  🗺️  Grid: 0.080% | 🔺 7769.00 🔻 7766.75
  📡 RSI: 36.6 | MACD: -2.66 | ATR: 3.34
  📊 Filled: 0 | Pending: 0
  🔲 Regime: RANGING | Range pos: 20% | RSI: 36.6
  💰 Daily P&L: $+0.00

[2026-08-12 09:08] O:7767.00 H:7768.25 L:7766.25 C:7768.25 V:1744.0
  📈 Trend: strong_bearish (raw: moderate_bearish) | 🌍 Regime: ranging
  🗺️  Grid: 0.080% | 🔺 7768.25 🔻 7766.25
  📡 RSI: 44.2 | MACD: -2.48 | ATR: 3.18
  📊 Filled: 0 | Pending: 0
  🔲 Regime: RANGING | Range pos: 27% | RSI: 44.2
  💰 Daily P&L: $+0.00

[2026-08-12 09:09] O:7768.00 H:7770.00 L:7766.75 C:7768.50 V:2655.0
  📈 Trend: moderate_bearish | 🌍 Regime: ranging
  🗺️  Grid: 0.080% | 🔺 7768.25 🔻 7766.25
  📡 RSI: 46.2 | MACD: -2.29 | ATR: 3.23
  📊 Filled: 0 | Pending: 0
  🔲 Regime: RANGING | Range pos: 28% | RSI: 46.2
  💰 Daily P&L: $+0.00

[2026-08-12 09:10] O:7768.50 H:7771.25 L:7768.25 C:7771.25 V:2546.0
  📈 Trend: moderate_bearish | 🌍 Regime: ranging
  🗺️  Grid: 0.080% | 🔺 7770.00 🔻 7766.75
  📡 RSI: 61.4 | MACD: -1.90 | ATR: 3.04
  📊 Filled: 0 | Pending: 0
  🔲 Regime: RANGING | Range pos: 44% | RSI: 61.4
  💰 Daily P&L: $+0.00

[2026-08-12 09:11] O:7771.25 H:7772.75 L:7769.00 C:7769.50 V:3121.0
  📈 Trend: moderate_bearish | 🌍 Regime: ranging
  🗺️  Grid: 0.080% | 🔺 7771.25 🔻 7768.25
  📡 RSI: 53.4 | MACD: -1.71 | ATR: 3.09
  📊 Filled: 0 | Pending: 0
  🔲 Regime: RANGING | Range pos: 34% | RSI: 53.4
  💰 Daily P&L: $+0.00

[2026-08-12 09:12] O:7769.50 H:7769.75 L:7768.25 C:7769.00 V:1775.0
  📈 Trend: moderate_bearish | 🌍 Regime: ranging
  🗺️  Grid: 0.080% | 🔺 7772.75 🔻 7769.00
  📡 RSI: 44.9 | MACD: -1.58 | ATR: 2.93
  📊 Filled: 0 | Pending: 0
  🔲 Regime: RANGING | Range pos: 31% | RSI: 44.9
  💰 Daily P&L: $+0.00

[2026-08-12 09:13] O:7768.75 H:7769.25 L:7766.00 C:7768.50 V:3298.0
  📈 Trend: moderate_bearish | 🌍 Regime: ranging
  🗺️  Grid: 0.080% | 🔺 7769.75 🔻 7768.25
  📡 RSI: 44.9 | MACD: -1.50 | ATR: 3.00
  📊 Filled: 0 | Pending: 0
  🔲 Regime: RANGING | Range pos: 28% | RSI: 44.9
  💰 Daily P&L: $+0.00

[2026-08-12 09:14] O:7768.25 H:7770.00 L:7768.00 C:7768.25 V:2038.0
  📈 Trend: moderate_bearish (raw: strong_bearish) | 🌍 Regime: ranging
  🗺️  Grid: 0.080% | 🔺 7769.25 🔻 7766.00
  📡 RSI: 44.9 | MACD: -1.45 | ATR: 2.88
  📊 Filled: 0 | Pending: 0
  🔲 Regime: RANGING | Range pos: 27% | RSI: 44.9
  💰 Daily P&L: $+0.00

[2026-08-12 09:15] O:7768.50 H:7771.00 L:7767.00 C:7770.00 V:2402.0
  📈 Trend: moderate_bearish | 🌍 Regime: ranging
  🗺️  Grid: 0.080% | 🔺 7770.00 🔻 7768.00
  📡 RSI: 48.2 | MACD: -1.24 | ATR: 2.91
  📊 Filled: 0 | Pending: 0
  🔲 Regime: RANGING | Range pos: 37% | RSI: 48.2
  💰 Daily P&L: $+0.00

[2026-08-12 09:16] O:7770.00 H:7771.00 L:7769.50 C:7769.75 V:1477.0
  📈 Trend: moderate_bearish | 🌍 Regime: ranging
  🗺️  Grid: 0.080% | 🔺 7771.00 🔻 7767.00
  📡 RSI: 56.3 | MACD: -1.09 | ATR: 2.73
  📊 Filled: 0 | Pending: 0
  🔲 Regime: RANGING | Range pos: 35% | RSI: 56.3
  💰 Daily P&L: $+0.00

[2026-08-12 09:17] O:7769.75 H:7772.00 L:7769.00 C:7771.50 V:2810.0
  📈 Trend: moderate_bearish | 🌍 Regime: ranging
  🗺️  Grid: 0.080% | 🔺 7771.00 🔻 7769.50
  📡 RSI: 64.4 | MACD: -0.82 | ATR: 2.77
  📊 Filled: 0 | Pending: 0
  🔲 Regime: RANGING | Range pos: 45% | RSI: 64.4
  💰 Daily P&L: $+0.00

[2026-08-12 09:18] O:7771.50 H:7775.00 L:7771.50 C:7774.25 V:3110.0
  📈 Trend: moderate_bearish | 🌍 Regime: ranging
  🗺️  Grid: 0.080% | 🔺 7772.00 🔻 7769.00
  📡 RSI: 77.3 | MACD: -0.38 | ATR: 2.84
  📊 Filled: 0 | Pending: 0
  🔲 Regime: RANGING | Range pos: 61% | RSI: 77.3
  💰 Daily P&L: $+0.00

[2026-08-12 09:19] O:7774.25 H:7775.00 L:7769.00 C:7769.75 V:2898.0
  📈 Trend: moderate_bearish (raw: strong_bearish) | 🌍 Regime: ranging
  🗺️  Grid: 0.080% | 🔺 7775.00 🔻 7771.50
  📡 RSI: 55.7 | MACD: -0.39 | ATR: 2.93
  📊 Filled: 0 | Pending: 0
  🔲 Regime: RANGING | Range pos: 35% | RSI: 55.7
  💰 Daily P&L: $+0.00

[2026-08-12 09:20] O:7769.50 H:7770.25 L:7766.50 C:7769.25 V:3979.0
  📈 Trend: strong_bearish | 🌍 Regime: ranging
  🗺️  Grid: 0.080% | 🔺 7775.00 🔻 7769.00
  📡 RSI: 53.2 | MACD: -0.43 | ATR: 3.04
  📊 Filled: 0 | Pending: 0
  🔲 Regime: RANGING | Range pos: 32% | RSI: 53.2
  💰 Daily P&L: $+0.00

[2026-08-12 09:21] O:7769.00 H:7770.25 L:7768.00 C:7770.00 V:2551.0
  📈 Trend: strong_bearish (raw: moderate_bearish) | 🌍 Regime: ranging
  🗺️  Grid: 0.080% | 🔺 7770.25 🔻 7766.50
  📡 RSI: 57.7 | MACD: -0.40 | ATR: 3.05
  📊 Filled: 0 | Pending: 0
  🔲 Regime: RANGING | Range pos: 37% | RSI: 57.7
  💰 Daily P&L: $+0.00

[2026-08-12 09:22] O:7769.75 H:7772.75 L:7769.25 C:7770.50 V:3028.0
  📈 Trend: moderate_bearish | 🌍 Regime: ranging
  🗺️  Grid: 0.080% | 🔺 7770.25 🔻 7768.00
  📡 RSI: 56.0 | MACD: -0.33 | ATR: 3.16
  📊 Filled: 0 | Pending: 0
  🔲 Regime: RANGING | Range pos: 39% | RSI: 56.0
  💰 Daily P&L: $+0.00

[2026-08-12 09:23] O:7770.50 H:7773.25 L:7770.00 C:7773.25 V:1702.0
  📈 Trend: moderate_bearish | 🌍 Regime: ranging
  🗺️  Grid: 0.080% | 🔺 7772.75 🔻 7769.25
  📡 RSI: 61.2 | MACD: -0.05 | ATR: 3.16
  📊 Filled: 0 | Pending: 0
  🔲 Regime: RANGING | Range pos: 55% | RSI: 61.2
  💰 Daily P&L: $+0.00

[2026-08-12 09:24] O:7773.25 H:7775.00 L:7773.00 C:7774.00 V:2257.0
  📈 Trend: moderate_bearish (raw: moderate_bullish) | 🌍 Regime: ranging
  🗺️  Grid: 0.080% | 🔺 7773.25 🔻 7770.00
  📡 RSI: 57.1 | MACD: 0.23 | ATR: 3.09
  📊 Filled: 0 | Pending: 0
  🔲 Regime: RANGING | Range pos: 59% | RSI: 57.1
  💰 Daily P&L: $+0.00

[2026-08-12 09:25] O:7774.00 H:7774.50 L:7772.00 C:7772.75 V:2009.0
  📈 Trend: moderate_bullish | 🌍 Regime: ranging
  🗺️  Grid: 0.080% | 🔺 7775.00 🔻 7773.00
  📡 RSI: 58.7 | MACD: 0.34 | ATR: 3.00
  📊 Filled: 0 | Pending: 0
  🔲 Regime: RANGING | Range pos: 52% | RSI: 58.7
  💰 Daily P&L: $+0.00

[2026-08-12 09:26] O:7772.75 H:7777.50 L:7772.25 C:7777.25 V:2966.0
  📈 Trend: moderate_bullish | 🌍 Regime: ranging
  🗺️  Grid: 0.080% | 🔺 7774.50 🔻 7772.00
  📡 RSI: 68.1 | MACD: 0.79 | ATR: 3.27
  📊 Filled: 0 | Pending: 0
  🔲 Regime: RANGING | Range pos: 77% | RSI: 68.1
  💰 Daily P&L: $+0.00

[2026-08-12 09:27] O:7777.50 H:7777.75 L:7775.75 C:7776.50 V:2143.0
  📈 Trend: moderate_bullish | 🌍 Regime: ranging
  🗺️  Grid: 0.080% | 🔺 7777.50 🔻 7772.25
  📡 RSI: 67.4 | MACD: 1.07 | ATR: 3.18
  📊 Filled: 0 | Pending: 0
  🔲 Regime: RANGING | Range pos: 73% | RSI: 67.4
  💰 Daily P&L: $+0.00

[2026-08-12 09:28] O:7776.50 H:7777.75 L:7774.75 C:7775.25 V:2893.0
  📈 Trend: moderate_bullish | 🌍 Regime: ranging
  🗺️  Grid: 0.080% | 🔺 7777.75 🔻 7775.75
  📡 RSI: 64.6 | MACD: 1.18 | ATR: 3.25
  📊 Filled: 0 | Pending: 0
  🔲 Regime: RANGING | Range pos: 66% | RSI: 64.6
  💰 Daily P&L: $+0.00

[2026-08-12 09:29] O:7775.50 H:7776.00 L:7770.25 C:7772.50 V:2583.0
  📈 Trend: moderate_bullish (raw: strong_bullish) | 🌍 Regime: ranging
  🗺️  Grid: 0.080% | 🔺 7777.75 🔻 7774.75
  📡 RSI: 55.0 | MACD: 1.03 | ATR: 3.38
  📊 Filled: 0 | Pending: 0
  🔲 Regime: RANGING | Range pos: 51% | RSI: 55.0
  💰 Daily P&L: $+0.00

[2026-08-12 09:30] O:7772.25 H:7774.75 L:7771.00 C:7772.00 V:5231.0
  📈 Trend: strong_bullish | 🌍 Regime: ranging
  🗺️  Grid: 0.080% | 🔺 7776.00 🔻 7770.25
  📡 RSI: 54.5 | MACD: 0.86 | ATR: 3.54
  📊 Filled: 0 | Pending: 0
  🔲 Regime: RANGING | Range pos: 48% | RSI: 54.5
  💰 Daily P&L: $+0.00

[2026-08-12 09:31] O:7772.00 H:7772.75 L:7756.50 C:7769.25 V:12378.0
  📈 Trend: strong_bullish (raw: moderate_bullish) | 🌍 Regime: ranging
  🗺️  Grid: 0.080% | 🔺 7774.75 🔻 7771.00
  📡 RSI: 45.7 | MACD: 0.50 | ATR: 4.48
  📊 Filled: 0 | Pending: 0
  🔲 Regime: RANGING | Range pos: 52% | RSI: 45.7
  💰 Daily P&L: $+0.00

[2026-08-12 09:32] O:7769.25 H:7770.50 L:7766.25 C:7767.25 V:3171.0
  📈 Trend: strong_bullish (raw: moderate_bearish) | 🌍 Regime: ranging
  🗺️  Grid: 0.080% | 🔺 7772.75 🔻 7756.50
  📡 RSI: 36.3 | MACD: 0.05 | ATR: 4.54
  📊 Filled: 0 | Pending: 0
  🔲 Regime: RANGING | Range pos: 43% | RSI: 36.3
  💰 Daily P&L: $+0.00

[2026-08-12 09:33] O:7767.25 H:7770.00 L:7767.00 C:7769.00 V:1987.0
  📈 Trend: strong_bullish (raw: moderate_bullish) | 🌍 Regime: ranging
  🗺️  Grid: 0.080% | 🔺 7770.50 🔻 7766.25
  📡 RSI: 48.4 | MACD: -0.16 | ATR: 4.32
  📊 Filled: 0 | Pending: 0
  🔲 Regime: RANGING | Range pos: 51% | RSI: 48.4
  💰 Daily P&L: $+0.00

[2026-08-12 09:34] O:7768.75 H:7769.00 L:7764.00 C:7765.25 V:2361.0
  📈 Trend: strong_bullish (raw: strong_bearish) | 🌍 Regime: ranging
  🗺️  Grid: 0.080% | 🔺 7770.00 🔻 7767.00
  📡 RSI: 42.3 | MACD: -0.62 | ATR: 4.41
  📊 Filled: 0 | Pending: 0
  🔲 Regime: RANGING | Range pos: 35% | RSI: 42.3
  💰 Daily P&L: $+0.00

[2026-08-12 09:35] O:7765.25 H:7768.25 L:7763.75 C:7767.25 V:2569.0
  📈 Trend: strong_bearish | 🌍 Regime: ranging
  🗺️  Grid: 0.080% | 🔺 7769.00 🔻 7764.00
  📡 RSI: 45.0 | MACD: -0.82 | ATR: 4.57
  📊 Filled: 0 | Pending: 0
  🔲 Regime: RANGING | Range pos: 43% | RSI: 45.0
  💰 Daily P&L: $+0.00

[2026-08-12 09:36] O:7767.25 H:7769.50 L:7765.75 C:7768.50 V:2199.0
  📈 Trend: strong_bearish | 🌍 Regime: ranging
  🗺️  Grid: 0.080% | 🔺 7768.25 🔻 7763.75
  📡 RSI: 46.4 | MACD: -0.87 | ATR: 4.59
  📊 Filled: 0 | Pending: 0
  🔲 Regime: RANGING | Range pos: 48% | RSI: 46.4
  💰 Daily P&L: $+0.00

[2026-08-12 09:37] O:7768.25 H:7771.75 L:7768.25 C:7770.75 V:2500.0
  📈 Trend: strong_bearish | 🌍 Regime: ranging
  🗺️  Grid: 0.080% | 🔺 7769.50 🔻 7765.75
  📡 RSI: 45.5 | MACD: -0.71 | ATR: 4.61
  📊 Filled: 0 | Pending: 0
  🔲 Regime: RANGING | Range pos: 58% | RSI: 45.5
  💰 Daily P&L: $+0.00

[2026-08-12 09:38] O:7770.75 H:7772.50 L:7769.50 C:7770.00 V:2952.0
  📈 Trend: strong_bearish (raw: moderate_bullish) | 🌍 Regime: ranging
  🗺️  Grid: 0.080% | 🔺 7771.75 🔻 7768.25
  📡 RSI: 42.7 | MACD: -0.64 | ATR: 4.68
  📊 Filled: 0 | Pending: 0
  🔲 Regime: RANGING | Range pos: 55% | RSI: 42.7
  💰 Daily P&L: $+0.00

[2026-08-12 09:39] O:7770.00 H:7772.50 L:7769.00 C:7772.50 V:1947.0
  📈 Trend: moderate_bullish | 🌍 Regime: ranging
  🗺️  Grid: 0.080% | 🔺 7772.50 🔻 7769.50
  📡 RSI: 49.6 | MACD: -0.38 | ATR: 4.75
  📊 Filled: 0 | Pending: 0
  🔲 Regime: RANGING | Range pos: 65% | RSI: 49.6
  💰 Daily P&L: $+0.00

[2026-08-12 09:40] O:7772.50 H:7773.75 L:7771.50 C:7773.25 V:2360.0
  📈 Trend: moderate_bullish | 🌍 Regime: ranging
  🗺️  Grid: 0.080% | 🔺 7772.50 🔻 7769.00
  📡 RSI: 42.0 | MACD: -0.11 | ATR: 4.54
  📊 Filled: 0 | Pending: 0
  🔲 Regime: RANGING | Range pos: 68% | RSI: 42.0
  💰 Daily P&L: $+0.00

[2026-08-12 09:41] O:7773.50 H:7774.75 L:7773.00 C:7773.75 V:1841.0
  📈 Trend: moderate_bullish (raw: strong_bullish) | 🌍 Regime: ranging
  🗺️  Grid: 0.080% | 🔺 7773.75 🔻 7771.50
  📡 RSI: 44.4 | MACD: 0.14 | ATR: 4.52
  📊 Filled: 0 | Pending: 0
  🔲 Regime: RANGING | Range pos: 70% | RSI: 44.4
  💰 Daily P&L: $+0.00

[2026-08-12 09:42] O:7774.00 H:7774.25 L:7771.50 C:7772.75 V:2122.0
  📈 Trend: moderate_bullish | 🌍 Regime: ranging
  🗺️  Grid: 0.080% | 🔺 7774.75 🔻 7773.00
  📡 RSI: 44.9 | MACD: 0.25 | ATR: 4.50
  📊 Filled: 0 | Pending: 0
  🔲 Regime: RANGING | Range pos: 66% | RSI: 44.9
  💰 Daily P&L: $+0.00

[2026-08-12 09:43] O:7773.00 H:7775.00 L:7772.50 C:7774.50 V:1706.0
  📈 Trend: moderate_bullish (raw: strong_bullish) | 🌍 Regime: ranging
  🗺️  Grid: 0.080% | 🔺 7774.25 🔻 7771.50
  📡 RSI: 54.3 | MACD: 0.48 | ATR: 4.27
  📊 Filled: 0 | Pending: 0
  🔲 Regime: RANGING | Range pos: 73% | RSI: 54.3
  💰 Daily P&L: $+0.00

[2026-08-12 09:44] O:7774.75 H:7775.50 L:7773.75 C:7775.00 V:1414.0
  📈 Trend: strong_bullish | 🌍 Regime: ranging
  🗺️  Grid: 0.080% | 🔺 7775.00 🔻 7772.50
  📡 RSI: 56.4 | MACD: 0.69 | ATR: 4.12
  📊 Filled: 0 | Pending: 0
  🔲 Regime: RANGING | Range pos: 75% | RSI: 56.4
  💰 Daily P&L: $+0.00

[2026-08-12 09:45] O:7775.25 H:7776.25 L:7774.00 C:7775.75 V:1665.0
  📈 Trend: strong_bullish (raw: moderate_bullish) | 🌍 Regime: ranging
  🗺️  Grid: 0.080% | 🔺 7775.50 🔻 7773.75
  📡 RSI: 65.1 | MACD: 0.91 | ATR: 3.12
  📊 Filled: 0 | Pending: 0
  🔲 Regime: RANGING | Range pos: 78% | RSI: 65.1
  💰 Daily P&L: $+0.00

[2026-08-12 09:46] O:7775.50 H:7776.75 L:7774.50 C:7774.75 V:1943.0
  📈 Trend: moderate_bullish | 🌍 Regime: ranging
  🗺️  Grid: 0.080% | 🔺 7776.25 🔻 7774.00
  📡 RSI: 68.3 | MACD: 0.99 | ATR: 2.98
  📊 Filled: 0 | Pending: 0
  🔲 Regime: RANGING | Range pos: 74% | RSI: 68.3
  💰 Daily P&L: $+0.00

[2026-08-12 09:47] O:7774.75 H:7775.00 L:7769.25 C:7770.25 V:2819.0
  📈 Trend: moderate_bullish | 🌍 Regime: ranging
  🗺️  Grid: 0.080% | 🔺 7776.75 🔻 7774.50
  📡 RSI: 52.7 | MACD: 0.69 | ATR: 3.18
  📊 Filled: 0 | Pending: 0
  🔲 Regime: RANGING | Range pos: 56% | RSI: 52.7
  💰 Daily P&L: $+0.00

[2026-08-12 09:48] O:7770.25 H:7770.75 L:7768.50 C:7769.75 V:1747.0
  📈 Trend: moderate_bullish (raw: moderate_bearish) | 🌍 Regime: ranging
  🗺️  Grid: 0.080% | 🔺 7775.00 🔻 7769.25
  📡 RSI: 61.2 | MACD: 0.40 | ATR: 2.98
  📊 Filled: 0 | Pending: 0
  🔲 Regime: RANGING | Range pos: 54% | RSI: 61.2
  💰 Daily P&L: $+0.00

[2026-08-12 09:49] O:7769.75 H:7771.75 L:7769.00 C:7771.50 V:1792.0
  📈 Trend: moderate_bearish | 🌍 Regime: ranging
  🗺️  Grid: 0.080% | 🔺 7770.75 🔻 7768.50
  📡 RSI: 60.8 | MACD: 0.31 | ATR: 2.86
  📊 Filled: 0 | Pending: 0
  🔲 Regime: RANGING | Range pos: 61% | RSI: 60.8
  💰 Daily P&L: $+0.00

[2026-08-12 09:50] O:7771.25 H:7771.75 L:7767.25 C:7767.75 V:2525.0
  📈 Trend: moderate_bearish (raw: strong_bearish) | 🌍 Regime: ranging
  🗺️  Grid: 0.080% | 🔺 7771.75 🔻 7769.00
  📡 RSI: 48.3 | MACD: -0.07 | ATR: 2.91
  📊 Filled: 0 | Pending: 0
  🔲 Regime: RANGING | Range pos: 45% | RSI: 48.3
  💰 Daily P&L: $+0.00

[2026-08-12 09:51] O:7767.75 H:7768.50 L:7766.00 C:7767.75 V:2286.0
  📈 Trend: moderate_bearish (raw: moderate_bullish) | 🌍 Regime: ranging
  🗺️  Grid: 0.080% | 🔺 7771.75 🔻 7767.25
  📡 RSI: 42.5 | MACD: -0.36 | ATR: 2.84
  📊 Filled: 0 | Pending: 0
  🔲 Regime: RANGING | Range pos: 45% | RSI: 42.5
  💰 Daily P&L: $+0.00

[2026-08-12 09:52] O:7767.75 H:7769.25 L:7766.75 C:7769.25 V:2038.0
  📈 Trend: moderate_bullish | 🌍 Regime: ranging
  🗺️  Grid: 0.080% | 🔺 7768.50 🔻 7766.00
  📡 RSI: 48.2 | MACD: -0.46 | ATR: 2.80
  📊 Filled: 0 | Pending: 0
  🔲 Regime: RANGING | Range pos: 52% | RSI: 48.2
  💰 Daily P&L: $+0.00

[2026-08-12 09:53] O:7769.00 H:7769.25 L:7766.75 C:7769.00 V:1781.0
  📈 Trend: moderate_bullish | 🌍 Regime: ranging
  🗺️  Grid: 0.080% | 🔺 7769.25 🔻 7766.75
  📡 RSI: 40.5 | MACD: -0.56 | ATR: 2.73
  📊 Filled: 0 | Pending: 0
  🔲 Regime: RANGING | Range pos: 51% | RSI: 40.5
  💰 Daily P&L: $+0.00

[2026-08-12 09:54] O:7769.00 H:7770.25 L:7764.50 C:7765.00 V:2727.0
  📈 Trend: moderate_bullish (raw: strong_bearish) | 🌍 Regime: ranging
  🗺️  Grid: 0.080% | 🔺 7769.25 🔻 7766.75
  📡 RSI: 31.0 | MACD: -0.95 | ATR: 2.98
  📊 Filled: 0 | Pending: 0
  🔲 Regime: RANGING | Range pos: 34% | RSI: 31.0
  💰 Daily P&L: $+0.00

[2026-08-12 09:55] O:7765.00 H:7765.50 L:7762.75 C:7763.75 V:2729.0
  📈 Trend: strong_bearish | 🌍 Regime: ranging
  🗺️  Grid: 0.080% | 🔺 7770.25 🔻 7764.50
  📡 RSI: 27.8 | MACD: -1.34 | ATR: 3.05
  📊 Filled: 0 | Pending: 0
  🔲 Regime: RANGING | Range pos: 29% | RSI: 27.8
  🚫 Raw trend blocks RANGING LONG | raw: strong_bearish
  💰 Daily P&L: $+0.00

[2026-08-12 09:56] O:7763.50 H:7767.00 L:7763.25 C:7765.00 V:2954.0
  📈 Trend: strong_bearish | 🌍 Regime: ranging
  🗺️  Grid: 0.080% | 🔺 7765.50 🔻 7762.75
  📡 RSI: 33.0 | MACD: -1.53 | ATR: 3.12
  📊 Filled: 0 | Pending: 0
  🔲 Regime: RANGING | Range pos: 34% | RSI: 33.0
  💰 Daily P&L: $+0.00

[2026-08-12 09:57] O:7765.25 H:7767.50 L:7765.00 C:7766.00 V:2065.0
  📈 Trend: strong_bearish | 🌍 Regime: ranging
  🗺️  Grid: 0.080% | 🔺 7767.00 🔻 7763.25
  📡 RSI: 30.7 | MACD: -1.59 | ATR: 3.12
  📊 Filled: 0 | Pending: 0
  🔲 Regime: RANGING | Range pos: 38% | RSI: 30.7
  💰 Daily P&L: $+0.00

[2026-08-12 09:58] O:7766.25 H:7768.00 L:7766.00 C:7766.50 V:2157.0
  📈 Trend: strong_bearish | 🌍 Regime: ranging
  🗺️  Grid: 0.080% | 🔺 7767.50 🔻 7765.00
  📡 RSI: 30.7 | MACD: -1.57 | ATR: 3.14
  📊 Filled: 0 | Pending: 0
  🔲 Regime: RANGING | Range pos: 40% | RSI: 30.7
  💰 Daily P&L: $+0.00

[2026-08-12 09:59] O:7766.50 H:7767.75 L:7765.75 C:7766.75 V:1737.0
  📈 Trend: strong_bearish | 🌍 Regime: ranging
  🗺️  Grid: 0.080% | 🔺 7768.00 🔻 7766.00
  📡 RSI: 29.1 | MACD: -1.52 | ATR: 3.12
  📊 Filled: 0 | Pending: 0
  🔲 Regime: RANGING | Range pos: 41% | RSI: 29.1
  💰 Daily P&L: $+0.00

[2026-08-12 10:00] O:7766.75 H:7767.50 L:7763.50 C:7765.75 V:3335.0
  📈 Trend: strong_bearish | 🌍 Regime: ranging
  🗺️  Grid: 0.080% | 🔺 7767.75 🔻 7765.75
  📡 RSI: 29.1 | MACD: -1.55 | ATR: 3.25
  📊 Filled: 0 | Pending: 0
  🔲 Regime: RANGING | Range pos: 37% | RSI: 29.1
  💰 Daily P&L: $+0.00

[2026-08-12 10:01] O:7765.75 H:7766.75 L:7765.25 C:7766.75 V:1966.0
  📈 Trend: strong_bearish | 🌍 Regime: ranging
  🗺️  Grid: 0.080% | 🔺 7767.50 🔻 7763.50
  📡 RSI: 40.3 | MACD: -1.47 | ATR: 2.95
  📊 Filled: 0 | Pending: 0
  🔲 Regime: RANGING | Range pos: 41% | RSI: 40.3
  💰 Daily P&L: $+0.00

[2026-08-12 10:02] O:7766.75 H:7767.00 L:7764.25 C:7765.50 V:1611.0
  📈 Trend: strong_bearish | 🌍 Regime: ranging
  🗺️  Grid: 0.080% | 🔺 7766.75 🔻 7765.25
  📡 RSI: 38.7 | MACD: -1.49 | ATR: 2.98
  📊 Filled: 0 | Pending: 0
  🔲 Regime: RANGING | Range pos: 36% | RSI: 38.7
  💰 Daily P&L: $+0.00

[2026-08-12 10:03] O:7765.50 H:7766.00 L:7762.25 C:7762.50 V:2251.0
  📈 Trend: strong_bearish | 🌍 Regime: ranging
  🗺️  Grid: 0.080% | 🔺 7767.00 🔻 7764.25
  📡 RSI: 27.5 | MACD: -1.73 | ATR: 3.05
  📊 Filled: 0 | Pending: 0
  🔲 Regime: RANGING | Range pos: 24% | RSI: 27.5
  🚫 Raw trend blocks RANGING LONG | raw: strong_bearish
  💰 Daily P&L: $+0.00

[2026-08-12 10:04] O:7762.50 H:7763.75 L:7762.00 C:7763.25 V:2314.0
  📈 Trend: strong_bearish | 🌍 Regime: ranging
  🗺️  Grid: 0.080% | 🔺 7766.00 🔻 7762.25
  📡 RSI: 36.8 | MACD: -1.83 | ATR: 2.86
  📊 Filled: 0 | Pending: 0
  🔲 Regime: RANGING | Range pos: 27% | RSI: 36.8
  💰 Daily P&L: $+0.00

[2026-08-12 10:05] O:7763.00 H:7763.75 L:7761.75 C:7763.25 V:2383.0
  📈 Trend: strong_bearish | 🌍 Regime: ranging
  🗺️  Grid: 0.080% | 🔺 7763.75 🔻 7762.00
  📡 RSI: 36.8 | MACD: -1.90 | ATR: 2.82
  📊 Filled: 0 | Pending: 0
  🔲 Regime: RANGING | Range pos: 27% | RSI: 36.8
  💰 Daily P&L: $+0.00

[2026-08-12 10:06] O:7763.25 H:7766.75 L:7761.75 C:7766.50 V:2627.0
  📈 Trend: strong_bearish | 🌍 Regime: ranging
  🗺️  Grid: 0.080% | 🔺 7763.75 🔻 7761.75
  📡 RSI: 42.7 | MACD: -1.67 | ATR: 3.00
  📊 Filled: 0 | Pending: 0
  🔲 Regime: RANGING | Range pos: 40% | RSI: 42.7
  💰 Daily P&L: $+0.00

[2026-08-12 10:07] O:7766.25 H:7766.50 L:7764.50 C:7765.50 V:2083.0
  📈 Trend: strong_bearish | 🌍 Regime: ranging
  🗺️  Grid: 0.080% | 🔺 7766.75 🔻 7761.75
  📡 RSI: 41.0 | MACD: -1.55 | ATR: 2.96
  📊 Filled: 0 | Pending: 0
  🔲 Regime: RANGING | Range pos: 36% | RSI: 41.0
  💰 Daily P&L: $+0.00

[2026-08-12 10:08] O:7765.50 H:7766.00 L:7764.25 C:7765.50 V:1721.0
  📈 Trend: strong_bearish | 🌍 Regime: trending_bearish
  🗺️  Grid: 0.080% | 🔺 7766.50 🔻 7764.50
  📡 RSI: 51.6 | MACD: -1.43 | ATR: 2.68
  📊 Filled: 0 | Pending: 0
  💰 Daily P&L: $+0.00

[2026-08-12 10:09] O:7765.25 H:7766.50 L:7764.75 C:7765.75 V:1868.0
  📈 Trend: strong_bearish | 🌍 Regime: trending_bearish
  🗺️  Grid: 0.080% | 🔺 7766.00 🔻 7764.25
  📡 RSI: 56.9 | MACD: -1.31 | ATR: 2.61
  📊 Filled: 0 | Pending: 0
  💰 Daily P&L: $+0.00

[2026-08-12 10:10] O:7765.75 H:7766.00 L:7763.25 C:7763.50 V:2182.0
  📈 Trend: strong_bearish | 🌍 Regime: trending_bearish
  🗺️  Grid: 0.080% | 🔺 7766.50 🔻 7764.75
  📡 RSI: 45.2 | MACD: -1.38 | ATR: 2.54
  📊 Filled: 0 | Pending: 0
  💰 Daily P&L: $+0.00

[2026-08-12 10:11] O:7763.50 H:7764.50 L:7762.25 C:7764.50 V:2408.0
  📈 Trend: strong_bearish | 🌍 Regime: trending_bearish
  🗺️  Grid: 0.080% | 🔺 7766.00 🔻 7763.25
  📡 RSI: 45.2 | MACD: -1.34 | ATR: 2.52
  📊 Filled: 0 | Pending: 0
  💰 Daily P&L: $+0.00

[2026-08-12 10:12] O:7764.50 H:7768.00 L:7764.00 C:7768.00 V:2269.0
  📈 Trend: strong_bearish | 🌍 Regime: trending_bearish
  🗺️  Grid: 0.080% | 🔺 7764.50 🔻 7762.25
  📡 RSI: 54.1 | MACD: -1.01 | ATR: 2.66
  📊 Filled: 0 | Pending: 0
  💰 Daily P&L: $+0.00

[2026-08-12 10:13] O:7768.00 H:7768.75 L:7766.50 C:7767.50 V:2051.0
  📈 Trend: strong_bearish (raw: moderate_bearish) | 🌍 Regime: trending_bearish
  🗺️  Grid: 0.080% | 🔺 7768.00 🔻 7764.00
  📡 RSI: 52.0 | MACD: -0.78 | ATR: 2.68
  📊 Filled: 0 | Pending: 0
  💰 Daily P&L: $+0.00

[2026-08-12 10:14] O:7767.25 H:7768.00 L:7766.00 C:7766.25 V:1625.0
  📈 Trend: moderate_bearish | 🌍 Regime: trending_bearish
  🗺️  Grid: 0.080% | 🔺 7768.75 🔻 7766.50
  📡 RSI: 51.3 | MACD: -0.69 | ATR: 2.54
  📊 Filled: 0 | Pending: 0
  💰 Daily P&L: $+0.00

[2026-08-12 10:15] O:7766.25 H:7766.25 L:7764.50 C:7765.25 V:1714.0
  📈 Trend: moderate_bearish | 🌍 Regime: trending_bearish
  🗺️  Grid: 0.080% | 🔺 7768.00 🔻 7766.00
  📡 RSI: 46.1 | MACD: -0.69 | ATR: 2.55
  📊 Filled: 0 | Pending: 0
  💰 Daily P&L: $+0.00

[2026-08-12 10:16] O:7765.50 H:7767.75 L:7765.50 C:7766.75 V:1956.0
  📈 Trend: moderate_bearish | 🌍 Regime: trending_bearish
  🗺️  Grid: 0.080% | 🔺 7766.25 🔻 7764.50
  📡 RSI: 53.2 | MACD: -0.57 | ATR: 2.54
  📊 Filled: 0 | Pending: 0
  💰 Daily P&L: $+0.00

[2026-08-12 10:17] O:7766.50 H:7767.50 L:7765.75 C:7767.25 V:1171.0
  📈 Trend: moderate_bearish | 🌍 Regime: trending_bearish
  🗺️  Grid: 0.080% | 🔺 7767.75 🔻 7765.50
  📡 RSI: 64.2 | MACD: -0.42 | ATR: 2.39
  📊 Filled: 0 | Pending: 0
  💰 Daily P&L: $+0.00

[2026-08-12 10:18] O:7767.25 H:7767.25 L:7764.50 C:7764.50 V:1165.0
  📈 Trend: moderate_bearish (raw: strong_bearish) | 🌍 Regime: trending_bearish
  🗺️  Grid: 0.080% | 🔺 7767.50 🔻 7765.75
  📡 RSI: 53.3 | MACD: -0.52 | ATR: 2.46
  📊 Filled: 0 | Pending: 0
  💰 Daily P&L: $+0.00

[2026-08-12 10:19] O:7764.50 H:7766.00 L:7764.00 C:7765.75 V:1106.0
  📈 Trend: strong_bearish | 🌍 Regime: trending_bearish
  🗺️  Grid: 0.080% | 🔺 7767.25 🔻 7764.50
  📡 RSI: 56.2 | MACD: -0.50 | ATR: 2.46
  📊 Filled: 0 | Pending: 0
  💰 Daily P&L: $+0.00

[2026-08-12 10:20] O:7765.75 H:7766.50 L:7764.75 C:7765.25 V:1284.0
  📈 Trend: strong_bearish | 🌍 Regime: trending_bearish
  🗺️  Grid: 0.080% | 🔺 7766.00 🔻 7764.00
  📡 RSI: 46.4 | MACD: -0.51 | ATR: 2.23
  📊 Filled: 0 | Pending: 0
  💰 Daily P&L: $+0.00

[2026-08-12 10:21] O:7765.25 H:7766.25 L:7764.50 C:7765.50 V:1496.0
  📈 Trend: strong_bearish | 🌍 Regime: trending_bearish
  🗺️  Grid: 0.080% | 🔺 7766.50 🔻 7764.75
  📡 RSI: 50.0 | MACD: -0.50 | ATR: 2.21
  📊 Filled: 0 | Pending: 0
  💰 Daily P&L: $+0.00

[2026-08-12 10:22] O:7765.50 H:7765.75 L:7762.75 C:7763.25 V:1362.0
  📈 Trend: strong_bearish | 🌍 Regime: trending_bearish
  🗺️  Grid: 0.080% | 🔺 7766.25 🔻 7764.50
  📡 RSI: 44.0 | MACD: -0.66 | ATR: 2.30
  📊 Filled: 0 | Pending: 0
  💰 Daily P&L: $+0.00

[2026-08-12 10:23] O:7763.25 H:7763.50 L:7761.50 C:7763.25 V:1574.0
  📈 Trend: strong_bearish | 🌍 Regime: trending_bearish
  🗺️  Grid: 0.080% | 🔺 7765.75 🔻 7762.75
  📡 RSI: 43.2 | MACD: -0.78 | ATR: 2.32
  📊 Filled: 0 | Pending: 0
  💰 Daily P&L: $+0.00

[2026-08-12 10:24] O:7763.25 H:7764.50 L:7762.50 C:7763.75 V:993.0
  📈 Trend: strong_bearish | 🌍 Regime: trending_bearish
  🗺️  Grid: 0.080% | 🔺 7763.50 🔻 7761.50
  📡 RSI: 50.7 | MACD: -0.82 | ATR: 2.27
  📊 Filled: 0 | Pending: 0
  💰 Daily P&L: $+0.00

[2026-08-12 10:25] O:7763.75 H:7764.75 L:7763.00 C:7763.75 V:1162.0
  📈 Trend: strong_bearish | 🌍 Regime: trending_bearish
  🗺️  Grid: 0.080% | 🔺 7764.50 🔻 7762.50
  📡 RSI: 47.6 | MACD: -0.85 | ATR: 2.23
  📊 Filled: 0 | Pending: 0
  💰 Daily P&L: $+0.00

[2026-08-12 10:26] O:7764.00 H:7765.00 L:7763.00 C:7764.25 V:1261.0
  📈 Trend: strong_bearish | 🌍 Regime: trending_bearish
  🗺️  Grid: 0.080% | 🔺 7764.75 🔻 7763.00
  📡 RSI: 35.3 | MACD: -0.82 | ATR: 2.09
  📊 Filled: 0 | Pending: 0
  💰 Daily P&L: $+0.00

[2026-08-12 10:27] O:7764.50 H:7764.75 L:7763.00 C:7764.25 V:1516.0
  📈 Trend: strong_bearish | 🌍 Regime: trending_bearish
  🗺️  Grid: 0.080% | 🔺 7765.00 🔻 7763.00
  📡 RSI: 36.7 | MACD: -0.79 | ATR: 2.05
  📊 Filled: 0 | Pending: 0
  💰 Daily P&L: $+0.00

[2026-08-12 10:28] O:7764.50 H:7766.25 L:7763.25 C:7766.00 V:2080.0
  📈 Trend: strong_bearish (raw: moderate_bearish) | 🌍 Regime: trending_bearish
  🗺️  Grid: 0.080% | 🔺 7764.75 🔻 7763.00
  📡 RSI: 49.0 | MACD: -0.61 | ATR: 2.12
  📊 Filled: 0 | Pending: 0
  💰 Daily P&L: $+0.00

[2026-08-12 10:29] O:7766.25 H:7768.25 L:7765.25 C:7768.25 V:1499.0
  📈 Trend: moderate_bearish | 🌍 Regime: trending_bearish
  🗺️  Grid: 0.080% | 🔺 7766.25 🔻 7763.25
  📡 RSI: 60.7 | MACD: -0.29 | ATR: 2.21
  📊 Filled: 0 | Pending: 0
  💰 Daily P&L: $+0.00

[2026-08-12 10:30] O:7768.25 H:7769.50 L:7766.50 C:7767.75 V:2112.0
  📈 Trend: moderate_bearish | 🌍 Regime: ranging
  🗺️  Grid: 0.080% | 🔺 7768.25 🔻 7765.25
  📡 RSI: 53.8 | MACD: -0.07 | ATR: 2.25
  📊 Filled: 0 | Pending: 0
  🔲 Regime: RANGING | Range pos: 45% | RSI: 53.8
  💰 Daily P&L: $+0.00

[2026-08-12 10:31] O:7767.75 H:7768.00 L:7765.75 C:7766.00 V:1167.0
  📈 Trend: moderate_bearish (raw: strong_bearish) | 🌍 Regime: ranging
  🗺️  Grid: 0.080% | 🔺 7769.50 🔻 7766.50
  📡 RSI: 45.6 | MACD: -0.04 | ATR: 2.29
  📊 Filled: 0 | Pending: 0
  🔲 Regime: RANGING | Range pos: 38% | RSI: 45.6
  💰 Daily P&L: $+0.00

[2026-08-12 10:32] O:7766.25 H:7767.00 L:7763.50 C:7764.50 V:1610.0
  📈 Trend: strong_bearish | 🌍 Regime: ranging
  🗺️  Grid: 0.080% | 🔺 7768.00 🔻 7765.75
  📡 RSI: 50.0 | MACD: -0.14 | ATR: 2.34
  📊 Filled: 0 | Pending: 0
  🔲 Regime: RANGING | Range pos: 32% | RSI: 50.0
  💰 Daily P&L: $+0.00

[2026-08-12 10:33] O:7764.75 H:7765.00 L:7762.00 C:7762.25 V:1466.0
  📈 Trend: strong_bearish | 🌍 Regime: ranging
  🗺️  Grid: 0.080% | 🔺 7767.00 🔻 7763.50
  📡 RSI: 37.5 | MACD: -0.39 | ATR: 2.41
  📊 Filled: 0 | Pending: 0
  🔲 Regime: RANGING | Range pos: 23% | RSI: 37.5
  💰 Daily P&L: $+0.00

[2026-08-12 10:34] O:7762.25 H:7764.00 L:7761.25 C:7763.50 V:2288.0
  📈 Trend: strong_bearish | 🌍 Regime: ranging
  🗺️  Grid: 0.080% | 🔺 7765.00 🔻 7762.00
  📡 RSI: 44.1 | MACD: -0.48 | ATR: 2.48
  📊 Filled: 0 | Pending: 0
  🔲 Regime: RANGING | Range pos: 28% | RSI: 44.1
  💰 Daily P&L: $+0.00

[2026-08-12 10:35] O:7763.50 H:7765.50 L:7763.25 C:7763.50 V:2220.0
  📈 Trend: strong_bearish | 🌍 Regime: ranging
  🗺️  Grid: 0.080% | 🔺 7764.00 🔻 7761.25
  📡 RSI: 43.1 | MACD: -0.55 | ATR: 2.52
  📊 Filled: 0 | Pending: 0
  🔲 Regime: RANGING | Range pos: 28% | RSI: 43.1
  💰 Daily P&L: $+0.00

[2026-08-12 10:36] O:7763.50 H:7766.75 L:7763.25 C:7766.00 V:1484.0
  📈 Trend: strong_bearish | 🌍 Regime: ranging
  🗺️  Grid: 0.080% | 🔺 7765.50 🔻 7763.25
  📡 RSI: 59.3 | MACD: -0.40 | ATR: 2.55
  📊 Filled: 0 | Pending: 0
  🔲 Regime: RANGING | Range pos: 38% | RSI: 59.3
  💰 Daily P&L: $+0.00

[2026-08-12 10:37] O:7766.00 H:7766.25 L:7764.00 C:7764.00 V:1081.0
  📈 Trend: strong_bearish | 🌍 Regime: ranging
  🗺️  Grid: 0.080% | 🔺 7766.75 🔻 7763.25
  📡 RSI: 52.2 | MACD: -0.44 | ATR: 2.57
  📊 Filled: 0 | Pending: 0
  🔲 Regime: RANGING | Range pos: 30% | RSI: 52.2
  💰 Daily P&L: $+0.00

[2026-08-12 10:38] O:7764.25 H:7765.50 L:7763.75 C:7764.00 V:1111.0
  📈 Trend: strong_bearish | 🌍 Regime: ranging
  🗺️  Grid: 0.080% | 🔺 7766.25 🔻 7764.00
  📡 RSI: 50.8 | MACD: -0.46 | ATR: 2.55
  📊 Filled: 0 | Pending: 0
  🔲 Regime: RANGING | Range pos: 30% | RSI: 50.8
  💰 Daily P&L: $+0.00

[2026-08-12 10:39] O:7764.00 H:7764.75 L:7761.00 C:7761.50 V:1430.0
  📈 Trend: strong_bearish | 🌍 Regime: ranging
  🗺️  Grid: 0.080% | 🔺 7765.50 🔻 7763.75
  📡 RSI: 44.0 | MACD: -0.67 | ATR: 2.70
  📊 Filled: 0 | Pending: 0
  🔲 Regime: RANGING | Range pos: 20% | RSI: 44.0
  💰 Daily P&L: $+0.00

[2026-08-12 10:40] O:7761.25 H:7761.75 L:7760.25 C:7760.25 V:1299.0
  📈 Trend: strong_bearish | 🌍 Regime: ranging
  🗺️  Grid: 0.080% | 🔺 7764.75 🔻 7761.00
  📡 RSI: 39.7 | MACD: -0.93 | ATR: 2.66
  📊 Filled: 0 | Pending: 0
  🔲 Regime: RANGING | Range pos: 15% | RSI: 39.7
  💰 Daily P&L: $+0.00

[2026-08-12 10:41] O:7760.50 H:7762.75 L:7760.25 C:7762.75 V:1672.0
  📈 Trend: strong_bearish | 🌍 Regime: ranging
  🗺️  Grid: 0.080% | 🔺 7761.75 🔻 7760.25
  📡 RSI: 46.6 | MACD: -0.92 | ATR: 2.71
  📊 Filled: 0 | Pending: 0
  🔲 Regime: RANGING | Range pos: 25% | RSI: 46.6
  💰 Daily P&L: $+0.00

[2026-08-12 10:42] O:7763.00 H:7763.75 L:7762.25 C:7762.50 V:1103.0
  📈 Trend: strong_bearish | 🌍 Regime: ranging
  🗺️  Grid: 0.080% | 🔺 7762.75 🔻 7760.25
  📡 RSI: 41.5 | MACD: -0.92 | ATR: 2.61
  📊 Filled: 0 | Pending: 0
  🔲 Regime: RANGING | Range pos: 24% | RSI: 41.5
  💰 Daily P&L: $+0.00

[2026-08-12 10:43] O:7762.50 H:7764.00 L:7762.50 C:7763.50 V:1138.0
  📈 Trend: strong_bearish | 🌍 Regime: ranging
  🗺️  Grid: 0.080% | 🔺 7763.75 🔻 7762.25
  📡 RSI: 37.7 | MACD: -0.84 | ATR: 2.50
  📊 Filled: 0 | Pending: 0
  🔲 Regime: RANGING | Range pos: 28% | RSI: 37.7
  💰 Daily P&L: $+0.00

[2026-08-12 10:44] O:7763.75 H:7764.25 L:7762.25 C:7762.50 V:1020.0
  📈 Trend: strong_bearish | 🌍 Regime: ranging
  🗺️  Grid: 0.080% | 🔺 7764.00 🔻 7762.50
  📡 RSI: 36.7 | MACD: -0.84 | ATR: 2.43
  📊 Filled: 0 | Pending: 0
  🔲 Regime: RANGING | Range pos: 24% | RSI: 36.7
  💰 Daily P&L: $+0.00

[2026-08-12 10:45] O:7762.50 H:7764.00 L:7762.25 C:7762.75 V:1379.0
  📈 Trend: strong_bearish | 🌍 Regime: ranging
  🗺️  Grid: 0.080% | 🔺 7764.25 🔻 7762.25
  📡 RSI: 41.1 | MACD: -0.81 | ATR: 2.39
  📊 Filled: 0 | Pending: 0
  🔲 Regime: RANGING | Range pos: 25% | RSI: 41.1
  💰 Daily P&L: $+0.00

[2026-08-12 10:46] O:7762.75 H:7763.75 L:7762.00 C:7763.50 V:1122.0
  📈 Trend: strong_bearish | 🌍 Regime: ranging
  🗺️  Grid: 0.080% | 🔺 7764.00 🔻 7762.25
  📡 RSI: 47.1 | MACD: -0.72 | ATR: 2.27
  📊 Filled: 0 | Pending: 0
  🔲 Regime: RANGING | Range pos: 28% | RSI: 47.1
  💰 Daily P&L: $+0.00

[2026-08-12 10:47] O:7763.50 H:7765.00 L:7762.75 C:7765.00 V:989.0
  📈 Trend: strong_bearish | 🌍 Regime: ranging
  🗺️  Grid: 0.080% | 🔺 7763.75 🔻 7762.00
  📡 RSI: 58.2 | MACD: -0.52 | ATR: 2.21
  📊 Filled: 0 | Pending: 0
  🔲 Regime: RANGING | Range pos: 34% | RSI: 58.2
  💰 Daily P&L: $+0.00

[2026-08-12 10:48] O:7764.75 H:7765.00 L:7762.75 C:7763.25 V:1118.0
  📈 Trend: strong_bearish | 🌍 Regime: ranging
  🗺️  Grid: 0.080% | 🔺 7765.00 🔻 7762.75
  📡 RSI: 49.3 | MACD: -0.50 | ATR: 2.18
  📊 Filled: 0 | Pending: 0
  🔲 Regime: RANGING | Range pos: 27% | RSI: 49.3
  💰 Daily P&L: $+0.00

[2026-08-12 10:49] O:7763.25 H:7766.50 L:7763.25 C:7766.50 V:1280.0
  📈 Trend: strong_bearish | 🌍 Regime: ranging
  🗺️  Grid: 0.080% | 🔺 7765.00 🔻 7762.75
  📡 RSI: 57.3 | MACD: -0.21 | ATR: 2.25
  📊 Filled: 0 | Pending: 0
  🔲 Regime: RANGING | Range pos: 40% | RSI: 57.3
  💰 Daily P&L: $+0.00

[2026-08-12 10:50] O:7766.50 H:7766.50 L:7763.00 C:7763.50 V:1295.0
  📈 Trend: strong_bearish | 🌍 Regime: ranging
  🗺️  Grid: 0.080% | 🔺 7766.50 🔻 7763.25
  📡 RSI: 44.0 | MACD: -0.23 | ATR: 2.25
  📊 Filled: 0 | Pending: 0
  🔲 Regime: RANGING | Range pos: 28% | RSI: 44.0
  💰 Daily P&L: $+0.00

[2026-08-12 10:51] O:7763.50 H:7764.00 L:7763.00 C:7763.75 V:601.0
  📈 Trend: strong_bearish | 🌍 Regime: ranging
  🗺️  Grid: 0.080% | 🔺 7766.50 🔻 7763.00
  📡 RSI: 49.4 | MACD: -0.22 | ATR: 2.16
  📊 Filled: 0 | Pending: 0
  🔲 Regime: RANGING | Range pos: 29% | RSI: 49.4
  💰 Daily P&L: $+0.00

[2026-08-12 10:52] O:7763.50 H:7764.75 L:7763.25 C:7764.75 V:592.0
  📈 Trend: strong_bearish (raw: moderate_bearish) | 🌍 Regime: ranging
  🗺️  Grid: 0.080% | 🔺 7764.00 🔻 7763.00
  📡 RSI: 51.9 | MACD: -0.13 | ATR: 2.14
  📊 Filled: 0 | Pending: 0
  🔲 Regime: RANGING | Range pos: 33% | RSI: 51.9
  💰 Daily P&L: $+0.00

[2026-08-12 10:53] O:7764.75 H:7765.75 L:7764.25 C:7765.50 V:636.0
  📈 Trend: strong_bearish (raw: moderate_bullish) | 🌍 Regime: ranging
  🗺️  Grid: 0.080% | 🔺 7764.75 🔻 7763.25
  📡 RSI: 60.8 | MACD: 0.00 | ATR: 1.98
  📊 Filled: 0 | Pending: 0
  🔲 Regime: RANGING | Range pos: 36% | RSI: 60.8
  💰 Daily P&L: $+0.00

[2026-08-12 10:54] O:7765.50 H:7765.75 L:7764.25 C:7764.25 V:589.0
  📈 Trend: moderate_bullish | 🌍 Regime: ranging
  🗺️  Grid: 0.080% | 🔺 7765.75 🔻 7764.25
  📡 RSI: 60.8 | MACD: 0.01 | ATR: 1.98
  📊 Filled: 0 | Pending: 0
  🔲 Regime: RANGING | Range pos: 31% | RSI: 60.8
  💰 Daily P&L: $+0.00

[2026-08-12 10:55] O:7764.25 H:7765.00 L:7763.25 C:7763.50 V:1482.0
  📈 Trend: moderate_bullish (raw: strong_bearish) | 🌍 Regime: ranging
  🗺️  Grid: 0.080% | 🔺 7765.75 🔻 7764.25
  📡 RSI: 52.2 | MACD: -0.05 | ATR: 1.93
  📊 Filled: 0 | Pending: 0
  🔲 Regime: RANGING | Range pos: 28% | RSI: 52.2
  💰 Daily P&L: $+0.00

[2026-08-12 10:56] O:7763.25 H:7765.50 L:7763.25 C:7764.25 V:1163.0
  📈 Trend: moderate_bullish (raw: moderate_bearish) | 🌍 Regime: ranging
  🗺️  Grid: 0.080% | 🔺 7765.00 🔻 7763.25
  📡 RSI: 55.1 | MACD: -0.03 | ATR: 1.98
  📊 Filled: 0 | Pending: 0
  🔲 Regime: RANGING | Range pos: 31% | RSI: 55.1
  💰 Daily P&L: $+0.00

[2026-08-12 10:57] O:7764.50 H:7765.50 L:7764.50 C:7764.75 V:1186.0
  📈 Trend: moderate_bullish | 🌍 Regime: ranging
  🗺️  Grid: 0.080% | 🔺 7765.50 🔻 7763.25
  📡 RSI: 53.7 | MACD: 0.02 | ATR: 1.96
  📊 Filled: 0 | Pending: 0
  🔲 Regime: RANGING | Range pos: 33% | RSI: 53.7
  💰 Daily P&L: $+0.00

[2026-08-12 10:58] O:7764.50 H:7765.00 L:7764.25 C:7764.50 V:1134.0
  📈 Trend: moderate_bullish | 🌍 Regime: ranging
  🗺️  Grid: 0.080% | 🔺 7765.50 🔻 7764.50
  📡 RSI: 56.2 | MACD: 0.04 | ATR: 1.88
  📊 Filled: 0 | Pending: 0
  🔲 Regime: RANGING | Range pos: 32% | RSI: 56.2
  💰 Daily P&L: $+0.00

[2026-08-12 10:59] O:7764.50 H:7765.50 L:7764.00 C:7764.75 V:1093.0
  📈 Trend: moderate_bullish | 🌍 Regime: ranging
  🗺️  Grid: 0.080% | 🔺 7765.00 🔻 7764.25
  📡 RSI: 56.2 | MACD: 0.08 | ATR: 1.86
  📊 Filled: 0 | Pending: 0
  🔲 Regime: RANGING | Range pos: 33% | RSI: 56.2
  💰 Daily P&L: $+0.00

[2026-08-12 11:00] O:7764.75 H:7767.75 L:7764.25 C:7767.75 V:2189.0
  📈 Trend: moderate_bullish | 🌍 Regime: ranging
  🗺️  Grid: 0.080% | 🔺 7765.50 🔻 7764.00
  📡 RSI: 61.6 | MACD: 0.34 | ATR: 1.98
  📊 Filled: 0 | Pending: 0
  🔲 Regime: RANGING | Range pos: 45% | RSI: 61.6
  💰 Daily P&L: $+0.00

[2026-08-12 11:01] O:7767.50 H:7769.00 L:7767.25 C:7768.25 V:1491.0
  📈 Trend: moderate_bullish | 🌍 Regime: ranging
  🗺️  Grid: 0.080% | 🔺 7767.75 🔻 7764.25
  📡 RSI: 59.4 | MACD: 0.59 | ATR: 1.95
  📊 Filled: 0 | Pending: 0
  🔲 Regime: RANGING | Range pos: 47% | RSI: 59.4
  💰 Daily P&L: $+0.00

[2026-08-12 11:02] O:7768.50 H:7768.75 L:7767.50 C:7768.00 V:823.0
  📈 Trend: moderate_bullish (raw: strong_bullish) | 🌍 Regime: ranging
  🗺️  Grid: 0.080% | 🔺 7769.00 🔻 7767.25
  📡 RSI: 65.1 | MACD: 0.75 | ATR: 1.88
  📊 Filled: 0 | Pending: 0
  🔲 Regime: RANGING | Range pos: 46% | RSI: 65.1
  💰 Daily P&L: $+0.00

[2026-08-12 11:03] O:7768.25 H:7768.50 L:7766.50 C:7766.75 V:1032.0
  📈 Trend: strong_bullish | 🌍 Regime: ranging
  🗺️  Grid: 0.080% | 🔺 7768.75 🔻 7767.50
  📡 RSI: 50.9 | MACD: 0.77 | ATR: 1.79
  📊 Filled: 0 | Pending: 0
  🔲 Regime: RANGING | Range pos: 41% | RSI: 50.9
  💰 Daily P&L: $+0.00

[2026-08-12 11:04] O:7766.75 H:7767.75 L:7766.50 C:7767.00 V:659.0
  📈 Trend: strong_bullish | 🌍 Regime: ranging
  🗺️  Grid: 0.080% | 🔺 7768.50 🔻 7766.50
  📡 RSI: 65.9 | MACD: 0.80 | ATR: 1.62
  📊 Filled: 0 | Pending: 0
  🔲 Regime: RANGING | Range pos: 42% | RSI: 65.9
  💰 Daily P&L: $+0.00

[2026-08-12 11:05] O:7767.00 H:7767.50 L:7766.50 C:7767.50 V:755.0
  📈 Trend: strong_bullish | 🌍 Regime: ranging
  🗺️  Grid: 0.080% | 🔺 7767.75 🔻 7766.50
  📡 RSI: 66.7 | MACD: 0.85 | ATR: 1.62
  📊 Filled: 0 | Pending: 0
  🔲 Regime: RANGING | Range pos: 44% | RSI: 66.7
  💰 Daily P&L: $+0.00

[2026-08-12 11:06] O:7767.50 H:7767.75 L:7765.75 C:7766.00 V:907.0
  📈 Trend: strong_bullish | 🌍 Regime: ranging
  🗺️  Grid: 0.080% | 🔺 7767.50 🔻 7766.50
  📡 RSI: 55.3 | MACD: 0.77 | ATR: 1.66
  📊 Filled: 0 | Pending: 0
  🔲 Regime: RANGING | Range pos: 38% | RSI: 55.3
  💰 Daily P&L: $+0.00

[2026-08-12 11:07] O:7766.00 H:7766.25 L:7764.75 C:7764.75 V:936.0
  📈 Trend: strong_bullish | 🌍 Regime: ranging
  🗺️  Grid: 0.080% | 🔺 7767.75 🔻 7765.75
  📡 RSI: 46.9 | MACD: 0.59 | ATR: 1.66
  📊 Filled: 0 | Pending: 0
  🔲 Regime: RANGING | Range pos: 33% | RSI: 46.9
  💰 Daily P&L: $+0.00

[2026-08-12 11:08] O:7765.00 H:7767.00 L:7764.25 C:7767.00 V:1223.0
  📈 Trend: strong_bullish | 🌍 Regime: ranging
  🗺️  Grid: 0.080% | 🔺 7766.25 🔻 7764.75
  📡 RSI: 60.4 | MACD: 0.62 | ATR: 1.75
  📊 Filled: 0 | Pending: 0
  🔲 Regime: RANGING | Range pos: 42% | RSI: 60.4
  💰 Daily P&L: $+0.00

[2026-08-12 11:09] O:7767.00 H:7768.25 L:7766.75 C:7768.00 V:799.0
  📈 Trend: strong_bullish | 🌍 Regime: ranging
  🗺️  Grid: 0.080% | 🔺 7767.00 🔻 7764.25
  📡 RSI: 66.7 | MACD: 0.72 | ATR: 1.73
  📊 Filled: 0 | Pending: 0
  🔲 Regime: RANGING | Range pos: 46% | RSI: 66.7
  💰 Daily P&L: $+0.00

[2026-08-12 11:10] O:7768.25 H:7768.25 L:7766.50 C:7767.50 V:761.0
  📈 Trend: strong_bullish | 🌍 Regime: ranging
  🗺️  Grid: 0.080% | 🔺 7768.25 🔻 7766.75
  📡 RSI: 62.3 | MACD: 0.75 | ATR: 1.70
  📊 Filled: 0 | Pending: 0
  🔲 Regime: RANGING | Range pos: 44% | RSI: 62.3
  💰 Daily P&L: $+0.00

[2026-08-12 11:11] O:7767.50 H:7769.00 L:7767.25 C:7768.75 V:838.0
  📈 Trend: strong_bullish | 🌍 Regime: ranging
  🗺️  Grid: 0.080% | 🔺 7768.25 🔻 7766.50
  📡 RSI: 64.3 | MACD: 0.86 | ATR: 1.73
  📊 Filled: 0 | Pending: 0
  🔲 Regime: RANGING | Range pos: 49% | RSI: 64.3
  💰 Daily P&L: $+0.00

[2026-08-12 11:12] O:7768.75 H:7769.25 L:7767.50 C:7768.50 V:1315.0
  📈 Trend: strong_bullish | 🌍 Regime: ranging
  🗺️  Grid: 0.080% | 🔺 7769.00 🔻 7767.25
  📡 RSI: 64.3 | MACD: 0.92 | ATR: 1.80
  📊 Filled: 0 | Pending: 0
  🔲 Regime: RANGING | Range pos: 48% | RSI: 64.3
  💰 Daily P&L: $+0.00

[2026-08-12 11:13] O:7768.50 H:7770.00 L:7768.25 C:7769.50 V:1422.0
  📈 Trend: strong_bullish | 🌍 Regime: ranging
  🗺️  Grid: 0.080% | 🔺 7769.25 🔻 7767.50
  📡 RSI: 66.1 | MACD: 1.04 | ATR: 1.82
  📊 Filled: 0 | Pending: 0
  🔲 Regime: RANGING | Range pos: 53% | RSI: 66.1
  💰 Daily P&L: $+0.00

[2026-08-12 11:14] O:7769.50 H:7770.75 L:7769.25 C:7769.75 V:1871.0
  📈 Trend: strong_bullish | 🌍 Regime: ranging
  🗺️  Grid: 0.080% | 🔺 7770.00 🔻 7768.25
  📡 RSI: 58.3 | MACD: 1.14 | ATR: 1.68
  📊 Filled: 0 | Pending: 0
  🔲 Regime: RANGING | Range pos: 54% | RSI: 58.3
  💰 Daily P&L: $+0.00

[2026-08-12 11:15] O:7769.75 H:7770.25 L:7768.75 C:7769.50 V:1565.0
  📈 Trend: strong_bullish | 🌍 Regime: ranging
  🗺️  Grid: 0.080% | 🔺 7770.75 🔻 7769.25
  📡 RSI: 55.3 | MACD: 1.18 | ATR: 1.66
  📊 Filled: 0 | Pending: 0
  🔲 Regime: RANGING | Range pos: 53% | RSI: 55.3
  💰 Daily P&L: $+0.00

[2026-08-12 11:16] O:7769.50 H:7770.75 L:7768.75 C:7769.75 V:1472.0
  📈 Trend: strong_bullish | 🌍 Regime: ranging
  🗺️  Grid: 0.080% | 🔺 7770.25 🔻 7768.75
  📡 RSI: 57.4 | MACD: 1.23 | ATR: 1.71
  📊 Filled: 0 | Pending: 0
  🔲 Regime: RANGING | Range pos: 54% | RSI: 57.4
  💰 Daily P&L: $+0.00

[2026-08-12 11:17] O:7769.75 H:7770.00 L:7768.50 C:7769.25 V:1135.0
  📈 Trend: strong_bullish | 🌍 Regime: ranging
  🗺️  Grid: 0.080% | 🔺 7770.75 🔻 7768.75
  📡 RSI: 61.4 | MACD: 1.20 | ATR: 1.68
  📊 Filled: 0 | Pending: 0
  🔲 Regime: RANGING | Range pos: 52% | RSI: 61.4
  💰 Daily P&L: $+0.00

[2026-08-12 11:18] O:7769.50 H:7770.25 L:7769.25 C:7769.25 V:1053.0
  📈 Trend: strong_bullish | 🌍 Regime: ranging
  🗺️  Grid: 0.080% | 🔺 7770.00 🔻 7768.50
  📡 RSI: 60.5 | MACD: 1.17 | ATR: 1.66
  📊 Filled: 0 | Pending: 0
  🔲 Regime: RANGING | Range pos: 52% | RSI: 60.5
  💰 Daily P&L: $+0.00

[2026-08-12 11:19] O:7769.25 H:7769.75 L:7768.25 C:7768.50 V:1233.0
  📈 Trend: strong_bullish | 🌍 Regime: ranging
  🗺️  Grid: 0.080% | 🔺 7770.25 🔻 7769.25
  📡 RSI: 54.5 | MACD: 1.08 | ATR: 1.70
  📊 Filled: 0 | Pending: 0
  🔲 Regime: RANGING | Range pos: 48% | RSI: 54.5
  💰 Daily P&L: $+0.00

[2026-08-12 11:20] O:7768.75 H:7769.50 L:7768.00 C:7768.00 V:1189.0
  📈 Trend: strong_bullish (raw: moderate_bearish) | 🌍 Regime: ranging
  🗺️  Grid: 0.080% | 🔺 7769.75 🔻 7768.25
  📡 RSI: 60.0 | MACD: 0.95 | ATR: 1.66
  📊 Filled: 0 | Pending: 0
  🔲 Regime: RANGING | Range pos: 46% | RSI: 60.0
  💰 Daily P&L: $+0.00

[2026-08-12 11:21] O:7768.25 H:7769.75 L:7767.75 C:7769.00 V:1199.0
  📈 Trend: strong_bullish (raw: moderate_bullish) | 🌍 Regime: ranging
  🗺️  Grid: 0.080% | 🔺 7769.50 🔻 7768.00
  📡 RSI: 71.8 | MACD: 0.92 | ATR: 1.70
  📊 Filled: 0 | Pending: 0
  🔲 Regime: RANGING | Range pos: 51% | RSI: 71.8
  💰 Daily P&L: $+0.00

[2026-08-12 11:22] O:7769.00 H:7770.25 L:7768.75 C:7770.25 V:1097.0
  📈 Trend: moderate_bullish | 🌍 Regime: ranging
  🗺️  Grid: 0.080% | 🔺 7769.75 🔻 7767.75
  📡 RSI: 68.6 | MACD: 0.98 | ATR: 1.61
  📊 Filled: 0 | Pending: 0
  🔲 Regime: RANGING | Range pos: 56% | RSI: 68.6
  💰 Daily P&L: $+0.00

[2026-08-12 11:23] O:7770.50 H:7770.75 L:7769.75 C:7770.00 V:1625.0
  📈 Trend: moderate_bullish | 🌍 Regime: ranging
  🗺️  Grid: 0.080% | 🔺 7770.25 🔻 7768.75
  📡 RSI: 62.5 | MACD: 1.00 | ATR: 1.57
  📊 Filled: 0 | Pending: 0
  🔲 Regime: RANGING | Range pos: 55% | RSI: 62.5
  💰 Daily P&L: $+0.00

[2026-08-12 11:24] O:7770.00 H:7770.25 L:7769.00 C:7770.25 V:1124.0
  📈 Trend: moderate_bullish (raw: strong_bullish) | 🌍 Regime: ranging
  🗺️  Grid: 0.080% | 🔺 7770.75 🔻 7769.75
  📡 RSI: 67.7 | MACD: 1.02 | ATR: 1.54
  📊 Filled: 0 | Pending: 0
  🔲 Regime: RANGING | Range pos: 56% | RSI: 67.7
  💰 Daily P&L: $+0.00

[2026-08-12 11:25] O:7770.25 H:7771.25 L:7769.50 C:7770.75 V:1369.0
  📈 Trend: strong_bullish | 🌍 Regime: ranging
  🗺️  Grid: 0.080% | 🔺 7770.25 🔻 7769.00
  📡 RSI: 64.3 | MACD: 1.07 | ATR: 1.54
  📊 Filled: 0 | Pending: 0
  🔲 Regime: RANGING | Range pos: 58% | RSI: 64.3
  💰 Daily P&L: $+0.00

[2026-08-12 11:26] O:7770.75 H:7770.75 L:7769.50 C:7769.50 V:800.0
  📈 Trend: strong_bullish (raw: moderate_bullish) | 🌍 Regime: ranging
  🗺️  Grid: 0.080% | 🔺 7771.25 🔻 7769.50
  📡 RSI: 56.2 | MACD: 1.00 | ATR: 1.50
  📊 Filled: 0 | Pending: 0
  🔲 Regime: RANGING | Range pos: 53% | RSI: 56.2
  💰 Daily P&L: $+0.00

[2026-08-12 11:27] O:7769.50 H:7769.75 L:7768.50 C:7769.00 V:768.0
  📈 Trend: moderate_bullish | 🌍 Regime: ranging
  🗺️  Grid: 0.080% | 🔺 7770.75 🔻 7769.50
  📡 RSI: 46.7 | MACD: 0.89 | ATR: 1.46
  📊 Filled: 0 | Pending: 0
  🔲 Regime: RANGING | Range pos: 51% | RSI: 46.7
  💰 Daily P&L: $+0.00

[2026-08-12 11:28] O:7769.00 H:7769.75 L:7768.75 C:7769.00 V:670.0
  📈 Trend: moderate_bullish | 🌍 Regime: ranging
  🗺️  Grid: 0.080% | 🔺 7769.75 🔻 7768.50
  📡 RSI: 44.8 | MACD: 0.79 | ATR: 1.43
  📊 Filled: 0 | Pending: 0
  🔲 Regime: RANGING | Range pos: 51% | RSI: 44.8
  💰 Daily P&L: $+0.00

[2026-08-12 11:29] O:7769.00 H:7769.25 L:7768.50 C:7768.75 V:416.0
  📈 Trend: moderate_bullish | 🌍 Regime: ranging
  🗺️  Grid: 0.080% | 🔺 7769.75 🔻 7768.75
  📡 RSI: 44.8 | MACD: 0.69 | ATR: 1.38
  📊 Filled: 0 | Pending: 0
  🔲 Regime: RANGING | Range pos: 49% | RSI: 44.8
  💰 Daily P&L: $+0.00

[2026-08-12 11:30] O:7769.00 H:7769.75 L:7768.75 C:7769.00 V:1481.0
  📈 Trend: moderate_bullish | 🌍 Regime: ranging
  🗺️  Grid: 0.080% | 🔺 7769.25 🔻 7768.50
  📡 RSI: 44.8 | MACD: 0.62 | ATR: 1.30
  📊 Filled: 0 | Pending: 0
  🔲 Regime: RANGING | Range pos: 51% | RSI: 44.8
  💰 Daily P&L: $+0.00

[2026-08-12 11:31] O:7769.00 H:7769.00 L:7766.50 C:7767.00 V:2103.0
  📈 Trend: moderate_bullish (raw: moderate_bearish) | 🌍 Regime: ranging
  🗺️  Grid: 0.080% | 🔺 7769.75 🔻 7768.75
  📡 RSI: 37.1 | MACD: 0.39 | ATR: 1.38
  📊 Filled: 0 | Pending: 0
  🔲 Regime: RANGING | Range pos: 42% | RSI: 37.1
  💰 Daily P&L: $+0.00

[2026-08-12 11:32] O:7767.25 H:7768.75 L:7767.25 C:7768.50 V:1205.0
  📈 Trend: moderate_bearish | 🌍 Regime: ranging
  🗺️  Grid: 0.080% | 🔺 7769.00 🔻 7766.50
  📡 RSI: 46.3 | MACD: 0.34 | ATR: 1.43
  📊 Filled: 0 | Pending: 0
  🔲 Regime: RANGING | Range pos: 48% | RSI: 46.3
  💰 Daily P&L: $+0.00

[2026-08-12 11:33] O:7768.50 H:7768.75 L:7767.25 C:7767.50 V:926.0
  📈 Trend: moderate_bearish | 🌍 Regime: ranging
  🗺️  Grid: 0.080% | 🔺 7768.75 🔻 7767.25
  📡 RSI: 45.2 | MACD: 0.21 | ATR: 1.43
  📊 Filled: 0 | Pending: 0
  🔲 Regime: RANGING | Range pos: 44% | RSI: 45.2
  💰 Daily P&L: $+0.00

[2026-08-12 11:34] O:7767.75 H:7768.00 L:7766.25 C:7766.50 V:898.0
  📈 Trend: moderate_bearish | 🌍 Regime: ranging
  🗺️  Grid: 0.080% | 🔺 7768.75 🔻 7767.25
  📡 RSI: 43.2 | MACD: 0.02 | ATR: 1.45
  📊 Filled: 0 | Pending: 0
  🔲 Regime: RANGING | Range pos: 40% | RSI: 43.2
  💰 Daily P&L: $+0.00

[2026-08-12 11:35] O:7766.25 H:7768.00 L:7766.25 C:7767.00 V:826.0
  📈 Trend: moderate_bearish (raw: strong_bearish) | 🌍 Regime: ranging
  🗺️  Grid: 0.080% | 🔺 7768.00 🔻 7766.25
  📡 RSI: 40.5 | MACD: -0.08 | ATR: 1.43
  📊 Filled: 0 | Pending: 0
  🔲 Regime: RANGING | Range pos: 42% | RSI: 40.5
  💰 Daily P&L: $+0.00

[2026-08-12 11:36] O:7767.00 H:7769.00 L:7767.00 C:7767.50 V:1191.0
  📈 Trend: strong_bearish | 🌍 Regime: ranging
  🗺️  Grid: 0.080% | 🔺 7768.00 🔻 7766.25
  📡 RSI: 35.9 | MACD: -0.12 | ATR: 1.46
  📊 Filled: 0 | Pending: 0
  🔲 Regime: RANGING | Range pos: 44% | RSI: 35.9
  💰 Daily P&L: $+0.00

[2026-08-12 11:37] O:7767.75 H:7770.50 L:7767.50 C:7770.25 V:841.0
  📈 Trend: strong_bearish (raw: moderate_bullish) | 🌍 Regime: ranging
  🗺️  Grid: 0.080% | 🔺 7769.00 🔻 7767.00
  📡 RSI: 51.0 | MACD: 0.07 | ATR: 1.61
  📊 Filled: 0 | Pending: 0
  🔲 Regime: RANGING | Range pos: 56% | RSI: 51.0
  💰 Daily P&L: $+0.00

[2026-08-12 11:38] O:7770.25 H:7771.25 L:7770.25 C:7770.25 V:1053.0
  📈 Trend: moderate_bullish | 🌍 Regime: ranging
  🗺️  Grid: 0.080% | 🔺 7770.50 🔻 7767.50
  📡 RSI: 50.0 | MACD: 0.22 | ATR: 1.59
  📊 Filled: 0 | Pending: 0
  🔲 Regime: RANGING | Range pos: 56% | RSI: 50.0
  💰 Daily P&L: $+0.00

[2026-08-12 11:39] O:7770.50 H:7772.25 L:7770.50 C:7771.75 V:1690.0
  📈 Trend: moderate_bullish (raw: strong_bullish) | 🌍 Regime: ranging
  🗺️  Grid: 0.080% | 🔺 7771.25 🔻 7770.25
  📡 RSI: 53.8 | MACD: 0.45 | ATR: 1.61
  📊 Filled: 0 | Pending: 0
  🔲 Regime: RANGING | Range pos: 62% | RSI: 53.8
  💰 Daily P&L: $+0.00

[2026-08-12 11:40] O:7772.00 H:7772.75 L:7771.50 C:7772.25 V:2005.0
  📈 Trend: strong_bullish | 🌍 Regime: ranging
  🗺️  Grid: 0.080% | 🔺 7772.25 🔻 7770.50
  📡 RSI: 61.2 | MACD: 0.66 | ATR: 1.61
  📊 Filled: 0 | Pending: 0
  🔲 Regime: RANGING | Range pos: 64% | RSI: 61.2
  💰 Daily P&L: $+0.00

[2026-08-12 11:41] O:7772.25 H:7773.50 L:7772.25 C:7772.50 V:1710.0
  📈 Trend: strong_bullish | 🌍 Regime: ranging
  🗺️  Grid: 0.080% | 🔺 7772.75 🔻 7771.50
  📡 RSI: 64.6 | MACD: 0.85 | ATR: 1.61
  📊 Filled: 0 | Pending: 0
  🔲 Regime: RANGING | Range pos: 65% | RSI: 64.6
  💰 Daily P&L: $+0.00

[2026-08-12 11:42] O:7772.25 H:7772.75 L:7771.75 C:7772.25 V:1174.0
  📈 Trend: strong_bullish | 🌍 Regime: ranging
  🗺️  Grid: 0.080% | 🔺 7773.50 🔻 7772.25
  📡 RSI: 63.3 | MACD: 0.96 | ATR: 1.61
  📊 Filled: 0 | Pending: 0
  🔲 Regime: RANGING | Range pos: 64% | RSI: 63.3
  💰 Daily P&L: $+0.00

[2026-08-12 11:43] O:7772.25 H:7773.00 L:7771.25 C:7771.50 V:876.0
  📈 Trend: strong_bullish | 🌍 Regime: ranging
  🗺️  Grid: 0.080% | 🔺 7772.75 🔻 7771.75
  📡 RSI: 60.8 | MACD: 0.98 | ATR: 1.68
  📊 Filled: 0 | Pending: 0
  🔲 Regime: RANGING | Range pos: 61% | RSI: 60.8
  💰 Daily P&L: $+0.00

[2026-08-12 11:44] O:7771.50 H:7772.25 L:7771.00 C:7772.00 V:907.0
  📈 Trend: strong_bullish | 🌍 Regime: ranging
  🗺️  Grid: 0.080% | 🔺 7773.00 🔻 7771.25
  📡 RSI: 61.5 | MACD: 1.02 | ATR: 1.70
  📊 Filled: 0 | Pending: 0
  🔲 Regime: RANGING | Range pos: 63% | RSI: 61.5
  💰 Daily P&L: $+0.00

[2026-08-12 11:45] O:7772.00 H:7772.00 L:7770.50 C:7770.75 V:1166.0
  📈 Trend: strong_bullish | 🌍 Regime: ranging
  🗺️  Grid: 0.080% | 🔺 7772.25 🔻 7771.00
  📡 RSI: 65.3 | MACD: 0.94 | ATR: 1.62
  📊 Filled: 0 | Pending: 0
  🔲 Regime: RANGING | Range pos: 58% | RSI: 65.3
  💰 Daily P&L: $+0.00

[2026-08-12 11:46] O:7770.75 H:7771.25 L:7770.00 C:7771.00 V:1263.0
  📈 Trend: strong_bullish | 🌍 Regime: ranging
  🗺️  Grid: 0.080% | 🔺 7772.00 🔻 7770.50
  📡 RSI: 61.4 | MACD: 0.89 | ATR: 1.59
  📊 Filled: 0 | Pending: 0
  🔲 Regime: RANGING | Range pos: 59% | RSI: 61.4
  💰 Daily P&L: $+0.00

[2026-08-12 11:47] O:7771.00 H:7771.75 L:7770.75 C:7771.00 V:948.0
  📈 Trend: strong_bullish | 🌍 Regime: ranging
  🗺️  Grid: 0.080% | 🔺 7771.25 🔻 7770.00
  📡 RSI: 67.5 | MACD: 0.84 | ATR: 1.55
  📊 Filled: 0 | Pending: 0
  🔲 Regime: RANGING | Range pos: 59% | RSI: 67.5
  💰 Daily P&L: $+0.00

[2026-08-12 11:48] O:7771.00 H:7772.50 L:7770.75 C:7772.00 V:1190.0
  📈 Trend: strong_bullish | 🌍 Regime: ranging
  🗺️  Grid: 0.080% | 🔺 7771.75 🔻 7770.75
  📡 RSI: 77.5 | MACD: 0.87 | ATR: 1.55
  📊 Filled: 0 | Pending: 0
  🔲 Regime: RANGING | Range pos: 63% | RSI: 77.5
  💰 Daily P&L: $+0.00

[2026-08-12 11:49] O:7772.00 H:7773.25 L:7772.00 C:7772.75 V:972.0
  📈 Trend: strong_bullish | 🌍 Regime: ranging
  🗺️  Grid: 0.080% | 🔺 7772.50 🔻 7770.75
  📡 RSI: 78.0 | MACD: 0.95 | ATR: 1.52
  📊 Filled: 0 | Pending: 0
  🔲 Regime: RANGING | Range pos: 66% | RSI: 78.0
  💰 Daily P&L: $+0.00

[2026-08-12 11:50] O:7772.75 H:7775.50 L:7772.75 C:7775.00 V:1982.0
  📈 Trend: strong_bullish | 🌍 Regime: ranging
  🗺️  Grid: 0.080% | 🔺 7773.25 🔻 7772.00
  📡 RSI: 81.2 | MACD: 1.17 | ATR: 1.57
  📊 Filled: 0 | Pending: 0
  🔲 Regime: RANGING | Range pos: 75% | RSI: 81.2
  🚫 Raw trend blocks RANGING SHORT | raw: strong_bullish
  💰 Daily P&L: $+0.00

[2026-08-12 11:51] O:7775.25 H:7776.00 L:7775.00 C:7775.25 V:1666.0
  📈 Trend: strong_bullish | 🌍 Regime: ranging
  🗺️  Grid: 0.080% | 🔺 7775.50 🔻 7772.75
  📡 RSI: 76.3 | MACD: 1.36 | ATR: 1.43
  📊 Filled: 0 | Pending: 0
  🔲 Regime: RANGING | Range pos: 76% | RSI: 76.3
  🚫 Raw trend blocks RANGING SHORT | raw: strong_bullish
  💰 Daily P&L: $+0.00

[2026-08-12 11:52] O:7775.25 H:7776.25 L:7774.50 C:7776.00 V:1475.0
  📈 Trend: strong_bullish | 🌍 Regime: ranging
  🗺️  Grid: 0.080% | 🔺 7776.00 🔻 7775.00
  📡 RSI: 78.0 | MACD: 1.54 | ATR: 1.48
  📊 Filled: 0 | Pending: 0
  🔲 Regime: RANGING | Range pos: 79% | RSI: 78.0
  🚫 Raw trend blocks RANGING SHORT | raw: strong_bullish
  💰 Daily P&L: $+0.00

[2026-08-12 11:53] O:7776.25 H:7776.25 L:7775.25 C:7775.75 V:1230.0
  📈 Trend: strong_bullish | 🌍 Regime: ranging
  🗺️  Grid: 0.080% | 🔺 7776.25 🔻 7774.50
  📡 RSI: 72.2 | MACD: 1.65 | ATR: 1.41
  📊 Filled: 0 | Pending: 0
  🔲 Regime: RANGING | Range pos: 78% | RSI: 72.2
  🚫 Raw trend blocks RANGING SHORT | raw: strong_bullish
  💰 Daily P&L: $+0.00

[2026-08-12 11:54] O:7775.75 H:7776.00 L:7775.00 C:7775.00 V:1202.0
  📈 Trend: strong_bullish | 🌍 Regime: ranging
  🗺️  Grid: 0.080% | 🔺 7776.25 🔻 7775.25
  📡 RSI: 64.9 | MACD: 1.66 | ATR: 1.39
  📊 Filled: 0 | Pending: 0
  🔲 Regime: RANGING | Range pos: 75% | RSI: 64.9
  💰 Daily P&L: $+0.00

[2026-08-12 11:55] O:7775.00 H:7775.00 L:7773.75 C:7774.00 V:1429.0
  📈 Trend: strong_bullish | 🌍 Regime: ranging
  🗺️  Grid: 0.080% | 🔺 7776.00 🔻 7775.00
  📡 RSI: 57.5 | MACD: 1.57 | ATR: 1.39
  📊 Filled: 0 | Pending: 0
  🔲 Regime: RANGING | Range pos: 71% | RSI: 57.5
  💰 Daily P&L: $+0.00

[2026-08-12 11:56] O:7774.00 H:7774.50 L:7773.50 C:7774.00 V:1143.0
  📈 Trend: strong_bullish | 🌍 Regime: ranging
  🗺️  Grid: 0.080% | 🔺 7775.00 🔻 7773.75
  📡 RSI: 59.0 | MACD: 1.48 | ATR: 1.39
  📊 Filled: 0 | Pending: 0
  🔲 Regime: RANGING | Range pos: 71% | RSI: 59.0
  💰 Daily P&L: $+0.00

[2026-08-12 11:57] O:7774.00 H:7774.50 L:7773.50 C:7773.50 V:768.0
  📈 Trend: strong_bullish | 🌍 Regime: ranging
  🗺️  Grid: 0.080% | 🔺 7774.50 🔻 7773.50
  📡 RSI: 60.5 | MACD: 1.35 | ATR: 1.34
  📊 Filled: 0 | Pending: 0
  🔲 Regime: RANGING | Range pos: 69% | RSI: 60.5
  💰 Daily P&L: $+0.00

[2026-08-12 11:58] O:7773.50 H:7773.75 L:7772.50 C:7772.50 V:1315.0
  📈 Trend: strong_bullish | 🌍 Regime: ranging
  🗺️  Grid: 0.080% | 🔺 7774.50 🔻 7773.50
  📡 RSI: 52.5 | MACD: 1.16 | ATR: 1.34
  📊 Filled: 0 | Pending: 0
  🔲 Regime: RANGING | Range pos: 65% | RSI: 52.5
  💰 Daily P&L: $+0.00

[2026-08-12 11:59] O:7772.75 H:7774.00 L:7772.50 C:7773.25 V:1300.0
  📈 Trend: strong_bullish | 🌍 Regime: ranging
  🗺️  Grid: 0.080% | 🔺 7773.75 🔻 7772.50
  📡 RSI: 63.2 | MACD: 1.05 | ATR: 1.34
  📊 Filled: 0 | Pending: 0
  🔲 Regime: RANGING | Range pos: 68% | RSI: 63.2
  💰 Daily P&L: $+0.00

[2026-08-12 12:00] O:7773.25 H:7774.00 L:7772.75 C:7773.75 V:1678.0
  📈 Trend: strong_bullish | 🌍 Regime: ranging
  🗺️  Grid: 0.080% | 🔺 7774.00 🔻 7772.50
  📡 RSI: 64.1 | MACD: 0.99 | ATR: 1.34
  📊 Filled: 0 | Pending: 0
  🔲 Regime: RANGING | Range pos: 70% | RSI: 64.1
  💰 Daily P&L: $+0.00

[2026-08-12 12:01] O:7773.50 H:7775.25 L:7773.50 C:7774.75 V:1729.0
  📈 Trend: strong_bullish | 🌍 Regime: ranging
  🗺️  Grid: 0.080% | 🔺 7774.00 🔻 7772.75
  📡 RSI: 67.4 | MACD: 1.02 | ATR: 1.39
  📊 Filled: 0 | Pending: 0
  🔲 Regime: RANGING | Range pos: 74% | RSI: 67.4
  💰 Daily P&L: $+0.00

[2026-08-12 12:02] O:7774.50 H:7774.75 L:7773.75 C:7774.00 V:804.0
  📈 Trend: strong_bullish | 🌍 Regime: ranging
  🗺️  Grid: 0.080% | 🔺 7775.25 🔻 7773.50
  📡 RSI: 59.5 | MACD: 0.97 | ATR: 1.34
  📊 Filled: 0 | Pending: 0
  🔲 Regime: RANGING | Range pos: 71% | RSI: 59.5
  💰 Daily P&L: $+0.00

[2026-08-12 12:03] O:7774.00 H:7774.50 L:7773.50 C:7774.50 V:691.0
  📈 Trend: strong_bullish | 🌍 Regime: ranging
  🗺️  Grid: 0.080% | 🔺 7774.75 🔻 7773.75
  📡 RSI: 58.5 | MACD: 0.96 | ATR: 1.32
  📊 Filled: 0 | Pending: 0
  🔲 Regime: RANGING | Range pos: 73% | RSI: 58.5
  💰 Daily P&L: $+0.00

[2026-08-12 12:04] O:7774.50 H:7775.25 L:7774.25 C:7774.75 V:1018.0
  📈 Trend: strong_bullish | 🌍 Regime: ranging
  🗺️  Grid: 0.080% | 🔺 7774.50 🔻 7773.50
  📡 RSI: 48.5 | MACD: 0.96 | ATR: 1.20
  📊 Filled: 0 | Pending: 0
  🔲 Regime: RANGING | Range pos: 74% | RSI: 48.5
  💰 Daily P&L: $+0.00

[2026-08-12 12:05] O:7774.75 H:7775.25 L:7774.25 C:7775.25 V:590.0
  📈 Trend: strong_bullish | 🌍 Regime: ranging
  🗺️  Grid: 0.080% | 🔺 7775.25 🔻 7774.25
  📡 RSI: 50.0 | MACD: 0.98 | ATR: 1.20
  📊 Filled: 0 | Pending: 0
  🔲 Regime: RANGING | Range pos: 76% | RSI: 50.0
  💰 Daily P&L: $+0.00

[2026-08-12 12:06] O:7775.50 H:7776.25 L:7774.75 C:7776.25 V:790.0
  📈 Trend: strong_bullish | 🌍 Regime: ranging
  🗺️  Grid: 0.080% | 🔺 7775.25 🔻 7774.25
  📡 RSI: 51.4 | MACD: 1.08 | ATR: 1.18
  📊 Filled: 0 | Pending: 0
  🔲 Regime: RANGING | Range pos: 80% | RSI: 51.4
  💰 Daily P&L: $+0.00

[2026-08-12 12:07] O:7776.00 H:7777.25 L:7776.00 C:7776.75 V:1372.0
  📈 Trend: strong_bullish | 🌍 Regime: ranging
  🗺️  Grid: 0.080% | 🔺 7776.25 🔻 7774.75
  📡 RSI: 55.6 | MACD: 1.17 | ATR: 1.20
  📊 Filled: 0 | Pending: 0
  🔲 Regime: RANGING | Range pos: 82% | RSI: 55.6
  💰 Daily P&L: $+0.00

[2026-08-12 12:08] O:7776.75 H:7777.50 L:7776.25 C:7776.25 V:1547.0
  📈 Trend: strong_bullish | 🌍 Regime: ranging
  🗺️  Grid: 0.080% | 🔺 7777.25 🔻 7776.00
  📡 RSI: 57.1 | MACD: 1.20 | ATR: 1.21
  📊 Filled: 0 | Pending: 0
  🔲 Regime: RANGING | Range pos: 80% | RSI: 57.1
  💰 Daily P&L: $+0.00

[2026-08-12 12:09] O:7776.00 H:7776.25 L:7774.25 C:7774.25 V:1037.0
  📈 Trend: strong_bullish (raw: moderate_bullish) | 🌍 Regime: ranging
  🗺️  Grid: 0.080% | 🔺 7777.50 🔻 7776.25
  📡 RSI: 51.3 | MACD: 1.05 | ATR: 1.27
  📊 Filled: 0 | Pending: 0
  🔲 Regime: RANGING | Range pos: 72% | RSI: 51.3
  💰 Daily P&L: $+0.00

[2026-08-12 12:10] O:7774.25 H:7775.00 L:7773.50 C:7774.25 V:1086.0
  📈 Trend: moderate_bullish | 🌍 Regime: ranging
  🗺️  Grid: 0.080% | 🔺 7776.25 🔻 7774.25
  📡 RSI: 51.3 | MACD: 0.91 | ATR: 1.30
  📊 Filled: 0 | Pending: 0
  🔲 Regime: RANGING | Range pos: 72% | RSI: 51.3
  💰 Daily P&L: $+0.00

[2026-08-12 12:11] O:7774.50 H:7774.75 L:7773.00 C:7773.00 V:980.0
  📈 Trend: moderate_bullish | 🌍 Regime: ranging
  🗺️  Grid: 0.080% | 🔺 7775.00 🔻 7773.50
  📡 RSI: 47.6 | MACD: 0.70 | ATR: 1.36
  📊 Filled: 0 | Pending: 0
  🔲 Regime: RANGING | Range pos: 67% | RSI: 47.6
  💰 Daily P&L: $+0.00

[2026-08-12 12:12] O:7773.00 H:7773.75 L:7772.00 C:7773.75 V:1434.0
  📈 Trend: moderate_bullish | 🌍 Regime: ranging
  🗺️  Grid: 0.080% | 🔺 7774.75 🔻 7773.00
  📡 RSI: 56.1 | MACD: 0.58 | ATR: 1.39
  📊 Filled: 0 | Pending: 0
  🔲 Regime: RANGING | Range pos: 70% | RSI: 56.1
  💰 Daily P&L: $+0.00

[2026-08-12 12:13] O:7773.75 H:7774.25 L:7773.25 C:7774.00 V:681.0
  📈 Trend: moderate_bullish | 🌍 Regime: ranging
  🗺️  Grid: 0.080% | 🔺 7773.75 🔻 7772.00
  📡 RSI: 53.8 | MACD: 0.51 | ATR: 1.36
  📊 Filled: 0 | Pending: 0
  🔲 Regime: RANGING | Range pos: 71% | RSI: 53.8
  💰 Daily P&L: $+0.00

[2026-08-12 12:14] O:7774.00 H:7774.75 L:7773.50 C:7774.75 V:688.0
  📈 Trend: moderate_bullish (raw: strong_bullish) | 🌍 Regime: ranging
  🗺️  Grid: 0.080% | 🔺 7774.25 🔻 7773.25
  📡 RSI: 55.0 | MACD: 0.50 | ATR: 1.36
  📊 Filled: 0 | Pending: 0
  🔲 Regime: RANGING | Range pos: 74% | RSI: 55.0
  💰 Daily P&L: $+0.00

[2026-08-12 12:15] O:7774.75 H:7774.75 L:7771.75 C:7771.75 V:1248.0
  📈 Trend: moderate_bullish | 🌍 Regime: ranging
  🗺️  Grid: 0.080% | 🔺 7774.75 🔻 7773.50
  📡 RSI: 37.5 | MACD: 0.25 | ATR: 1.45
  📊 Filled: 0 | Pending: 0
  🔲 Regime: RANGING | Range pos: 62% | RSI: 37.5
  💰 Daily P&L: $+0.00

[2026-08-12 12:16] O:7771.75 H:7772.25 L:7771.00 C:7771.75 V:1690.0
  📈 Trend: moderate_bullish | 🌍 Regime: ranging
  🗺️  Grid: 0.080% | 🔺 7774.75 🔻 7771.75
  📡 RSI: 40.0 | MACD: 0.05 | ATR: 1.46
  📊 Filled: 0 | Pending: 0
  🔲 Regime: RANGING | Range pos: 62% | RSI: 40.0
  💰 Daily P&L: $+0.00

[2026-08-12 12:17] O:7771.75 H:7772.00 L:7771.00 C:7771.50 V:634.0
  📈 Trend: moderate_bullish | 🌍 Regime: ranging
  🗺️  Grid: 0.080% | 🔺 7772.25 🔻 7771.00
  📡 RSI: 36.4 | MACD: -0.13 | ATR: 1.46
  📊 Filled: 0 | Pending: 0
  🔲 Regime: RANGING | Range pos: 61% | RSI: 36.4
  💰 Daily P&L: $+0.00

[2026-08-12 12:18] O:7771.25 H:7772.00 L:7771.00 C:7771.75 V:633.0
  📈 Trend: moderate_bullish | 🌍 Regime: ranging
  🗺️  Grid: 0.080% | 🔺 7772.00 🔻 7771.00
  📡 RSI: 36.4 | MACD: -0.24 | ATR: 1.46
  📊 Filled: 0 | Pending: 0
  🔲 Regime: RANGING | Range pos: 62% | RSI: 36.4
  💰 Daily P&L: $+0.00

[2026-08-12 12:19] O:7771.50 H:7772.25 L:7770.25 C:7772.25 V:1110.0
  📈 Trend: moderate_bullish | 🌍 Regime: ranging
  🗺️  Grid: 0.080% | 🔺 7772.00 🔻 7771.00
  📡 RSI: 36.4 | MACD: -0.29 | ATR: 1.54
  📊 Filled: 0 | Pending: 0
  🔲 Regime: RANGING | Range pos: 64% | RSI: 36.4
  💰 Daily P&L: $+0.00

[2026-08-12 12:20] O:7772.00 H:7773.00 L:7771.75 C:7772.75 V:1070.0
  📈 Trend: moderate_bullish | 🌍 Regime: ranging
  🗺️  Grid: 0.080% | 🔺 7772.25 🔻 7770.25
  📡 RSI: 33.3 | MACD: -0.29 | ATR: 1.52
  📊 Filled: 0 | Pending: 0
  🔲 Regime: RANGING | Range pos: 66% | RSI: 33.3
  💰 Daily P&L: $+0.00

[2026-08-12 12:21] O:7772.50 H:7773.50 L:7771.75 C:7773.00 V:1105.0
  📈 Trend: moderate_bullish | 🌍 Regime: ranging
  🗺️  Grid: 0.080% | 🔺 7773.00 🔻 7771.75
  📡 RSI: 31.7 | MACD: -0.26 | ATR: 1.55
  📊 Filled: 0 | Pending: 0
  🔲 Regime: RANGING | Range pos: 67% | RSI: 31.7
  💰 Daily P&L: $+0.00

[2026-08-12 12:22] O:7773.00 H:7773.00 L:7771.75 C:7771.75 V:822.0
  📈 Trend: moderate_bullish | 🌍 Regime: ranging
  🗺️  Grid: 0.080% | 🔺 7773.50 🔻 7771.75
  📡 RSI: 29.5 | MACD: -0.34 | ATR: 1.55
  📊 Filled: 0 | Pending: 0
  🔲 Regime: RANGING | Range pos: 62% | RSI: 29.5
  💰 Daily P&L: $+0.00

[2026-08-12 12:23] O:7771.75 H:7772.50 L:7771.00 C:7771.50 V:932.0
  📈 Trend: moderate_bullish | 🌍 Regime: ranging
  🗺️  Grid: 0.080% | 🔺 7773.00 🔻 7771.75
  📡 RSI: 35.1 | MACD: -0.41 | ATR: 1.52
  📊 Filled: 0 | Pending: 0
  🔲 Regime: RANGING | Range pos: 61% | RSI: 35.1
  💰 Daily P&L: $+0.00

[2026-08-12 12:24] O:7771.75 H:7772.75 L:7771.50 C:7772.25 V:482.0
  📈 Trend: moderate_bullish | 🌍 Regime: ranging
  🗺️  Grid: 0.080% | 🔺 7772.50 🔻 7771.00
  📡 RSI: 40.0 | MACD: -0.41 | ATR: 1.50
  📊 Filled: 0 | Pending: 0
  🔲 Regime: RANGING | Range pos: 64% | RSI: 40.0
  💰 Daily P&L: $+0.00

[2026-08-12 12:25] O:7772.00 H:7773.75 L:7772.00 C:7773.75 V:575.0
  📈 Trend: moderate_bullish | 🌍 Regime: ranging
  🗺️  Grid: 0.080% | 🔺 7772.75 🔻 7771.50
  📡 RSI: 53.7 | MACD: -0.28 | ATR: 1.50
  📊 Filled: 0 | Pending: 0
  🔲 Regime: RANGING | Range pos: 70% | RSI: 53.7
  💰 Daily P&L: $+0.00

[2026-08-12 12:26] O:7773.75 H:7774.50 L:7773.50 C:7774.50 V:1102.0
  📈 Trend: moderate_bullish | 🌍 Regime: ranging
  🗺️  Grid: 0.080% | 🔺 7773.75 🔻 7772.00
  📡 RSI: 53.7 | MACD: -0.11 | ATR: 1.45
  📊 Filled: 0 | Pending: 0
  🔲 Regime: RANGING | Range pos: 73% | RSI: 53.7
  💰 Daily P&L: $+0.00

[2026-08-12 12:27] O:7774.50 H:7774.75 L:7773.50 C:7774.00 V:770.0
  📈 Trend: moderate_bullish (raw: moderate_bearish) | 🌍 Regime: ranging
  🗺️  Grid: 0.080% | 🔺 7774.50 🔻 7773.50
  📡 RSI: 50.0 | MACD: -0.02 | ATR: 1.46
  📊 Filled: 0 | Pending: 0
  🔲 Regime: RANGING | Range pos: 71% | RSI: 50.0
  💰 Daily P&L: $+0.00

[2026-08-12 12:28] O:7774.00 H:7774.00 L:7772.75 C:7773.25 V:679.0
  📈 Trend: moderate_bearish | 🌍 Regime: ranging
  🗺️  Grid: 0.080% | 🔺 7774.75 🔻 7773.50
  📡 RSI: 42.9 | MACD: -0.01 | ATR: 1.46
  📊 Filled: 0 | Pending: 0
  🔲 Regime: RANGING | Range pos: 68% | RSI: 42.9
  💰 Daily P&L: $+0.00

[2026-08-12 12:29] O:7773.25 H:7773.25 L:7771.75 C:7772.50 V:1147.0
  📈 Trend: moderate_bearish | 🌍 Regime: ranging
  🗺️  Grid: 0.080% | 🔺 7774.00 🔻 7772.75
  📡 RSI: 54.5 | MACD: -0.06 | ATR: 1.36
  📊 Filled: 0 | Pending: 0
  🔲 Regime: RANGING | Range pos: 65% | RSI: 54.5
  💰 Daily P&L: $+0.00

[2026-08-12 12:30] O:7772.50 H:7773.00 L:7771.25 C:7772.25 V:1805.0
  📈 Trend: moderate_bearish (raw: strong_bearish) | 🌍 Regime: ranging
  🗺️  Grid: 0.080% | 🔺 7773.25 🔻 7771.75
  📡 RSI: 52.9 | MACD: -0.12 | ATR: 1.39
  📊 Filled: 0 | Pending: 0
  🔲 Regime: RANGING | Range pos: 64% | RSI: 52.9
  💰 Daily P&L: $+0.00

[2026-08-12 12:31] O:7772.25 H:7772.75 L:7771.75 C:7772.25 V:854.0
  📈 Trend: strong_bearish | 🌍 Regime: ranging
  🗺️  Grid: 0.080% | 🔺 7773.00 🔻 7771.25
  📡 RSI: 54.5 | MACD: -0.17 | ATR: 1.39
  📊 Filled: 0 | Pending: 0
  🔲 Regime: RANGING | Range pos: 64% | RSI: 54.5
  💰 Daily P&L: $+0.00

[2026-08-12 12:32] O:7772.25 H:7773.50 L:7772.25 C:7772.75 V:872.0
  📈 Trend: strong_bearish | 🌍 Regime: ranging
  🗺️  Grid: 0.080% | 🔺 7772.75 🔻 7771.75
  📡 RSI: 55.9 | MACD: -0.16 | ATR: 1.41
  📊 Filled: 0 | Pending: 0
  🔲 Regime: RANGING | Range pos: 66% | RSI: 55.9
  💰 Daily P&L: $+0.00

[2026-08-12 12:33] O:7773.00 H:7774.50 L:7773.00 C:7773.50 V:1469.0
  📈 Trend: strong_bearish (raw: moderate_bearish) | 🌍 Regime: ranging
  🗺️  Grid: 0.080% | 🔺 7773.50 🔻 7772.25
  📡 RSI: 57.1 | MACD: -0.10 | ATR: 1.39
  📊 Filled: 0 | Pending: 0
  🔲 Regime: RANGING | Range pos: 69% | RSI: 57.1
  💰 Daily P&L: $+0.00

[2026-08-12 12:34] O:7773.50 H:7773.75 L:7772.75 C:7773.50 V:591.0
  📈 Trend: strong_bearish (raw: moderate_bullish) | 🌍 Regime: ranging
  🗺️  Grid: 0.080% | 🔺 7774.50 🔻 7773.00
  📡 RSI: 54.5 | MACD: -0.04 | ATR: 1.38
  📊 Filled: 0 | Pending: 0
  🔲 Regime: RANGING | Range pos: 69% | RSI: 54.5
  💰 Daily P&L: $+0.00

[2026-08-12 12:35] O:7773.25 H:7773.50 L:7772.25 C:7772.50 V:584.0
  📈 Trend: moderate_bullish | 🌍 Regime: ranging
  🗺️  Grid: 0.080% | 🔺 7773.75 🔻 7772.75
  📡 RSI: 47.2 | MACD: -0.08 | ATR: 1.34
  📊 Filled: 0 | Pending: 0
  🔲 Regime: RANGING | Range pos: 65% | RSI: 47.2
  💰 Daily P&L: $+0.00

[2026-08-12 12:36] O:7772.50 H:7773.75 L:7772.25 C:7773.75 V:800.0
  📈 Trend: moderate_bullish | 🌍 Regime: ranging
  🗺️  Grid: 0.080% | 🔺 7773.50 🔻 7772.25
  📡 RSI: 61.1 | MACD: -0.01 | ATR: 1.36
  📊 Filled: 0 | Pending: 0
  🔲 Regime: RANGING | Range pos: 70% | RSI: 61.1
  💰 Daily P&L: $+0.00

[2026-08-12 12:37] O:7773.50 H:7774.00 L:7773.25 C:7773.25 V:532.0
  📈 Trend: moderate_bullish (raw: strong_bullish) | 🌍 Regime: ranging
  🗺️  Grid: 0.080% | 🔺 7773.75 🔻 7772.25
  📡 RSI: 59.5 | MACD: 0.01 | ATR: 1.30
  📊 Filled: 0 | Pending: 0
  🔲 Regime: RANGING | Range pos: 68% | RSI: 59.5
  💰 Daily P&L: $+0.00

[2026-08-12 12:38] O:7773.50 H:7773.50 L:7772.75 C:7773.00 V:632.0
  📈 Trend: strong_bullish | 🌍 Regime: ranging
  🗺️  Grid: 0.080% | 🔺 7774.00 🔻 7773.25
  📡 RSI: 54.3 | MACD: 0.00 | ATR: 1.27
  📊 Filled: 0 | Pending: 0
  🔲 Regime: RANGING | Range pos: 67% | RSI: 54.3
  💰 Daily P&L: $+0.00

[2026-08-12 12:39] O:7773.00 H:7773.25 L:7771.75 C:7773.00 V:886.0
  📈 Trend: strong_bullish (raw: moderate_bullish) | 🌍 Regime: ranging
  🗺️  Grid: 0.080% | 🔺 7773.50 🔻 7772.75
  📡 RSI: 44.8 | MACD: -0.01 | ATR: 1.25
  📊 Filled: 0 | Pending: 0
  🔲 Regime: RANGING | Range pos: 67% | RSI: 44.8
  💰 Daily P&L: $+0.00

[2026-08-12 12:40] O:7773.00 H:7773.75 L:7771.25 C:7773.50 V:3303.0
  📈 Trend: strong_bullish | 🌍 Regime: ranging
  🗺️  Grid: 0.080% | 🔺 7773.25 🔻 7771.75
  📡 RSI: 42.9 | MACD: 0.03 | ATR: 1.36
  📊 Filled: 0 | Pending: 0
  🔲 Regime: RANGING | Range pos: 69% | RSI: 42.9
  💰 Daily P&L: $+0.00

[2026-08-12 12:41] O:7773.75 H:7773.75 L:7773.00 C:7773.75 V:652.0
  📈 Trend: strong_bullish | 🌍 Regime: ranging
  🗺️  Grid: 0.080% | 🔺 7773.75 🔻 7771.25
  📡 RSI: 48.1 | MACD: 0.08 | ATR: 1.32
  📊 Filled: 0 | Pending: 0
  🔲 Regime: RANGING | Range pos: 70% | RSI: 48.1
  💰 Daily P&L: $+0.00

[2026-08-12 12:42] O:7774.00 H:7774.25 L:7773.50 C:7773.75 V:547.0
  📈 Trend: strong_bullish | 🌍 Regime: ranging
  🗺️  Grid: 0.080% | 🔺 7773.75 🔻 7773.00
  📡 RSI: 54.2 | MACD: 0.11 | ATR: 1.29
  📊 Filled: 0 | Pending: 0
  🔲 Regime: RANGING | Range pos: 70% | RSI: 54.2
  💰 Daily P&L: $+0.00

[2026-08-12 12:43] O:7773.75 H:7774.25 L:7773.50 C:7773.75 V:546.0
  📈 Trend: strong_bullish | 🌍 Regime: ranging
  🗺️  Grid: 0.080% | 🔺 7774.25 🔻 7773.50
  📡 RSI: 61.9 | MACD: 0.14 | ATR: 1.23
  📊 Filled: 0 | Pending: 0
  🔲 Regime: RANGING | Range pos: 70% | RSI: 61.9
  💰 Daily P&L: $+0.00

[2026-08-12 12:44] O:7773.75 H:7774.00 L:7772.50 C:7773.00 V:750.0
  📈 Trend: strong_bullish (raw: moderate_bullish) | 🌍 Regime: ranging
  🗺️  Grid: 0.080% | 🔺 7774.25 🔻 7773.50
  📡 RSI: 56.5 | MACD: 0.10 | ATR: 1.21
  📊 Filled: 0 | Pending: 0
  🔲 Regime: RANGING | Range pos: 67% | RSI: 56.5
  💰 Daily P&L: $+0.00

[2026-08-12 12:45] O:7773.00 H:7773.50 L:7772.25 C:7772.50 V:515.0
  📈 Trend: strong_bullish (raw: moderate_bearish) | 🌍 Regime: ranging
  🗺️  Grid: 0.080% | 🔺 7774.00 🔻 7772.50
  📡 RSI: 52.0 | MACD: 0.03 | ATR: 1.23
  📊 Filled: 0 | Pending: 0
  🔲 Regime: RANGING | Range pos: 65% | RSI: 52.0
  💰 Daily P&L: $+0.00

[2026-08-12 12:46] O:7772.75 H:7773.25 L:7772.50 C:7773.00 V:396.0
  📈 Trend: moderate_bearish | 🌍 Regime: ranging
  🗺️  Grid: 0.080% | 🔺 7773.50 🔻 7772.25
  📡 RSI: 52.0 | MACD: 0.01 | ATR: 1.20
  📊 Filled: 0 | Pending: 0
  🔲 Regime: RANGING | Range pos: 67% | RSI: 52.0
  💰 Daily P&L: $+0.00

[2026-08-12 12:47] O:7773.25 H:7774.25 L:7773.00 C:7773.50 V:1063.0
  📈 Trend: moderate_bearish (raw: moderate_bullish) | 🌍 Regime: ranging
  🗺️  Grid: 0.080% | 🔺 7773.25 🔻 7772.50
  📡 RSI: 50.0 | MACD: 0.04 | ATR: 1.16
  📊 Filled: 0 | Pending: 0
  🔲 Regime: RANGING | Range pos: 69% | RSI: 50.0
  💰 Daily P&L: $+0.00

[2026-08-12 12:48] O:7773.50 H:7773.50 L:7772.25 C:7772.75 V:862.0
  📈 Trend: moderate_bullish | 🌍 Regime: ranging
  🗺️  Grid: 0.080% | 🔺 7774.25 🔻 7773.00
  📡 RSI: 44.4 | MACD: -0.00 | ATR: 1.18
  📊 Filled: 0 | Pending: 0
  🔲 Regime: RANGING | Range pos: 66% | RSI: 44.4
  💰 Daily P&L: $+0.00

[2026-08-12 12:49] O:7772.50 H:7773.25 L:7772.00 C:7772.50 V:464.0
  📈 Trend: moderate_bullish | 🌍 Regime: ranging
  🗺️  Grid: 0.080% | 🔺 7773.50 🔻 7772.25
  📡 RSI: 50.0 | MACD: -0.05 | ATR: 1.18
  📊 Filled: 0 | Pending: 0
  🔲 Regime: RANGING | Range pos: 65% | RSI: 50.0
  💰 Daily P&L: $+0.00

[2026-08-12 12:50] O:7772.25 H:7773.50 L:7771.75 C:7773.25 V:842.0
  📈 Trend: moderate_bullish | 🌍 Regime: ranging
  🗺️  Grid: 0.080% | 🔺 7773.25 🔻 7772.00
  📡 RSI: 45.5 | MACD: -0.03 | ATR: 1.20
  📊 Filled: 0 | Pending: 0
  🔲 Regime: RANGING | Range pos: 68% | RSI: 45.5
  💰 Daily P&L: $+0.00

[2026-08-12 12:51] O:7773.50 H:7774.00 L:7773.00 C:7773.50 V:1213.0
  📈 Trend: moderate_bullish | 🌍 Regime: ranging
  🗺️  Grid: 0.080% | 🔺 7773.50 🔻 7771.75
  📡 RSI: 52.4 | MACD: 0.00 | ATR: 1.21
  📊 Filled: 0 | Pending: 0
  🔲 Regime: RANGING | Range pos: 69% | RSI: 52.4
  💰 Daily P&L: $+0.00

[2026-08-12 12:52] O:7773.25 H:7774.00 L:7773.00 C:7773.50 V:849.0
  📈 Trend: moderate_bullish | 🌍 Regime: ranging
  🗺️  Grid: 0.080% | 🔺 7774.00 🔻 7773.00
  📡 RSI: 55.0 | MACD: 0.03 | ATR: 1.23
  📊 Filled: 0 | Pending: 0
  🔲 Regime: RANGING | Range pos: 69% | RSI: 55.0
  💰 Daily P&L: $+0.00

[2026-08-12 12:53] O:7773.50 H:7774.25 L:7772.75 C:7772.75 V:1295.0
  📈 Trend: moderate_bullish (raw: strong_bearish) | 🌍 Regime: ranging
  🗺️  Grid: 0.080% | 🔺 7774.00 🔻 7773.00
  📡 RSI: 47.8 | MACD: -0.01 | ATR: 1.23
  📊 Filled: 0 | Pending: 0
  🔲 Regime: RANGING | Range pos: 66% | RSI: 47.8
  💰 Daily P&L: $+0.00

[2026-08-12 12:54] O:7772.50 H:7772.75 L:7771.75 C:7772.00 V:941.0
  📈 Trend: strong_bearish | 🌍 Regime: ranging
  🗺️  Grid: 0.080% | 🔺 7774.25 🔻 7772.75
  📡 RSI: 37.5 | MACD: -0.10 | ATR: 1.12
  📊 Filled: 0 | Pending: 0
  🔲 Regime: RANGING | Range pos: 63% | RSI: 37.5
  💰 Daily P&L: $+0.00

[2026-08-12 12:55] O:7771.75 H:7772.50 L:7770.75 C:7771.50 V:1155.0
  📈 Trend: strong_bearish | 🌍 Regime: ranging
  🗺️  Grid: 0.080% | 🔺 7772.75 🔻 7771.75
  📡 RSI: 32.0 | MACD: -0.20 | ATR: 1.20
  📊 Filled: 0 | Pending: 0
  🔲 Regime: RANGING | Range pos: 61% | RSI: 32.0
  💰 Daily P&L: $+0.00

[2026-08-12 12:56] O:7771.50 H:7772.50 L:7771.00 C:7772.25 V:934.0
  📈 Trend: strong_bearish | 🌍 Regime: ranging
  🗺️  Grid: 0.080% | 🔺 7772.50 🔻 7770.75
  📡 RSI: 39.3 | MACD: -0.23 | ATR: 1.25
  📊 Filled: 0 | Pending: 0
  🔲 Regime: RANGING | Range pos: 64% | RSI: 39.3
  💰 Daily P&L: $+0.00

[2026-08-12 12:57] O:7772.25 H:7772.75 L:7772.00 C:7772.75 V:370.0
  📈 Trend: strong_bearish | 🌍 Regime: ranging
  🗺️  Grid: 0.080% | 🔺 7772.50 🔻 7771.00
  📡 RSI: 43.3 | MACD: -0.20 | ATR: 1.25
  📊 Filled: 0 | Pending: 0
  🔲 Regime: RANGING | Range pos: 66% | RSI: 43.3
  💰 Daily P&L: $+0.00

[2026-08-12 12:58] O:7772.75 H:7773.25 L:7772.25 C:7773.00 V:468.0
  📈 Trend: strong_bearish (raw: moderate_bullish) | 🌍 Regime: ranging
  🗺️  Grid: 0.080% | 🔺 7772.75 🔻 7772.00
  📡 RSI: 50.0 | MACD: -0.16 | ATR: 1.21
  📊 Filled: 0 | Pending: 0
  🔲 Regime: RANGING | Range pos: 67% | RSI: 50.0
  💰 Daily P&L: $+0.00

[2026-08-12 12:59] O:7773.00 H:7773.50 L:7772.50 C:7772.50 V:554.0
  📈 Trend: moderate_bullish | 🌍 Regime: ranging
  🗺️  Grid: 0.080% | 🔺 7773.25 🔻 7772.25
  📡 RSI: 50.0 | MACD: -0.17 | ATR: 1.20
  📊 Filled: 0 | Pending: 0
  🔲 Regime: RANGING | Range pos: 65% | RSI: 50.0
  💰 Daily P&L: $+0.00

[2026-08-12 13:00] O:7772.50 H:7773.75 L:7772.50 C:7772.50 V:1151.0
  📈 Trend: moderate_bullish (raw: strong_bearish) | 🌍 Regime: ranging
  🗺️  Grid: 0.080% | 🔺 7773.50 🔻 7772.50
  📡 RSI: 46.2 | MACD: -0.17 | ATR: 1.23
  📊 Filled: 0 | Pending: 0
  🔲 Regime: RANGING | Range pos: 65% | RSI: 46.2
  💰 Daily P&L: $+0.00

[2026-08-12 13:01] O:7772.50 H:7773.25 L:7772.25 C:7773.25 V:859.0
  📈 Trend: moderate_bullish (raw: moderate_bearish) | 🌍 Regime: ranging
  🗺️  Grid: 0.080% | 🔺 7773.75 🔻 7772.50
  📡 RSI: 48.1 | MACD: -0.11 | ATR: 1.21
  📊 Filled: 0 | Pending: 0
  🔲 Regime: RANGING | Range pos: 68% | RSI: 48.1
  💰 Daily P&L: $+0.00

[2026-08-12 13:02] O:7773.25 H:7773.25 L:7772.75 C:7773.00 V:710.0
  📈 Trend: moderate_bearish | 🌍 Regime: ranging
  🗺️  Grid: 0.080% | 🔺 7773.25 🔻 7772.25
  📡 RSI: 52.0 | MACD: -0.08 | ATR: 1.16
  📊 Filled: 0 | Pending: 0
  🔲 Regime: RANGING | Range pos: 67% | RSI: 52.0
  💰 Daily P&L: $+0.00

[2026-08-12 13:03] O:7773.25 H:7774.00 L:7773.00 C:7773.50 V:826.0
  📈 Trend: moderate_bearish (raw: moderate_bullish) | 🌍 Regime: ranging
  🗺️  Grid: 0.080% | 🔺 7773.25 🔻 7772.75
  📡 RSI: 57.7 | MACD: -0.02 | ATR: 1.14
  📊 Filled: 0 | Pending: 0
  🔲 Regime: RANGING | Range pos: 69% | RSI: 57.7
  💰 Daily P&L: $+0.00

[2026-08-12 13:04] O:7773.50 H:7774.25 L:7773.25 C:7773.50 V:960.0
  📈 Trend: moderate_bearish (raw: strong_bullish) | 🌍 Regime: ranging
  🗺️  Grid: 0.080% | 🔺 7774.00 🔻 7773.00
  📡 RSI: 52.2 | MACD: 0.03 | ATR: 1.09
  📊 Filled: 0 | Pending: 0
  🔲 Regime: RANGING | Range pos: 69% | RSI: 52.2
  💰 Daily P&L: $+0.00

[2026-08-12 13:05] O:7773.50 H:7774.25 L:7772.75 C:7774.00 V:778.0
  📈 Trend: strong_bullish | 🌍 Regime: ranging
  🗺️  Grid: 0.080% | 🔺 7774.25 🔻 7773.25
  📡 RSI: 54.2 | MACD: 0.11 | ATR: 1.12
  📊 Filled: 0 | Pending: 0
  🔲 Regime: RANGING | Range pos: 71% | RSI: 54.2
  💰 Daily P&L: $+0.00

[2026-08-12 13:06] O:7774.00 H:7774.00 L:7772.75 C:7773.00 V:887.0
  📈 Trend: strong_bullish (raw: moderate_bullish) | 🌍 Regime: ranging
  🗺️  Grid: 0.080% | 🔺 7774.25 🔻 7772.75
  📡 RSI: 46.4 | MACD: 0.09 | ATR: 1.14
  📊 Filled: 0 | Pending: 0
  🔲 Regime: RANGING | Range pos: 67% | RSI: 46.4
  💰 Daily P&L: $+0.00

[2026-08-12 13:07] O:7773.25 H:7773.25 L:7772.75 C:7773.25 V:466.0
  📈 Trend: strong_bullish | 🌍 Regime: ranging
  🗺️  Grid: 0.080% | 🔺 7774.00 🔻 7772.75
  📡 RSI: 53.8 | MACD: 0.09 | ATR: 1.07
  📊 Filled: 0 | Pending: 0
  🔲 Regime: RANGING | Range pos: 68% | RSI: 53.8
  💰 Daily P&L: $+0.00

[2026-08-12 13:08] O:7773.00 H:7773.75 L:7772.75 C:7773.25 V:525.0
  📈 Trend: strong_bullish | 🌍 Regime: ranging
  🗺️  Grid: 0.080% | 🔺 7773.25 🔻 7772.75
  📡 RSI: 60.9 | MACD: 0.09 | ATR: 1.07
  📊 Filled: 0 | Pending: 0
  🔲 Regime: RANGING | Range pos: 68% | RSI: 60.9
  💰 Daily P&L: $+0.00

[2026-08-12 13:09] O:7773.25 H:7773.50 L:7773.00 C:7773.50 V:385.0
  📈 Trend: strong_bullish | 🌍 Regime: ranging
  🗺️  Grid: 0.080% | 🔺 7773.75 🔻 7772.75
  📡 RSI: 68.2 | MACD: 0.11 | ATR: 0.98
  📊 Filled: 0 | Pending: 0
  🔲 Regime: RANGING | Range pos: 69% | RSI: 68.2
  💰 Daily P&L: $+0.00

[2026-08-12 13:10] O:7773.50 H:7774.50 L:7773.25 C:7773.75 V:678.0
  📈 Trend: strong_bullish | 🌍 Regime: ranging
  🗺️  Grid: 0.080% | 🔺 7773.50 🔻 7773.00
  📡 RSI: 65.0 | MACD: 0.15 | ATR: 0.96
  📊 Filled: 0 | Pending: 0
  🔲 Regime: RANGING | Range pos: 70% | RSI: 65.0
  💰 Daily P&L: $+0.00

[2026-08-12 13:11] O:7773.75 H:7776.50 L:7773.75 C:7776.25 V:1442.0
  📈 Trend: strong_bullish | 🌍 Regime: ranging
  🗺️  Grid: 0.080% | 🔺 7774.50 🔻 7773.25
  📡 RSI: 75.0 | MACD: 0.37 | ATR: 1.11
  📊 Filled: 0 | Pending: 0
  🔲 Regime: RANGING | Range pos: 80% | RSI: 75.0
  🚫 Raw trend blocks RANGING SHORT | raw: strong_bullish
  💰 Daily P&L: $+0.00

[2026-08-12 13:12] O:7776.25 H:7776.75 L:7775.50 C:7775.75 V:1179.0
  📈 Trend: strong_bullish | 🌍 Regime: ranging
  🗺️  Grid: 0.080% | 🔺 7776.50 🔻 7773.75
  📡 RSI: 69.0 | MACD: 0.51 | ATR: 1.12
  📊 Filled: 0 | Pending: 0
  🔲 Regime: RANGING | Range pos: 78% | RSI: 69.0
  💰 Daily P&L: $+0.00

[2026-08-12 13:13] O:7775.75 H:7776.50 L:7775.50 C:7776.00 V:599.0
  📈 Trend: strong_bullish | 🌍 Regime: ranging
  🗺️  Grid: 0.080% | 🔺 7776.75 🔻 7775.50
  📡 RSI: 75.0 | MACD: 0.62 | ATR: 1.12
  📊 Filled: 0 | Pending: 0
  🔲 Regime: RANGING | Range pos: 79% | RSI: 75.0
  🚫 Raw trend blocks RANGING SHORT | raw: strong_bullish
  💰 Daily P&L: $+0.00

[2026-08-12 13:14] O:7776.00 H:7776.25 L:7775.50 C:7775.50 V:485.0
  📈 Trend: strong_bullish | 🌍 Regime: ranging
  🗺️  Grid: 0.080% | 🔺 7776.50 🔻 7775.50
  📡 RSI: 70.0 | MACD: 0.67 | ATR: 1.09
  📊 Filled: 0 | Pending: 0
  🔲 Regime: RANGING | Range pos: 77% | RSI: 70.0
  💰 Daily P&L: $+0.00

[2026-08-12 13:15] O:7775.50 H:7776.00 L:7774.75 C:7775.50 V:1323.0
  📈 Trend: strong_bullish | 🌍 Regime: ranging
  🗺️  Grid: 0.080% | 🔺 7776.25 🔻 7775.50
  📡 RSI: 66.7 | MACD: 0.70 | ATR: 1.11
  📊 Filled: 0 | Pending: 0
  🔲 Regime: RANGING | Range pos: 77% | RSI: 66.7
  💰 Daily P&L: $+0.00

[2026-08-12 13:16] O:7775.50 H:7775.75 L:7775.00 C:7775.50 V:615.0
  📈 Trend: strong_bullish | 🌍 Regime: ranging
  🗺️  Grid: 0.080% | 🔺 7776.00 🔻 7774.75
  📡 RSI: 69.2 | MACD: 0.71 | ATR: 1.12
  📊 Filled: 0 | Pending: 0
  🔲 Regime: RANGING | Range pos: 77% | RSI: 69.2
  💰 Daily P&L: $+0.00

[2026-08-12 13:17] O:7775.50 H:7775.50 L:7774.50 C:7774.50 V:962.0
  📈 Trend: strong_bullish | 🌍 Regime: ranging
  🗺️  Grid: 0.080% | 🔺 7775.75 🔻 7775.00
  📡 RSI: 57.1 | MACD: 0.63 | ATR: 1.12
  📊 Filled: 0 | Pending: 0
  🔲 Regime: RANGING | Range pos: 73% | RSI: 57.1
  💰 Daily P&L: $+0.00

[2026-08-12 13:18] O:7774.50 H:7775.00 L:7774.50 C:7775.00 V:710.0
  📈 Trend: strong_bullish | 🌍 Regime: ranging
  🗺️  Grid: 0.080% | 🔺 7775.50 🔻 7774.50
  📡 RSI: 60.0 | MACD: 0.60 | ATR: 1.09
  📊 Filled: 0 | Pending: 0
  🔲 Regime: RANGING | Range pos: 75% | RSI: 60.0
  💰 Daily P&L: $+0.00

[2026-08-12 13:19] O:7775.00 H:7776.00 L:7775.00 C:7776.00 V:624.0
  📈 Trend: strong_bullish | 🌍 Regime: ranging
  🗺️  Grid: 0.080% | 🔺 7775.00 🔻 7774.50
  📡 RSI: 62.5 | MACD: 0.66 | ATR: 1.05
  📊 Filled: 0 | Pending: 0
  🔲 Regime: RANGING | Range pos: 79% | RSI: 62.5
  💰 Daily P&L: $+0.00

[2026-08-12 13:20] O:7776.00 H:7776.25 L:7774.25 C:7774.50 V:1005.0
  📈 Trend: strong_bullish | 🌍 Regime: ranging
  🗺️  Grid: 0.080% | 🔺 7776.00 🔻 7775.00
  📡 RSI: 58.8 | MACD: 0.57 | ATR: 1.11
  📊 Filled: 0 | Pending: 0
  🔲 Regime: RANGING | Range pos: 73% | RSI: 58.8
  💰 Daily P&L: $+0.00

[2026-08-12 13:21] O:7774.75 H:7776.00 L:7774.25 C:7776.00 V:892.0
  📈 Trend: strong_bullish | 🌍 Regime: ranging
  🗺️  Grid: 0.080% | 🔺 7776.25 🔻 7774.25
  📡 RSI: 64.1 | MACD: 0.61 | ATR: 1.20
  📊 Filled: 0 | Pending: 0
  🔲 Regime: RANGING | Range pos: 79% | RSI: 64.1
  💰 Daily P&L: $+0.00

[2026-08-12 13:22] O:7775.75 H:7776.00 L:7775.25 C:7775.50 V:1153.0
  📈 Trend: strong_bullish | 🌍 Regime: trending_bullish
  🗺️  Grid: 0.080% | 🔺 7776.00 🔻 7774.25
  📡 RSI: 61.0 | MACD: 0.60 | ATR: 1.18
  📊 Filled: 0 | Pending: 0
  💰 Daily P&L: $+0.00

[2026-08-12 13:23] O:7775.75 H:7775.75 L:7775.25 C:7775.75 V:1069.0
  📈 Trend: strong_bullish | 🌍 Regime: trending_bullish
  🗺️  Grid: 0.080% | 🔺 7776.00 🔻 7775.25
  📡 RSI: 61.0 | MACD: 0.61 | ATR: 1.18
  📊 Filled: 0 | Pending: 0
  💰 Daily P&L: $+0.00

[2026-08-12 13:24] O:7775.75 H:7777.00 L:7775.25 C:7776.75 V:1134.0
  📈 Trend: strong_bullish | 🌍 Regime: trending_bullish
  🗺️  Grid: 0.080% | 🔺 7775.75 🔻 7775.25
  📡 RSI: 63.6 | MACD: 0.68 | ATR: 1.21
  📊 Filled: 0 | Pending: 0
  💰 Daily P&L: $+0.00

[2026-08-12 13:25] O:7776.75 H:7777.50 L:7776.00 C:7776.25 V:1360.0
  📈 Trend: strong_bullish | 🌍 Regime: trending_bullish
  🗺️  Grid: 0.080% | 🔺 7777.00 🔻 7775.25
  📡 RSI: 50.0 | MACD: 0.69 | ATR: 1.12
  📊 Filled: 0 | Pending: 0
  💰 Daily P&L: $+0.00

[2026-08-12 13:26] O:7776.25 H:7776.75 L:7775.75 C:7776.50 V:594.0
  📈 Trend: strong_bullish | 🌍 Regime: trending_bullish
  🗺️  Grid: 0.080% | 🔺 7777.50 🔻 7776.00
  📡 RSI: 54.3 | MACD: 0.72 | ATR: 1.11
  📊 Filled: 0 | Pending: 0
  💰 Daily P&L: $+0.00

[2026-08-12 13:27] O:7776.50 H:7776.75 L:7776.00 C:7776.50 V:531.0
  📈 Trend: strong_bullish | 🌍 Regime: trending_bullish
  🗺️  Grid: 0.080% | 🔺 7776.75 🔻 7775.75
  📡 RSI: 52.9 | MACD: 0.72 | ATR: 1.09
  📊 Filled: 0 | Pending: 0
  💰 Daily P&L: $+0.00

[2026-08-12 13:28] O:7776.25 H:7776.50 L:7775.75 C:7775.75 V:647.0
  📈 Trend: strong_bullish | 🌍 Regime: trending_bullish
  🗺️  Grid: 0.080% | 🔺 7776.75 🔻 7776.00
  📡 RSI: 51.4 | MACD: 0.66 | ATR: 1.09
  📊 Filled: 0 | Pending: 0
  💰 Daily P&L: $+0.00

[2026-08-12 13:29] O:7776.00 H:7776.25 L:7775.25 C:7775.50 V:1162.0
  📈 Trend: strong_bullish | 🌍 Regime: trending_bullish
  🗺️  Grid: 0.080% | 🔺 7776.50 🔻 7775.75
  📡 RSI: 50.0 | MACD: 0.59 | ATR: 1.07
  📊 Filled: 0 | Pending: 0
  💰 Daily P&L: $+0.00

[2026-08-12 13:30] O:7775.25 H:7776.75 L:7775.25 C:7776.50 V:761.0
  📈 Trend: strong_bullish | 🌍 Regime: ranging
  🗺️  Grid: 0.080% | 🔺 7776.25 🔻 7775.25
  📡 RSI: 55.0 | MACD: 0.60 | ATR: 1.12
  📊 Filled: 0 | Pending: 0
  🔲 Regime: RANGING | Range pos: 81% | RSI: 55.0
  💰 Daily P&L: $+0.00

[2026-08-12 13:31] O:7776.75 H:7777.75 L:7776.00 C:7777.75 V:891.0
  📈 Trend: strong_bullish | 🌍 Regime: ranging
  🗺️  Grid: 0.080% | 🔺 7776.75 🔻 7775.25
  📡 RSI: 65.9 | MACD: 0.70 | ATR: 1.18
  📊 Filled: 0 | Pending: 0
  🔲 Regime: RANGING | Range pos: 86% | RSI: 65.9
  💰 Daily P&L: $+0.00

[2026-08-12 13:32] O:7777.50 H:7779.00 L:7777.50 C:7778.75 V:1876.0
  📈 Trend: strong_bullish | 🌍 Regime: ranging
  🗺️  Grid: 0.080% | 🔺 7777.75 🔻 7776.00
  📡 RSI: 67.4 | MACD: 0.86 | ATR: 1.25
  📊 Filled: 0 | Pending: 0
  🔲 Regime: RANGING | Range pos: 90% | RSI: 67.4
  💰 Daily P&L: $+0.00

[2026-08-12 13:33] O:7778.75 H:7779.25 L:7778.25 C:7778.25 V:1260.0
  📈 Trend: strong_bullish | 🌍 Regime: ranging
  🗺️  Grid: 0.080% | 🔺 7779.00 🔻 7777.50
  📡 RSI: 61.0 | MACD: 0.93 | ATR: 1.25
  📊 Filled: 0 | Pending: 0
  🔲 Regime: RANGING | Range pos: 88% | RSI: 61.0
  💰 Daily P&L: $+0.00

[2026-08-12 13:34] O:7778.50 H:7778.75 L:7777.75 C:7778.25 V:1086.0
  📈 Trend: strong_bullish | 🌍 Regime: ranging
  🗺️  Grid: 0.080% | 🔺 7779.25 🔻 7778.25
  📡 RSI: 71.4 | MACD: 0.97 | ATR: 1.18
  📊 Filled: 0 | Pending: 0
  🔲 Regime: RANGING | Range pos: 88% | RSI: 71.4
  🚫 Raw trend blocks RANGING SHORT | raw: strong_bullish
  💰 Daily P&L: $+0.00

[2026-08-12 13:35] O:7778.00 H:7778.75 L:7777.75 C:7778.75 V:709.0
  📈 Trend: strong_bullish | 🌍 Regime: ranging
  🗺️  Grid: 0.080% | 🔺 7778.75 🔻 7777.75
  📡 RSI: 67.7 | MACD: 1.04 | ATR: 1.12
  📊 Filled: 0 | Pending: 0
  🔲 Regime: RANGING | Range pos: 90% | RSI: 67.7
  💰 Daily P&L: $+0.00

[2026-08-12 13:36] O:7778.75 H:7779.75 L:7778.75 C:7779.25 V:1181.0
  📈 Trend: strong_bullish | 🌍 Regime: ranging
  🗺️  Grid: 0.080% | 🔺 7778.75 🔻 7777.75
  📡 RSI: 74.2 | MACD: 1.11 | ATR: 1.14
  📊 Filled: 0 | Pending: 0
  🔲 Regime: RANGING | Range pos: 92% | RSI: 74.2
  🚫 Raw trend blocks RANGING SHORT | raw: strong_bullish
  💰 Daily P&L: $+0.00

[2026-08-12 13:37] O:7779.25 H:7779.25 L:7778.50 C:7778.50 V:618.0
  📈 Trend: strong_bullish | 🌍 Regime: ranging
  🗺️  Grid: 0.080% | 🔺 7779.75 🔻 7778.75
  📡 RSI: 66.7 | MACD: 1.10 | ATR: 1.16
  📊 Filled: 0 | Pending: 0
  🔲 Regime: RANGING | Range pos: 89% | RSI: 66.7
  💰 Daily P&L: $+0.00

[2026-08-12 13:38] O:7778.50 H:7779.25 L:7778.25 C:7779.00 V:1141.0
  📈 Trend: strong_bullish | 🌍 Regime: ranging
  🗺️  Grid: 0.080% | 🔺 7779.25 🔻 7778.50
  📡 RSI: 64.5 | MACD: 1.12 | ATR: 1.11
  📊 Filled: 0 | Pending: 0
  🔲 Regime: RANGING | Range pos: 91% | RSI: 64.5
  💰 Daily P&L: $+0.00

[2026-08-12 13:39] O:7779.25 H:7779.25 L:7778.25 C:7778.75 V:475.0
  📈 Trend: strong_bullish | 🌍 Regime: ranging
  🗺️  Grid: 0.080% | 🔺 7779.25 🔻 7778.25
  📡 RSI: 66.7 | MACD: 1.10 | ATR: 1.07
  📊 Filled: 0 | Pending: 0
  🔲 Regime: RANGING | Range pos: 90% | RSI: 66.7
  💰 Daily P&L: $+0.00

[2026-08-12 13:40] O:7778.75 H:7780.00 L:7778.50 C:7780.00 V:1123.0
  📈 Trend: strong_bullish | 🌍 Regime: ranging
  🗺️  Grid: 0.080% | 🔺 7779.25 🔻 7778.25
  📡 RSI: 70.6 | MACD: 1.18 | ATR: 1.11
  📊 Filled: 0 | Pending: 0
  🔲 Regime: RANGING | Range pos: 95% | RSI: 70.6
  🚫 Raw trend blocks RANGING SHORT | raw: strong_bullish
  💰 Daily P&L: $+0.00

[2026-08-12 13:41] O:7780.00 H:7780.75 L:7780.00 C:7780.50 V:1657.0
  📈 Trend: strong_bullish | 🌍 Regime: ranging
  🗺️  Grid: 0.080% | 🔺 7780.00 🔻 7778.50
  📡 RSI: 72.2 | MACD: 1.26 | ATR: 1.11
  📊 Filled: 0 | Pending: 0
  🔲 Regime: RANGING | Range pos: 97% | RSI: 72.2
  🚫 Raw trend blocks RANGING SHORT | raw: strong_bullish
  💰 Daily P&L: $+0.00

[2026-08-12 13:42] O:7780.50 H:7781.00 L:7779.75 C:7780.00 V:1246.0
  📈 Trend: strong_bullish | 🌍 Regime: ranging
  🗺️  Grid: 0.080% | 🔺 7780.75 🔻 7780.00
  📡 RSI: 74.3 | MACD: 1.27 | ATR: 1.14
  📊 Filled: 0 | Pending: 0
  🔲 Regime: RANGING | Range pos: 95% | RSI: 74.3
  🚫 Raw trend blocks RANGING SHORT | raw: strong_bullish
  💰 Daily P&L: $+0.00

[2026-08-12 13:43] O:7780.00 H:7780.75 L:7780.00 C:7780.00 V:814.0
  📈 Trend: strong_bullish | 🌍 Regime: ranging
  🗺️  Grid: 0.080% | 🔺 7781.00 🔻 7779.75
  📡 RSI: 76.5 | MACD: 1.26 | ATR: 1.12
  📊 Filled: 0 | Pending: 0
  🔲 Regime: RANGING | Range pos: 95% | RSI: 76.5
  🚫 Raw trend blocks RANGING SHORT | raw: strong_bullish
  💰 Daily P&L: $+0.00

[2026-08-12 13:44] O:7780.00 H:7780.25 L:7779.50 C:7779.50 V:622.0
  📈 Trend: strong_bullish | 🌍 Regime: ranging
  🗺️  Grid: 0.080% | 🔺 7780.75 🔻 7780.00
  📡 RSI: 68.8 | MACD: 1.21 | ATR: 1.07
  📊 Filled: 0 | Pending: 0
  🔲 Regime: RANGING | Range pos: 93% | RSI: 68.8
  💰 Daily P&L: $+0.00

[2026-08-12 13:45] O:7779.75 H:7780.00 L:7778.50 C:7778.75 V:1275.0
  📈 Trend: strong_bullish | 🌍 Regime: ranging
  🗺️  Grid: 0.080% | 🔺 7780.25 🔻 7779.50
  📡 RSI: 56.7 | MACD: 1.09 | ATR: 1.05
  📊 Filled: 0 | Pending: 0
  🔲 Regime: RANGING | Range pos: 90% | RSI: 56.7
  💰 Daily P&L: $+0.00

[2026-08-12 13:46] O:7778.75 H:7779.75 L:7778.75 C:7779.75 V:445.0
  📈 Trend: strong_bullish | 🌍 Regime: ranging
  🗺️  Grid: 0.080% | 🔺 7780.00 🔻 7778.50
  📡 RSI: 56.7 | MACD: 1.06 | ATR: 1.02
  📊 Filled: 0 | Pending: 0
  🔲 Regime: RANGING | Range pos: 94% | RSI: 56.7
  💰 Daily P&L: $+0.00

[2026-08-12 13:47] O:7779.75 H:7779.75 L:7778.25 C:7779.00 V:1146.0
  📈 Trend: strong_bullish | 🌍 Regime: ranging
  🗺️  Grid: 0.080% | 🔺 7779.75 🔻 7778.75
  📡 RSI: 54.8 | MACD: 0.97 | ATR: 1.05
  📊 Filled: 0 | Pending: 0
  🔲 Regime: RANGING | Range pos: 91% | RSI: 54.8
  💰 Daily P&L: $+0.00

[2026-08-12 13:48] O:7779.25 H:7780.00 L:7779.00 C:7780.00 V:843.0
  📈 Trend: strong_bullish | 🌍 Regime: ranging
  🗺️  Grid: 0.080% | 🔺 7779.75 🔻 7778.25
  📡 RSI: 60.0 | MACD: 0.96 | ATR: 1.05
  📊 Filled: 0 | Pending: 0
  🔲 Regime: RANGING | Range pos: 95% | RSI: 60.0
  💰 Daily P&L: $+0.00

[2026-08-12 13:49] O:7780.00 H:7780.25 L:7779.50 C:7780.25 V:621.0
  📈 Trend: strong_bullish | 🌍 Regime: ranging
  🗺️  Grid: 0.080% | 🔺 7780.00 🔻 7779.00
  📡 RSI: 58.8 | MACD: 0.97 | ATR: 1.04
  📊 Filled: 0 | Pending: 0
  🔲 Regime: RANGING | Range pos: 96% | RSI: 58.8
  💰 Daily P&L: $+0.00

[2026-08-12 13:50] O:7780.00 H:7780.75 L:7779.75 C:7780.00 V:1157.0
  📈 Trend: strong_bullish | 🌍 Regime: ranging
  🗺️  Grid: 0.080% | 🔺 7780.25 🔻 7779.50
  📡 RSI: 54.5 | MACD: 0.94 | ATR: 1.04
  📊 Filled: 0 | Pending: 0
  🔲 Regime: RANGING | Range pos: 95% | RSI: 54.5
  💰 Daily P&L: $+0.00

[2026-08-12 13:51] O:7780.00 H:7780.75 L:7779.75 C:7780.75 V:523.0
  📈 Trend: strong_bullish | 🌍 Regime: ranging
  🗺️  Grid: 0.080% | 🔺 7780.75 🔻 7779.75
  📡 RSI: 63.6 | MACD: 0.97 | ATR: 1.05
  📊 Filled: 0 | Pending: 0
  🔲 Regime: RANGING | Range pos: 98% | RSI: 63.6
  💰 Daily P&L: $+0.00

[2026-08-12 13:52] O:7780.50 H:7781.00 L:7779.75 C:7780.00 V:1052.0
  📈 Trend: strong_bullish | 🌍 Regime: ranging
  🗺️  Grid: 0.080% | 🔺 7780.75 🔻 7779.75
  📡 RSI: 55.9 | MACD: 0.92 | ATR: 1.07
  📊 Filled: 0 | Pending: 0
  🔲 Regime: RANGING | Range pos: 95% | RSI: 55.9
  💰 Daily P&L: $+0.00

[2026-08-12 13:53] O:7780.00 H:7780.00 L:7779.50 C:7779.50 V:632.0
  📈 Trend: strong_bullish | 🌍 Regime: ranging
  🗺️  Grid: 0.080% | 🔺 7781.00 🔻 7779.75
  📡 RSI: 54.3 | MACD: 0.83 | ATR: 1.04
  📊 Filled: 0 | Pending: 0
  🔲 Regime: RANGING | Range pos: 93% | RSI: 54.3
  💰 Daily P&L: $+0.00

[2026-08-12 13:54] O:7779.50 H:7779.75 L:7779.00 C:7779.25 V:820.0
  📈 Trend: strong_bullish | 🌍 Regime: ranging
  🗺️  Grid: 0.080% | 🔺 7780.00 🔻 7779.50
  📡 RSI: 45.2 | MACD: 0.74 | ATR: 0.98
  📊 Filled: 0 | Pending: 0
  🔲 Regime: RANGING | Range pos: 92% | RSI: 45.2
  💰 Daily P&L: $+0.00

[2026-08-12 13:55] O:7779.25 H:7779.25 L:7778.00 C:7778.00 V:1387.0
  📈 Trend: strong_bullish (raw: moderate_bullish) | 🌍 Regime: ranging
  🗺️  Grid: 0.080% | 🔺 7779.75 🔻 7779.00
  📡 RSI: 35.3 | MACD: 0.55 | ATR: 1.02
  📊 Filled: 0 | Pending: 0
  🔲 Regime: RANGING | Range pos: 87% | RSI: 35.3
  💰 Daily P&L: $+0.00

[2026-08-12 13:56] O:7778.00 H:7778.50 L:7777.50 C:7777.75 V:1628.0
  📈 Trend: moderate_bullish | 🌍 Regime: ranging
  🗺️  Grid: 0.080% | 🔺 7779.25 🔻 7778.00
  📡 RSI: 36.4 | MACD: 0.38 | ATR: 1.00
  📊 Filled: 0 | Pending: 0
  🔲 Regime: RANGING | Range pos: 86% | RSI: 36.4
  💰 Daily P&L: $+0.00

[2026-08-12 13:57] O:7777.75 H:7777.75 L:7775.00 C:7775.25 V:2691.0
  📈 Trend: moderate_bullish | 🌍 Regime: ranging
  🗺️  Grid: 0.080% | 🔺 7778.50 🔻 7777.50
  📡 RSI: 27.9 | MACD: 0.04 | ATR: 1.14
  📊 Filled: 0 | Pending: 0
  🔲 Regime: RANGING | Range pos: 76% | RSI: 27.9
  💰 Daily P&L: $+0.00

[2026-08-12 13:58] O:7775.50 H:7776.50 L:7775.25 C:7776.00 V:1629.0
  📈 Trend: moderate_bullish | 🌍 Regime: ranging
  🗺️  Grid: 0.080% | 🔺 7777.75 🔻 7775.00
  📡 RSI: 34.1 | MACD: -0.16 | ATR: 1.18
  📊 Filled: 0 | Pending: 0
  🔲 Regime: RANGING | Range pos: 79% | RSI: 34.1
  💰 Daily P&L: $+0.00

[2026-08-12 13:59] O:7776.00 H:7776.50 L:7774.75 C:7775.00 V:1211.0
  📈 Trend: moderate_bullish | 🌍 Regime: ranging
  🗺️  Grid: 0.080% | 🔺 7776.50 🔻 7775.25
  📡 RSI: 33.3 | MACD: -0.40 | ATR: 1.20
  📊 Filled: 0 | Pending: 0
  🔲 Regime: RANGING | Range pos: 75% | RSI: 33.3
  💰 Daily P&L: $+0.00

[2026-08-12 14:00] O:7775.00 H:7777.75 L:7774.75 C:7777.75 V:1798.0
  📈 Trend: moderate_bullish | 🌍 Regime: ranging
  🗺️  Grid: 0.080% | 🔺 7776.50 🔻 7774.75
  📡 RSI: 42.3 | MACD: -0.37 | ATR: 1.34
  📊 Filled: 0 | Pending: 0
  🔲 Regime: RANGING | Range pos: 86% | RSI: 42.3
  💰 Daily P&L: $+0.00

[2026-08-12 14:01] O:7777.75 H:7777.75 L:7776.75 C:7777.75 V:908.0
  📈 Trend: moderate_bullish | 🌍 Regime: ranging
  🗺️  Grid: 0.080% | 🔺 7777.75 🔻 7774.75
  📡 RSI: 44.9 | MACD: -0.33 | ATR: 1.30
  📊 Filled: 0 | Pending: 0
  🔲 Regime: RANGING | Range pos: 86% | RSI: 44.9
  💰 Daily P&L: $+0.00

[2026-08-12 14:02] O:7777.75 H:7777.75 L:7776.75 C:7777.50 V:740.0
  📈 Trend: moderate_bullish | 🌍 Regime: ranging
  🗺️  Grid: 0.080% | 🔺 7777.75 🔻 7776.75
  📡 RSI: 39.1 | MACD: -0.32 | ATR: 1.30
  📊 Filled: 0 | Pending: 0
  🔲 Regime: RANGING | Range pos: 85% | RSI: 39.1
  💰 Daily P&L: $+0.00

[2026-08-12 14:03] O:7777.75 H:7777.75 L:7777.00 C:7777.25 V:637.0
  📈 Trend: moderate_bullish | 🌍 Regime: ranging
  🗺️  Grid: 0.080% | 🔺 7777.75 🔻 7776.75
  📡 RSI: 37.0 | MACD: -0.33 | ATR: 1.30
  📊 Filled: 0 | Pending: 0
  🔲 Regime: RANGING | Range pos: 84% | RSI: 37.0
  💰 Daily P&L: $+0.00

[2026-08-12 14:04] O:7777.25 H:7777.75 L:7777.00 C:7777.25 V:579.0
  📈 Trend: moderate_bullish | 🌍 Regime: ranging
  🗺️  Grid: 0.080% | 🔺 7777.75 🔻 7777.00
  📡 RSI: 37.8 | MACD: -0.34 | ATR: 1.29
  📊 Filled: 0 | Pending: 0
  🔲 Regime: RANGING | Range pos: 84% | RSI: 37.8
  💰 Daily P&L: $+0.00

[2026-08-12 14:05] O:7777.50 H:7778.25 L:7777.00 C:7778.25 V:720.0
  📈 Trend: moderate_bullish | 🌍 Regime: ranging
  🗺️  Grid: 0.080% | 🔺 7777.75 🔻 7777.00
  📡 RSI: 39.1 | MACD: -0.25 | ATR: 1.30
  📊 Filled: 0 | Pending: 0
  🔲 Regime: RANGING | Range pos: 88% | RSI: 39.1
  💰 Daily P&L: $+0.00

[2026-08-12 14:06] O:7778.25 H:7778.50 L:7778.00 C:7778.25 V:1199.0
  📈 Trend: moderate_bullish | 🌍 Regime: ranging
  🗺️  Grid: 0.080% | 🔺 7778.25 🔻 7777.00
  📡 RSI: 41.9 | MACD: -0.19 | ATR: 1.25
  📊 Filled: 0 | Pending: 0
  🔲 Regime: RANGING | Range pos: 88% | RSI: 41.9
  💰 Daily P&L: $+0.00

[2026-08-12 14:07] O:7778.00 H:7778.75 L:7777.75 C:7778.00 V:734.0
  📈 Trend: moderate_bullish | 🌍 Regime: ranging
  🗺️  Grid: 0.080% | 🔺 7778.50 🔻 7778.00
  📡 RSI: 42.9 | MACD: -0.15 | ATR: 1.29
  📊 Filled: 0 | Pending: 0
  🔲 Regime: RANGING | Range pos: 87% | RSI: 42.9
  💰 Daily P&L: $+0.00

[2026-08-12 14:08] O:7777.75 H:7778.00 L:7777.00 C:7777.75 V:993.0
  📈 Trend: moderate_bullish | 🌍 Regime: ranging
  🗺️  Grid: 0.080% | 🔺 7778.75 🔻 7777.75
  📡 RSI: 42.9 | MACD: -0.15 | ATR: 1.30
  📊 Filled: 0 | Pending: 0
  🔲 Regime: RANGING | Range pos: 86% | RSI: 42.9
  💰 Daily P&L: $+0.00

[2026-08-12 14:09] O:7777.75 H:7778.00 L:7777.00 C:7777.00 V:639.0
  📈 Trend: moderate_bullish (raw: strong_bearish) | 🌍 Regime: ranging
  🗺️  Grid: 0.080% | 🔺 7778.00 🔻 7777.00
  📡 RSI: 45.0 | MACD: -0.20 | ATR: 1.29
  📊 Filled: 0 | Pending: 0
  🔲 Regime: RANGING | Range pos: 83% | RSI: 45.0
  💰 Daily P&L: $+0.00

[2026-08-12 14:10] O:7777.00 H:7777.75 L:7776.25 C:7776.25 V:889.0
  📈 Trend: strong_bearish | 🌍 Regime: ranging
  🗺️  Grid: 0.080% | 🔺 7778.00 🔻 7777.00
  📡 RSI: 42.9 | MACD: -0.29 | ATR: 1.32
  📊 Filled: 0 | Pending: 0
  🔲 Regime: RANGING | Range pos: 80% | RSI: 42.9
  💰 Daily P&L: $+0.00

[2026-08-12 14:11] O:7776.25 H:7777.00 L:7776.00 C:7776.25 V:1638.0
  📈 Trend: strong_bearish | 🌍 Regime: ranging
  🗺️  Grid: 0.080% | 🔺 7777.75 🔻 7776.25
  📡 RSI: 56.2 | MACD: -0.37 | ATR: 1.20
  📊 Filled: 0 | Pending: 0
  🔲 Regime: RANGING | Range pos: 80% | RSI: 56.2
  💰 Daily P&L: $+0.00

[2026-08-12 14:12] O:7776.25 H:7776.50 L:7775.50 C:7776.00 V:1010.0
  📈 Trend: strong_bearish | 🌍 Regime: ranging
  🗺️  Grid: 0.080% | 🔺 7777.00 🔻 7776.00
  📡 RSI: 50.0 | MACD: -0.44 | ATR: 1.18
  📊 Filled: 0 | Pending: 0
  🔲 Regime: RANGING | Range pos: 79% | RSI: 50.0
  💰 Daily P&L: $+0.00

[2026-08-12 14:13] O:7776.25 H:7776.75 L:7775.75 C:7776.50 V:803.0
  📈 Trend: strong_bearish | 🌍 Regime: ranging
  🗺️  Grid: 0.080% | 🔺 7776.50 🔻 7775.50
  📡 RSI: 60.7 | MACD: -0.45 | ATR: 1.12
  📊 Filled: 0 | Pending: 0
  🔲 Regime: RANGING | Range pos: 81% | RSI: 60.7
  💰 Daily P&L: $+0.00

[2026-08-12 14:14] O:7776.50 H:7776.50 L:7774.75 C:7775.75 V:986.0
  📈 Trend: strong_bearish | 🌍 Regime: ranging
  🗺️  Grid: 0.080% | 🔺 7776.75 🔻 7775.75
  📡 RSI: 30.0 | MACD: -0.52 | ATR: 1.04
  📊 Filled: 0 | Pending: 0
  🔲 Regime: RANGING | Range pos: 78% | RSI: 30.0
  💰 Daily P&L: $+0.00

[2026-08-12 14:15] O:7775.75 H:7776.25 L:7775.25 C:7775.25 V:1136.0
  📈 Trend: strong_bearish | 🌍 Regime: ranging
  🗺️  Grid: 0.080% | 🔺 7776.50 🔻 7774.75
  📡 RSI: 27.3 | MACD: -0.60 | ATR: 1.04
  📊 Filled: 0 | Pending: 0
  🔲 Regime: RANGING | Range pos: 76% | RSI: 27.3
  💰 Daily P&L: $+0.00

[2026-08-12 14:16] O:7775.50 H:7776.50 L:7775.50 C:7776.50 V:765.0
  📈 Trend: strong_bearish (raw: moderate_bullish) | 🌍 Regime: ranging
  🗺️  Grid: 0.080% | 🔺 7776.25 🔻 7775.25
  📡 RSI: 42.3 | MACD: -0.56 | ATR: 1.05
  📊 Filled: 0 | Pending: 0
  🔲 Regime: RANGING | Range pos: 81% | RSI: 42.3
  💰 Daily P&L: $+0.00

[2026-08-12 14:17] O:7776.25 H:7777.00 L:7776.00 C:7776.25 V:725.0
  📈 Trend: moderate_bullish | 🌍 Regime: ranging
  🗺️  Grid: 0.080% | 🔺 7776.50 🔻 7775.50
  📡 RSI: 42.3 | MACD: -0.54 | ATR: 1.07
  📊 Filled: 0 | Pending: 0
  🔲 Regime: RANGING | Range pos: 80% | RSI: 42.3
  💰 Daily P&L: $+0.00

[2026-08-12 14:18] O:7776.50 H:7777.00 L:7776.25 C:7776.25 V:681.0
  📈 Trend: moderate_bullish | 🌍 Regime: ranging
  🗺️  Grid: 0.080% | 🔺 7777.00 🔻 7776.00
  📡 RSI: 42.3 | MACD: -0.52 | ATR: 1.07
  📊 Filled: 0 | Pending: 0
  🔲 Regime: RANGING | Range pos: 80% | RSI: 42.3
  💰 Daily P&L: $+0.00

[2026-08-12 14:19] O:7776.25 H:7776.50 L:7775.50 C:7776.00 V:1012.0
  📈 Trend: moderate_bullish (raw: strong_bearish) | 🌍 Regime: ranging
  🗺️  Grid: 0.080% | 🔺 7777.00 🔻 7776.25
  📡 RSI: 30.4 | MACD: -0.52 | ATR: 1.05
  📊 Filled: 0 | Pending: 0
  🔲 Regime: RANGING | Range pos: 79% | RSI: 30.4
  💰 Daily P&L: $+0.00

[2026-08-12 14:20] O:7776.00 H:7776.25 L:7774.25 C:7774.25 V:1641.0
  📈 Trend: strong_bearish | 🌍 Regime: ranging
  🗺️  Grid: 0.080% | 🔺 7776.50 🔻 7775.50
  📡 RSI: 23.3 | MACD: -0.65 | ATR: 1.16
  📊 Filled: 0 | Pending: 0
  🔲 Regime: RANGING | Range pos: 72% | RSI: 23.3
  💰 Daily P&L: $+0.00

[2026-08-12 14:21] O:7774.50 H:7774.75 L:7772.75 C:7773.00 V:3177.0
  📈 Trend: strong_bearish | 🌍 Regime: ranging
  🗺️  Grid: 0.080% | 🔺 7776.25 🔻 7774.25
  📡 RSI: 20.6 | MACD: -0.85 | ATR: 1.23
  📊 Filled: 0 | Pending: 0
  🔲 Regime: RANGING | Range pos: 67% | RSI: 20.6
  💰 Daily P&L: $+0.00

[2026-08-12 14:22] O:7773.25 H:7774.00 L:7773.25 C:7774.00 V:1005.0
  📈 Trend: strong_bearish | 🌍 Regime: ranging
  🗺️  Grid: 0.080% | 🔺 7774.75 🔻 7772.75
  📡 RSI: 29.7 | MACD: -0.91 | ATR: 1.23
  📊 Filled: 0 | Pending: 0
  🔲 Regime: RANGING | Range pos: 71% | RSI: 29.7
  💰 Daily P&L: $+0.00

[2026-08-12 14:23] O:7773.75 H:7773.75 L:7773.00 C:7773.50 V:1244.0
  📈 Trend: strong_bearish | 🌍 Regime: ranging
  🗺️  Grid: 0.080% | 🔺 7774.00 🔻 7773.25
  📡 RSI: 30.6 | MACD: -0.99 | ATR: 1.23
  📊 Filled: 0 | Pending: 0
  🔲 Regime: RANGING | Range pos: 69% | RSI: 30.6
  💰 Daily P&L: $+0.00

[2026-08-12 14:24] O:7773.75 H:7774.25 L:7773.25 C:7773.50 V:715.0
  📈 Trend: strong_bearish | 🌍 Regime: ranging
  🗺️  Grid: 0.080% | 🔺 7773.75 🔻 7773.00
  📡 RSI: 33.3 | MACD: -1.04 | ATR: 1.20
  📊 Filled: 0 | Pending: 0
  🔲 Regime: RANGING | Range pos: 69% | RSI: 33.3
  💰 Daily P&L: $+0.00

[2026-08-12 14:25] O:7773.25 H:7774.25 L:7773.00 C:7774.00 V:869.0
  📈 Trend: strong_bearish | 🌍 Regime: ranging
  🗺️  Grid: 0.080% | 🔺 7774.25 🔻 7773.25
  📡 RSI: 37.1 | MACD: -1.03 | ATR: 1.21
  📊 Filled: 0 | Pending: 0
  🔲 Regime: RANGING | Range pos: 71% | RSI: 37.1
  💰 Daily P&L: $+0.00

[2026-08-12 14:26] O:7773.75 H:7774.75 L:7773.75 C:7774.50 V:909.0
  📈 Trend: strong_bearish | 🌍 Regime: ranging
  🗺️  Grid: 0.080% | 🔺 7774.25 🔻 7773.00
  📡 RSI: 41.7 | MACD: -0.97 | ATR: 1.21
  📊 Filled: 0 | Pending: 0
  🔲 Regime: RANGING | Range pos: 73% | RSI: 41.7
  💰 Daily P&L: $+0.00

[2026-08-12 14:27] O:7774.25 H:7774.50 L:7773.00 C:7773.00 V:792.0
  📈 Trend: strong_bearish | 🌍 Regime: ranging
  🗺️  Grid: 0.080% | 🔺 7774.75 🔻 7773.75
  📡 RSI: 32.5 | MACD: -1.03 | ATR: 1.25
  📊 Filled: 0 | Pending: 0
  🔲 Regime: RANGING | Range pos: 67% | RSI: 32.5
  💰 Daily P&L: $+0.00

[2026-08-12 14:28] O:7773.25 H:7773.75 L:7772.75 C:7773.75 V:977.0
  📈 Trend: strong_bearish | 🌍 Regime: ranging
  🗺️  Grid: 0.080% | 🔺 7774.50 🔻 7773.00
  📡 RSI: 40.0 | MACD: -1.01 | ATR: 1.20
  📊 Filled: 0 | Pending: 0
  🔲 Regime: RANGING | Range pos: 70% | RSI: 40.0
  💰 Daily P&L: $+0.00

[2026-08-12 14:29] O:7773.75 H:7774.75 L:7773.25 C:7774.50 V:955.0
  📈 Trend: strong_bearish | 🌍 Regime: ranging
  🗺️  Grid: 0.080% | 🔺 7773.75 🔻 7772.75
  📡 RSI: 46.3 | MACD: -0.92 | ATR: 1.23
  📊 Filled: 0 | Pending: 0
  🔲 Regime: RANGING | Range pos: 73% | RSI: 46.3
  💰 Daily P&L: $+0.00

[2026-08-12 14:30] O:7774.50 H:7774.75 L:7772.75 C:7773.75 V:1616.0
  📈 Trend: strong_bearish (raw: moderate_bearish) | 🌍 Regime: ranging
  🗺️  Grid: 0.080% | 🔺 7774.75 🔻 7773.25
  📡 RSI: 35.9 | MACD: -0.90 | ATR: 1.29
  📊 Filled: 0 | Pending: 0
  🕐 Outside session (14:30 CT) — no entries
  💰 Daily P&L: $+0.00

[2026-08-12 14:31] O:7773.75 H:7774.75 L:7773.50 C:7774.25 V:1407.0
  📈 Trend: moderate_bearish | 🌍 Regime: ranging
  🗺️  Grid: 0.080% | 🔺 7774.75 🔻 7772.75
  📡 RSI: 40.0 | MACD: -0.83 | ATR: 1.30
  📊 Filled: 0 | Pending: 0
  🕐 Outside session (14:31 CT) — no entries
  💰 Daily P&L: $+0.00

[2026-08-12 14:32] O:7774.50 H:7775.00 L:7774.00 C:7774.50 V:1263.0
  📈 Trend: moderate_bearish | 🌍 Regime: ranging
  🗺️  Grid: 0.080% | 🔺 7774.75 🔻 7773.50
  📡 RSI: 41.5 | MACD: -0.75 | ATR: 1.32
  📊 Filled: 0 | Pending: 0
  🕐 Outside session (14:32 CT) — no entries
  💰 Daily P&L: $+0.00

[2026-08-12 14:33] O:7774.50 H:7774.50 L:7772.75 C:7772.75 V:1405.0
  📈 Trend: moderate_bearish | 🌍 Regime: ranging
  🗺️  Grid: 0.080% | 🔺 7775.00 🔻 7774.00
  📡 RSI: 36.2 | MACD: -0.82 | ATR: 1.38
  📊 Filled: 0 | Pending: 0
  🕐 Outside session (14:33 CT) — no entries
  💰 Daily P&L: $+0.00

[2026-08-12 14:34] O:7772.75 H:7773.75 L:7772.50 C:7773.50 V:958.0
  📈 Trend: moderate_bearish | 🌍 Regime: ranging
  🗺️  Grid: 0.080% | 🔺 7774.50 🔻 7772.75
  📡 RSI: 46.5 | MACD: -0.80 | ATR: 1.32
  📊 Filled: 0 | Pending: 0
  🕐 Outside session (14:34 CT) — no entries
  💰 Daily P&L: $+0.00

[2026-08-12 14:35] O:7773.25 H:7774.25 L:7773.25 C:7774.00 V:1053.0
  📈 Trend: moderate_bearish | 🌍 Regime: ranging
  🗺️  Grid: 0.080% | 🔺 7773.75 🔻 7772.50
  📡 RSI: 55.0 | MACD: -0.74 | ATR: 1.25
  📊 Filled: 0 | Pending: 0
  🕐 Outside session (14:35 CT) — no entries
  💰 Daily P&L: $+0.00

[2026-08-12 14:36] O:7774.00 H:7774.50 L:7773.75 C:7774.50 V:1035.0
  📈 Trend: moderate_bearish | 🌍 Regime: ranging
  🗺️  Grid: 0.080% | 🔺 7774.25 🔻 7773.25
  📡 RSI: 52.6 | MACD: -0.64 | ATR: 1.23
  📊 Filled: 0 | Pending: 0
  🕐 Outside session (14:36 CT) — no entries
  💰 Daily P&L: $+0.00

[2026-08-12 14:37] O:7774.50 H:7774.50 L:7773.75 C:7773.75 V:792.0
  📈 Trend: moderate_bearish | 🌍 Regime: ranging
  🗺️  Grid: 0.080% | 🔺 7774.50 🔻 7773.75
  📡 RSI: 51.3 | MACD: -0.62 | ATR: 1.21
  📊 Filled: 0 | Pending: 0
  🕐 Outside session (14:37 CT) — no entries
  💰 Daily P&L: $+0.00

[2026-08-12 14:38] O:7773.75 H:7774.75 L:7773.75 C:7774.50 V:830.0
  📈 Trend: moderate_bearish | 🌍 Regime: ranging
  🗺️  Grid: 0.080% | 🔺 7774.50 🔻 7773.75
  📡 RSI: 54.8 | MACD: -0.53 | ATR: 1.21
  📊 Filled: 0 | Pending: 0
  🕐 Outside session (14:38 CT) — no entries
  💰 Daily P&L: $+0.00

[2026-08-12 14:39] O:7774.25 H:7774.50 L:7773.25 C:7773.75 V:674.0
  📈 Trend: moderate_bearish | 🌍 Regime: ranging
  🗺️  Grid: 0.080% | 🔺 7774.75 🔻 7773.75
  📡 RSI: 48.8 | MACD: -0.52 | ATR: 1.21
  📊 Filled: 0 | Pending: 0
  🕐 Outside session (14:39 CT) — no entries
  💰 Daily P&L: $+0.00

[2026-08-12 14:40] O:7773.50 H:7774.00 L:7771.75 C:7773.00 V:2560.0
  📈 Trend: moderate_bearish | 🌍 Regime: ranging
  🗺️  Grid: 0.080% | 🔺 7774.50 🔻 7773.25
  📡 RSI: 43.2 | MACD: -0.56 | ATR: 1.30
  📊 Filled: 0 | Pending: 0
  🕐 Outside session (14:40 CT) — no entries
  💰 Daily P&L: $+0.00

[2026-08-12 14:41] O:7773.00 H:7773.25 L:7772.00 C:7772.25 V:895.0
  📈 Trend: moderate_bearish (raw: strong_bearish) | 🌍 Regime: ranging
  🗺️  Grid: 0.080% | 🔺 7774.00 🔻 7771.75
  📡 RSI: 46.3 | MACD: -0.65 | ATR: 1.29
  📊 Filled: 0 | Pending: 0
  🕐 Outside session (14:41 CT) — no entries
  💰 Daily P&L: $+0.00

[2026-08-12 14:42] O:7772.25 H:7772.50 L:7770.50 C:7770.75 V:1703.0
  📈 Trend: strong_bearish | 🌍 Regime: ranging
  🗺️  Grid: 0.080% | 🔺 7773.25 🔻 7772.00
  📡 RSI: 36.4 | MACD: -0.83 | ATR: 1.36
  📊 Filled: 0 | Pending: 0
  🕐 Outside session (14:42 CT) — no entries
  💰 Daily P&L: $+0.00

[2026-08-12 14:43] O:7771.00 H:7772.25 L:7770.25 C:7772.00 V:1989.0
  📈 Trend: strong_bearish | 🌍 Regime: ranging
  🗺️  Grid: 0.080% | 🔺 7772.50 🔻 7770.50
  📡 RSI: 39.1 | MACD: -0.86 | ATR: 1.39
  📊 Filled: 0 | Pending: 0
  🕐 Outside session (14:43 CT) — no entries
  💰 Daily P&L: $+0.00

[2026-08-12 14:44] O:7772.00 H:7773.50 L:7771.75 C:7773.50 V:1920.0
  📈 Trend: strong_bearish | 🌍 Regime: ranging
  🗺️  Grid: 0.080% | 🔺 7772.25 🔻 7770.25
  📡 RSI: 49.0 | MACD: -0.76 | ATR: 1.38
  📊 Filled: 0 | Pending: 0
  🕐 Outside session (14:44 CT) — no entries
  💰 Daily P&L: $+0.00

[2026-08-12 14:45] O:7773.25 H:7774.75 L:7772.25 C:7772.50 V:2795.0
  📈 Trend: strong_bearish | 🌍 Regime: ranging
  🗺️  Grid: 0.080% | 🔺 7773.50 🔻 7771.75
  📡 RSI: 43.1 | MACD: -0.75 | ATR: 1.46
  📊 Filled: 0 | Pending: 0
  🕐 Outside session (14:45 CT) — no entries
  💰 Daily P&L: $+0.00

[2026-08-12 14:46] O:7772.25 H:7772.75 L:7771.50 C:7772.00 V:1353.0
  📈 Trend: strong_bearish | 🌍 Regime: ranging
  🗺️  Grid: 0.080% | 🔺 7774.75 🔻 7772.25
  📡 RSI: 40.4 | MACD: -0.77 | ATR: 1.48
  📊 Filled: 0 | Pending: 0
  🕐 Outside session (14:46 CT) — no entries
  💰 Daily P&L: $+0.00

[2026-08-12 14:47] O:7772.00 H:7774.00 L:7771.75 C:7773.75 V:1306.0
  📈 Trend: strong_bearish (raw: moderate_bearish) | 🌍 Regime: ranging
  🗺️  Grid: 0.080% | 🔺 7772.75 🔻 7771.50
  📡 RSI: 53.8 | MACD: -0.64 | ATR: 1.52
  📊 Filled: 0 | Pending: 0
  🕐 Outside session (14:47 CT) — no entries
  💰 Daily P&L: $+0.00

[2026-08-12 14:48] O:7773.50 H:7774.75 L:7773.00 C:7774.50 V:1001.0
  📈 Trend: moderate_bearish | 🌍 Regime: ranging
  🗺️  Grid: 0.080% | 🔺 7774.00 🔻 7771.75
  📡 RSI: 53.8 | MACD: -0.47 | ATR: 1.55
  📊 Filled: 0 | Pending: 0
  🕐 Outside session (14:48 CT) — no entries
  💰 Daily P&L: $+0.00

[2026-08-12 14:49] O:7774.50 H:7774.50 L:7773.25 C:7773.50 V:1221.0
  📈 Trend: moderate_bearish | 🌍 Regime: ranging
  🗺️  Grid: 0.080% | 🔺 7774.75 🔻 7773.00
  📡 RSI: 48.1 | MACD: -0.42 | ATR: 1.57
  📊 Filled: 0 | Pending: 0
  🕐 Outside session (14:49 CT) — no entries
  💰 Daily P&L: $+0.00

[2026-08-12 14:50] O:7773.75 H:7774.25 L:7769.75 C:7769.75 V:4888.0
  📈 Trend: moderate_bearish (raw: strong_bearish) | 🌍 Regime: ranging
  🗺️  Grid: 0.080% | 🔺 7774.50 🔻 7773.25
  📡 RSI: 35.8 | MACD: -0.66 | ATR: 1.84
  📊 Filled: 0 | Pending: 0
  🕐 Outside session (14:50 CT) — no entries
  💰 Daily P&L: $+0.00

[2026-08-12 14:51] O:7769.75 H:7770.00 L:7767.75 C:7768.50 V:2976.0
  📈 Trend: strong_bearish | 🌍 Regime: ranging
  🗺️  Grid: 0.080% | 🔺 7774.25 🔻 7769.75
  📡 RSI: 34.8 | MACD: -0.95 | ATR: 1.95
  📊 Filled: 0 | Pending: 0
  🕐 Outside session (14:51 CT) — no entries
  💰 Daily P&L: $+0.00

[2026-08-12 14:52] O:7768.50 H:7769.25 L:7768.25 C:7768.50 V:2262.0
  📈 Trend: strong_bearish | 🌍 Regime: ranging
  🗺️  Grid: 0.080% | 🔺 7770.00 🔻 7767.75
  📡 RSI: 31.8 | MACD: -1.17 | ATR: 1.95
  📊 Filled: 0 | Pending: 0
  🕐 Outside session (14:52 CT) — no entries
  💰 Daily P&L: $+0.00

[2026-08-12 14:53] O:7768.75 H:7769.00 L:7767.75 C:7769.00 V:2878.0
  📈 Trend: strong_bearish | 🌍 Regime: ranging
  🗺️  Grid: 0.080% | 🔺 7769.25 🔻 7768.25
  📡 RSI: 35.4 | MACD: -1.28 | ATR: 1.95
  📊 Filled: 0 | Pending: 0
  🕐 Outside session (14:53 CT) — no entries
  💰 Daily P&L: $+0.00

[2026-08-12 14:54] O:7768.75 H:7769.75 L:7766.25 C:7767.00 V:8354.0
  📈 Trend: strong_bearish | 🌍 Regime: ranging
  🗺️  Grid: 0.080% | 🔺 7769.00 🔻 7767.75
  📡 RSI: 32.9 | MACD: -1.51 | ATR: 2.04
  📊 Filled: 0 | Pending: 0
  🕐 Outside session (14:54 CT) — no entries
  💰 Daily P&L: $+0.00

[2026-08-12 14:55] O:7767.00 H:7767.75 L:7764.50 C:7765.00 V:5486.0
  📈 Trend: strong_bearish | 🌍 Regime: ranging
  🗺️  Grid: 0.080% | 🔺 7769.75 🔻 7766.25
  📡 RSI: 30.7 | MACD: -1.84 | ATR: 2.18
  📊 Filled: 0 | Pending: 0
  🕐 Outside session (14:55 CT) — no entries
  💰 Daily P&L: $+0.00

[2026-08-12 14:56] O:7765.25 H:7767.00 L:7764.75 C:7767.00 V:3184.0
  📈 Trend: strong_bearish | 🌍 Regime: ranging
  🗺️  Grid: 0.080% | 🔺 7767.75 🔻 7764.50
  📡 RSI: 40.3 | MACD: -1.92 | ATR: 2.20
  📊 Filled: 0 | Pending: 0
  🕐 Outside session (14:56 CT) — no entries
  💰 Daily P&L: $+0.00

[2026-08-12 14:57] O:7767.00 H:7767.25 L:7765.25 C:7767.00 V:2720.0
  📈 Trend: strong_bearish | 🌍 Regime: ranging
  🗺️  Grid: 0.080% | 🔺 7767.00 🔻 7764.75
  📡 RSI: 36.1 | MACD: -1.95 | ATR: 2.20
  📊 Filled: 0 | Pending: 0
  🕐 Outside session (14:57 CT) — no entries
  💰 Daily P&L: $+0.00

[2026-08-12 14:58] O:7767.00 H:7768.75 L:7766.50 C:7768.50 V:3499.0
  📈 Trend: strong_bearish | 🌍 Regime: ranging
  🗺️  Grid: 0.080% | 🔺 7767.25 🔻 7765.25
  📡 RSI: 36.1 | MACD: -1.84 | ATR: 2.23
  📊 Filled: 0 | Pending: 0
  🕐 Outside session (14:58 CT) — no entries
  💰 Daily P&L: $+0.00

[2026-08-12 14:59] O:7768.25 H:7771.75 L:7767.25 C:7769.50 V:34926.0
  📈 Trend: strong_bearish | 🌍 Regime: ranging
  🗺️  Grid: 0.080% | 🔺 7768.75 🔻 7766.50
  📡 RSI: 41.7 | MACD: -1.65 | ATR: 2.38
  📊 Filled: 0 | Pending: 0
  🕐 Outside session (14:59 CT) — no entries
  💰 Daily P&L: $+0.00

[2026-08-12 15:00] O:7769.75 H:7772.75 L:7768.50 C:7772.75 V:8424.0
  📈 Trend: strong_bearish (raw: moderate_bearish) | 🌍 Regime: ranging
  🗺️  Grid: 0.080% | 🔺 7771.75 🔻 7767.25
  📡 RSI: 51.8 | MACD: -1.22 | ATR: 2.59
  📊 Filled: 0 | Pending: 0
  🕐 Outside session (15:00 CT) — no entries
  💰 Daily P&L: $+0.00

[2026-08-12 15:01] O:7772.75 H:7775.00 L:7772.50 C:7774.00 V:2342.0
  📈 Trend: moderate_bearish | 🌍 Regime: trending_bearish
  🗺️  Grid: 0.080% | 🔺 7772.75 🔻 7768.50
  📡 RSI: 50.6 | MACD: -0.78 | ATR: 2.61
  📊 Filled: 0 | Pending: 0
  🕐 Outside session (15:01 CT) — no entries
  💰 Daily P&L: $+0.00

[2026-08-12 15:02] O:7774.25 H:7775.50 L:7774.00 C:7774.75 V:1501.0
  📈 Trend: moderate_bearish | 🌍 Regime: trending_bearish
  🗺️  Grid: 0.080% | 🔺 7775.00 🔻 7772.50
  📡 RSI: 50.6 | MACD: -0.36 | ATR: 2.59
  📊 Filled: 0 | Pending: 0
  🕐 Outside session (15:02 CT) — no entries
  💰 Daily P&L: $+0.00

[2026-08-12 15:03] O:7775.00 H:7775.00 L:7774.00 C:7774.25 V:1020.0
  📈 Trend: moderate_bearish | 🌍 Regime: trending_bearish
  🗺️  Grid: 0.080% | 🔺 7775.50 🔻 7774.00
  📡 RSI: 51.9 | MACD: -0.06 | ATR: 2.57
  📊 Filled: 0 | Pending: 0
  🕐 Outside session (15:03 CT) — no entries
  💰 Daily P&L: $+0.00

[2026-08-12 15:04] O:7774.25 H:7774.75 L:7773.75 C:7774.50 V:1087.0
  📈 Trend: moderate_bearish (raw: moderate_bullish) | 🌍 Regime: ranging
  🗺️  Grid: 0.080% | 🔺 7775.00 🔻 7774.00
  📡 RSI: 64.6 | MACD: 0.19 | ATR: 2.32
  📊 Filled: 0 | Pending: 0
  🕐 Outside session (15:04 CT) — no entries
  💰 Daily P&L: $+0.00

[2026-08-12 15:05] O:7774.25 H:7777.75 L:7774.25 C:7776.00 V:3260.0
  📈 Trend: moderate_bullish | 🌍 Regime: ranging
  🗺️  Grid: 0.080% | 🔺 7774.75 🔻 7773.75
  📡 RSI: 72.7 | MACD: 0.50 | ATR: 2.41
  📊 Filled: 0 | Pending: 0
  🕐 Outside session (15:05 CT) — no entries
  💰 Daily P&L: $+0.00

[2026-08-12 15:06] O:7776.25 H:7776.25 L:7774.50 C:7774.50 V:1408.0
  📈 Trend: moderate_bullish | 🌍 Regime: ranging
  🗺️  Grid: 0.080% | 🔺 7777.75 🔻 7774.25
  📡 RSI: 66.7 | MACD: 0.62 | ATR: 2.46
  📊 Filled: 0 | Pending: 0
  🕐 Outside session (15:06 CT) — no entries
  💰 Daily P&L: $+0.00

[2026-08-12 15:07] O:7774.50 H:7774.75 L:7772.25 C:7773.50 V:1682.0
  📈 Trend: moderate_bullish (raw: strong_bearish) | 🌍 Regime: ranging
  🗺️  Grid: 0.080% | 🔺 7776.25 🔻 7774.50
  📡 RSI: 62.2 | MACD: 0.63 | ATR: 2.55
  📊 Filled: 0 | Pending: 0
  🕐 Outside session (15:07 CT) — no entries
  💰 Daily P&L: $+0.00

[2026-08-12 15:08] O:7773.75 H:7774.00 L:7773.00 C:7773.50 V:886.0
  📈 Trend: strong_bearish | 🌍 Regime: ranging
  🗺️  Grid: 0.080% | 🔺 7774.75 🔻 7772.25
  📡 RSI: 69.7 | MACD: 0.63 | ATR: 2.38
  📊 Filled: 0 | Pending: 0
  🕐 Outside session (15:08 CT) — no entries
  💰 Daily P&L: $+0.00

[2026-08-12 15:09] O:7773.75 H:7774.50 L:7773.25 C:7773.75 V:624.0
  📈 Trend: strong_bearish (raw: moderate_bullish) | 🌍 Regime: ranging
  🗺️  Grid: 0.080% | 🔺 7774.00 🔻 7773.00
  📡 RSI: 79.7 | MACD: 0.64 | ATR: 2.23
  📊 Filled: 0 | Pending: 0
  🕐 Outside session (15:09 CT) — no entries
  💰 Daily P&L: $+0.00

[2026-08-12 15:10] O:7773.75 H:7774.50 L:7773.50 C:7774.25 V:723.0
  📈 Trend: moderate_bullish | 🌍 Regime: ranging
  🗺️  Grid: 0.080% | 🔺 7774.50 🔻 7773.25
  📡 RSI: 77.4 | MACD: 0.68 | ATR: 2.14
  📊 Filled: 0 | Pending: 0
  🕐 Outside session (15:10 CT) — no entries
  💰 Daily P&L: $+0.00

[2026-08-12 15:11] O:7774.00 H:7774.25 L:7772.25 C:7772.25 V:730.0
  📈 Trend: moderate_bullish | 🌍 Regime: ranging
  🗺️  Grid: 0.080% | 🔺 7774.50 🔻 7773.50
  📡 RSI: 67.2 | MACD: 0.54 | ATR: 2.14
  📊 Filled: 0 | Pending: 0
  🕐 Outside session (15:11 CT) — no entries
  💰 Daily P&L: $+0.00

[2026-08-12 15:12] O:7772.25 H:7772.25 L:7771.00 C:7771.25 V:671.0
  📈 Trend: moderate_bullish | 🌍 Regime: ranging
  🗺️  Grid: 0.080% | 🔺 7774.25 🔻 7772.25
  📡 RSI: 59.3 | MACD: 0.35 | ATR: 2.07
  📊 Filled: 0 | Pending: 0
  🕐 Outside session (15:12 CT) — no entries
  💰 Daily P&L: $+0.00

[2026-08-12 15:13] O:7771.25 H:7772.00 L:7770.75 C:7772.00 V:659.0
  📈 Trend: moderate_bullish (raw: moderate_bearish) | 🌍 Regime: ranging
  🗺️  Grid: 0.080% | 🔺 7772.25 🔻 7771.00
  📡 RSI: 58.6 | MACD: 0.26 | ATR: 1.84
  📊 Filled: 0 | Pending: 0
  🕐 Outside session (15:13 CT) — no entries
  💰 Daily P&L: $+0.00

[2026-08-12 15:14] O:7771.75 H:7772.50 L:7771.75 C:7772.25 V:347.0
  📈 Trend: moderate_bearish | 🌍 Regime: ranging
  🗺️  Grid: 0.080% | 🔺 7772.00 🔻 7770.75
  📡 RSI: 47.8 | MACD: 0.20 | ATR: 1.59
  📊 Filled: 0 | Pending: 0
  🕐 Outside session (15:14 CT) — no entries
  💰 Daily P&L: $+0.00

[2026-08-12 15:15] O:7772.25 H:7772.75 L:7772.00 C:7772.75 V:403.0
  📈 Trend: moderate_bearish (raw: moderate_bullish) | 🌍 Regime: ranging
  🗺️  Grid: 0.080% | 🔺 7772.50 🔻 7771.75
  📡 RSI: 44.2 | MACD: 0.20 | ATR: 1.46
  📊 Filled: 0 | Pending: 0
  🕐 Outside session (15:15 CT) — no entries
  💰 Daily P&L: $+0.00

[2026-08-12 15:16] O:7772.75 H:7773.50 L:7771.50 C:7771.50 V:987.0
  📈 Trend: moderate_bullish | 🌍 Regime: ranging
  🗺️  Grid: 0.080% | 🔺 7772.75 🔻 7772.00
  📡 RSI: 35.6 | MACD: 0.09 | ATR: 1.50
  📊 Filled: 0 | Pending: 0
  🕐 Outside session (15:16 CT) — no entries
  💰 Daily P&L: $+0.00

[2026-08-12 15:17] O:7771.50 H:7772.00 L:7770.50 C:7770.50 V:725.0
  📈 Trend: moderate_bullish | 🌍 Regime: ranging
  🗺️  Grid: 0.080% | 🔺 7773.50 🔻 7771.50
  📡 RSI: 34.0 | MACD: -0.08 | ATR: 1.54
  📊 Filled: 0 | Pending: 0
  🕐 Outside session (15:17 CT) — no entries
  💰 Daily P&L: $+0.00

[2026-08-12 15:18] O:7770.50 H:7771.25 L:7770.25 C:7771.00 V:407.0
  📈 Trend: moderate_bullish | 🌍 Regime: ranging
  🗺️  Grid: 0.080% | 🔺 7772.00 🔻 7770.50
  📡 RSI: 35.4 | MACD: -0.17 | ATR: 1.54
  📊 Filled: 0 | Pending: 0
  🕐 Outside session (15:18 CT) — no entries
  💰 Daily P&L: $+0.00

[2026-08-12 15:19] O:7771.25 H:7771.75 L:7769.75 C:7769.75 V:465.0
  📈 Trend: moderate_bullish (raw: strong_bearish) | 🌍 Regime: ranging
  🗺️  Grid: 0.080% | 🔺 7771.25 🔻 7770.25
  📡 RSI: 23.4 | MACD: -0.33 | ATR: 1.43
  📊 Filled: 0 | Pending: 0
  🕐 Outside session (15:19 CT) — no entries
  💰 Daily P&L: $+0.00

[2026-08-12 15:20] O:7770.00 H:7770.25 L:7769.75 C:7770.00 V:320.0
  📈 Trend: strong_bearish | 🌍 Regime: ranging
  🗺️  Grid: 0.080% | 🔺 7771.75 🔻 7769.75
  📡 RSI: 28.6 | MACD: -0.44 | ATR: 1.34
  📊 Filled: 0 | Pending: 0
  🕐 Outside session (15:20 CT) — no entries
  💰 Daily P&L: $+0.00

[2026-08-12 15:21] O:7770.25 H:7770.75 L:7770.00 C:7770.25 V:265.0
  📈 Trend: strong_bearish | 🌍 Regime: ranging
  🗺️  Grid: 0.080% | 🔺 7770.25 🔻 7769.75
  📡 RSI: 33.3 | MACD: -0.50 | ATR: 1.21
  📊 Filled: 0 | Pending: 0
  🕐 Outside session (15:21 CT) — no entries
  💰 Daily P&L: $+0.00

[2026-08-12 15:22] O:7770.25 H:7770.25 L:7768.75 C:7769.00 V:585.0
  📈 Trend: strong_bearish | 🌍 Regime: ranging
  🗺️  Grid: 0.080% | 🔺 7770.75 🔻 7770.00
  📡 RSI: 29.5 | MACD: -0.64 | ATR: 1.25
  📊 Filled: 0 | Pending: 0
  🕐 Outside session (15:22 CT) — no entries
  💰 Daily P&L: $+0.00

[2026-08-12 15:23] O:7769.25 H:7769.75 L:7769.00 C:7769.25 V:195.0
  📈 Trend: strong_bearish | 🌍 Regime: ranging
  🗺️  Grid: 0.080% | 🔺 7770.25 🔻 7768.75
  📡 RSI: 29.5 | MACD: -0.72 | ATR: 1.21
  📊 Filled: 0 | Pending: 0
  🕐 Outside session (15:23 CT) — no entries
  💰 Daily P&L: $+0.00

[2026-08-12 15:24] O:7769.25 H:7769.75 L:7769.00 C:7769.50 V:161.0
  📈 Trend: strong_bearish | 🌍 Regime: ranging
  🗺️  Grid: 0.080% | 🔺 7769.75 🔻 7769.00
  📡 RSI: 27.9 | MACD: -0.76 | ATR: 1.20
  📊 Filled: 0 | Pending: 0
  🕐 Outside session (15:24 CT) — no entries
  💰 Daily P&L: $+0.00

[2026-08-12 15:25] O:7769.50 H:7769.50 L:7768.50 C:7768.50 V:252.0
  📈 Trend: strong_bearish | 🌍 Regime: ranging
  🗺️  Grid: 0.080% | 🔺 7769.75 🔻 7769.00
  📡 RSI: 30.8 | MACD: -0.86 | ATR: 1.12
  📊 Filled: 0 | Pending: 0
  🕐 Outside session (15:25 CT) — no entries
  💰 Daily P&L: $+0.00

[2026-08-12 15:26] O:7768.50 H:7769.50 L:7768.00 C:7768.00 V:408.0
  📈 Trend: strong_bearish | 🌍 Regime: ranging
  🗺️  Grid: 0.080% | 🔺 7769.50 🔻 7768.50
  📡 RSI: 32.4 | MACD: -0.97 | ATR: 1.14
  📊 Filled: 0 | Pending: 0
  🕐 Outside session (15:26 CT) — no entries
  💰 Daily P&L: $+0.00

[2026-08-12 15:27] O:7768.00 H:7768.50 L:7767.50 C:7767.50 V:335.0
  📈 Trend: strong_bearish | 🌍 Regime: ranging
  🗺️  Grid: 0.080% | 🔺 7769.50 🔻 7768.00
  📡 RSI: 25.0 | MACD: -1.08 | ATR: 1.12
  📊 Filled: 0 | Pending: 0
  🕐 Outside session (15:27 CT) — no entries
  💰 Daily P&L: $+0.00

[2026-08-12 15:28] O:7767.50 H:7768.00 L:7767.00 C:7767.75 V:478.0
  📈 Trend: strong_bearish | 🌍 Regime: ranging
  🗺️  Grid: 0.080% | 🔺 7768.50 🔻 7767.50
  📡 RSI: 25.0 | MACD: -1.14 | ATR: 1.14
  📊 Filled: 0 | Pending: 0
  🕐 Outside session (15:28 CT) — no entries
  💰 Daily P&L: $+0.00

[2026-08-12 15:29] O:7767.75 H:7768.00 L:7767.50 C:7768.00 V:239.0
  📈 Trend: strong_bearish | 🌍 Regime: trending_bearish
  🗺️  Grid: 0.080% | 🔺 7768.00 🔻 7767.00
  📡 RSI: 22.9 | MACD: -1.15 | ATR: 1.12
  📊 Filled: 0 | Pending: 0
  🕐 Outside session (15:29 CT) — no entries
  💰 Daily P&L: $+0.00

[2026-08-12 15:30] O:7768.25 H:7768.25 L:7767.50 C:7767.75 V:251.0
  📈 Trend: strong_bearish | 🌍 Regime: trending_bearish
  🗺️  Grid: 0.080% | 🔺 7768.00 🔻 7767.50
  📡 RSI: 25.8 | MACD: -1.16 | ATR: 1.04
  📊 Filled: 0 | Pending: 0
  🕐 Outside session (15:30 CT) — no entries
  💰 Daily P&L: $+0.00

[2026-08-12 15:31] O:7767.75 H:7769.00 L:7767.50 C:7768.50 V:242.0
  📈 Trend: strong_bearish | 🌍 Regime: trending_bearish
  🗺️  Grid: 0.080% | 🔺 7768.25 🔻 7767.50
  📡 RSI: 36.7 | MACD: -1.10 | ATR: 1.04
  📊 Filled: 0 | Pending: 0
  🕐 Outside session (15:31 CT) — no entries
  💰 Daily P&L: $+0.00

[2026-08-12 15:32] O:7768.50 H:7768.50 L:7768.00 C:7768.00 V:179.0
  📈 Trend: strong_bearish | 🌍 Regime: trending_bearish
  🗺️  Grid: 0.080% | 🔺 7769.00 🔻 7767.50
  📡 RSI: 30.0 | MACD: -1.08 | ATR: 1.00
  📊 Filled: 0 | Pending: 0
  🕐 Outside session (15:32 CT) — no entries
  💰 Daily P&L: $+0.00

[2026-08-12 15:33] O:7768.00 H:7768.50 L:7767.75 C:7768.25 V:133.0
  📈 Trend: strong_bearish | 🌍 Regime: trending_bearish
  🗺️  Grid: 0.080% | 🔺 7768.50 🔻 7768.00
  📡 RSI: 38.5 | MACD: -1.04 | ATR: 0.91
  📊 Filled: 0 | Pending: 0
  🕐 Outside session (15:33 CT) — no entries
  💰 Daily P&L: $+0.00

[2026-08-12 15:34] O:7768.25 H:7768.50 L:7768.25 C:7768.50 V:122.0
  📈 Trend: strong_bearish | 🌍 Regime: trending_bearish
  🗺️  Grid: 0.080% | 🔺 7768.50 🔻 7767.75
  📡 RSI: 38.5 | MACD: -0.97 | ATR: 0.89
  📊 Filled: 0 | Pending: 0
  🕐 Outside session (15:34 CT) — no entries
  💰 Daily P&L: $+0.00

[2026-08-12 15:35] O:7768.25 H:7768.50 L:7767.25 C:7768.00 V:317.0
  📈 Trend: strong_bearish | 🌍 Regime: trending_bearish
  🗺️  Grid: 0.080% | 🔺 7768.50 🔻 7768.25
  📡 RSI: 33.3 | MACD: -0.94 | ATR: 0.93
  📊 Filled: 0 | Pending: 0
  🕐 Outside session (15:35 CT) — no entries
  💰 Daily P&L: $+0.00

[2026-08-12 15:36] O:7768.25 H:7768.75 L:7767.75 C:7768.25 V:307.0
  📈 Trend: strong_bearish | 🌍 Regime: trending_bearish
  🗺️  Grid: 0.080% | 🔺 7768.50 🔻 7767.25
  📡 RSI: 43.5 | MACD: -0.89 | ATR: 0.89
  📊 Filled: 0 | Pending: 0
  🕐 Outside session (15:36 CT) — no entries
  💰 Daily P&L: $+0.00

[2026-08-12 15:37] O:7768.25 H:7769.00 L:7768.25 C:7768.25 V:203.0
  📈 Trend: strong_bearish | 🌍 Regime: trending_bearish
  🗺️  Grid: 0.080% | 🔺 7768.75 🔻 7767.75
  📡 RSI: 40.9 | MACD: -0.84 | ATR: 0.89
  📊 Filled: 0 | Pending: 0
  🕐 Outside session (15:37 CT) — no entries
  💰 Daily P&L: $+0.00

[2026-08-12 15:38] O:7768.00 H:7768.00 L:7767.50 C:7768.00 V:162.0
  📈 Trend: strong_bearish | 🌍 Regime: trending_bearish
  🗺️  Grid: 0.080% | 🔺 7769.00 🔻 7768.25
  📡 RSI: 36.4 | MACD: -0.81 | ATR: 0.89
  📊 Filled: 0 | Pending: 0
  🕐 Outside session (15:38 CT) — no entries
  💰 Daily P&L: $+0.00

[2026-08-12 15:39] O:7768.00 H:7768.25 L:7767.75 C:7768.00 V:282.0
  📈 Trend: strong_bearish | 🌍 Regime: trending_bearish
  🗺️  Grid: 0.080% | 🔺 7768.00 🔻 7767.50
  📡 RSI: 44.4 | MACD: -0.78 | ATR: 0.86
  📊 Filled: 0 | Pending: 0
  🕐 Outside session (15:39 CT) — no entries
  💰 Daily P&L: $+0.00

[2026-08-12 15:40] O:7768.00 H:7768.25 L:7768.00 C:7768.25 V:66.0
  📈 Trend: strong_bearish | 🌍 Regime: trending_bearish
  🗺️  Grid: 0.080% | 🔺 7768.25 🔻 7767.75
  📡 RSI: 52.9 | MACD: -0.73 | ATR: 0.77
  📊 Filled: 0 | Pending: 0
  🕐 Outside session (15:40 CT) — no entries
  💰 Daily P&L: $+0.00

[2026-08-12 15:41] O:7768.25 H:7768.75 L:7768.00 C:7768.25 V:239.0
  📈 Trend: strong_bearish | 🌍 Regime: trending_bearish
  🗺️  Grid: 0.080% | 🔺 7768.25 🔻 7768.00
  📡 RSI: 60.0 | MACD: -0.68 | ATR: 0.75
  📊 Filled: 0 | Pending: 0
  🕐 Outside session (15:41 CT) — no entries
  💰 Daily P&L: $+0.00

[2026-08-12 15:42] O:7768.25 H:7768.25 L:7768.00 C:7768.25 V:104.0
  📈 Trend: strong_bearish | 🌍 Regime: trending_bearish
  🗺️  Grid: 0.080% | 🔺 7768.75 🔻 7768.00
  📡 RSI: 57.1 | MACD: -0.63 | ATR: 0.70
  📊 Filled: 0 | Pending: 0
  🕐 Outside session (15:42 CT) — no entries
  💰 Daily P&L: $+0.00

[2026-08-12 15:43] O:7768.25 H:7768.50 L:7768.00 C:7768.25 V:103.0
  📈 Trend: strong_bearish | 🌍 Regime: trending_bearish
  🗺️  Grid: 0.080% | 🔺 7768.25 🔻 7768.00
  📡 RSI: 53.8 | MACD: -0.58 | ATR: 0.70
  📊 Filled: 0 | Pending: 0
  🕐 Outside session (15:43 CT) — no entries
  💰 Daily P&L: $+0.00

[2026-08-12 15:44] O:7768.25 H:7768.50 L:7768.00 C:7768.00 V:103.0
  📈 Trend: strong_bearish | 🌍 Regime: trending_bearish
  🗺️  Grid: 0.080% | 🔺 7768.50 🔻 7768.00
  📡 RSI: 53.8 | MACD: -0.56 | ATR: 0.68
  📊 Filled: 0 | Pending: 0
  🕐 Outside session (15:44 CT) — no entries
  💰 Daily P&L: $+0.00

[2026-08-12 15:45] O:7768.25 H:7768.50 L:7767.75 C:7767.75 V:182.0
  📈 Trend: strong_bearish | 🌍 Regime: trending_bearish
  🗺️  Grid: 0.080% | 🔺 7768.50 🔻 7768.00
  📡 RSI: 36.4 | MACD: -0.56 | ATR: 0.62
  📊 Filled: 0 | Pending: 0
  🕐 Outside session (15:45 CT) — no entries
  💰 Daily P&L: $+0.00

[2026-08-12 15:46] O:7768.00 H:7768.25 L:7767.50 C:7768.00 V:150.0
  📈 Trend: strong_bearish (raw: moderate_bearish) | 🌍 Regime: trending_bearish
  🗺️  Grid: 0.080% | 🔺 7768.50 🔻 7767.75
  📡 RSI: 50.0 | MACD: -0.53 | ATR: 0.64
  📊 Filled: 0 | Pending: 0
  🕐 Outside session (15:46 CT) — no entries
  💰 Daily P&L: $+0.00

[2026-08-12 15:47] O:7768.00 H:7768.50 L:7767.50 C:7767.50 V:383.0
  📈 Trend: strong_bearish | 🌍 Regime: trending_bearish
  🗺️  Grid: 0.080% | 🔺 7768.25 🔻 7767.50
  📡 RSI: 36.4 | MACD: -0.54 | ATR: 0.66
  📊 Filled: 0 | Pending: 0
  🕐 Outside session (15:47 CT) — no entries
  💰 Daily P&L: $+0.00

[2026-08-12 15:48] O:7767.75 H:7768.00 L:7767.25 C:7767.25 V:259.0
  📈 Trend: strong_bearish | 🌍 Regime: trending_bearish
  🗺️  Grid: 0.080% | 🔺 7768.50 🔻 7767.50
  📡 RSI: 27.3 | MACD: -0.57 | ATR: 0.70
  📊 Filled: 0 | Pending: 0
  🕐 Outside session (15:48 CT) — no entries
  💰 Daily P&L: $+0.00

[2026-08-12 15:49] O:7767.75 H:7767.75 L:7767.00 C:7767.25 V:227.0
  📈 Trend: strong_bearish | 🌍 Regime: trending_bearish
  🗺️  Grid: 0.080% | 🔺 7768.00 🔻 7767.25
  📡 RSI: 33.3 | MACD: -0.58 | ATR: 0.66
  📊 Filled: 0 | Pending: 0
  🕐 Outside session (15:49 CT) — no entries
  💰 Daily P&L: $+0.00

[2026-08-12 15:50] O:7767.50 H:7768.00 L:7767.25 C:7768.00 V:193.0
  📈 Trend: strong_bearish | 🌍 Regime: trending_bearish
  🗺️  Grid: 0.080% | 🔺 7767.75 🔻 7767.00
  📡 RSI: 45.5 | MACD: -0.52 | ATR: 0.64
  📊 Filled: 0 | Pending: 0
  🕐 Outside session (15:50 CT) — no entries
  💰 Daily P&L: $+0.00

[2026-08-12 15:51] O:7768.00 H:7768.75 L:7768.00 C:7768.25 V:269.0
  📈 Trend: strong_bearish (raw: moderate_bearish) | 🌍 Regime: trending_bearish
  🗺️  Grid: 0.080% | 🔺 7768.00 🔻 7767.25
  📡 RSI: 50.0 | MACD: -0.45 | ATR: 0.64
  📊 Filled: 0 | Pending: 0
  🕐 Outside session (15:51 CT) — no entries
  💰 Daily P&L: $+0.00

[2026-08-12 15:52] O:7768.50 H:7769.00 L:7768.25 C:7768.25 V:145.0
  📈 Trend: strong_bearish | 🌍 Regime: ranging
  🗺️  Grid: 0.080% | 🔺 7768.75 🔻 7768.00
  📡 RSI: 54.5 | MACD: -0.39 | ATR: 0.64
  📊 Filled: 0 | Pending: 0
  🕐 Outside session (15:52 CT) — no entries
  💰 Daily P&L: $+0.00

[2026-08-12 15:53] O:7768.50 H:7768.50 L:7767.75 C:7768.00 V:185.0
  📈 Trend: strong_bearish | 🌍 Regime: ranging
  🗺️  Grid: 0.080% | 🔺 7769.00 🔻 7768.25
  📡 RSI: 50.0 | MACD: -0.36 | ATR: 0.66
  📊 Filled: 0 | Pending: 0
  🕐 Outside session (15:53 CT) — no entries
  💰 Daily P&L: $+0.00

[2026-08-12 15:54] O:7768.25 H:7768.25 L:7767.50 C:7767.50 V:161.0
  📈 Trend: strong_bearish | 🌍 Regime: ranging
  🗺️  Grid: 0.080% | 🔺 7768.50 🔻 7767.75
  📡 RSI: 38.5 | MACD: -0.37 | ATR: 0.70
  📊 Filled: 0 | Pending: 0
  🕐 Outside session (15:54 CT) — no entries
  💰 Daily P&L: $+0.00

[2026-08-12 15:55] O:7767.50 H:7768.00 L:7767.25 C:7767.50 V:89.0
  📈 Trend: strong_bearish | 🌍 Regime: ranging
  🗺️  Grid: 0.080% | 🔺 7768.25 🔻 7767.50
  📡 RSI: 38.5 | MACD: -0.37 | ATR: 0.70
  📊 Filled: 0 | Pending: 0
  🕐 Outside session (15:55 CT) — no entries
  💰 Daily P&L: $+0.00

[2026-08-12 15:56] O:7767.75 H:7768.00 L:7767.00 C:7767.00 V:170.0
  📈 Trend: strong_bearish | 🌍 Regime: ranging
  🗺️  Grid: 0.080% | 🔺 7768.00 🔻 7767.25
  📡 RSI: 33.3 | MACD: -0.41 | ATR: 0.75
  📊 Filled: 0 | Pending: 0
  🕐 Outside session (15:56 CT) — no entries
  💰 Daily P&L: $+0.00

[2026-08-12 15:57] O:7767.25 H:7767.25 L:7766.75 C:7767.00 V:127.0
  📈 Trend: strong_bearish | 🌍 Regime: ranging
  🗺️  Grid: 0.080% | 🔺 7768.00 🔻 7767.00
  📡 RSI: 33.3 | MACD: -0.44 | ATR: 0.75
  📊 Filled: 0 | Pending: 0
  🕐 Outside session (15:57 CT) — no entries
  💰 Daily P&L: $+0.00

[2026-08-12 15:58] O:7767.00 H:7767.25 L:7766.50 C:7766.50 V:144.0
  📈 Trend: strong_bearish | 🌍 Regime: ranging
  🗺️  Grid: 0.080% | 🔺 7767.25 🔻 7766.75
  📡 RSI: 31.2 | MACD: -0.49 | ATR: 0.77
  📊 Filled: 0 | Pending: 0
  🕐 Outside session (15:58 CT) — no entries
  💰 Daily P&L: $+0.00
→ Real-time bars cancelled
✓ Disconnected from IBKR
