Logging to: es_bot_20260810_092954.log

============================================================
📈 MODE: SCALP
   • 10 contract(s) max
   • Grid entries only
   • Trailing stop enabled
   • SL: ~8 pts | TP: ~12 pts | Trail activates: +6 pts
   • Best for: Normal sessions, choppy/ranging opens
============================================================
✓ Connected to IBKR (paper) - clientId=10
✓ Front-month contract: ESU6 expiry=20260918

============================================================
Loading historical data for indicator warm-up...
============================================================
→ Fetching historical bars (1 D, 1 min)...
✓ Loaded 930 historical bars

Processing 930 historical bars...

Indicators ready!
  Bars loaded: 930
  Last price: 7772.00
  Trend: strong_bearish
  RSI: 41.3
  ATR: 1.89
  MACD: -1.00 / Signal: -0.54
  MA: 7774.50 / 7774.30 / 7781.31

------------------------------------------------------------
Account Value: $1,007,929.80
Buying Power: $4,030,369.20
Current Position: 0 contracts
------------------------------------------------------------

============================================================
Starting live 1-minute bar stream...
Strategy is now ACTIVE (SCALP mode)
============================================================

→ Subscribed to 5-second real-time bars (aggregating to 1 min)

[2026-08-10 08:29] O:7772.00 H:7773.00 L:7771.75 C:7772.75 V:665.0
  📈 Trend: sideways (raw: strong_bearish) | 🌍 Regime: trending_bearish
  🗺️  Grid: 0.080% | 🔺 7772.25 🔻 7770.75
  📡 RSI: 41.3 | MACD: -0.94 | ATR: 1.86
  📊 Filled: 0 | Pending: 0
  🕐 Outside session (08:29 CT) — no entries
  💰 Daily P&L: $+0.00

[2026-08-10 08:30] O:7773.00 H:7780.75 L:7772.25 C:7780.25 V:11499.0
  📈 Trend: sideways (raw: moderate_bullish) | 🌍 Regime: trending_bullish
  🗺️  Grid: 0.080% | 🔺 7773.00 🔻 7771.75
  📡 RSI: 58.0 | MACD: -0.29 | ATR: 2.30
  📊 Filled: 0 | Pending: 0
  🕐 Outside session (08:30 CT) — no entries
  💰 Daily P&L: $+0.00

[2026-08-10 08:31] O:7780.00 H:7782.00 L:7778.00 C:7781.25 V:4899.0
  📈 Trend: sideways (raw: strong_bullish) | 🌍 Regime: trending_bullish
  🗺️  Grid: 0.080% | 🔺 7780.75 🔻 7772.25
  📡 RSI: 62.5 | MACD: 0.31 | ATR: 2.50
  📊 Filled: 0 | Pending: 0
  🕐 Outside session (08:31 CT) — no entries
  💰 Daily P&L: $+0.00

[2026-08-10 08:32] O:7781.00 H:7782.75 L:7779.75 C:7781.00 V:4054.0
  📈 Trend: strong_bullish | 🌍 Regime: trending_bullish
  🗺️  Grid: 0.080% | 🔺 7782.00 🔻 7778.00
  📡 RSI: 61.8 | MACD: 0.75 | ATR: 2.66
  📊 Filled: 0 | Pending: 0
  🕐 Outside session (08:32 CT) — no entries
  💰 Daily P&L: $+0.00

[2026-08-10 08:33] O:7780.75 H:7783.50 L:7779.50 C:7779.50 V:3137.0
  📈 Trend: strong_bullish | 🌍 Regime: trending_bullish
  🗺️  Grid: 0.080% | 🔺 7782.75 🔻 7779.75
  📡 RSI: 59.1 | MACD: 0.97 | ATR: 2.84
  📊 Filled: 0 | Pending: 0
  🕐 Outside session (08:33 CT) — no entries
  💰 Daily P&L: $+0.00

[2026-08-10 08:34] O:7779.50 H:7779.50 L:7772.00 C:7772.75 V:5347.0
  📈 Trend: strong_bullish (raw: moderate_bullish) | 🌍 Regime: ranging
  🗺️  Grid: 0.080% | 🔺 7783.50 🔻 7779.50
  📡 RSI: 45.8 | MACD: 0.59 | ATR: 3.32
  📊 Filled: 0 | Pending: 0
  🕐 Outside session (08:34 CT) — no entries
  💰 Daily P&L: $+0.00

[2026-08-10 08:35] O:7772.75 H:7775.75 L:7771.25 C:7774.75 V:6693.0
  📈 Trend: moderate_bullish | 🌍 Regime: ranging
  🗺️  Grid: 0.080% | 🔺 7779.50 🔻 7772.00
  📡 RSI: 55.3 | MACD: 0.45 | ATR: 3.36
  📊 Filled: 0 | Pending: 0
  🕐 Outside session (08:35 CT) — no entries
  💰 Daily P&L: $+0.00

[2026-08-10 08:36] O:7774.75 H:7777.75 L:7773.75 C:7774.50 V:3797.0
  📈 Trend: moderate_bullish | 🌍 Regime: ranging
  🗺️  Grid: 0.080% | 🔺 7775.75 🔻 7771.25
  📡 RSI: 49.5 | MACD: 0.31 | ATR: 3.39
  📊 Filled: 0 | Pending: 0
  🕐 Outside session (08:36 CT) — no entries
  💰 Daily P&L: $+0.00

[2026-08-10 08:37] O:7774.50 H:7776.75 L:7773.25 C:7774.25 V:3720.0
  📈 Trend: moderate_bullish (raw: moderate_bearish) | 🌍 Regime: ranging
  🗺️  Grid: 0.080% | 🔺 7777.75 🔻 7773.75
  📡 RSI: 51.0 | MACD: 0.18 | ATR: 3.54
  📊 Filled: 0 | Pending: 0
  🕐 Outside session (08:37 CT) — no entries
  💰 Daily P&L: $+0.00

[2026-08-10 08:38] O:7774.50 H:7775.00 L:7772.00 C:7774.00 V:3087.0
  📈 Trend: moderate_bullish (raw: strong_bearish) | 🌍 Regime: ranging
  🗺️  Grid: 0.080% | 🔺 7776.75 🔻 7773.25
  📡 RSI: 53.1 | MACD: 0.06 | ATR: 3.57
  📊 Filled: 0 | Pending: 0
  🕐 Outside session (08:38 CT) — no entries
  💰 Daily P&L: $+0.00

[2026-08-10 08:39] O:7773.75 H:7774.75 L:7771.25 C:7774.50 V:3314.0
  📈 Trend: strong_bearish | 🌍 Regime: ranging
  🗺️  Grid: 0.080% | 🔺 7775.00 🔻 7772.00
  📡 RSI: 55.2 | MACD: -0.00 | ATR: 3.70
  📊 Filled: 0 | Pending: 0
  🕐 Outside session (08:39 CT) — no entries
  💰 Daily P&L: $+0.00

[2026-08-10 08:40] O:7774.75 H:7775.25 L:7771.75 C:7773.25 V:4095.0
  📈 Trend: strong_bearish | 🌍 Regime: ranging
  🗺️  Grid: 0.080% | 🔺 7774.75 🔻 7771.25
  📡 RSI: 55.8 | MACD: -0.15 | ATR: 3.82
  📊 Filled: 0 | Pending: 0
  🕐 Outside session (08:40 CT) — no entries
  💰 Daily P&L: $+0.00

[2026-08-10 08:41] O:7773.25 H:7776.75 L:7771.50 C:7776.25 V:3491.0
  📈 Trend: strong_bearish | 🌍 Regime: ranging
  🗺️  Grid: 0.080% | 🔺 7775.25 🔻 7771.75
  📡 RSI: 60.4 | MACD: -0.02 | ATR: 4.07
  📊 Filled: 0 | Pending: 0
  🕐 Outside session (08:41 CT) — no entries
  💰 Daily P&L: $+0.00

[2026-08-10 08:42] O:7776.50 H:7777.50 L:7775.00 C:7775.75 V:3112.0
  📈 Trend: strong_bearish (raw: moderate_bearish) | 🌍 Regime: ranging
  🗺️  Grid: 0.080% | 🔺 7776.75 🔻 7771.50
  📡 RSI: 57.3 | MACD: 0.04 | ATR: 4.14
  📊 Filled: 0 | Pending: 0
  🕐 Outside session (08:42 CT) — no entries
  💰 Daily P&L: $+0.00

[2026-08-10 08:43] O:7775.75 H:7777.00 L:7773.25 C:7776.50 V:2880.0
  📈 Trend: strong_bearish (raw: moderate_bullish) | 🌍 Regime: ranging
  🗺️  Grid: 0.080% | 🔺 7777.50 🔻 7775.00
  📡 RSI: 57.3 | MACD: 0.15 | ATR: 4.32
  📊 Filled: 0 | Pending: 0
  🕐 Outside session (08:43 CT) — no entries
  💰 Daily P&L: $+0.00

[2026-08-10 08:44] O:7776.50 H:7776.50 L:7772.75 C:7773.00 V:3726.0
  📈 Trend: strong_bearish | 🌍 Regime: ranging
  🗺️  Grid: 0.080% | 🔺 7777.00 🔻 7773.25
  📡 RSI: 33.3 | MACD: -0.05 | ATR: 3.98
  📊 Filled: 0 | Pending: 0
  🕐 Outside session (08:44 CT) — no entries
  💰 Daily P&L: $+0.00

[2026-08-10 08:45] O:7773.00 H:7777.50 L:7772.50 C:7774.75 V:3512.0
  📈 Trend: strong_bearish (raw: moderate_bullish) | 🌍 Regime: ranging
  🗺️  Grid: 0.080% | 🔺 7776.50 🔻 7772.75
  📡 RSI: 35.6 | MACD: -0.06 | ATR: 4.05
  📊 Filled: 0 | Pending: 0
  🔲 Regime: RANGING | Range pos: 29% | RSI: 35.6
  💰 Daily P&L: $+0.00

[2026-08-10 08:46] O:7774.50 H:7776.25 L:7773.75 C:7776.00 V:2878.0
  📈 Trend: moderate_bullish | 🌍 Regime: ranging
  🗺️  Grid: 0.080% | 🔺 7777.50 🔻 7772.50
  📡 RSI: 39.4 | MACD: 0.02 | ATR: 4.02
  📊 Filled: 0 | Pending: 0
  🔲 Regime: RANGING | Range pos: 39% | RSI: 39.4
  💰 Daily P&L: $+0.00

[2026-08-10 08:47] O:7775.75 H:7776.50 L:7774.00 C:7776.50 V:2224.0
  📈 Trend: moderate_bullish (raw: strong_bullish) | 🌍 Regime: ranging
  🗺️  Grid: 0.080% | 🔺 7776.25 🔻 7773.75
  📡 RSI: 43.3 | MACD: 0.13 | ATR: 3.91
  📊 Filled: 0 | Pending: 0
  🔲 Regime: RANGING | Range pos: 43% | RSI: 43.3
  💰 Daily P&L: $+0.00

[2026-08-10 08:48] O:7776.75 H:7777.00 L:7774.25 C:7776.50 V:1900.0
  📈 Trend: strong_bullish | 🌍 Regime: ranging
  🗺️  Grid: 0.080% | 🔺 7776.50 🔻 7774.00
  📡 RSI: 61.9 | MACD: 0.22 | ATR: 3.57
  📊 Filled: 0 | Pending: 0
  🔲 Regime: RANGING | Range pos: 43% | RSI: 61.9
  💰 Daily P&L: $+0.00

[2026-08-10 08:49] O:7776.50 H:7779.25 L:7776.25 C:7777.50 V:3379.0
  📈 Trend: strong_bullish (raw: moderate_bullish) | 🌍 Regime: ranging
  🗺️  Grid: 0.080% | 🔺 7777.00 🔻 7774.25
  📡 RSI: 59.3 | MACD: 0.36 | ATR: 3.46
  📊 Filled: 0 | Pending: 0
  🔲 Regime: RANGING | Range pos: 51% | RSI: 59.3
  💰 Daily P&L: $+0.00

[2026-08-10 08:50] O:7777.75 H:7781.00 L:7774.75 C:7775.50 V:6521.0
  📈 Trend: moderate_bullish | 🌍 Regime: ranging
  🗺️  Grid: 0.080% | 🔺 7779.25 🔻 7776.25
  📡 RSI: 53.0 | MACD: 0.31 | ATR: 3.62
  📊 Filled: 0 | Pending: 0
  🔲 Regime: RANGING | Range pos: 35% | RSI: 53.0
  💰 Daily P&L: $+0.00

[2026-08-10 08:51] O:7775.75 H:7776.75 L:7773.25 C:7774.00 V:2927.0
  📈 Trend: moderate_bullish (raw: moderate_bearish) | 🌍 Regime: ranging
  🗺️  Grid: 0.080% | 🔺 7781.00 🔻 7774.75
  📡 RSI: 49.3 | MACD: 0.15 | ATR: 3.62
  📊 Filled: 0 | Pending: 0
  🔲 Regime: RANGING | Range pos: 22% | RSI: 49.3
  💰 Daily P&L: $+0.00

[2026-08-10 08:52] O:7774.00 H:7776.50 L:7771.25 C:7776.25 V:4190.0
  📈 Trend: moderate_bullish (raw: strong_bearish) | 🌍 Regime: ranging
  🗺️  Grid: 0.080% | 🔺 7776.75 🔻 7773.25
  📡 RSI: 55.7 | MACD: 0.20 | ATR: 3.79
  📊 Filled: 0 | Pending: 0
  🔲 Regime: RANGING | Range pos: 41% | RSI: 55.7
  💰 Daily P&L: $+0.00

[2026-08-10 08:53] O:7776.25 H:7778.50 L:7774.25 C:7778.50 V:2957.0
  📈 Trend: moderate_bullish | 🌍 Regime: ranging
  🗺️  Grid: 0.080% | 🔺 7776.50 🔻 7771.25
  📡 RSI: 59.3 | MACD: 0.41 | ATR: 3.84
  📊 Filled: 0 | Pending: 0
  🔲 Regime: RANGING | Range pos: 59% | RSI: 59.3
  💰 Daily P&L: $+0.00

[2026-08-10 08:54] O:7778.50 H:7778.75 L:7776.50 C:7777.75 V:2232.0
  📈 Trend: moderate_bullish (raw: strong_bullish) | 🌍 Regime: ranging
  🗺️  Grid: 0.080% | 🔺 7778.50 🔻 7774.25
  📡 RSI: 60.7 | MACD: 0.52 | ATR: 3.75
  📊 Filled: 0 | Pending: 0
  🔲 Regime: RANGING | Range pos: 53% | RSI: 60.7
  💰 Daily P&L: $+0.00

[2026-08-10 08:55] O:7777.75 H:7779.75 L:7776.50 C:7777.00 V:2298.0
  📈 Trend: strong_bullish | 🌍 Regime: ranging
  🗺️  Grid: 0.080% | 🔺 7778.75 🔻 7776.50
  📡 RSI: 52.0 | MACD: 0.53 | ATR: 3.61
  📊 Filled: 0 | Pending: 0
  🔲 Regime: RANGING | Range pos: 47% | RSI: 52.0
  💰 Daily P&L: $+0.00

[2026-08-10 08:56] O:7776.75 H:7778.25 L:7776.50 C:7778.25 V:1828.0
  📈 Trend: strong_bullish | 🌍 Regime: ranging
  🗺️  Grid: 0.080% | 🔺 7779.75 🔻 7776.50
  📡 RSI: 56.4 | MACD: 0.64 | ATR: 3.55
  📊 Filled: 0 | Pending: 0
  🔲 Regime: RANGING | Range pos: 57% | RSI: 56.4
  💰 Daily P&L: $+0.00

[2026-08-10 08:57] O:7778.25 H:7781.00 L:7778.00 C:7779.75 V:2310.0
  📈 Trend: strong_bullish | 🌍 Regime: ranging
  🗺️  Grid: 0.080% | 🔺 7778.25 🔻 7776.50
  📡 RSI: 58.0 | MACD: 0.84 | ATR: 3.50
  📊 Filled: 0 | Pending: 0
  🔲 Regime: RANGING | Range pos: 69% | RSI: 58.0
  💰 Daily P&L: $+0.00

[2026-08-10 08:58] O:7779.75 H:7781.25 L:7779.25 C:7780.75 V:2273.0
  📈 Trend: strong_bullish | 🌍 Regime: ranging
  🗺️  Grid: 0.080% | 🔺 7781.00 🔻 7778.00
  📡 RSI: 71.8 | MACD: 1.06 | ATR: 3.38
  📊 Filled: 0 | Pending: 0
  🔲 Regime: RANGING | Range pos: 78% | RSI: 71.8
  🚫 Short blocked: price 7780.75 is 9.5 pts above session low 7771.25 (limit: 10.0 pts, window: 2.0 hrs)
  💰 Daily P&L: $+0.00

[2026-08-10 08:59] O:7780.50 H:7781.75 L:7779.00 C:7780.75 V:2052.0
  📈 Trend: strong_bullish | 🌍 Regime: ranging
  🗺️  Grid: 0.080% | 🔺 7781.25 🔻 7779.25
  📡 RSI: 68.8 | MACD: 1.22 | ATR: 3.21
  📊 Filled: 0 | Pending: 0
  🔲 Regime: RANGING | Range pos: 78% | RSI: 68.8
  💰 Daily P&L: $+0.00

[2026-08-10 09:00] O:7780.75 H:7784.00 L:7780.25 C:7781.50 V:6398.0
  📈 Trend: strong_bullish | 🌍 Regime: ranging
  🗺️  Grid: 0.080% | 🔺 7781.75 🔻 7779.00
  📡 RSI: 67.7 | MACD: 1.40 | ATR: 3.30
  📊 Filled: 0 | Pending: 0
  🔲 Regime: RANGING | Range pos: 80% | RSI: 67.7
  💰 Daily P&L: $+0.00

[2026-08-10 09:01] O:7781.50 H:7783.75 L:7780.25 C:7783.75 V:2792.0
  📈 Trend: strong_bullish | 🌍 Regime: ranging
  🗺️  Grid: 0.080% | 🔺 7784.00 🔻 7780.25
  📡 RSI: 71.0 | MACD: 1.70 | ATR: 3.38
  📊 Filled: 0 | Pending: 0
  🔲 Regime: RANGING | Range pos: 98% | RSI: 71.0
  🚫 Raw trend blocks RANGING SHORT | raw: strong_bullish
  💰 Daily P&L: $+0.00

[2026-08-10 09:02] O:7783.75 H:7784.25 L:7782.75 C:7783.50 V:2300.0
  📈 Trend: strong_bullish | 🌍 Regime: ranging
  🗺️  Grid: 0.080% | 🔺 7783.75 🔻 7780.25
  📡 RSI: 70.0 | MACD: 1.89 | ATR: 3.29
  📊 Filled: 0 | Pending: 0
  🔲 Regime: RANGING | Range pos: 94% | RSI: 70.0
  💰 Daily P&L: $+0.00

[2026-08-10 09:03] O:7783.50 H:7783.75 L:7782.00 C:7782.25 V:1896.0
  📈 Trend: strong_bullish | 🌍 Regime: ranging
  🗺️  Grid: 0.080% | 🔺 7784.25 🔻 7782.75
  📡 RSI: 63.4 | MACD: 1.92 | ATR: 3.20
  📊 Filled: 0 | Pending: 0
  🔲 Regime: RANGING | Range pos: 85% | RSI: 63.4
  💰 Daily P&L: $+0.00

[2026-08-10 09:04] O:7782.25 H:7785.00 L:7782.00 C:7783.25 V:2560.0
  📈 Trend: strong_bullish | 🌍 Regime: ranging
  🗺️  Grid: 0.080% | 🔺 7783.75 🔻 7782.00
  📡 RSI: 73.1 | MACD: 2.01 | ATR: 2.96
  📊 Filled: 0 | Pending: 0
  🔲 Regime: RANGING | Range pos: 87% | RSI: 73.1
  🚫 Raw trend blocks RANGING SHORT | raw: strong_bullish
  💰 Daily P&L: $+0.00

[2026-08-10 09:05] O:7783.50 H:7784.25 L:7782.25 C:7783.50 V:2502.0
  📈 Trend: strong_bullish | 🌍 Regime: ranging
  🗺️  Grid: 0.080% | 🔺 7785.00 🔻 7782.00
  📡 RSI: 80.6 | MACD: 2.07 | ATR: 2.86
  📊 Filled: 0 | Pending: 0
  🔲 Regime: RANGING | Range pos: 89% | RSI: 80.6
  🚫 Raw trend blocks RANGING SHORT | raw: strong_bullish
  💰 Daily P&L: $+0.00

[2026-08-10 09:06] O:7783.50 H:7785.25 L:7783.25 C:7784.25 V:1641.0
  📈 Trend: strong_bullish | 🌍 Regime: ranging
  🗺️  Grid: 0.080% | 🔺 7784.25 🔻 7782.25
  📡 RSI: 78.6 | MACD: 2.15 | ATR: 2.62
  📊 Filled: 0 | Pending: 0
  🔲 Regime: RANGING | Range pos: 93% | RSI: 78.6
  🚫 Raw trend blocks RANGING SHORT | raw: strong_bullish
  💰 Daily P&L: $+0.00

[2026-08-10 09:07] O:7784.25 H:7785.75 L:7783.50 C:7785.00 V:1616.0
  📈 Trend: strong_bullish | 🌍 Regime: ranging
  🗺️  Grid: 0.080% | 🔺 7785.25 🔻 7783.25
  📡 RSI: 76.0 | MACD: 2.25 | ATR: 2.48
  📊 Filled: 0 | Pending: 0
  🔲 Regime: RANGING | Range pos: 95% | RSI: 76.0
  🚫 Raw trend blocks RANGING SHORT | raw: strong_bullish
  💰 Daily P&L: $+0.00

[2026-08-10 09:08] O:7784.75 H:7785.75 L:7784.25 C:7784.75 V:1466.0
  📈 Trend: strong_bullish | 🌍 Regime: ranging
  🗺️  Grid: 0.080% | 🔺 7785.75 🔻 7783.50
  📡 RSI: 79.2 | MACD: 2.29 | ATR: 2.43
  📊 Filled: 0 | Pending: 0
  🔲 Regime: RANGING | Range pos: 93% | RSI: 79.2
  🚫 Raw trend blocks RANGING SHORT | raw: strong_bullish
  💰 Daily P&L: $+0.00

[2026-08-10 09:09] O:7784.75 H:7787.00 L:7784.25 C:7787.00 V:1708.0
  📈 Trend: strong_bullish | 🌍 Regime: ranging
  🗺️  Grid: 0.080% | 🔺 7785.75 🔻 7784.25
  📡 RSI: 87.0 | MACD: 2.47 | ATR: 2.39
  📊 Filled: 0 | Pending: 0
  🔲 Regime: RANGING | Range pos: 100% | RSI: 87.0
  🚫 Raw trend blocks RANGING SHORT | raw: strong_bullish
  💰 Daily P&L: $+0.00

[2026-08-10 09:10] O:7787.00 H:7788.75 L:7786.50 C:7788.00 V:2077.0
  📈 Trend: strong_bullish | 🌍 Regime: trending_bullish
  🗺️  Grid: 0.080% | 🔺 7787.00 🔻 7784.25
  📡 RSI: 86.8 | MACD: 2.66 | ATR: 2.43
  📊 Filled: 0 | Pending: 0
  💰 Daily P&L: $+0.00

[2026-08-10 09:11] O:7788.00 H:7788.50 L:7785.50 C:7786.00 V:1980.0
  📈 Trend: strong_bullish | 🌍 Regime: trending_bullish
  🗺️  Grid: 0.080% | 🔺 7788.75 🔻 7786.50
  📡 RSI: 72.7 | MACD: 2.62 | ATR: 2.43
  📊 Filled: 0 | Pending: 0
  💰 Daily P&L: $+0.00

[2026-08-10 09:12] O:7786.00 H:7788.25 L:7785.75 C:7787.75 V:1507.0
  📈 Trend: strong_bullish | 🌍 Regime: trending_bullish
  🗺️  Grid: 0.080% | 🔺 7788.50 🔻 7785.50
  📡 RSI: 74.1 | MACD: 2.70 | ATR: 2.46
  📊 Filled: 0 | Pending: 0
  💰 Daily P&L: $+0.00

[2026-08-10 09:13] O:7787.75 H:7789.50 L:7787.50 C:7788.50 V:1846.0
  📈 Trend: strong_bullish | 🌍 Regime: trending_bullish
  🗺️  Grid: 0.080% | 🔺 7788.25 🔻 7785.75
  📡 RSI: 75.4 | MACD: 2.79 | ATR: 2.41
  📊 Filled: 0 | Pending: 0
  💰 Daily P&L: $+0.00

[2026-08-10 09:14] O:7788.75 H:7789.00 L:7787.50 C:7789.00 V:1525.0
  📈 Trend: strong_bullish | 🌍 Regime: trending_bullish
  🗺️  Grid: 0.080% | 🔺 7789.50 🔻 7787.50
  📡 RSI: 75.0 | MACD: 2.87 | ATR: 2.25
  📊 Filled: 0 | Pending: 0
  💰 Daily P&L: $+0.00

[2026-08-10 09:15] O:7788.75 H:7790.25 L:7787.75 C:7788.75 V:2109.0
  📈 Trend: strong_bullish | 🌍 Regime: trending_bullish
  🗺️  Grid: 0.080% | 🔺 7789.00 🔻 7787.50
  📡 RSI: 69.2 | MACD: 2.88 | ATR: 2.18
  📊 Filled: 0 | Pending: 0
  💰 Daily P&L: $+0.00

[2026-08-10 09:16] O:7788.75 H:7789.25 L:7787.75 C:7789.00 V:1458.0
  📈 Trend: strong_bullish | 🌍 Regime: trending_bullish
  🗺️  Grid: 0.080% | 🔺 7790.25 🔻 7787.75
  📡 RSI: 71.2 | MACD: 2.88 | ATR: 2.18
  📊 Filled: 0 | Pending: 0
  💰 Daily P&L: $+0.00

[2026-08-10 09:17] O:7788.75 H:7788.75 L:7787.75 C:7788.00 V:1402.0
  📈 Trend: strong_bullish | 🌍 Regime: trending_bullish
  🗺️  Grid: 0.080% | 🔺 7789.25 🔻 7787.75
  📡 RSI: 72.5 | MACD: 2.76 | ATR: 2.14
  📊 Filled: 0 | Pending: 0
  💰 Daily P&L: $+0.00

[2026-08-10 09:18] O:7788.00 H:7788.25 L:7786.25 C:7787.25 V:2098.0
  📈 Trend: strong_bullish | 🌍 Regime: trending_bullish
  🗺️  Grid: 0.080% | 🔺 7788.75 🔻 7787.75
  📡 RSI: 66.0 | MACD: 2.58 | ATR: 2.07
  📊 Filled: 0 | Pending: 0
  💰 Daily P&L: $+0.00

[2026-08-10 09:19] O:7787.50 H:7790.00 L:7787.00 C:7789.50 V:1930.0
  📈 Trend: strong_bullish | 🌍 Regime: trending_bullish
  🗺️  Grid: 0.080% | 🔺 7788.25 🔻 7786.25
  📡 RSI: 70.7 | MACD: 2.58 | ATR: 2.14
  📊 Filled: 0 | Pending: 0
  💰 Daily P&L: $+0.00

[2026-08-10 09:20] O:7789.50 H:7790.50 L:7789.25 C:7789.75 V:1820.0
  📈 Trend: strong_bullish | 🌍 Regime: trending_bullish
  🗺️  Grid: 0.080% | 🔺 7790.00 🔻 7787.00
  📡 RSI: 69.6 | MACD: 2.58 | ATR: 2.09
  📊 Filled: 0 | Pending: 0
  💰 Daily P&L: $+0.00

[2026-08-10 09:21] O:7789.75 H:7791.00 L:7789.00 C:7789.75 V:2328.0
  📈 Trend: strong_bullish | 🌍 Regime: trending_bullish
  🗺️  Grid: 0.080% | 🔺 7790.50 🔻 7789.25
  📡 RSI: 67.9 | MACD: 2.55 | ATR: 2.07
  📊 Filled: 0 | Pending: 0
  💰 Daily P&L: $+0.00

[2026-08-10 09:22] O:7789.75 H:7789.75 L:7787.25 C:7787.75 V:2273.0
  📈 Trend: strong_bullish | 🌍 Regime: trending_bullish
  🗺️  Grid: 0.080% | 🔺 7791.00 🔻 7789.00
  📡 RSI: 60.0 | MACD: 2.33 | ATR: 2.14
  📊 Filled: 0 | Pending: 0
  💰 Daily P&L: $+0.00

[2026-08-10 09:23] O:7787.75 H:7788.50 L:7786.00 C:7786.75 V:1619.0
  📈 Trend: strong_bullish | 🌍 Regime: trending_bullish
  🗺️  Grid: 0.080% | 🔺 7789.75 🔻 7787.25
  📡 RSI: 49.1 | MACD: 2.06 | ATR: 2.12
  📊 Filled: 0 | Pending: 0
  💰 Daily P&L: $+0.00

[2026-08-10 09:24] O:7786.50 H:7787.00 L:7784.75 C:7786.25 V:2226.0
  📈 Trend: strong_bullish | 🌍 Regime: trending_bullish
  🗺️  Grid: 0.080% | 🔺 7788.50 🔻 7786.00
  📡 RSI: 43.4 | MACD: 1.78 | ATR: 2.12
  📊 Filled: 0 | Pending: 0
  💰 Daily P&L: $+0.00

[2026-08-10 09:25] O:7786.00 H:7789.00 L:7784.00 C:7788.75 V:2718.0
  📈 Trend: strong_bullish | 🌍 Regime: trending_bullish
  🗺️  Grid: 0.080% | 🔺 7787.00 🔻 7784.75
  📡 RSI: 60.0 | MACD: 1.74 | ATR: 2.27
  📊 Filled: 0 | Pending: 0
  💰 Daily P&L: $+0.00

[2026-08-10 09:26] O:7788.75 H:7789.50 L:7787.00 C:7788.25 V:2006.0
  📈 Trend: strong_bullish | 🌍 Regime: trending_bullish
  🗺️  Grid: 0.080% | 🔺 7789.00 🔻 7784.00
  📡 RSI: 52.0 | MACD: 1.65 | ATR: 2.27
  📊 Filled: 0 | Pending: 0
  💰 Daily P&L: $+0.00

[2026-08-10 09:27] O:7788.00 H:7789.50 L:7787.25 C:7788.50 V:1549.0
  📈 Trend: strong_bullish | 🌍 Regime: trending_bullish
  🗺️  Grid: 0.080% | 🔺 7789.50 🔻 7787.00
  📡 RSI: 50.0 | MACD: 1.58 | ATR: 2.29
  📊 Filled: 0 | Pending: 0
  💰 Daily P&L: $+0.00

[2026-08-10 09:28] O:7788.25 H:7789.25 L:7787.75 C:7789.25 V:1260.0
  📈 Trend: strong_bullish | 🌍 Regime: trending_bullish
  🗺️  Grid: 0.080% | 🔺 7789.50 🔻 7787.25
  📡 RSI: 51.0 | MACD: 1.57 | ATR: 2.29
  📊 Filled: 0 | Pending: 0
  💰 Daily P&L: $+0.00

[2026-08-10 09:29] O:7789.25 H:7791.25 L:7788.50 C:7790.25 V:2214.0
  📈 Trend: strong_bullish | 🌍 Regime: trending_bullish
  🗺️  Grid: 0.080% | 🔺 7789.25 🔻 7787.75
  📡 RSI: 55.8 | MACD: 1.62 | ATR: 2.30
  📊 Filled: 0 | Pending: 0
  💰 Daily P&L: $+0.00

[2026-08-10 09:30] O:7790.00 H:7791.50 L:7789.25 C:7791.00 V:2572.0
  📈 Trend: strong_bullish | 🌍 Regime: trending_bullish
  🗺️  Grid: 0.080% | 🔺 7791.25 🔻 7788.50
  📡 RSI: 57.4 | MACD: 1.70 | ATR: 2.36
  📊 Filled: 0 | Pending: 0
  💰 Daily P&L: $+0.00

[2026-08-10 09:31] O:7791.25 H:7793.50 L:7791.00 C:7792.50 V:3128.0
  📈 Trend: strong_bullish | 🌍 Regime: trending_bullish
  🗺️  Grid: 0.080% | 🔺 7791.50 🔻 7789.25
  📡 RSI: 66.1 | MACD: 1.87 | ATR: 2.45
  📊 Filled: 0 | Pending: 0
  💰 Daily P&L: $+0.00

[2026-08-10 09:32] O:7792.50 H:7793.00 L:7791.75 C:7792.75 V:1861.0
  📈 Trend: strong_bullish | 🌍 Regime: trending_bullish
  🗺️  Grid: 0.080% | 🔺 7793.50 🔻 7791.00
  📡 RSI: 70.4 | MACD: 2.00 | ATR: 2.39
  📊 Filled: 0 | Pending: 0
  💰 Daily P&L: $+0.00

[2026-08-10 09:33] O:7792.75 H:7792.75 L:7790.50 C:7791.25 V:1543.0
  📈 Trend: strong_bullish | 🌍 Regime: trending_bullish
  🗺️  Grid: 0.080% | 🔺 7793.00 🔻 7791.75
  📡 RSI: 56.9 | MACD: 1.95 | ATR: 2.34
  📊 Filled: 0 | Pending: 0
  💰 Daily P&L: $+0.00

[2026-08-10 09:34] O:7791.25 H:7791.25 L:7789.50 C:7790.00 V:2077.0
  📈 Trend: strong_bullish | 🌍 Regime: trending_bullish
  🗺️  Grid: 0.080% | 🔺 7792.75 🔻 7790.50
  📡 RSI: 50.9 | MACD: 1.80 | ATR: 2.38
  📊 Filled: 0 | Pending: 0
  💰 Daily P&L: $+0.00

[2026-08-10 09:35] O:7790.00 H:7792.75 L:7790.00 C:7791.25 V:1523.0
  📈 Trend: strong_bullish | 🌍 Regime: trending_bullish
  🗺️  Grid: 0.080% | 🔺 7791.25 🔻 7789.50
  📡 RSI: 55.0 | MACD: 1.76 | ATR: 2.43
  📊 Filled: 0 | Pending: 0
  💰 Daily P&L: $+0.00

[2026-08-10 09:36] O:7791.50 H:7792.00 L:7790.50 C:7790.75 V:1015.0
  📈 Trend: strong_bullish | 🌍 Regime: trending_bullish
  🗺️  Grid: 0.080% | 🔺 7792.75 🔻 7790.00
  📡 RSI: 61.1 | MACD: 1.66 | ATR: 2.36
  📊 Filled: 0 | Pending: 0
  💰 Daily P&L: $+0.00

[2026-08-10 09:37] O:7790.75 H:7792.75 L:7790.50 C:7792.50 V:1167.0
  📈 Trend: strong_bullish | 🌍 Regime: trending_bullish
  🗺️  Grid: 0.080% | 🔺 7792.00 🔻 7790.50
  📡 RSI: 70.2 | MACD: 1.71 | ATR: 2.34
  📊 Filled: 0 | Pending: 0
  💰 Daily P&L: $+0.00

[2026-08-10 09:38] O:7792.50 H:7792.75 L:7789.75 C:7789.75 V:1761.0
  📈 Trend: strong_bullish | 🌍 Regime: trending_bullish
  🗺️  Grid: 0.080% | 🔺 7792.75 🔻 7790.50
  📡 RSI: 60.6 | MACD: 1.51 | ATR: 2.39
  📊 Filled: 0 | Pending: 0
  💰 Daily P&L: $+0.00

[2026-08-10 09:39] O:7790.00 H:7790.75 L:7788.25 C:7790.00 V:2281.0
  📈 Trend: strong_bullish | 🌍 Regime: trending_bullish
  🗺️  Grid: 0.080% | 🔺 7792.75 🔻 7789.75
  📡 RSI: 54.4 | MACD: 1.35 | ATR: 2.21
  📊 Filled: 0 | Pending: 0
  💰 Daily P&L: $+0.00

[2026-08-10 09:40] O:7789.75 H:7792.00 L:7789.50 C:7791.00 V:1595.0
  📈 Trend: strong_bullish | 🌍 Regime: trending_bullish
  🗺️  Grid: 0.080% | 🔺 7790.75 🔻 7788.25
  📡 RSI: 59.3 | MACD: 1.30 | ATR: 2.21
  📊 Filled: 0 | Pending: 0
  💰 Daily P&L: $+0.00

[2026-08-10 09:41] O:7791.25 H:7792.00 L:7790.25 C:7790.75 V:1119.0
  📈 Trend: strong_bullish | 🌍 Regime: trending_bullish
  🗺️  Grid: 0.080% | 🔺 7792.00 🔻 7789.50
  📡 RSI: 57.6 | MACD: 1.22 | ATR: 2.18
  📊 Filled: 0 | Pending: 0
  💰 Daily P&L: $+0.00

[2026-08-10 09:42] O:7791.00 H:7792.75 L:7790.00 C:7792.50 V:1314.0
  📈 Trend: strong_bullish | 🌍 Regime: trending_bullish
  🗺️  Grid: 0.080% | 🔺 7792.00 🔻 7790.25
  📡 RSI: 60.3 | MACD: 1.28 | ATR: 2.27
  📊 Filled: 0 | Pending: 0
  💰 Daily P&L: $+0.00

[2026-08-10 09:43] O:7792.25 H:7792.75 L:7791.25 C:7792.25 V:922.0
  📈 Trend: strong_bullish | 🌍 Regime: trending_bullish
  🗺️  Grid: 0.080% | 🔺 7792.75 🔻 7790.00
  📡 RSI: 56.7 | MACD: 1.30 | ATR: 2.18
  📊 Filled: 0 | Pending: 0
  💰 Daily P&L: $+0.00

[2026-08-10 09:44] O:7792.50 H:7793.00 L:7791.25 C:7792.50 V:942.0
  📈 Trend: strong_bullish | 🌍 Regime: trending_bullish
  🗺️  Grid: 0.080% | 🔺 7792.75 🔻 7791.25
  📡 RSI: 55.2 | MACD: 1.31 | ATR: 2.14
  📊 Filled: 0 | Pending: 0
  💰 Daily P&L: $+0.00

[2026-08-10 09:45] O:7792.50 H:7796.00 L:7792.50 C:7796.00 V:2443.0
  📈 Trend: strong_bullish | 🌍 Regime: trending_bullish
  🗺️  Grid: 0.080% | 🔺 7793.00 🔻 7791.25
  📡 RSI: 60.6 | MACD: 1.59 | ATR: 2.21
  📊 Filled: 0 | Pending: 0
  💰 Daily P&L: $+0.00

[2026-08-10 09:46] O:7796.00 H:7796.00 L:7794.25 C:7795.25 V:2923.0
  📈 Trend: strong_bullish | 🌍 Regime: trending_bullish
  🗺️  Grid: 0.080% | 🔺 7796.00 🔻 7792.50
  📡 RSI: 57.4 | MACD: 1.73 | ATR: 2.25
  📊 Filled: 0 | Pending: 0
  💰 Daily P&L: $+0.00

[2026-08-10 09:47] O:7795.25 H:7798.00 L:7795.25 C:7796.00 V:2908.0
  📈 Trend: strong_bullish | 🌍 Regime: trending_bullish
  🗺️  Grid: 0.080% | 🔺 7796.00 🔻 7794.25
  📡 RSI: 64.6 | MACD: 1.88 | ATR: 2.29
  📊 Filled: 0 | Pending: 0
  💰 Daily P&L: $+0.00

[2026-08-10 09:48] O:7796.25 H:7797.00 L:7795.25 C:7795.75 V:1704.0
  📈 Trend: strong_bullish | 🌍 Regime: trending_bullish
  🗺️  Grid: 0.080% | 🔺 7798.00 🔻 7795.25
  📡 RSI: 68.9 | MACD: 1.96 | ATR: 2.29
  📊 Filled: 0 | Pending: 0
  💰 Daily P&L: $+0.00

[2026-08-10 09:49] O:7795.75 H:7796.75 L:7795.50 C:7795.50 V:1064.0
  📈 Trend: strong_bullish | 🌍 Regime: trending_bullish
  🗺️  Grid: 0.080% | 🔺 7797.00 🔻 7795.25
  📡 RSI: 64.9 | MACD: 1.97 | ATR: 2.18
  📊 Filled: 0 | Pending: 0
  💰 Daily P&L: $+0.00

[2026-08-10 09:50] O:7795.75 H:7796.25 L:7794.50 C:7794.75 V:1531.0
  📈 Trend: strong_bullish | 🌍 Regime: trending_bullish
  🗺️  Grid: 0.080% | 🔺 7796.75 🔻 7795.50
  📡 RSI: 63.8 | MACD: 1.90 | ATR: 2.20
  📊 Filled: 0 | Pending: 0
  💰 Daily P&L: $+0.00

[2026-08-10 09:51] O:7794.50 H:7795.00 L:7792.25 C:7792.50 V:1875.0
  📈 Trend: strong_bullish (raw: moderate_bullish) | 🌍 Regime: trending_bullish
  🗺️  Grid: 0.080% | 🔺 7796.25 🔻 7794.50
  📡 RSI: 50.0 | MACD: 1.65 | ATR: 2.23
  📊 Filled: 0 | Pending: 0
  💰 Daily P&L: $+0.00

[2026-08-10 09:52] O:7792.75 H:7793.00 L:7789.50 C:7789.75 V:2761.0
  📈 Trend: moderate_bullish | 🌍 Regime: trending_bullish
  🗺️  Grid: 0.080% | 🔺 7795.00 🔻 7792.25
  📡 RSI: 50.0 | MACD: 1.21 | ATR: 2.27
  📊 Filled: 0 | Pending: 0
  💰 Daily P&L: $+0.00

[2026-08-10 09:53] O:7790.00 H:7790.00 L:7785.50 C:7785.50 V:3815.0
  📈 Trend: moderate_bullish | 🌍 Regime: trending_bullish
  🗺️  Grid: 0.080% | 🔺 7793.00 🔻 7789.50
  📡 RSI: 38.2 | MACD: 0.51 | ATR: 2.41
  📊 Filled: 0 | Pending: 0
  💰 Daily P&L: $+0.00

[2026-08-10 09:54] O:7785.75 H:7786.75 L:7784.50 C:7785.25 V:4115.0
  📈 Trend: moderate_bullish | 🌍 Regime: trending_bullish
  🗺️  Grid: 0.080% | 🔺 7790.00 🔻 7785.50
  📡 RSI: 34.2 | MACD: -0.06 | ATR: 2.39
  📊 Filled: 0 | Pending: 0
  💰 Daily P&L: $+0.00

[2026-08-10 09:55] O:7785.00 H:7786.50 L:7784.00 C:7785.25 V:3524.0
  📈 Trend: moderate_bullish | 🌍 Regime: trending_bullish
  🗺️  Grid: 0.080% | 🔺 7786.75 🔻 7784.50
  📡 RSI: 34.7 | MACD: -0.50 | ATR: 2.45
  📊 Filled: 0 | Pending: 0
  💰 Daily P&L: $+0.00

[2026-08-10 09:56] O:7785.25 H:7787.50 L:7785.25 C:7786.50 V:3146.0
  📈 Trend: moderate_bullish | 🌍 Regime: trending_bullish
  🗺️  Grid: 0.080% | 🔺 7786.50 🔻 7784.00
  📡 RSI: 32.9 | MACD: -0.75 | ATR: 2.41
  📊 Filled: 0 | Pending: 0
  💰 Daily P&L: $+0.00

[2026-08-10 09:57] O:7786.50 H:7786.50 L:7784.25 C:7785.25 V:2657.0
  📈 Trend: moderate_bullish | 🌍 Regime: trending_bullish
  🗺️  Grid: 0.080% | 🔺 7787.50 🔻 7785.25
  📡 RSI: 31.1 | MACD: -1.03 | ATR: 2.46
  📊 Filled: 0 | Pending: 0
  💰 Daily P&L: $+0.00

[2026-08-10 09:58] O:7785.25 H:7786.00 L:7784.00 C:7784.50 V:2402.0
  📈 Trend: moderate_bullish | 🌍 Regime: trending_bullish
  🗺️  Grid: 0.080% | 🔺 7786.50 🔻 7784.25
  📡 RSI: 28.9 | MACD: -1.30 | ATR: 2.48
  📊 Filled: 0 | Pending: 0
  💰 Daily P&L: $+0.00

[2026-08-10 09:59] O:7784.50 H:7785.00 L:7781.25 C:7781.50 V:3536.0
  📈 Trend: moderate_bullish | 🌍 Regime: trending_bullish
  🗺️  Grid: 0.080% | 🔺 7786.00 🔻 7784.00
  📡 RSI: 10.8 | MACD: -1.74 | ATR: 2.50
  📊 Filled: 0 | Pending: 0
  💰 Daily P&L: $+0.00

[2026-08-10 10:00] O:7781.75 H:7783.00 L:7779.25 C:7779.75 V:4580.0
  📈 Trend: moderate_bullish | 🌍 Regime: trending_bullish
  🗺️  Grid: 0.080% | 🔺 7785.00 🔻 7781.25
  📡 RSI: 10.3 | MACD: -2.20 | ATR: 2.64
  📊 Filled: 0 | Pending: 0
  💰 Daily P&L: $+0.00

[2026-08-10 10:01] O:7779.75 H:7784.00 L:7779.50 C:7783.75 V:3287.0
  📈 Trend: moderate_bullish (raw: strong_bearish) | 🌍 Regime: trending_bearish
  🗺️  Grid: 0.080% | 🔺 7783.00 🔻 7779.25
  📡 RSI: 23.1 | MACD: -2.22 | ATR: 2.77
  📊 Filled: 0 | Pending: 0
  🚫 Raw trend blocks LONG | raw: strong_bearish
  💰 Daily P&L: $+0.00

[2026-08-10 10:02] O:7783.50 H:7784.75 L:7781.75 C:7783.25 V:2871.0
  📈 Trend: strong_bearish | 🌍 Regime: trending_bearish
  🗺️  Grid: 0.080% | 🔺 7784.00 🔻 7779.50
  📡 RSI: 22.8 | MACD: -2.24 | ATR: 2.86
  📊 Filled: 0 | Pending: 0
  💰 Daily P&L: $+0.00

[2026-08-10 10:03] O:7783.00 H:7786.00 L:7782.75 C:7784.75 V:2883.0
  📈 Trend: strong_bearish | 🌍 Regime: trending_bearish
  🗺️  Grid: 0.080% | 🔺 7784.75 🔻 7781.75
  📡 RSI: 27.8 | MACD: -2.12 | ATR: 3.00
  📊 Filled: 0 | Pending: 0
  💰 Daily P&L: $+0.00

[2026-08-10 10:04] O:7784.75 H:7786.00 L:7783.00 C:7783.75 V:1932.0
  📈 Trend: strong_bearish | 🌍 Regime: trending_bearish
  🗺️  Grid: 0.080% | 🔺 7786.00 🔻 7782.75
  📡 RSI: 27.6 | MACD: -2.08 | ATR: 3.09
  📊 Filled: 0 | Pending: 0
  💰 Daily P&L: $+0.00

[2026-08-10 10:05] O:7783.50 H:7786.25 L:7783.50 C:7786.00 V:2124.0
  📈 Trend: strong_bearish | 🌍 Regime: trending_bearish
  🗺️  Grid: 0.080% | 🔺 7786.00 🔻 7783.00
  📡 RSI: 36.7 | MACD: -1.84 | ATR: 3.09
  📊 Filled: 0 | Pending: 0
  💰 Daily P&L: $+0.00

[2026-08-10 10:06] O:7786.00 H:7786.50 L:7784.00 C:7785.25 V:1903.0
  📈 Trend: strong_bearish | 🌍 Regime: trending_bearish
  🗺️  Grid: 0.080% | 🔺 7786.25 🔻 7783.50
  📡 RSI: 40.0 | MACD: -1.70 | ATR: 3.02
  📊 Filled: 0 | Pending: 0
  💰 Daily P&L: $+0.00

[2026-08-10 10:07] O:7785.50 H:7786.75 L:7785.00 C:7785.75 V:1294.0
  📈 Trend: strong_bearish (raw: moderate_bearish) | 🌍 Regime: trending_bearish
  🗺️  Grid: 0.080% | 🔺 7786.50 🔻 7784.00
  📡 RSI: 50.7 | MACD: -1.53 | ATR: 2.82
  📊 Filled: 0 | Pending: 0
  💰 Daily P&L: $+0.00

[2026-08-10 10:08] O:7785.75 H:7786.50 L:7783.75 C:7783.75 V:1237.0
  📈 Trend: moderate_bearish | 🌍 Regime: trending_bearish
  🗺️  Grid: 0.080% | 🔺 7786.75 🔻 7785.00
  📡 RSI: 46.3 | MACD: -1.53 | ATR: 2.86
  📊 Filled: 0 | Pending: 0
  💰 Daily P&L: $+0.00

[2026-08-10 10:09] O:7784.00 H:7784.00 L:7782.00 C:7782.00 V:2131.0
  📈 Trend: moderate_bearish (raw: strong_bearish) | 🌍 Regime: ranging
  🗺️  Grid: 0.080% | 🔺 7786.50 🔻 7783.75
  📡 RSI: 42.7 | MACD: -1.66 | ATR: 2.82
  📊 Filled: 0 | Pending: 0
  🔲 Regime: RANGING | Range pos: 40% | RSI: 42.7
  💰 Daily P&L: $+0.00

[2026-08-10 10:10] O:7782.00 H:7783.25 L:7780.75 C:7782.75 V:2035.0
  📈 Trend: strong_bearish | 🌍 Regime: ranging
  🗺️  Grid: 0.080% | 🔺 7784.00 🔻 7782.00
  📡 RSI: 41.4 | MACD: -1.68 | ATR: 2.84
  📊 Filled: 0 | Pending: 0
  🔲 Regime: RANGING | Range pos: 43% | RSI: 41.4
  💰 Daily P&L: $+0.00

[2026-08-10 10:11] O:7782.75 H:7785.75 L:7782.50 C:7783.25 V:1811.0
  📈 Trend: strong_bearish | 🌍 Regime: trending_bearish
  🗺️  Grid: 0.080% | 🔺 7783.25 🔻 7780.75
  📡 RSI: 45.2 | MACD: -1.64 | ATR: 2.91
  📊 Filled: 0 | Pending: 0
  💰 Daily P&L: $+0.00

[2026-08-10 10:12] O:7783.25 H:7784.00 L:7781.50 C:7781.75 V:1521.0
  📈 Trend: strong_bearish | 🌍 Regime: trending_bearish
  🗺️  Grid: 0.080% | 🔺 7785.75 🔻 7782.50
  📡 RSI: 43.7 | MACD: -1.70 | ATR: 2.95
  📊 Filled: 0 | Pending: 0
  💰 Daily P&L: $+0.00

[2026-08-10 10:13] O:7781.75 H:7784.75 L:7781.50 C:7784.25 V:1105.0
  📈 Trend: strong_bearish (raw: moderate_bearish) | 🌍 Regime: ranging
  🗺️  Grid: 0.080% | 🔺 7784.00 🔻 7781.50
  📡 RSI: 56.5 | MACD: -1.54 | ATR: 2.91
  📊 Filled: 0 | Pending: 0
  🔲 Regime: RANGING | Range pos: 49% | RSI: 56.5
  💰 Daily P&L: $+0.00

[2026-08-10 10:14] O:7784.25 H:7785.00 L:7783.50 C:7784.75 V:1237.0
  📈 Trend: moderate_bearish | 🌍 Regime: ranging
  🗺️  Grid: 0.080% | 🔺 7784.75 🔻 7781.50
  📡 RSI: 62.5 | MACD: -1.35 | ATR: 2.75
  📊 Filled: 0 | Pending: 0
  🔲 Regime: RANGING | Range pos: 50% | RSI: 62.5
  💰 Daily P&L: $+0.00

[2026-08-10 10:15] O:7784.75 H:7788.25 L:7784.25 C:7788.25 V:2462.0
  📈 Trend: moderate_bearish (raw: moderate_bullish) | 🌍 Regime: ranging
  🗺️  Grid: 0.080% | 🔺 7785.00 🔻 7783.50
  📡 RSI: 61.5 | MACD: -0.91 | ATR: 2.71
  📊 Filled: 0 | Pending: 0
  🔲 Regime: RANGING | Range pos: 64% | RSI: 61.5
  💰 Daily P&L: $+0.00

[2026-08-10 10:16] O:7788.25 H:7788.50 L:7786.00 C:7786.50 V:2277.0
  📈 Trend: moderate_bullish | 🌍 Regime: ranging
  🗺️  Grid: 0.080% | 🔺 7788.25 🔻 7784.25
  📡 RSI: 57.8 | MACD: -0.69 | ATR: 2.68
  📊 Filled: 0 | Pending: 0
  🔲 Regime: RANGING | Range pos: 57% | RSI: 57.8
  💰 Daily P&L: $+0.00

[2026-08-10 10:17] O:7786.50 H:7787.00 L:7784.25 C:7786.00 V:1791.0
  📈 Trend: moderate_bullish | 🌍 Regime: ranging
  🗺️  Grid: 0.080% | 🔺 7788.50 🔻 7786.00
  📡 RSI: 53.2 | MACD: -0.56 | ATR: 2.64
  📊 Filled: 0 | Pending: 0
  🔲 Regime: RANGING | Range pos: 55% | RSI: 53.2
  💰 Daily P&L: $+0.00

[2026-08-10 10:18] O:7786.00 H:7786.50 L:7784.75 C:7785.25 V:1389.0
  📈 Trend: moderate_bullish | 🌍 Regime: ranging
  🗺️  Grid: 0.080% | 🔺 7787.00 🔻 7784.25
  📡 RSI: 53.8 | MACD: -0.50 | ATR: 2.55
  📊 Filled: 0 | Pending: 0
  🔲 Regime: RANGING | Range pos: 52% | RSI: 53.8
  💰 Daily P&L: $+0.00

[2026-08-10 10:19] O:7785.25 H:7786.75 L:7784.75 C:7785.75 V:1774.0
  📈 Trend: moderate_bullish | 🌍 Regime: ranging
  🗺️  Grid: 0.080% | 🔺 7786.50 🔻 7784.75
  📡 RSI: 49.3 | MACD: -0.41 | ATR: 2.50
  📊 Filled: 0 | Pending: 0
  🔲 Regime: RANGING | Range pos: 54% | RSI: 49.3
  💰 Daily P&L: $+0.00

[2026-08-10 10:20] O:7786.00 H:7787.50 L:7786.00 C:7786.75 V:1786.0
  📈 Trend: moderate_bullish | 🌍 Regime: ranging
  🗺️  Grid: 0.080% | 🔺 7786.75 🔻 7784.75
  📡 RSI: 54.2 | MACD: -0.26 | ATR: 2.45
  📊 Filled: 0 | Pending: 0
  🔲 Regime: RANGING | Range pos: 58% | RSI: 54.2
  💰 Daily P&L: $+0.00

[2026-08-10 10:21] O:7786.75 H:7787.00 L:7785.25 C:7786.50 V:1231.0
  📈 Trend: moderate_bullish | 🌍 Regime: ranging
  🗺️  Grid: 0.080% | 🔺 7787.50 🔻 7786.00
  📡 RSI: 52.1 | MACD: -0.16 | ATR: 2.45
  📊 Filled: 0 | Pending: 0
  🔲 Regime: RANGING | Range pos: 57% | RSI: 52.1
  💰 Daily P&L: $+0.00

[2026-08-10 10:22] O:7786.50 H:7786.75 L:7784.75 C:7785.75 V:1457.0
  📈 Trend: moderate_bullish | 🌍 Regime: ranging
  🗺️  Grid: 0.080% | 🔺 7787.00 🔻 7785.25
  📡 RSI: 56.1 | MACD: -0.13 | ATR: 2.39
  📊 Filled: 0 | Pending: 0
  🔲 Regime: RANGING | Range pos: 54% | RSI: 56.1
  💰 Daily P&L: $+0.00

[2026-08-10 10:23] O:7785.50 H:7787.25 L:7784.50 C:7786.50 V:1009.0
  📈 Trend: moderate_bullish | 🌍 Regime: ranging
  🗺️  Grid: 0.080% | 🔺 7786.75 🔻 7784.75
  📡 RSI: 64.5 | MACD: -0.05 | ATR: 2.45
  📊 Filled: 0 | Pending: 0
  🔲 Regime: RANGING | Range pos: 57% | RSI: 64.5
  💰 Daily P&L: $+0.00

[2026-08-10 10:24] O:7786.25 H:7786.25 L:7784.75 C:7785.75 V:932.0
  📈 Trend: moderate_bullish (raw: moderate_bearish) | 🌍 Regime: ranging
  🗺️  Grid: 0.080% | 🔺 7787.25 🔻 7784.50
  📡 RSI: 59.7 | MACD: -0.05 | ATR: 2.39
  📊 Filled: 0 | Pending: 0
  🔲 Regime: RANGING | Range pos: 54% | RSI: 59.7
  💰 Daily P&L: $+0.00

[2026-08-10 10:25] O:7785.75 H:7786.00 L:7781.75 C:7782.25 V:1850.0
  📈 Trend: moderate_bearish | 🌍 Regime: ranging
  🗺️  Grid: 0.080% | 🔺 7786.25 🔻 7784.75
  📡 RSI: 47.3 | MACD: -0.33 | ATR: 2.46
  📊 Filled: 0 | Pending: 0
  🔲 Regime: RANGING | Range pos: 41% | RSI: 47.3
  💰 Daily P&L: $+0.00

[2026-08-10 10:26] O:7782.25 H:7783.00 L:7780.75 C:7782.00 V:1836.0
  📈 Trend: moderate_bearish (raw: strong_bearish) | 🌍 Regime: ranging
  🗺️  Grid: 0.080% | 🔺 7786.00 🔻 7781.75
  📡 RSI: 50.7 | MACD: -0.56 | ATR: 2.45
  📊 Filled: 0 | Pending: 0
  🔲 Regime: RANGING | Range pos: 40% | RSI: 50.7
  💰 Daily P&L: $+0.00

[2026-08-10 10:27] O:7782.00 H:7784.50 L:7781.50 C:7784.00 V:1700.0
  📈 Trend: moderate_bearish (raw: moderate_bullish) | 🌍 Regime: ranging
  🗺️  Grid: 0.080% | 🔺 7783.00 🔻 7780.75
  📡 RSI: 49.3 | MACD: -0.58 | ATR: 2.43
  📊 Filled: 0 | Pending: 0
  🔲 Regime: RANGING | Range pos: 48% | RSI: 49.3
  💰 Daily P&L: $+0.00

[2026-08-10 10:28] O:7783.75 H:7784.75 L:7782.75 C:7783.75 V:1388.0
  📈 Trend: moderate_bullish | 🌍 Regime: ranging
  🗺️  Grid: 0.080% | 🔺 7784.50 🔻 7781.50
  📡 RSI: 47.0 | MACD: -0.60 | ATR: 2.46
  📊 Filled: 0 | Pending: 0
  🔲 Regime: RANGING | Range pos: 47% | RSI: 47.0
  💰 Daily P&L: $+0.00

[2026-08-10 10:29] O:7783.75 H:7785.00 L:7783.50 C:7784.25 V:1048.0
  📈 Trend: moderate_bullish | 🌍 Regime: ranging
  🗺️  Grid: 0.080% | 🔺 7784.75 🔻 7782.75
  📡 RSI: 35.2 | MACD: -0.58 | ATR: 2.29
  📊 Filled: 0 | Pending: 0
  🔲 Regime: RANGING | Range pos: 49% | RSI: 35.2
  💰 Daily P&L: $+0.00

[2026-08-10 10:30] O:7784.25 H:7785.50 L:7783.25 C:7784.25 V:1884.0
  📈 Trend: moderate_bullish | 🌍 Regime: ranging
  🗺️  Grid: 0.080% | 🔺 7785.00 🔻 7783.50
  📡 RSI: 40.4 | MACD: -0.55 | ATR: 2.27
  📊 Filled: 0 | Pending: 0
  🔲 Regime: RANGING | Range pos: 49% | RSI: 40.4
  💰 Daily P&L: $+0.00

[2026-08-10 10:31] O:7784.25 H:7784.50 L:7781.75 C:7783.00 V:2033.0
  📈 Trend: moderate_bullish | 🌍 Regime: ranging
  🗺️  Grid: 0.080% | 🔺 7785.50 🔻 7783.25
  📡 RSI: 38.0 | MACD: -0.62 | ATR: 2.27
  📊 Filled: 0 | Pending: 0
  🔲 Regime: RANGING | Range pos: 44% | RSI: 38.0
  💰 Daily P&L: $+0.00

[2026-08-10 10:32] O:7782.75 H:7782.75 L:7780.75 C:7782.50 V:1492.0
  📈 Trend: moderate_bullish (raw: strong_bearish) | 🌍 Regime: ranging
  🗺️  Grid: 0.080% | 🔺 7784.50 🔻 7781.75
  📡 RSI: 38.8 | MACD: -0.71 | ATR: 2.30
  📊 Filled: 0 | Pending: 0
  🔲 Regime: RANGING | Range pos: 42% | RSI: 38.8
  💰 Daily P&L: $+0.00

[2026-08-10 10:33] O:7782.50 H:7782.75 L:7781.50 C:7782.00 V:1843.0
  📈 Trend: strong_bearish | 🌍 Regime: ranging
  🗺️  Grid: 0.080% | 🔺 7782.75 🔻 7780.75
  📡 RSI: 34.7 | MACD: -0.81 | ATR: 2.25
  📊 Filled: 0 | Pending: 0
  🔲 Regime: RANGING | Range pos: 40% | RSI: 34.7
  💰 Daily P&L: $+0.00

[2026-08-10 10:34] O:7782.00 H:7782.25 L:7780.00 C:7780.75 V:2062.0
  📈 Trend: strong_bearish | 🌍 Regime: ranging
  🗺️  Grid: 0.080% | 🔺 7782.75 🔻 7781.50
  📡 RSI: 26.0 | MACD: -0.98 | ATR: 2.29
  📊 Filled: 0 | Pending: 0
  🔲 Regime: RANGING | Range pos: 36% | RSI: 26.0
  💰 Daily P&L: $+0.00

[2026-08-10 10:35] O:7780.75 H:7782.50 L:7778.50 C:7781.25 V:2521.0
  📈 Trend: strong_bearish | 🌍 Regime: ranging
  🗺️  Grid: 0.080% | 🔺 7782.25 🔻 7780.00
  📡 RSI: 29.4 | MACD: -1.07 | ATR: 2.45
  📊 Filled: 0 | Pending: 0
  🔲 Regime: RANGING | Range pos: 37% | RSI: 29.4
  💰 Daily P&L: $+0.00

[2026-08-10 10:36] O:7781.00 H:7781.75 L:7779.00 C:7779.25 V:1388.0
  📈 Trend: strong_bearish | 🌍 Regime: ranging
  🗺️  Grid: 0.080% | 🔺 7782.50 🔻 7778.50
  📡 RSI: 26.8 | MACD: -1.28 | ATR: 2.50
  📊 Filled: 0 | Pending: 0
  🔲 Regime: RANGING | Range pos: 30% | RSI: 26.8
  🚫 Raw trend blocks RANGING LONG | raw: strong_bearish
  💰 Daily P&L: $+0.00

[2026-08-10 10:37] O:7779.00 H:7780.00 L:7778.50 C:7780.00 V:1553.0
  📈 Trend: strong_bearish | 🌍 Regime: ranging
  🗺️  Grid: 0.080% | 🔺 7781.75 🔻 7779.00
  📡 RSI: 26.8 | MACD: -1.37 | ATR: 2.41
  📊 Filled: 0 | Pending: 0
  🔲 Regime: RANGING | Range pos: 33% | RSI: 26.8
  💰 Daily P&L: $+0.00

[2026-08-10 10:38] O:7780.00 H:7780.50 L:7779.00 C:7780.00 V:1002.0
  📈 Trend: strong_bearish | 🌍 Regime: ranging
  🗺️  Grid: 0.080% | 🔺 7780.00 🔻 7778.50
  📡 RSI: 28.3 | MACD: -1.42 | ATR: 2.39
  📊 Filled: 0 | Pending: 0
  🔲 Regime: RANGING | Range pos: 33% | RSI: 28.3
  💰 Daily P&L: $+0.00

[2026-08-10 10:39] O:7779.75 H:7780.50 L:7779.00 C:7779.00 V:1204.0
  📈 Trend: strong_bearish | 🌍 Regime: ranging
  🗺️  Grid: 0.080% | 🔺 7780.50 🔻 7779.00
  📡 RSI: 34.9 | MACD: -1.53 | ATR: 2.20
  📊 Filled: 0 | Pending: 0
  🔲 Regime: RANGING | Range pos: 29% | RSI: 34.9
  🚫 Raw trend blocks RANGING LONG | raw: strong_bearish
  💰 Daily P&L: $+0.00

[2026-08-10 10:40] O:7779.25 H:7782.00 L:7778.00 C:7781.25 V:2002.0
  📈 Trend: strong_bearish | 🌍 Regime: ranging
  🗺️  Grid: 0.080% | 🔺 7780.50 🔻 7779.00
  📡 RSI: 47.1 | MACD: -1.42 | ATR: 2.32
  📊 Filled: 0 | Pending: 0
  🔲 Regime: RANGING | Range pos: 37% | RSI: 47.1
  💰 Daily P&L: $+0.00

[2026-08-10 10:41] O:7781.50 H:7782.50 L:7780.75 C:7782.25 V:1217.0
  📈 Trend: strong_bearish | 🌍 Regime: ranging
  🗺️  Grid: 0.080% | 🔺 7782.00 🔻 7778.00
  📡 RSI: 42.6 | MACD: -1.24 | ATR: 2.23
  📊 Filled: 0 | Pending: 0
  🔲 Regime: RANGING | Range pos: 41% | RSI: 42.6
  💰 Daily P&L: $+0.00

[2026-08-10 10:42] O:7782.50 H:7783.00 L:7780.75 C:7780.75 V:1024.0
  📈 Trend: strong_bearish (raw: moderate_bearish) | 🌍 Regime: ranging
  🗺️  Grid: 0.080% | 🔺 7782.50 🔻 7780.75
  📡 RSI: 38.5 | MACD: -1.20 | ATR: 2.25
  📊 Filled: 0 | Pending: 0
  🔲 Regime: RANGING | Range pos: 36% | RSI: 38.5
  💰 Daily P&L: $+0.00

[2026-08-10 10:43] O:7780.75 H:7783.00 L:7780.25 C:7783.00 V:1027.0
  📈 Trend: moderate_bearish | 🌍 Regime: ranging
  🗺️  Grid: 0.080% | 🔺 7783.00 🔻 7780.75
  📡 RSI: 45.8 | MACD: -0.97 | ATR: 2.34
  📊 Filled: 0 | Pending: 0
  🔲 Regime: RANGING | Range pos: 44% | RSI: 45.8
  💰 Daily P&L: $+0.00

[2026-08-10 10:44] O:7783.00 H:7784.75 L:7782.50 C:7784.50 V:1531.0
  📈 Trend: moderate_bearish (raw: moderate_bullish) | 🌍 Regime: ranging
  🗺️  Grid: 0.080% | 🔺 7783.00 🔻 7780.25
  📡 RSI: 50.8 | MACD: -0.67 | ATR: 2.34
  📊 Filled: 0 | Pending: 0
  🔲 Regime: RANGING | Range pos: 50% | RSI: 50.8
  💰 Daily P&L: $+0.00

[2026-08-10 10:45] O:7784.50 H:7785.25 L:7783.75 C:7784.25 V:1465.0
  📈 Trend: moderate_bullish | 🌍 Regime: ranging
  🗺️  Grid: 0.080% | 🔺 7784.75 🔻 7782.50
  📡 RSI: 54.1 | MACD: -0.44 | ATR: 2.25
  📊 Filled: 0 | Pending: 0
  🔲 Regime: RANGING | Range pos: 49% | RSI: 54.1
  💰 Daily P&L: $+0.00

[2026-08-10 10:46] O:7784.25 H:7784.25 L:7782.75 C:7782.75 V:1458.0
  📈 Trend: moderate_bullish (raw: moderate_bearish) | 🌍 Regime: ranging
  🗺️  Grid: 0.080% | 🔺 7785.25 🔻 7783.75
  📡 RSI: 50.8 | MACD: -0.38 | ATR: 2.20
  📊 Filled: 0 | Pending: 0
  🔲 Regime: RANGING | Range pos: 43% | RSI: 50.8
  💰 Daily P&L: $+0.00

[2026-08-10 10:47] O:7782.75 H:7784.00 L:7782.00 C:7782.25 V:802.0
  📈 Trend: moderate_bearish | 🌍 Regime: ranging
  🗺️  Grid: 0.080% | 🔺 7784.25 🔻 7782.75
  📡 RSI: 50.8 | MACD: -0.36 | ATR: 2.25
  📊 Filled: 0 | Pending: 0
  🔲 Regime: RANGING | Range pos: 41% | RSI: 50.8
  💰 Daily P&L: $+0.00

[2026-08-10 10:48] O:7782.50 H:7783.00 L:7781.50 C:7782.25 V:982.0
  📈 Trend: moderate_bearish | 🌍 Regime: ranging
  🗺️  Grid: 0.080% | 🔺 7784.00 🔻 7782.00
  📡 RSI: 55.0 | MACD: -0.35 | ATR: 2.20
  📊 Filled: 0 | Pending: 0
  🔲 Regime: RANGING | Range pos: 41% | RSI: 55.0
  💰 Daily P&L: $+0.00

[2026-08-10 10:49] O:7782.25 H:7783.75 L:7781.75 C:7782.00 V:921.0
  📈 Trend: moderate_bearish | 🌍 Regime: ranging
  🗺️  Grid: 0.080% | 🔺 7783.00 🔻 7781.50
  📡 RSI: 52.5 | MACD: -0.35 | ATR: 2.05
  📊 Filled: 0 | Pending: 0
  🔲 Regime: RANGING | Range pos: 40% | RSI: 52.5
  💰 Daily P&L: $+0.00

[2026-08-10 10:50] O:7782.00 H:7784.25 L:7781.50 C:7783.50 V:1076.0
  📈 Trend: moderate_bearish (raw: moderate_bullish) | 🌍 Regime: ranging
  🗺️  Grid: 0.080% | 🔺 7783.75 🔻 7781.75
  📡 RSI: 64.9 | MACD: -0.23 | ATR: 2.05
  📊 Filled: 0 | Pending: 0
  🔲 Regime: RANGING | Range pos: 46% | RSI: 64.9
  💰 Daily P&L: $+0.00

[2026-08-10 10:51] O:7783.75 H:7786.75 L:7783.50 C:7786.75 V:1504.0
  📈 Trend: moderate_bearish (raw: strong_bullish) | 🌍 Regime: ranging
  🗺️  Grid: 0.080% | 🔺 7784.25 🔻 7781.50
  📡 RSI: 70.1 | MACD: 0.13 | ATR: 2.18
  📊 Filled: 0 | Pending: 0
  🔲 Regime: RANGING | Range pos: 58% | RSI: 70.1
  💰 Daily P&L: $+0.00

[2026-08-10 10:52] O:7786.75 H:7788.00 L:7786.50 C:7788.00 V:1611.0
  📈 Trend: strong_bullish | 🌍 Regime: ranging
  🗺️  Grid: 0.080% | 🔺 7786.75 🔻 7783.50
  📡 RSI: 72.2 | MACD: 0.50 | ATR: 2.18
  📊 Filled: 0 | Pending: 0
  🔲 Regime: RANGING | Range pos: 63% | RSI: 72.2
  💰 Daily P&L: $+0.00

[2026-08-10 10:53] O:7788.00 H:7788.50 L:7787.50 C:7788.00 V:1685.0
  📈 Trend: strong_bullish | 🌍 Regime: ranging
  🗺️  Grid: 0.080% | 🔺 7788.00 🔻 7786.50
  📡 RSI: 76.5 | MACD: 0.79 | ATR: 2.14
  📊 Filled: 0 | Pending: 0
  🔲 Regime: RANGING | Range pos: 63% | RSI: 76.5
  💰 Daily P&L: $+0.00

[2026-08-10 10:54] O:7788.25 H:7790.25 L:7787.75 C:7788.50 V:2073.0
  📈 Trend: strong_bullish | 🌍 Regime: ranging
  🗺️  Grid: 0.080% | 🔺 7788.50 🔻 7787.50
  📡 RSI: 73.8 | MACD: 1.05 | ATR: 2.04
  📊 Filled: 0 | Pending: 0
  🔲 Regime: RANGING | Range pos: 64% | RSI: 73.8
  💰 Daily P&L: $+0.00

[2026-08-10 10:55] O:7788.75 H:7788.75 L:7787.25 C:7788.00 V:2341.0
  📈 Trend: strong_bullish | 🌍 Regime: ranging
  🗺️  Grid: 0.080% | 🔺 7790.25 🔻 7787.75
  📡 RSI: 69.5 | MACD: 1.20 | ATR: 2.02
  📊 Filled: 0 | Pending: 0
  🔲 Regime: RANGING | Range pos: 63% | RSI: 69.5
  💰 Daily P&L: $+0.00

[2026-08-10 10:56] O:7788.00 H:7788.50 L:7787.00 C:7788.25 V:896.0
  📈 Trend: strong_bullish | 🌍 Regime: ranging
  🗺️  Grid: 0.080% | 🔺 7788.75 🔻 7787.25
  📡 RSI: 77.8 | MACD: 1.33 | ATR: 1.96
  📊 Filled: 0 | Pending: 0
  🔲 Regime: RANGING | Range pos: 64% | RSI: 77.8
  💰 Daily P&L: $+0.00

[2026-08-10 10:57] O:7788.25 H:7789.75 L:7788.00 C:7789.50 V:1871.0
  📈 Trend: strong_bullish | 🌍 Regime: ranging
  🗺️  Grid: 0.080% | 🔺 7788.50 🔻 7787.00
  📡 RSI: 76.0 | MACD: 1.51 | ATR: 1.89
  📊 Filled: 0 | Pending: 0
  🔲 Regime: RANGING | Range pos: 68% | RSI: 76.0
  💰 Daily P&L: $+0.00

[2026-08-10 10:58] O:7789.50 H:7790.00 L:7789.25 C:7790.00 V:1164.0
  📈 Trend: strong_bullish | 🌍 Regime: ranging
  🗺️  Grid: 0.080% | 🔺 7789.75 🔻 7788.00
  📡 RSI: 73.9 | MACD: 1.67 | ATR: 1.79
  📊 Filled: 0 | Pending: 0
  🔲 Regime: RANGING | Range pos: 70% | RSI: 73.9
  🚫 Raw trend blocks RANGING SHORT | raw: strong_bullish
  💰 Daily P&L: $+0.00

[2026-08-10 10:59] O:7790.00 H:7790.75 L:7789.50 C:7790.00 V:1521.0
  📈 Trend: strong_bullish | 🌍 Regime: ranging
  🗺️  Grid: 0.080% | 🔺 7790.00 🔻 7789.25
  📡 RSI: 75.6 | MACD: 1.78 | ATR: 1.77
  📊 Filled: 0 | Pending: 0
  🔲 Regime: RANGING | Range pos: 70% | RSI: 75.6
  🚫 Raw trend blocks RANGING SHORT | raw: strong_bullish
  💰 Daily P&L: $+0.00

[2026-08-10 11:00] O:7790.00 H:7791.25 L:7789.25 C:7790.50 V:2087.0
  📈 Trend: strong_bullish | 🌍 Regime: ranging
  🗺️  Grid: 0.080% | 🔺 7790.75 🔻 7789.50
  📡 RSI: 87.8 | MACD: 1.89 | ATR: 1.80
  📊 Filled: 0 | Pending: 0
  🔲 Regime: RANGING | Range pos: 72% | RSI: 87.8
  🚫 Raw trend blocks RANGING SHORT | raw: strong_bullish
  💰 Daily P&L: $+0.00

[2026-08-10 11:01] O:7790.50 H:7790.50 L:7788.75 C:7789.00 V:1076.0
  📈 Trend: strong_bullish | 🌍 Regime: ranging
  🗺️  Grid: 0.080% | 🔺 7791.25 🔻 7789.25
  📡 RSI: 80.0 | MACD: 1.83 | ATR: 1.79
  📊 Filled: 0 | Pending: 0
  🔲 Regime: RANGING | Range pos: 66% | RSI: 80.0
  💰 Daily P&L: $+0.00

[2026-08-10 11:02] O:7789.25 H:7790.00 L:7789.00 C:7789.25 V:973.0
  📈 Trend: strong_bullish | 🌍 Regime: ranging
  🗺️  Grid: 0.080% | 🔺 7790.50 🔻 7788.75
  📡 RSI: 80.4 | MACD: 1.78 | ATR: 1.75
  📊 Filled: 0 | Pending: 0
  🔲 Regime: RANGING | Range pos: 67% | RSI: 80.4
  💰 Daily P&L: $+0.00

[2026-08-10 11:03] O:7789.25 H:7789.25 L:7788.00 C:7788.25 V:877.0
  📈 Trend: strong_bullish | 🌍 Regime: ranging
  🗺️  Grid: 0.080% | 🔺 7790.00 🔻 7789.00
  📡 RSI: 75.5 | MACD: 1.65 | ATR: 1.70
  📊 Filled: 0 | Pending: 0
  🔲 Regime: RANGING | Range pos: 64% | RSI: 75.5
  💰 Daily P&L: $+0.00

[2026-08-10 11:04] O:7788.25 H:7788.75 L:7787.00 C:7788.25 V:1405.0
  📈 Trend: strong_bullish | 🌍 Regime: ranging
  🗺️  Grid: 0.080% | 🔺 7789.25 🔻 7788.00
  📡 RSI: 72.1 | MACD: 1.52 | ATR: 1.62
  📊 Filled: 0 | Pending: 0
  🔲 Regime: RANGING | Range pos: 64% | RSI: 72.1
  💰 Daily P&L: $+0.00

[2026-08-10 11:05] O:7788.25 H:7788.75 L:7787.25 C:7787.50 V:791.0
  📈 Trend: strong_bullish | 🌍 Regime: ranging
  🗺️  Grid: 0.080% | 🔺 7788.75 🔻 7787.00
  📡 RSI: 54.5 | MACD: 1.35 | ATR: 1.50
  📊 Filled: 0 | Pending: 0
  🔲 Regime: RANGING | Range pos: 61% | RSI: 54.5
  💰 Daily P&L: $+0.00

[2026-08-10 11:06] O:7787.50 H:7787.75 L:7786.50 C:7786.50 V:1458.0
  📈 Trend: strong_bullish | 🌍 Regime: ranging
  🗺️  Grid: 0.080% | 🔺 7788.75 🔻 7787.25
  📡 RSI: 40.6 | MACD: 1.11 | ATR: 1.48
  📊 Filled: 0 | Pending: 0
  🔲 Regime: RANGING | Range pos: 57% | RSI: 40.6
  💰 Daily P&L: $+0.00

[2026-08-10 11:07] O:7786.75 H:7788.00 L:7786.75 C:7787.25 V:754.0
  📈 Trend: strong_bullish | 🌍 Regime: ranging
  🗺️  Grid: 0.080% | 🔺 7787.75 🔻 7786.50
  📡 RSI: 45.7 | MACD: 0.98 | ATR: 1.52
  📊 Filled: 0 | Pending: 0
  🔲 Regime: RANGING | Range pos: 60% | RSI: 45.7
  💰 Daily P&L: $+0.00

[2026-08-10 11:08] O:7787.00 H:7788.00 L:7785.75 C:7785.75 V:1091.0
  📈 Trend: strong_bullish | 🌍 Regime: ranging
  🗺️  Grid: 0.080% | 🔺 7788.00 🔻 7786.75
  📡 RSI: 35.9 | MACD: 0.74 | ATR: 1.50
  📊 Filled: 0 | Pending: 0
  🔲 Regime: RANGING | Range pos: 54% | RSI: 35.9
  💰 Daily P&L: $+0.00

[2026-08-10 11:09] O:7785.75 H:7787.00 L:7785.25 C:7786.50 V:1359.0
  📈 Trend: strong_bullish | 🌍 Regime: ranging
  🗺️  Grid: 0.080% | 🔺 7788.00 🔻 7785.75
  📡 RSI: 42.5 | MACD: 0.61 | ATR: 1.52
  📊 Filled: 0 | Pending: 0
  🔲 Regime: RANGING | Range pos: 57% | RSI: 42.5
  💰 Daily P&L: $+0.00

[2026-08-10 11:10] O:7786.50 H:7787.00 L:7785.75 C:7786.50 V:947.0
  📈 Trend: strong_bullish (raw: moderate_bullish) | 🌍 Regime: ranging
  🗺️  Grid: 0.080% | 🔺 7787.00 🔻 7785.25
  📡 RSI: 41.0 | MACD: 0.50 | ATR: 1.50
  📊 Filled: 0 | Pending: 0
  🔲 Regime: RANGING | Range pos: 57% | RSI: 41.0
  💰 Daily P&L: $+0.00

[2026-08-10 11:11] O:7786.50 H:7788.00 L:7786.00 C:7786.00 V:1124.0
  📈 Trend: moderate_bullish | 🌍 Regime: ranging
  🗺️  Grid: 0.080% | 🔺 7787.00 🔻 7785.75
  📡 RSI: 30.6 | MACD: 0.36 | ATR: 1.52
  📊 Filled: 0 | Pending: 0
  🔲 Regime: RANGING | Range pos: 55% | RSI: 30.6
  💰 Daily P&L: $+0.00

[2026-08-10 11:12] O:7786.25 H:7786.50 L:7784.50 C:7785.00 V:1474.0
  📈 Trend: moderate_bullish | 🌍 Regime: ranging
  🗺️  Grid: 0.080% | 🔺 7788.00 🔻 7786.00
  📡 RSI: 23.7 | MACD: 0.17 | ATR: 1.61
  📊 Filled: 0 | Pending: 0
  🔲 Regime: RANGING | Range pos: 51% | RSI: 23.7
  💰 Daily P&L: $+0.00

[2026-08-10 11:13] O:7785.25 H:7785.75 L:7784.75 C:7785.75 V:652.0
  📈 Trend: moderate_bullish | 🌍 Regime: ranging
  🗺️  Grid: 0.080% | 🔺 7786.50 🔻 7784.50
  📡 RSI: 29.3 | MACD: 0.08 | ATR: 1.59
  📊 Filled: 0 | Pending: 0
  🔲 Regime: RANGING | Range pos: 54% | RSI: 29.3
  💰 Daily P&L: $+0.00

[2026-08-10 11:14] O:7785.75 H:7786.00 L:7784.25 C:7784.50 V:1188.0
  📈 Trend: moderate_bullish | 🌍 Regime: ranging
  🗺️  Grid: 0.080% | 🔺 7785.75 🔻 7784.75
  📡 RSI: 22.7 | MACD: -0.09 | ATR: 1.57
  📊 Filled: 0 | Pending: 0
  🔲 Regime: RANGING | Range pos: 50% | RSI: 22.7
  💰 Daily P&L: $+0.00

[2026-08-10 11:15] O:7784.25 H:7784.50 L:7781.00 C:7781.75 V:2552.0
  📈 Trend: moderate_bullish | 🌍 Regime: ranging
  🗺️  Grid: 0.080% | 🔺 7786.00 🔻 7784.25
  📡 RSI: 20.4 | MACD: -0.44 | ATR: 1.70
  📊 Filled: 0 | Pending: 0
  🔲 Regime: RANGING | Range pos: 39% | RSI: 20.4
  💰 Daily P&L: $+0.00

[2026-08-10 11:16] O:7781.75 H:7784.00 L:7781.75 C:7783.25 V:1625.0
  📈 Trend: moderate_bullish | 🌍 Regime: ranging
  🗺️  Grid: 0.080% | 🔺 7784.50 🔻 7781.00
  📡 RSI: 27.8 | MACD: -0.59 | ATR: 1.79
  📊 Filled: 0 | Pending: 0
  🔲 Regime: RANGING | Range pos: 45% | RSI: 27.8
  💰 Daily P&L: $+0.00

[2026-08-10 11:17] O:7783.25 H:7783.75 L:7782.75 C:7783.00 V:906.0
  📈 Trend: moderate_bullish | 🌍 Regime: ranging
  🗺️  Grid: 0.080% | 🔺 7784.00 🔻 7781.75
  📡 RSI: 29.4 | MACD: -0.72 | ATR: 1.77
  📊 Filled: 0 | Pending: 0
  🔲 Regime: RANGING | Range pos: 44% | RSI: 29.4
  💰 Daily P&L: $+0.00

[2026-08-10 11:18] O:7783.00 H:7784.25 L:7782.75 C:7783.00 V:872.0
  📈 Trend: moderate_bullish | 🌍 Regime: ranging
  🗺️  Grid: 0.080% | 🔺 7783.75 🔻 7782.75
  📡 RSI: 29.4 | MACD: -0.82 | ATR: 1.75
  📊 Filled: 0 | Pending: 0
  🔲 Regime: RANGING | Range pos: 44% | RSI: 29.4
  💰 Daily P&L: $+0.00

[2026-08-10 11:19] O:7783.25 H:7784.00 L:7782.75 C:7783.25 V:1208.0
  📈 Trend: moderate_bullish | 🌍 Regime: ranging
  🗺️  Grid: 0.080% | 🔺 7784.25 🔻 7782.75
  📡 RSI: 32.7 | MACD: -0.86 | ATR: 1.73
  📊 Filled: 0 | Pending: 0
  🔲 Regime: RANGING | Range pos: 45% | RSI: 32.7
  💰 Daily P&L: $+0.00

[2026-08-10 11:20] O:7783.25 H:7785.25 L:7783.00 C:7783.75 V:1118.0
  📈 Trend: moderate_bullish | 🌍 Regime: ranging
  🗺️  Grid: 0.080% | 🔺 7784.00 🔻 7782.75
  📡 RSI: 38.3 | MACD: -0.85 | ATR: 1.80
  📊 Filled: 0 | Pending: 0
  🔲 Regime: RANGING | Range pos: 47% | RSI: 38.3
  💰 Daily P&L: $+0.00

[2026-08-10 11:21] O:7783.75 H:7783.75 L:7781.50 C:7781.75 V:1053.0
  📈 Trend: moderate_bullish | 🌍 Regime: ranging
  🗺️  Grid: 0.080% | 🔺 7785.25 🔻 7783.00
  📡 RSI: 28.8 | MACD: -0.99 | ATR: 1.86
  📊 Filled: 0 | Pending: 0
  🔲 Regime: RANGING | Range pos: 39% | RSI: 28.8
  💰 Daily P&L: $+0.00

[2026-08-10 11:22] O:7781.75 H:7782.75 L:7781.25 C:7782.25 V:708.0
  📈 Trend: moderate_bullish | 🌍 Regime: ranging
  🗺️  Grid: 0.080% | 🔺 7783.75 🔻 7781.50
  📡 RSI: 35.4 | MACD: -1.04 | ATR: 1.80
  📊 Filled: 0 | Pending: 0
  🔲 Regime: RANGING | Range pos: 41% | RSI: 35.4
  💰 Daily P&L: $+0.00

[2026-08-10 11:23] O:7782.25 H:7783.50 L:7782.25 C:7783.00 V:917.0
  📈 Trend: moderate_bullish (raw: strong_bearish) | 🌍 Regime: ranging
  🗺️  Grid: 0.080% | 🔺 7782.75 🔻 7781.25
  📡 RSI: 35.4 | MACD: -1.02 | ATR: 1.77
  📊 Filled: 0 | Pending: 0
  🔲 Regime: RANGING | Range pos: 44% | RSI: 35.4
  💰 Daily P&L: $+0.00

[2026-08-10 11:24] O:7783.25 H:7784.25 L:7782.50 C:7784.00 V:1001.0
  📈 Trend: strong_bearish | 🌍 Regime: ranging
  🗺️  Grid: 0.080% | 🔺 7783.50 🔻 7782.25
  📡 RSI: 40.4 | MACD: -0.91 | ATR: 1.80
  📊 Filled: 0 | Pending: 0
  🔲 Regime: RANGING | Range pos: 48% | RSI: 40.4
  💰 Daily P&L: $+0.00

[2026-08-10 11:25] O:7784.00 H:7785.75 L:7783.00 C:7784.50 V:1262.0
  📈 Trend: strong_bearish | 🌍 Regime: ranging
  🗺️  Grid: 0.080% | 🔺 7784.25 🔻 7782.50
  📡 RSI: 44.2 | MACD: -0.77 | ATR: 1.86
  📊 Filled: 0 | Pending: 0
  🔲 Regime: RANGING | Range pos: 50% | RSI: 44.2
  💰 Daily P&L: $+0.00

[2026-08-10 11:26] O:7784.75 H:7784.75 L:7782.00 C:7782.00 V:1011.0
  📈 Trend: strong_bearish | 🌍 Regime: ranging
  🗺️  Grid: 0.080% | 🔺 7785.75 🔻 7783.00
  📡 RSI: 39.7 | MACD: -0.85 | ATR: 1.91
  📊 Filled: 0 | Pending: 0
  🔲 Regime: RANGING | Range pos: 40% | RSI: 39.7
  💰 Daily P&L: $+0.00

[2026-08-10 11:27] O:7782.25 H:7782.75 L:7780.50 C:7780.50 V:1557.0
  📈 Trend: strong_bearish | 🌍 Regime: ranging
  🗺️  Grid: 0.080% | 🔺 7784.75 🔻 7782.00
  📡 RSI: 32.8 | MACD: -1.02 | ATR: 2.00
  📊 Filled: 0 | Pending: 0
  🔲 Regime: RANGING | Range pos: 35% | RSI: 32.8
  💰 Daily P&L: $+0.00

[2026-08-10 11:28] O:7780.50 H:7782.25 L:7780.00 C:7782.00 V:1895.0
  📈 Trend: strong_bearish | 🌍 Regime: ranging
  🗺️  Grid: 0.080% | 🔺 7782.75 🔻 7780.50
  📡 RSI: 41.9 | MACD: -1.03 | ATR: 2.04
  📊 Filled: 0 | Pending: 0
  🔲 Regime: RANGING | Range pos: 40% | RSI: 41.9
  💰 Daily P&L: $+0.00

[2026-08-10 11:29] O:7782.00 H:7782.25 L:7780.00 C:7780.25 V:950.0
  📈 Trend: strong_bearish | 🌍 Regime: ranging
  🗺️  Grid: 0.080% | 🔺 7782.25 🔻 7780.00
  📡 RSI: 44.8 | MACD: -1.16 | ATR: 1.95
  📊 Filled: 0 | Pending: 0
  🔲 Regime: RANGING | Range pos: 34% | RSI: 44.8
  💰 Daily P&L: $+0.00

[2026-08-10 11:30] O:7780.25 H:7781.00 L:7779.50 C:7779.50 V:1379.0
  📈 Trend: strong_bearish | 🌍 Regime: ranging
  🗺️  Grid: 0.080% | 🔺 7782.25 🔻 7780.00
  📡 RSI: 36.4 | MACD: -1.31 | ATR: 1.89
  📊 Filled: 0 | Pending: 0
  🔲 Regime: RANGING | Range pos: 31% | RSI: 36.4
  💰 Daily P&L: $+0.00

[2026-08-10 11:31] O:7779.50 H:7781.25 L:7764.50 C:7765.00 V:5471.0
  📈 Trend: strong_bearish | 🌍 Regime: ranging
  🗺️  Grid: 0.080% | 🔺 7781.00 🔻 7779.50
  📡 RSI: 17.9 | MACD: -2.57 | ATR: 3.02
  📊 Filled: 0 | Pending: 0
  🔲 Regime: RANGING | Range pos: 1% | RSI: 17.9
  🚫 Raw trend blocks RANGING LONG | raw: strong_bearish
  💰 Daily P&L: $+0.00

[2026-08-10 11:32] O:7765.25 H:7775.75 L:7765.00 C:7775.25 V:7329.0
  📈 Trend: strong_bearish | 🌍 Regime: trending_bearish
  🗺️  Grid: 0.080% | 🔺 7781.25 🔻 7764.50
  📡 RSI: 39.9 | MACD: -2.71 | ATR: 3.68
  📊 Filled: 0 | Pending: 0
  💰 Daily P&L: $+0.00

[2026-08-10 11:33] O:7775.50 H:7775.50 L:7772.50 C:7774.25 V:3162.0
  📈 Trend: strong_bearish | 🌍 Regime: trending_bearish
  🗺️  Grid: 0.080% | 🔺 7775.75 🔻 7765.00
  📡 RSI: 38.5 | MACD: -2.87 | ATR: 3.80
  📊 Filled: 0 | Pending: 0
  💰 Daily P&L: $+0.00

[2026-08-10 11:34] O:7774.00 H:7774.75 L:7772.50 C:7773.75 V:2100.0
  📈 Trend: strong_bearish | 🌍 Regime: trending_bearish
  🗺️  Grid: 0.080% | 🔺 7775.50 🔻 7772.50
  📡 RSI: 37.2 | MACD: -3.00 | ATR: 3.80
  📊 Filled: 0 | Pending: 0
  💰 Daily P&L: $+0.00

[2026-08-10 11:35] O:7773.75 H:7776.00 L:7773.25 C:7775.25 V:2114.0
  📈 Trend: strong_bearish | 🌍 Regime: trending_bearish
  🗺️  Grid: 0.080% | 🔺 7774.75 🔻 7772.50
  📡 RSI: 41.6 | MACD: -2.95 | ATR: 3.84
  📊 Filled: 0 | Pending: 0
  💰 Daily P&L: $+0.00

[2026-08-10 11:36] O:7775.50 H:7777.25 L:7774.50 C:7775.25 V:1863.0
  📈 Trend: strong_bearish | 🌍 Regime: trending_bearish
  🗺️  Grid: 0.080% | 🔺 7776.00 🔻 7773.25
  📡 RSI: 40.8 | MACD: -2.88 | ATR: 3.93
  📊 Filled: 0 | Pending: 0
  💰 Daily P&L: $+0.00

[2026-08-10 11:37] O:7775.50 H:7775.75 L:7773.50 C:7773.75 V:1281.0
  📈 Trend: strong_bearish | 🌍 Regime: trending_bearish
  🗺️  Grid: 0.080% | 🔺 7777.25 🔻 7774.50
  📡 RSI: 38.1 | MACD: -2.91 | ATR: 4.00
  📊 Filled: 0 | Pending: 0
  💰 Daily P&L: $+0.00

[2026-08-10 11:38] O:7773.75 H:7774.00 L:7771.00 C:7772.50 V:3341.0
  📈 Trend: strong_bearish | 🌍 Regime: trending_bearish
  🗺️  Grid: 0.080% | 🔺 7775.75 🔻 7773.50
  📡 RSI: 35.3 | MACD: -2.99 | ATR: 4.09
  📊 Filled: 0 | Pending: 0
  💰 Daily P&L: $+0.00

[2026-08-10 11:39] O:7772.25 H:7773.25 L:7771.75 C:7772.00 V:1121.0
  📈 Trend: strong_bearish | 🌍 Regime: trending_bearish
  🗺️  Grid: 0.080% | 🔺 7774.00 🔻 7771.00
  📡 RSI: 34.0 | MACD: -3.07 | ATR: 4.00
  📊 Filled: 0 | Pending: 0
  💰 Daily P&L: $+0.00

[2026-08-10 11:40] O:7772.00 H:7773.00 L:7771.25 C:7772.50 V:1195.0
  📈 Trend: strong_bearish | 🌍 Regime: trending_bearish
  🗺️  Grid: 0.080% | 🔺 7773.25 🔻 7771.75
  📡 RSI: 37.2 | MACD: -3.06 | ATR: 3.93
  📊 Filled: 0 | Pending: 0
  💰 Daily P&L: $+0.00

[2026-08-10 11:41] O:7772.25 H:7772.25 L:7768.50 C:7769.75 V:2189.0
  📈 Trend: strong_bearish | 🌍 Regime: trending_bearish
  🗺️  Grid: 0.080% | 🔺 7773.00 🔻 7771.25
  📡 RSI: 35.9 | MACD: -3.23 | ATR: 4.05
  📊 Filled: 0 | Pending: 0
  💰 Daily P&L: $+0.00

[2026-08-10 11:42] O:7769.75 H:7771.50 L:7769.25 C:7769.75 V:3225.0
  📈 Trend: strong_bearish | 🌍 Regime: trending_bearish
  🗺️  Grid: 0.080% | 🔺 7772.25 🔻 7768.50
  📡 RSI: 33.3 | MACD: -3.33 | ATR: 4.05
  📊 Filled: 0 | Pending: 0
  💰 Daily P&L: $+0.00

[2026-08-10 11:43] O:7769.75 H:7770.00 L:7767.25 C:7767.25 V:1531.0
  📈 Trend: strong_bearish | 🌍 Regime: trending_bearish
  🗺️  Grid: 0.080% | 🔺 7771.50 🔻 7769.25
  📡 RSI: 32.7 | MACD: -3.56 | ATR: 4.09
  📊 Filled: 0 | Pending: 0
  💰 Daily P&L: $+0.00

[2026-08-10 11:44] O:7767.25 H:7768.00 L:7766.00 C:7767.75 V:2536.0
  📈 Trend: strong_bearish | 🌍 Regime: trending_bearish
  🗺️  Grid: 0.080% | 🔺 7770.00 🔻 7767.25
  📡 RSI: 34.2 | MACD: -3.67 | ATR: 4.12
  📊 Filled: 0 | Pending: 0
  💰 Daily P&L: $+0.00

[2026-08-10 11:45] O:7768.00 H:7768.25 L:7765.75 C:7767.25 V:2863.0
  📈 Trend: strong_bearish | 🌍 Regime: ranging
  🗺️  Grid: 0.080% | 🔺 7768.00 🔻 7766.00
  📡 RSI: 54.8 | MACD: -3.75 | ATR: 3.11
  📊 Filled: 0 | Pending: 0
  🔲 Regime: RANGING | Range pos: 8% | RSI: 54.8
  💰 Daily P&L: $+0.00

[2026-08-10 11:46] O:7767.50 H:7770.50 L:7766.75 C:7770.25 V:2306.0
  📈 Trend: strong_bearish | 🌍 Regime: ranging
  🗺️  Grid: 0.080% | 🔺 7768.25 🔻 7765.75
  📡 RSI: 34.4 | MACD: -3.53 | ATR: 2.61
  📊 Filled: 0 | Pending: 0
  🔲 Regime: RANGING | Range pos: 17% | RSI: 34.4
  🚫 Raw trend blocks RANGING LONG | raw: strong_bearish
  💰 Daily P&L: $+0.00

[2026-08-10 11:47] O:7770.25 H:7771.50 L:7769.25 C:7771.25 V:1506.0
  📈 Trend: strong_bearish | 🌍 Regime: ranging
  🗺️  Grid: 0.080% | 🔺 7770.50 🔻 7766.75
  📡 RSI: 40.6 | MACD: -3.24 | ATR: 2.55
  📊 Filled: 0 | Pending: 0
  🔲 Regime: RANGING | Range pos: 20% | RSI: 40.6
  💰 Daily P&L: $+0.00

[2026-08-10 11:48] O:7771.00 H:7771.50 L:7770.25 C:7770.50 V:1291.0
  📈 Trend: strong_bearish | 🌍 Regime: ranging
  🗺️  Grid: 0.080% | 🔺 7771.50 🔻 7769.25
  📡 RSI: 40.0 | MACD: -3.04 | ATR: 2.48
  📊 Filled: 0 | Pending: 0
  🔲 Regime: RANGING | Range pos: 18% | RSI: 40.0
  💰 Daily P&L: $+0.00

[2026-08-10 11:49] O:7770.75 H:7772.75 L:7770.50 C:7772.75 V:1669.0
  📈 Trend: strong_bearish | 🌍 Regime: ranging
  🗺️  Grid: 0.080% | 🔺 7771.50 🔻 7770.25
  📡 RSI: 42.6 | MACD: -2.66 | ATR: 2.45
  📊 Filled: 0 | Pending: 0
  🔲 Regime: RANGING | Range pos: 25% | RSI: 42.6
  💰 Daily P&L: $+0.00

[2026-08-10 11:50] O:7772.75 H:7773.00 L:7770.75 C:7771.25 V:1681.0
  📈 Trend: strong_bearish (raw: moderate_bearish) | 🌍 Regime: ranging
  🗺️  Grid: 0.080% | 🔺 7772.75 🔻 7770.50
  📡 RSI: 39.2 | MACD: -2.46 | ATR: 2.41
  📊 Filled: 0 | Pending: 0
  🔲 Regime: RANGING | Range pos: 20% | RSI: 39.2
  💰 Daily P&L: $+0.00

[2026-08-10 11:51] O:7771.00 H:7771.50 L:7770.00 C:7770.75 V:1472.0
  📈 Trend: strong_bearish | 🌍 Regime: ranging
  🗺️  Grid: 0.080% | 🔺 7773.00 🔻 7770.75
  📡 RSI: 41.4 | MACD: -2.31 | ATR: 2.36
  📊 Filled: 0 | Pending: 0
  🔲 Regime: RANGING | Range pos: 19% | RSI: 41.4
  💰 Daily P&L: $+0.00

[2026-08-10 11:52] O:7770.75 H:7771.25 L:7770.00 C:7771.00 V:1126.0
  📈 Trend: strong_bearish | 🌍 Regime: ranging
  🗺️  Grid: 0.080% | 🔺 7771.50 🔻 7770.00
  📡 RSI: 45.5 | MACD: -2.15 | ATR: 2.23
  📊 Filled: 0 | Pending: 0
  🔲 Regime: RANGING | Range pos: 19% | RSI: 45.5
  💰 Daily P&L: $+0.00

[2026-08-10 11:53] O:7771.00 H:7771.00 L:7769.25 C:7769.75 V:1126.0
  📈 Trend: strong_bearish | 🌍 Regime: ranging
  🗺️  Grid: 0.080% | 🔺 7771.25 🔻 7770.00
  📡 RSI: 43.5 | MACD: -2.10 | ATR: 2.25
  📊 Filled: 0 | Pending: 0
  🔲 Regime: RANGING | Range pos: 16% | RSI: 43.5
  💰 Daily P&L: $+0.00

[2026-08-10 11:54] O:7769.75 H:7771.75 L:7769.75 C:7771.75 V:938.0
  📈 Trend: strong_bearish | 🌍 Regime: ranging
  🗺️  Grid: 0.080% | 🔺 7771.00 🔻 7769.25
  📡 RSI: 48.0 | MACD: -1.87 | ATR: 2.27
  📊 Filled: 0 | Pending: 0
  🔲 Regime: RANGING | Range pos: 22% | RSI: 48.0
  💰 Daily P&L: $+0.00

[2026-08-10 11:55] O:7772.00 H:7774.25 L:7771.75 C:7772.75 V:1687.0
  📈 Trend: strong_bearish | 🌍 Regime: ranging
  🗺️  Grid: 0.080% | 🔺 7771.75 🔻 7769.75
  📡 RSI: 58.8 | MACD: -1.59 | ATR: 2.16
  📊 Filled: 0 | Pending: 0
  🔲 Regime: RANGING | Range pos: 25% | RSI: 58.8
  💰 Daily P&L: $+0.00

[2026-08-10 11:56] O:7772.50 H:7774.25 L:7772.00 C:7774.00 V:1060.0
  📈 Trend: strong_bearish (raw: moderate_bearish) | 🌍 Regime: ranging
  🗺️  Grid: 0.080% | 🔺 7774.25 🔻 7771.75
  📡 RSI: 61.6 | MACD: -1.26 | ATR: 2.16
  📊 Filled: 0 | Pending: 0
  🔲 Regime: RANGING | Range pos: 28% | RSI: 61.6
  💰 Daily P&L: $+0.00

[2026-08-10 11:57] O:7774.00 H:7774.75 L:7773.75 C:7774.50 V:1187.0
  📈 Trend: moderate_bearish | 🌍 Regime: ranging
  🗺️  Grid: 0.080% | 🔺 7774.25 🔻 7772.00
  📡 RSI: 72.3 | MACD: -0.94 | ATR: 2.04
  📊 Filled: 0 | Pending: 0
  🔲 Regime: RANGING | Range pos: 30% | RSI: 72.3
  💰 Daily P&L: $+0.00

[2026-08-10 11:58] O:7774.50 H:7775.75 L:7773.75 C:7774.00 V:1686.0
  📈 Trend: moderate_bearish | 🌍 Regime: ranging
  🗺️  Grid: 0.080% | 🔺 7774.75 🔻 7773.75
  📡 RSI: 69.2 | MACD: -0.72 | ATR: 2.04
  📊 Filled: 0 | Pending: 0
  🔲 Regime: RANGING | Range pos: 28% | RSI: 69.2
  💰 Daily P&L: $+0.00

[2026-08-10 11:59] O:7774.25 H:7776.25 L:7774.00 C:7776.25 V:1369.0
  📈 Trend: moderate_bearish | 🌍 Regime: ranging
  🗺️  Grid: 0.080% | 🔺 7775.75 🔻 7773.75
  📡 RSI: 75.0 | MACD: -0.37 | ATR: 2.02
  📊 Filled: 0 | Pending: 0
  🔲 Regime: RANGING | Range pos: 35% | RSI: 75.0
  💰 Daily P&L: $+0.00

[2026-08-10 12:00] O:7776.00 H:7776.75 L:7775.00 C:7776.50 V:1521.0
  📈 Trend: moderate_bearish | 🌍 Regime: trending_bearish
  🗺️  Grid: 0.080% | 🔺 7776.25 🔻 7774.00
  📡 RSI: 70.5 | MACD: -0.06 | ATR: 1.88
  📊 Filled: 0 | Pending: 0
  💰 Daily P&L: $+0.00

[2026-08-10 12:01] O:7776.25 H:7777.00 L:7773.75 C:7773.75 V:1373.0
  📈 Trend: moderate_bearish | 🌍 Regime: trending_bearish
  🗺️  Grid: 0.080% | 🔺 7776.75 🔻 7775.00
  📡 RSI: 57.4 | MACD: -0.04 | ATR: 1.95
  📊 Filled: 0 | Pending: 0
  💰 Daily P&L: $+0.00

[2026-08-10 12:02] O:7774.00 H:7775.00 L:7773.75 C:7774.00 V:980.0
  📈 Trend: moderate_bearish | 🌍 Regime: trending_bearish
  🗺️  Grid: 0.080% | 🔺 7777.00 🔻 7773.75
  📡 RSI: 60.6 | MACD: -0.00 | ATR: 1.95
  📊 Filled: 0 | Pending: 0
  💰 Daily P&L: $+0.00

[2026-08-10 12:03] O:7774.25 H:7774.25 L:7772.00 C:7772.00 V:1518.0
  📈 Trend: moderate_bearish | 🌍 Regime: trending_bearish
  🗺️  Grid: 0.080% | 🔺 7775.00 🔻 7773.75
  📡 RSI: 47.7 | MACD: -0.13 | ATR: 1.95
  📊 Filled: 0 | Pending: 0
  💰 Daily P&L: $+0.00

[2026-08-10 12:04] O:7772.00 H:7773.50 L:7771.50 C:7773.50 V:846.0
  📈 Trend: moderate_bearish | 🌍 Regime: trending_bearish
  🗺️  Grid: 0.080% | 🔺 7774.25 🔻 7772.00
  📡 RSI: 56.9 | MACD: -0.12 | ATR: 1.93
  📊 Filled: 0 | Pending: 0
  💰 Daily P&L: $+0.00

[2026-08-10 12:05] O:7773.50 H:7773.75 L:7772.50 C:7772.75 V:1105.0
  📈 Trend: moderate_bearish | 🌍 Regime: trending_bearish
  🗺️  Grid: 0.080% | 🔺 7773.50 🔻 7771.50
  📡 RSI: 56.1 | MACD: -0.16 | ATR: 1.91
  📊 Filled: 0 | Pending: 0
  💰 Daily P&L: $+0.00

[2026-08-10 12:06] O:7773.00 H:7774.50 L:7772.75 C:7773.00 V:882.0
  📈 Trend: moderate_bearish | 🌍 Regime: trending_bearish
  🗺️  Grid: 0.080% | 🔺 7773.75 🔻 7772.50
  📡 RSI: 56.1 | MACD: -0.17 | ATR: 1.95
  📊 Filled: 0 | Pending: 0
  💰 Daily P&L: $+0.00

[2026-08-10 12:07] O:7773.00 H:7775.00 L:7772.50 C:7774.75 V:843.0
  📈 Trend: moderate_bearish | 🌍 Regime: trending_bearish
  🗺️  Grid: 0.080% | 🔺 7774.50 🔻 7772.75
  📡 RSI: 64.7 | MACD: -0.04 | ATR: 2.00
  📊 Filled: 0 | Pending: 0
  💰 Daily P&L: $+0.00

[2026-08-10 12:08] O:7774.75 H:7777.00 L:7774.50 C:7776.00 V:998.0
  📈 Trend: moderate_bearish (raw: moderate_bullish) | 🌍 Regime: ranging
  🗺️  Grid: 0.080% | 🔺 7775.00 🔻 7772.50
  📡 RSI: 63.1 | MACD: 0.16 | ATR: 2.04
  📊 Filled: 0 | Pending: 0
  🔲 Regime: RANGING | Range pos: 34% | RSI: 63.1
  💰 Daily P&L: $+0.00

[2026-08-10 12:09] O:7776.00 H:7777.75 L:7776.00 C:7777.25 V:1308.0
  📈 Trend: moderate_bullish | 🌍 Regime: trending_bullish
  🗺️  Grid: 0.080% | 🔺 7777.00 🔻 7774.50
  📡 RSI: 63.6 | MACD: 0.42 | ATR: 1.98
  📊 Filled: 0 | Pending: 0
  💰 Daily P&L: $+0.00

[2026-08-10 12:10] O:7777.50 H:7779.00 L:7776.75 C:7777.00 V:1844.0
  📈 Trend: moderate_bullish | 🌍 Regime: trending_bullish
  🗺️  Grid: 0.080% | 🔺 7777.75 🔻 7776.00
  📡 RSI: 59.7 | MACD: 0.60 | ATR: 1.98
  📊 Filled: 0 | Pending: 0
  💰 Daily P&L: $+0.00

[2026-08-10 12:11] O:7777.00 H:7777.00 L:7775.75 C:7776.50 V:820.0
  📈 Trend: moderate_bullish | 🌍 Regime: trending_bullish
  🗺️  Grid: 0.080% | 🔺 7779.00 🔻 7776.75
  📡 RSI: 56.5 | MACD: 0.69 | ATR: 2.00
  📊 Filled: 0 | Pending: 0
  💰 Daily P&L: $+0.00

[2026-08-10 12:12] O:7776.50 H:7776.75 L:7775.75 C:7776.00 V:637.0
  📈 Trend: moderate_bullish (raw: strong_bullish) | 🌍 Regime: trending_bullish
  🗺️  Grid: 0.080% | 🔺 7777.00 🔻 7775.75
  📡 RSI: 56.5 | MACD: 0.71 | ATR: 1.93
  📊 Filled: 0 | Pending: 0
  💰 Daily P&L: $+0.00

[2026-08-10 12:13] O:7776.00 H:7777.75 L:7776.00 C:7777.50 V:737.0
  📈 Trend: strong_bullish | 🌍 Regime: trending_bullish
  🗺️  Grid: 0.080% | 🔺 7776.75 🔻 7775.75
  📡 RSI: 54.2 | MACD: 0.84 | ATR: 1.89
  📊 Filled: 0 | Pending: 0
  💰 Daily P&L: $+0.00

[2026-08-10 12:14] O:7777.50 H:7778.00 L:7777.25 C:7777.50 V:680.0
  📈 Trend: strong_bullish | 🌍 Regime: trending_bullish
  🗺️  Grid: 0.080% | 🔺 7777.75 🔻 7776.00
  📡 RSI: 53.4 | MACD: 0.94 | ATR: 1.82
  📊 Filled: 0 | Pending: 0
  💰 Daily P&L: $+0.00

[2026-08-10 12:15] O:7777.50 H:7779.00 L:7777.50 C:7778.50 V:1010.0
  📈 Trend: strong_bullish | 🌍 Regime: trending_bullish
  🗺️  Grid: 0.080% | 🔺 7778.00 🔻 7777.25
  📡 RSI: 68.6 | MACD: 1.08 | ATR: 1.70
  📊 Filled: 0 | Pending: 0
  💰 Daily P&L: $+0.00

[2026-08-10 12:16] O:7778.50 H:7779.50 L:7777.75 C:7778.75 V:1186.0
  📈 Trend: strong_bullish | 🌍 Regime: trending_bullish
  🗺️  Grid: 0.080% | 🔺 7779.00 🔻 7777.50
  📡 RSI: 68.6 | MACD: 1.20 | ATR: 1.73
  📊 Filled: 0 | Pending: 0
  💰 Daily P&L: $+0.00

[2026-08-10 12:17] O:7778.75 H:7779.25 L:7778.00 C:7779.00 V:811.0
  📈 Trend: strong_bullish | 🌍 Regime: trending_bullish
  🗺️  Grid: 0.080% | 🔺 7779.50 🔻 7777.75
  📡 RSI: 81.8 | MACD: 1.30 | ATR: 1.66
  📊 Filled: 0 | Pending: 0
  💰 Daily P&L: $+0.00

[2026-08-10 12:18] O:7779.00 H:7779.25 L:7776.50 C:7776.75 V:1192.0
  📈 Trend: strong_bullish | 🌍 Regime: trending_bullish
  🗺️  Grid: 0.080% | 🔺 7779.25 🔻 7778.00
  📡 RSI: 63.8 | MACD: 1.18 | ATR: 1.71
  📊 Filled: 0 | Pending: 0
  💰 Daily P&L: $+0.00

[2026-08-10 12:19] O:7776.75 H:7778.00 L:7776.75 C:7777.75 V:715.0
  📈 Trend: strong_bullish | 🌍 Regime: trending_bullish
  🗺️  Grid: 0.080% | 🔺 7779.25 🔻 7776.50
  📡 RSI: 70.8 | MACD: 1.15 | ATR: 1.71
  📊 Filled: 0 | Pending: 0
  💰 Daily P&L: $+0.00

[2026-08-10 12:20] O:7778.00 H:7778.75 L:7777.75 C:7777.75 V:841.0
  📈 Trend: strong_bullish | 🌍 Regime: trending_bullish
  🗺️  Grid: 0.080% | 🔺 7778.00 🔻 7776.75
  📡 RSI: 70.2 | MACD: 1.12 | ATR: 1.66
  📊 Filled: 0 | Pending: 0
  💰 Daily P&L: $+0.00

[2026-08-10 12:21] O:7778.00 H:7778.25 L:7776.75 C:7776.75 V:1050.0
  📈 Trend: strong_bullish | 🌍 Regime: trending_bullish
  🗺️  Grid: 0.080% | 🔺 7778.75 🔻 7777.75
  📡 RSI: 59.1 | MACD: 1.00 | ATR: 1.59
  📊 Filled: 0 | Pending: 0
  💰 Daily P&L: $+0.00

[2026-08-10 12:22] O:7776.50 H:7778.00 L:7776.50 C:7777.50 V:751.0
  📈 Trend: strong_bullish (raw: moderate_bullish) | 🌍 Regime: trending_bullish
  🗺️  Grid: 0.080% | 🔺 7778.25 🔻 7776.75
  📡 RSI: 57.1 | MACD: 0.96 | ATR: 1.52
  📊 Filled: 0 | Pending: 0
  💰 Daily P&L: $+0.00

[2026-08-10 12:23] O:7777.50 H:7778.50 L:7777.25 C:7777.50 V:849.0
  📈 Trend: moderate_bullish | 🌍 Regime: trending_bullish
  🗺️  Grid: 0.080% | 🔺 7778.00 🔻 7776.50
  📡 RSI: 51.4 | MACD: 0.91 | ATR: 1.48
  📊 Filled: 0 | Pending: 0
  💰 Daily P&L: $+0.00

[2026-08-10 12:24] O:7777.50 H:7778.25 L:7777.25 C:7778.00 V:597.0
  📈 Trend: moderate_bullish | 🌍 Regime: trending_bullish
  🗺️  Grid: 0.080% | 🔺 7778.50 🔻 7777.25
  📡 RSI: 55.3 | MACD: 0.91 | ATR: 1.39
  📊 Filled: 0 | Pending: 0
  💰 Daily P&L: $+0.00

[2026-08-10 12:25] O:7778.00 H:7778.50 L:7776.75 C:7776.75 V:897.0
  📈 Trend: moderate_bullish | 🌍 Regime: trending_bullish
  🗺️  Grid: 0.080% | 🔺 7778.25 🔻 7777.25
  📡 RSI: 51.2 | MACD: 0.79 | ATR: 1.43
  📊 Filled: 0 | Pending: 0
  💰 Daily P&L: $+0.00

[2026-08-10 12:26] O:7776.75 H:7777.25 L:7776.25 C:7776.25 V:839.0
  📈 Trend: moderate_bullish | 🌍 Regime: trending_bullish
  🗺️  Grid: 0.080% | 🔺 7778.50 🔻 7776.75
  📡 RSI: 51.2 | MACD: 0.65 | ATR: 1.43
  📊 Filled: 0 | Pending: 0
  💰 Daily P&L: $+0.00

[2026-08-10 12:27] O:7776.50 H:7777.50 L:7775.75 C:7775.75 V:848.0
  📈 Trend: moderate_bullish (raw: moderate_bearish) | 🌍 Regime: ranging
  🗺️  Grid: 0.080% | 🔺 7777.25 🔻 7776.25
  📡 RSI: 40.5 | MACD: 0.50 | ATR: 1.43
  📊 Filled: 0 | Pending: 0
  🔲 Regime: RANGING | Range pos: 34% | RSI: 40.5
  💰 Daily P&L: $+0.00

[2026-08-10 12:28] O:7775.75 H:7777.00 L:7775.00 C:7776.50 V:1531.0
  📈 Trend: moderate_bearish | 🌍 Regime: trending_bearish
  🗺️  Grid: 0.080% | 🔺 7777.50 🔻 7775.75
  📡 RSI: 45.0 | MACD: 0.43 | ATR: 1.52
  📊 Filled: 0 | Pending: 0
  💰 Daily P&L: $+0.00

[2026-08-10 12:29] O:7776.75 H:7778.25 L:7776.75 C:7777.50 V:941.0
  📈 Trend: moderate_bearish (raw: moderate_bullish) | 🌍 Regime: ranging
  🗺️  Grid: 0.080% | 🔺 7777.00 🔻 7775.00
  📡 RSI: 45.0 | MACD: 0.45 | ATR: 1.54
  📊 Filled: 0 | Pending: 0
  🔲 Regime: RANGING | Range pos: 39% | RSI: 45.0
  💰 Daily P&L: $+0.00

[2026-08-10 12:30] O:7777.50 H:7779.00 L:7777.50 C:7778.50 V:1333.0
  📈 Trend: moderate_bullish | 🌍 Regime: ranging
  🗺️  Grid: 0.080% | 🔺 7778.25 🔻 7776.75
  📡 RSI: 48.8 | MACD: 0.54 | ATR: 1.52
  📊 Filled: 0 | Pending: 0
  🔲 Regime: RANGING | Range pos: 42% | RSI: 48.8
  💰 Daily P&L: $+0.00

[2026-08-10 12:31] O:7778.50 H:7779.25 L:7778.25 C:7778.50 V:887.0
  📈 Trend: moderate_bullish | 🌍 Regime: ranging
  🗺️  Grid: 0.080% | 🔺 7779.00 🔻 7777.50
  📡 RSI: 47.6 | MACD: 0.61 | ATR: 1.50
  📊 Filled: 0 | Pending: 0
  🔲 Regime: RANGING | Range pos: 42% | RSI: 47.6
  💰 Daily P&L: $+0.00

[2026-08-10 12:32] O:7778.50 H:7779.25 L:7778.25 C:7778.75 V:803.0
  📈 Trend: moderate_bullish (raw: strong_bullish) | 🌍 Regime: ranging
  🗺️  Grid: 0.080% | 🔺 7779.25 🔻 7778.25
  📡 RSI: 61.8 | MACD: 0.67 | ATR: 1.38
  📊 Filled: 0 | Pending: 0
  🔲 Regime: RANGING | Range pos: 43% | RSI: 61.8
  💰 Daily P&L: $+0.00

[2026-08-10 12:33] O:7778.75 H:7779.25 L:7777.50 C:7777.50 V:756.0
  📈 Trend: moderate_bullish (raw: moderate_bearish) | 🌍 Regime: ranging
  🗺️  Grid: 0.080% | 🔺 7779.25 🔻 7778.25
  📡 RSI: 48.6 | MACD: 0.61 | ATR: 1.41
  📊 Filled: 0 | Pending: 0
  🔲 Regime: RANGING | Range pos: 39% | RSI: 48.6
  💰 Daily P&L: $+0.00

[2026-08-10 12:34] O:7777.50 H:7778.00 L:7777.25 C:7777.75 V:801.0
  📈 Trend: moderate_bearish | 🌍 Regime: ranging
  🗺️  Grid: 0.080% | 🔺 7779.25 🔻 7777.50
  📡 RSI: 50.0 | MACD: 0.58 | ATR: 1.39
  📊 Filled: 0 | Pending: 0
  🔲 Regime: RANGING | Range pos: 40% | RSI: 50.0
  💰 Daily P&L: $+0.00

[2026-08-10 12:35] O:7777.75 H:7778.25 L:7776.75 C:7776.75 V:852.0
  📈 Trend: moderate_bearish | 🌍 Regime: ranging
  🗺️  Grid: 0.080% | 🔺 7778.00 🔻 7777.25
  📡 RSI: 50.0 | MACD: 0.47 | ATR: 1.39
  📊 Filled: 0 | Pending: 0
  🔲 Regime: RANGING | Range pos: 37% | RSI: 50.0
  💰 Daily P&L: $+0.00

[2026-08-10 12:36] O:7777.00 H:7777.75 L:7776.75 C:7776.75 V:926.0
  📈 Trend: moderate_bearish | 🌍 Regime: ranging
  🗺️  Grid: 0.080% | 🔺 7778.25 🔻 7776.75
  📡 RSI: 45.5 | MACD: 0.38 | ATR: 1.36
  📊 Filled: 0 | Pending: 0
  🔲 Regime: RANGING | Range pos: 37% | RSI: 45.5
  💰 Daily P&L: $+0.00

[2026-08-10 12:37] O:7776.50 H:7776.50 L:7774.25 C:7774.25 V:1083.0
  📈 Trend: moderate_bearish | 🌍 Regime: ranging
  🗺️  Grid: 0.080% | 🔺 7777.75 🔻 7776.75
  📡 RSI: 34.9 | MACD: 0.10 | ATR: 1.45
  📊 Filled: 0 | Pending: 0
  🔲 Regime: RANGING | Range pos: 29% | RSI: 34.9
  🚫 Raw trend blocks RANGING LONG | raw: moderate_bearish
  💰 Daily P&L: $+0.00

[2026-08-10 12:38] O:7774.25 H:7775.25 L:7774.00 C:7775.00 V:861.0
  📈 Trend: moderate_bearish (raw: strong_bearish) | 🌍 Regime: ranging
  🗺️  Grid: 0.080% | 🔺 7776.50 🔻 7774.25
  📡 RSI: 36.4 | MACD: -0.05 | ATR: 1.46
  📊 Filled: 0 | Pending: 0
  🔲 Regime: RANGING | Range pos: 31% | RSI: 36.4
  💰 Daily P&L: $+0.00

[2026-08-10 12:39] O:7775.00 H:7775.25 L:7774.50 C:7774.75 V:691.0
  📈 Trend: strong_bearish | 🌍 Regime: ranging
  🗺️  Grid: 0.080% | 🔺 7775.25 🔻 7774.00
  📡 RSI: 40.0 | MACD: -0.20 | ATR: 1.39
  📊 Filled: 0 | Pending: 0
  🔲 Regime: RANGING | Range pos: 31% | RSI: 40.0
  💰 Daily P&L: $+0.00

[2026-08-10 12:40] O:7775.00 H:7775.75 L:7774.25 C:7775.00 V:746.0
  📈 Trend: strong_bearish | 🌍 Regime: ranging
  🗺️  Grid: 0.080% | 🔺 7775.25 🔻 7774.50
  📡 RSI: 43.6 | MACD: -0.29 | ATR: 1.43
  📊 Filled: 0 | Pending: 0
  🔲 Regime: RANGING | Range pos: 31% | RSI: 43.6
  💰 Daily P&L: $+0.00

[2026-08-10 12:41] O:7775.00 H:7775.50 L:7774.50 C:7775.25 V:680.0
  📈 Trend: strong_bearish | 🌍 Regime: ranging
  🗺️  Grid: 0.080% | 🔺 7775.75 🔻 7774.25
  📡 RSI: 47.4 | MACD: -0.33 | ATR: 1.38
  📊 Filled: 0 | Pending: 0
  🔲 Regime: RANGING | Range pos: 32% | RSI: 47.4
  💰 Daily P&L: $+0.00

[2026-08-10 12:42] O:7775.50 H:7776.25 L:7774.50 C:7774.50 V:817.0
  📈 Trend: strong_bearish | 🌍 Regime: ranging
  🗺️  Grid: 0.080% | 🔺 7775.50 🔻 7774.50
  📡 RSI: 39.5 | MACD: -0.43 | ATR: 1.36
  📊 Filled: 0 | Pending: 0
  🔲 Regime: RANGING | Range pos: 30% | RSI: 39.5
  💰 Daily P&L: $+0.00

[2026-08-10 12:43] O:7774.75 H:7774.75 L:7773.75 C:7774.25 V:815.0
  📈 Trend: strong_bearish | 🌍 Regime: ranging
  🗺️  Grid: 0.080% | 🔺 7776.25 🔻 7774.50
  📡 RSI: 31.4 | MACD: -0.52 | ATR: 1.30
  📊 Filled: 0 | Pending: 0
  🔲 Regime: RANGING | Range pos: 29% | RSI: 31.4
  🚫 Raw trend blocks RANGING LONG | raw: strong_bearish
  💰 Daily P&L: $+0.00

[2026-08-10 12:44] O:7774.25 H:7775.00 L:7772.50 C:7773.00 V:1517.0
  📈 Trend: strong_bearish | 🌍 Regime: ranging
  🗺️  Grid: 0.080% | 🔺 7774.75 🔻 7773.75
  📡 RSI: 19.4 | MACD: -0.68 | ATR: 1.38
  📊 Filled: 0 | Pending: 0
  🔲 Regime: RANGING | Range pos: 25% | RSI: 19.4
  🚫 Raw trend blocks RANGING LONG | raw: strong_bearish
  💰 Daily P&L: $+0.00

[2026-08-10 12:45] O:7773.00 H:7773.50 L:7772.00 C:7772.75 V:1483.0
  📈 Trend: strong_bearish | 🌍 Regime: ranging
  🗺️  Grid: 0.080% | 🔺 7775.00 🔻 7772.50
  📡 RSI: 18.9 | MACD: -0.82 | ATR: 1.41
  📊 Filled: 0 | Pending: 0
  🔲 Regime: RANGING | Range pos: 25% | RSI: 18.9
  🚫 Raw trend blocks RANGING LONG | raw: strong_bearish
  💰 Daily P&L: $+0.00

[2026-08-10 12:46] O:7773.00 H:7773.50 L:7772.00 C:7773.50 V:867.0
  📈 Trend: strong_bearish | 🌍 Regime: ranging
  🗺️  Grid: 0.080% | 🔺 7773.50 🔻 7772.00
  📡 RSI: 23.1 | MACD: -0.86 | ATR: 1.45
  📊 Filled: 0 | Pending: 0
  🔲 Regime: RANGING | Range pos: 27% | RSI: 23.1
  🚫 Raw trend blocks RANGING LONG | raw: strong_bearish
  💰 Daily P&L: $+0.00

[2026-08-10 12:47] O:7773.25 H:7774.25 L:7773.00 C:7773.25 V:1102.0
  📈 Trend: strong_bearish | 🌍 Regime: ranging
  🗺️  Grid: 0.080% | 🔺 7773.50 🔻 7772.00
  📡 RSI: 25.7 | MACD: -0.90 | ATR: 1.41
  📊 Filled: 0 | Pending: 0
  🔲 Regime: RANGING | Range pos: 26% | RSI: 25.7
  🚫 Raw trend blocks RANGING LONG | raw: strong_bearish
  💰 Daily P&L: $+0.00

[2026-08-10 12:48] O:7773.25 H:7774.00 L:7772.75 C:7774.00 V:954.0
  📈 Trend: strong_bearish | 🌍 Regime: ranging
  🗺️  Grid: 0.080% | 🔺 7774.25 🔻 7773.00
  📡 RSI: 29.7 | MACD: -0.86 | ATR: 1.45
  📊 Filled: 0 | Pending: 0
  🔲 Regime: RANGING | Range pos: 28% | RSI: 29.7
  🚫 Raw trend blocks RANGING LONG | raw: strong_bearish
  💰 Daily P&L: $+0.00

[2026-08-10 12:49] O:7774.00 H:7774.25 L:7773.25 C:7773.25 V:544.0
  📈 Trend: strong_bearish | 🌍 Regime: ranging
  🗺️  Grid: 0.080% | 🔺 7774.00 🔻 7772.75
  📡 RSI: 30.6 | MACD: -0.88 | ATR: 1.41
  📊 Filled: 0 | Pending: 0
  🔲 Regime: RANGING | Range pos: 26% | RSI: 30.6
  🚫 Raw trend blocks RANGING LONG | raw: strong_bearish
  💰 Daily P&L: $+0.00

[2026-08-10 12:50] O:7773.50 H:7774.00 L:7772.00 C:7772.50 V:1249.0
  📈 Trend: strong_bearish | 🌍 Regime: ranging
  🗺️  Grid: 0.080% | 🔺 7774.25 🔻 7773.25
  📡 RSI: 28.2 | MACD: -0.95 | ATR: 1.48
  📊 Filled: 0 | Pending: 0
  🔲 Regime: RANGING | Range pos: 24% | RSI: 28.2
  🚫 Raw trend blocks RANGING LONG | raw: strong_bearish
  💰 Daily P&L: $+0.00

[2026-08-10 12:51] O:7772.25 H:7772.50 L:7771.25 C:7771.75 V:1455.0
  📈 Trend: strong_bearish | 🌍 Regime: ranging
  🗺️  Grid: 0.080% | 🔺 7774.00 🔻 7772.00
  📡 RSI: 34.4 | MACD: -1.05 | ATR: 1.39
  📊 Filled: 0 | Pending: 0
  🔲 Regime: RANGING | Range pos: 22% | RSI: 34.4
  🚫 Raw trend blocks RANGING LONG | raw: strong_bearish
  💰 Daily P&L: $+0.00

[2026-08-10 12:52] O:7772.00 H:7773.25 L:7771.50 C:7773.25 V:1295.0
  📈 Trend: strong_bearish | 🌍 Regime: ranging
  🗺️  Grid: 0.080% | 🔺 7772.50 🔻 7771.25
  📡 RSI: 40.0 | MACD: -1.00 | ATR: 1.43
  📊 Filled: 0 | Pending: 0
  🔲 Regime: RANGING | Range pos: 26% | RSI: 40.0
  💰 Daily P&L: $+0.00

[2026-08-10 12:53] O:7773.25 H:7773.25 L:7772.00 C:7772.50 V:665.0
  📈 Trend: strong_bearish | 🌍 Regime: ranging
  🗺️  Grid: 0.080% | 🔺 7773.25 🔻 7771.50
  📡 RSI: 37.8 | MACD: -1.00 | ATR: 1.46
  📊 Filled: 0 | Pending: 0
  🔲 Regime: RANGING | Range pos: 24% | RSI: 37.8
  💰 Daily P&L: $+0.00

[2026-08-10 12:54] O:7772.25 H:7773.25 L:7772.00 C:7772.75 V:749.0
  📈 Trend: strong_bearish | 🌍 Regime: ranging
  🗺️  Grid: 0.080% | 🔺 7773.25 🔻 7772.00
  📡 RSI: 37.8 | MACD: -0.98 | ATR: 1.45
  📊 Filled: 0 | Pending: 0
  🔲 Regime: RANGING | Range pos: 25% | RSI: 37.8
  💰 Daily P&L: $+0.00

[2026-08-10 12:55] O:7772.75 H:7774.50 L:7772.00 C:7772.75 V:1117.0
  📈 Trend: strong_bearish | 🌍 Regime: ranging
  🗺️  Grid: 0.080% | 🔺 7773.25 🔻 7772.00
  📡 RSI: 36.1 | MACD: -0.95 | ATR: 1.55
  📊 Filled: 0 | Pending: 0
  🔲 Regime: RANGING | Range pos: 25% | RSI: 36.1
  💰 Daily P&L: $+0.00

[2026-08-10 12:56] O:7772.75 H:7772.75 L:7771.75 C:7772.50 V:695.0
  📈 Trend: strong_bearish | 🌍 Regime: ranging
  🗺️  Grid: 0.080% | 🔺 7774.50 🔻 7772.00
  📡 RSI: 38.2 | MACD: -0.93 | ATR: 1.50
  📊 Filled: 0 | Pending: 0
  🔲 Regime: RANGING | Range pos: 24% | RSI: 38.2
  💰 Daily P&L: $+0.00

[2026-08-10 12:57] O:7772.50 H:7774.00 L:7772.00 C:7774.00 V:836.0
  📈 Trend: strong_bearish | 🌍 Regime: ranging
  🗺️  Grid: 0.080% | 🔺 7772.75 🔻 7771.75
  📡 RSI: 48.7 | MACD: -0.79 | ATR: 1.57
  📊 Filled: 0 | Pending: 0
  🔲 Regime: RANGING | Range pos: 28% | RSI: 48.7
  💰 Daily P&L: $+0.00

[2026-08-10 12:58] O:7774.00 H:7774.75 L:7773.75 C:7774.75 V:867.0
  📈 Trend: strong_bearish | 🌍 Regime: ranging
  🗺️  Grid: 0.080% | 🔺 7774.00 🔻 7772.00
  📡 RSI: 59.5 | MACD: -0.61 | ATR: 1.46
  📊 Filled: 0 | Pending: 0
  🔲 Regime: RANGING | Range pos: 31% | RSI: 59.5
  💰 Daily P&L: $+0.00

[2026-08-10 12:59] O:7774.50 H:7774.75 L:7773.75 C:7773.75 V:781.0
  📈 Trend: strong_bearish | 🌍 Regime: ranging
  🗺️  Grid: 0.080% | 🔺 7774.75 🔻 7773.75
  📡 RSI: 55.0 | MACD: -0.54 | ATR: 1.43
  📊 Filled: 0 | Pending: 0
  🔲 Regime: RANGING | Range pos: 28% | RSI: 55.0
  💰 Daily P&L: $+0.00

[2026-08-10 13:00] O:7773.75 H:7775.25 L:7773.75 C:7774.75 V:1471.0
  📈 Trend: strong_bearish | 🌍 Regime: ranging
  🗺️  Grid: 0.080% | 🔺 7774.75 🔻 7773.75
  📡 RSI: 56.1 | MACD: -0.40 | ATR: 1.43
  📊 Filled: 0 | Pending: 0
  🔲 Regime: RANGING | Range pos: 31% | RSI: 56.1
  💰 Daily P&L: $+0.00

[2026-08-10 13:01] O:7775.00 H:7775.25 L:7773.25 C:7773.25 V:1356.0
  📈 Trend: strong_bearish | 🌍 Regime: ranging
  🗺️  Grid: 0.080% | 🔺 7775.25 🔻 7773.75
  📡 RSI: 50.0 | MACD: -0.41 | ATR: 1.48
  📊 Filled: 0 | Pending: 0
  🔲 Regime: RANGING | Range pos: 26% | RSI: 50.0
  💰 Daily P&L: $+0.00

[2026-08-10 13:02] O:7773.25 H:7774.25 L:7773.00 C:7773.75 V:849.0
  📈 Trend: strong_bearish | 🌍 Regime: ranging
  🗺️  Grid: 0.080% | 🔺 7775.25 🔻 7773.25
  📡 RSI: 48.9 | MACD: -0.37 | ATR: 1.48
  📊 Filled: 0 | Pending: 0
  🔲 Regime: RANGING | Range pos: 28% | RSI: 48.9
  💰 Daily P&L: $+0.00

[2026-08-10 13:03] O:7773.75 H:7774.25 L:7773.00 C:7774.00 V:801.0
  📈 Trend: strong_bearish (raw: moderate_bearish) | 🌍 Regime: ranging
  🗺️  Grid: 0.080% | 🔺 7774.25 🔻 7773.00
  📡 RSI: 53.5 | MACD: -0.31 | ATR: 1.50
  📊 Filled: 0 | Pending: 0
  🔲 Regime: RANGING | Range pos: 28% | RSI: 53.5
  💰 Daily P&L: $+0.00

[2026-08-10 13:04] O:7774.00 H:7774.25 L:7773.50 C:7773.75 V:396.0
  📈 Trend: moderate_bearish | 🌍 Regime: ranging
  🗺️  Grid: 0.080% | 🔺 7774.25 🔻 7773.00
  📡 RSI: 56.1 | MACD: -0.28 | ATR: 1.41
  📊 Filled: 0 | Pending: 0
  🔲 Regime: RANGING | Range pos: 28% | RSI: 56.1
  💰 Daily P&L: $+0.00

[2026-08-10 13:05] O:7774.00 H:7774.75 L:7773.00 C:7774.25 V:641.0
  📈 Trend: moderate_bearish | 🌍 Regime: ranging
  🗺️  Grid: 0.080% | 🔺 7774.25 🔻 7773.50
  📡 RSI: 62.5 | MACD: -0.22 | ATR: 1.45
  📊 Filled: 0 | Pending: 0
  🔲 Regime: RANGING | Range pos: 29% | RSI: 62.5
  💰 Daily P&L: $+0.00

[2026-08-10 13:06] O:7774.50 H:7775.00 L:7773.75 C:7774.75 V:565.0
  📈 Trend: moderate_bearish | 🌍 Regime: ranging
  🗺️  Grid: 0.080% | 🔺 7774.75 🔻 7773.00
  📡 RSI: 58.3 | MACD: -0.13 | ATR: 1.41
  📊 Filled: 0 | Pending: 0
  🔲 Regime: RANGING | Range pos: 31% | RSI: 58.3
  💰 Daily P&L: $+0.00

[2026-08-10 13:07] O:7774.50 H:7775.25 L:7774.50 C:7774.75 V:518.0
  📈 Trend: moderate_bearish | 🌍 Regime: ranging
  🗺️  Grid: 0.080% | 🔺 7775.00 🔻 7773.75
  📡 RSI: 63.6 | MACD: -0.05 | ATR: 1.38
  📊 Filled: 0 | Pending: 0
  🔲 Regime: RANGING | Range pos: 31% | RSI: 63.6
  💰 Daily P&L: $+0.00

[2026-08-10 13:08] O:7774.75 H:7776.75 L:7774.75 C:7776.00 V:1215.0
  📈 Trend: moderate_bearish (raw: moderate_bullish) | 🌍 Regime: ranging
  🗺️  Grid: 0.080% | 🔺 7775.25 🔻 7774.50
  📡 RSI: 67.6 | MACD: 0.11 | ATR: 1.43
  📊 Filled: 0 | Pending: 0
  🔲 Regime: RANGING | Range pos: 34% | RSI: 67.6
  💰 Daily P&L: $+0.00

[2026-08-10 13:09] O:7776.25 H:7776.25 L:7775.50 C:7776.00 V:1144.0
  📈 Trend: moderate_bullish | 🌍 Regime: ranging
  🗺️  Grid: 0.080% | 🔺 7776.75 🔻 7774.75
  📡 RSI: 67.6 | MACD: 0.23 | ATR: 1.30
  📊 Filled: 0 | Pending: 0
  🔲 Regime: RANGING | Range pos: 34% | RSI: 67.6
  💰 Daily P&L: $+0.00

[2026-08-10 13:10] O:7775.75 H:7777.25 L:7775.50 C:7776.75 V:708.0
  📈 Trend: moderate_bullish | 🌍 Regime: ranging
  🗺️  Grid: 0.080% | 🔺 7776.25 🔻 7775.50
  📡 RSI: 71.8 | MACD: 0.38 | ATR: 1.36
  📊 Filled: 0 | Pending: 0
  🔲 Regime: RANGING | Range pos: 37% | RSI: 71.8
  💰 Daily P&L: $+0.00

[2026-08-10 13:11] O:7777.00 H:7777.25 L:7775.75 C:7776.25 V:1250.0
  📈 Trend: moderate_bullish | 🌍 Regime: ranging
  🗺️  Grid: 0.080% | 🔺 7777.25 🔻 7775.50
  📡 RSI: 62.9 | MACD: 0.46 | ATR: 1.32
  📊 Filled: 0 | Pending: 0
  🔲 Regime: RANGING | Range pos: 35% | RSI: 62.9
  💰 Daily P&L: $+0.00

[2026-08-10 13:12] O:7776.25 H:7776.50 L:7774.75 C:7774.75 V:706.0
  📈 Trend: moderate_bullish | 🌍 Regime: ranging
  🗺️  Grid: 0.080% | 🔺 7777.25 🔻 7775.75
  📡 RSI: 50.0 | MACD: 0.39 | ATR: 1.38
  📊 Filled: 0 | Pending: 0
  🔲 Regime: RANGING | Range pos: 31% | RSI: 50.0
  💰 Daily P&L: $+0.00

[2026-08-10 13:13] O:7774.75 H:7775.00 L:7773.50 C:7774.00 V:963.0
  📈 Trend: moderate_bullish | 🌍 Regime: ranging
  🗺️  Grid: 0.080% | 🔺 7776.50 🔻 7774.75
  📡 RSI: 51.4 | MACD: 0.28 | ATR: 1.41
  📊 Filled: 0 | Pending: 0
  🔲 Regime: RANGING | Range pos: 28% | RSI: 51.4
  💰 Daily P&L: $+0.00

[2026-08-10 13:14] O:7774.25 H:7774.25 L:7772.75 C:7773.25 V:672.0
  📈 Trend: moderate_bullish (raw: moderate_bearish) | 🌍 Regime: ranging
  🗺️  Grid: 0.080% | 🔺 7775.00 🔻 7773.50
  📡 RSI: 41.7 | MACD: 0.12 | ATR: 1.41
  📊 Filled: 0 | Pending: 0
  🔲 Regime: RANGING | Range pos: 26% | RSI: 41.7
  💰 Daily P&L: $+0.00

[2026-08-10 13:15] O:7773.50 H:7773.75 L:7772.50 C:7773.00 V:1385.0
  📈 Trend: moderate_bullish (raw: strong_bearish) | 🌍 Regime: ranging
  🗺️  Grid: 0.080% | 🔺 7774.25 🔻 7772.75
  📡 RSI: 48.4 | MACD: -0.02 | ATR: 1.36
  📊 Filled: 0 | Pending: 0
  🔲 Regime: RANGING | Range pos: 25% | RSI: 48.4
  💰 Daily P&L: $+0.00

[2026-08-10 13:16] O:7773.00 H:7773.75 L:7772.75 C:7773.50 V:784.0
  📈 Trend: strong_bearish | 🌍 Regime: ranging
  🗺️  Grid: 0.080% | 🔺 7773.75 🔻 7772.50
  📡 RSI: 48.4 | MACD: -0.09 | ATR: 1.34
  📊 Filled: 0 | Pending: 0
  🔲 Regime: RANGING | Range pos: 27% | RSI: 48.4
  💰 Daily P&L: $+0.00

[2026-08-10 13:17] O:7773.50 H:7774.00 L:7773.00 C:7773.50 V:452.0
  📈 Trend: strong_bearish | 🌍 Regime: ranging
  🗺️  Grid: 0.080% | 🔺 7773.75 🔻 7772.75
  📡 RSI: 46.7 | MACD: -0.14 | ATR: 1.32
  📊 Filled: 0 | Pending: 0
  🔲 Regime: RANGING | Range pos: 27% | RSI: 46.7
  💰 Daily P&L: $+0.00

[2026-08-10 13:18] O:7773.50 H:7773.75 L:7772.25 C:7772.25 V:422.0
  📈 Trend: strong_bearish | 🌍 Regime: ranging
  🗺️  Grid: 0.080% | 🔺 7774.00 🔻 7773.00
  📡 RSI: 41.2 | MACD: -0.28 | ATR: 1.38
  📊 Filled: 0 | Pending: 0
  🔲 Regime: RANGING | Range pos: 23% | RSI: 41.2
  💰 Daily P&L: $+0.00

[2026-08-10 13:19] O:7772.25 H:7772.75 L:7771.75 C:7772.25 V:1285.0
  📈 Trend: strong_bearish | 🌍 Regime: ranging
  🗺️  Grid: 0.080% | 🔺 7773.75 🔻 7772.25
  📡 RSI: 37.5 | MACD: -0.39 | ATR: 1.32
  📊 Filled: 0 | Pending: 0
  🔲 Regime: RANGING | Range pos: 23% | RSI: 37.5
  💰 Daily P&L: $+0.00

[2026-08-10 13:20] O:7772.25 H:7772.75 L:7771.25 C:7772.00 V:1166.0
  📈 Trend: strong_bearish | 🌍 Regime: ranging
  🗺️  Grid: 0.080% | 🔺 7772.75 🔻 7771.75
  📡 RSI: 32.3 | MACD: -0.49 | ATR: 1.34
  📊 Filled: 0 | Pending: 0
  🔲 Regime: RANGING | Range pos: 22% | RSI: 32.3
  🚫 Raw trend blocks RANGING LONG | raw: strong_bearish
  💰 Daily P&L: $+0.00

[2026-08-10 13:21] O:7772.00 H:7772.75 L:7772.00 C:7772.75 V:679.0
  📈 Trend: strong_bearish | 🌍 Regime: ranging
  🗺️  Grid: 0.080% | 🔺 7772.75 🔻 7771.25
  📡 RSI: 38.2 | MACD: -0.50 | ATR: 1.34
  📊 Filled: 0 | Pending: 0
  🔲 Regime: RANGING | Range pos: 25% | RSI: 38.2
  💰 Daily P&L: $+0.00

[2026-08-10 13:22] O:7773.00 H:7774.00 L:7772.50 C:7773.00 V:908.0
  📈 Trend: strong_bearish | 🌍 Regime: ranging
  🗺️  Grid: 0.080% | 🔺 7772.75 🔻 7772.00
  📡 RSI: 30.0 | MACD: -0.49 | ATR: 1.30
  📊 Filled: 0 | Pending: 0
  🔲 Regime: RANGING | Range pos: 25% | RSI: 30.0
  🚫 Raw trend blocks RANGING LONG | raw: strong_bearish
  💰 Daily P&L: $+0.00

[2026-08-10 13:23] O:7773.00 H:7773.00 L:7772.25 C:7772.50 V:411.0
  📈 Trend: strong_bearish | 🌍 Regime: ranging
  🗺️  Grid: 0.080% | 🔺 7774.00 🔻 7772.50
  📡 RSI: 28.1 | MACD: -0.51 | ATR: 1.30
  📊 Filled: 0 | Pending: 0
  🔲 Regime: RANGING | Range pos: 24% | RSI: 28.1
  🚫 Raw trend blocks RANGING LONG | raw: strong_bearish
  💰 Daily P&L: $+0.00

[2026-08-10 13:24] O:7772.50 H:7772.75 L:7772.00 C:7772.00 V:803.0
  📈 Trend: strong_bearish | 🌍 Regime: ranging
  🗺️  Grid: 0.080% | 🔺 7773.00 🔻 7772.25
  📡 RSI: 19.4 | MACD: -0.56 | ATR: 1.23
  📊 Filled: 0 | Pending: 0
  🔲 Regime: RANGING | Range pos: 22% | RSI: 19.4
  🚫 Raw trend blocks RANGING LONG | raw: strong_bearish
  💰 Daily P&L: $+0.00

[2026-08-10 13:25] O:7772.00 H:7773.25 L:7772.00 C:7773.00 V:694.0
  📈 Trend: strong_bearish | 🌍 Regime: ranging
  🗺️  Grid: 0.080% | 🔺 7772.75 🔻 7772.00
  📡 RSI: 30.3 | MACD: -0.51 | ATR: 1.21
  📊 Filled: 0 | Pending: 0
  🔲 Regime: RANGING | Range pos: 25% | RSI: 30.3
  🚫 Raw trend blocks RANGING LONG | raw: strong_bearish
  💰 Daily P&L: $+0.00

[2026-08-10 13:26] O:7773.00 H:7773.50 L:7772.00 C:7772.25 V:605.0
  📈 Trend: strong_bearish | 🌍 Regime: ranging
  🗺️  Grid: 0.080% | 🔺 7773.25 🔻 7772.00
  📡 RSI: 33.3 | MACD: -0.53 | ATR: 1.20
  📊 Filled: 0 | Pending: 0
  🔲 Regime: RANGING | Range pos: 23% | RSI: 33.3
  🚫 Raw trend blocks RANGING LONG | raw: strong_bearish
  💰 Daily P&L: $+0.00

[2026-08-10 13:27] O:7772.00 H:7772.25 L:7771.50 C:7772.00 V:677.0
  📈 Trend: strong_bearish | 🌍 Regime: ranging
  🗺️  Grid: 0.080% | 🔺 7773.50 🔻 7772.00
  📡 RSI: 35.7 | MACD: -0.56 | ATR: 1.14
  📊 Filled: 0 | Pending: 0
  🔲 Regime: RANGING | Range pos: 22% | RSI: 35.7
  💰 Daily P&L: $+0.00

[2026-08-10 13:28] O:7772.00 H:7772.50 L:7771.75 C:7772.25 V:485.0
  📈 Trend: strong_bearish | 🌍 Regime: ranging
  🗺️  Grid: 0.080% | 🔺 7772.25 🔻 7771.50
  📡 RSI: 42.3 | MACD: -0.56 | ATR: 1.09
  📊 Filled: 0 | Pending: 0
  🔲 Regime: RANGING | Range pos: 23% | RSI: 42.3
  💰 Daily P&L: $+0.00

[2026-08-10 13:29] O:7772.50 H:7772.50 L:7771.50 C:7771.50 V:584.0
  📈 Trend: strong_bearish | 🌍 Regime: ranging
  🗺️  Grid: 0.080% | 🔺 7772.50 🔻 7771.75
  📡 RSI: 39.3 | MACD: -0.61 | ATR: 1.07
  📊 Filled: 0 | Pending: 0
  🔲 Regime: RANGING | Range pos: 21% | RSI: 39.3
  💰 Daily P&L: $+0.00

[2026-08-10 13:30] O:7771.50 H:7771.75 L:7769.25 C:7771.00 V:2596.0
  📈 Trend: strong_bearish | 🌍 Regime: ranging
  🗺️  Grid: 0.080% | 🔺 7772.50 🔻 7771.50
  📡 RSI: 32.1 | MACD: -0.68 | ATR: 1.18
  📊 Filled: 0 | Pending: 0
  🔲 Regime: RANGING | Range pos: 19% | RSI: 32.1
  🚫 Raw trend blocks RANGING LONG | raw: strong_bearish
  💰 Daily P&L: $+0.00

[2026-08-10 13:31] O:7770.75 H:7772.50 L:7770.75 C:7772.50 V:1200.0
  📈 Trend: strong_bearish | 🌍 Regime: ranging
  🗺️  Grid: 0.080% | 🔺 7771.75 🔻 7769.25
  📡 RSI: 44.1 | MACD: -0.61 | ATR: 1.23
  📊 Filled: 0 | Pending: 0
  🔲 Regime: RANGING | Range pos: 24% | RSI: 44.1
  💰 Daily P&L: $+0.00

[2026-08-10 13:32] O:7772.25 H:7773.25 L:7771.75 C:7772.75 V:872.0
  📈 Trend: strong_bearish | 🌍 Regime: ranging
  🗺️  Grid: 0.080% | 🔺 7772.50 🔻 7770.75
  📡 RSI: 53.3 | MACD: -0.52 | ATR: 1.23
  📊 Filled: 0 | Pending: 0
  🔲 Regime: RANGING | Range pos: 25% | RSI: 53.3
  💰 Daily P&L: $+0.00

[2026-08-10 13:33] O:7773.00 H:7773.00 L:7771.25 C:7772.25 V:1317.0
  📈 Trend: strong_bearish | 🌍 Regime: ranging
  🗺️  Grid: 0.080% | 🔺 7773.25 🔻 7771.75
  📡 RSI: 50.0 | MACD: -0.49 | ATR: 1.29
  📊 Filled: 0 | Pending: 0
  🔲 Regime: RANGING | Range pos: 23% | RSI: 50.0
  💰 Daily P&L: $+0.00

[2026-08-10 13:34] O:7772.25 H:7772.25 L:7771.50 C:7771.75 V:682.0
  📈 Trend: strong_bearish | 🌍 Regime: ranging
  🗺️  Grid: 0.080% | 🔺 7773.00 🔻 7771.25
  📡 RSI: 48.5 | MACD: -0.50 | ATR: 1.23
  📊 Filled: 0 | Pending: 0
  🔲 Regime: RANGING | Range pos: 22% | RSI: 48.5
  💰 Daily P&L: $+0.00

[2026-08-10 13:35] O:7772.00 H:7773.50 L:7772.00 C:7772.25 V:806.0
  📈 Trend: strong_bearish | 🌍 Regime: ranging
  🗺️  Grid: 0.080% | 🔺 7772.25 🔻 7771.50
  📡 RSI: 46.9 | MACD: -0.47 | ATR: 1.30
  📊 Filled: 0 | Pending: 0
  🔲 Regime: RANGING | Range pos: 23% | RSI: 46.9
  💰 Daily P&L: $+0.00

[2026-08-10 13:36] O:7772.50 H:7772.75 L:7771.00 C:7771.00 V:643.0
  📈 Trend: strong_bearish | 🌍 Regime: ranging
  🗺️  Grid: 0.080% | 🔺 7773.50 🔻 7772.00
  📡 RSI: 38.9 | MACD: -0.53 | ATR: 1.32
  📊 Filled: 0 | Pending: 0
  🔲 Regime: RANGING | Range pos: 19% | RSI: 38.9
  💰 Daily P&L: $+0.00

[2026-08-10 13:37] O:7771.25 H:7771.25 L:7769.50 C:7769.75 V:1051.0
  📈 Trend: strong_bearish | 🌍 Regime: ranging
  🗺️  Grid: 0.080% | 🔺 7772.75 🔻 7771.00
  📡 RSI: 35.9 | MACD: -0.68 | ATR: 1.39
  📊 Filled: 0 | Pending: 0
  🔲 Regime: RANGING | Range pos: 16% | RSI: 35.9
  💰 Daily P&L: $+0.00

[2026-08-10 13:38] O:7770.00 H:7770.75 L:7769.75 C:7770.50 V:465.0
  📈 Trend: strong_bearish | 🌍 Regime: ranging
  🗺️  Grid: 0.080% | 🔺 7771.25 🔻 7769.50
  📡 RSI: 42.5 | MACD: -0.72 | ATR: 1.41
  📊 Filled: 0 | Pending: 0
  🔲 Regime: RANGING | Range pos: 18% | RSI: 42.5
  💰 Daily P&L: $+0.00

[2026-08-10 13:39] O:7770.50 H:7772.25 L:7770.25 C:7772.00 V:1067.0
  📈 Trend: strong_bearish | 🌍 Regime: ranging
  🗺️  Grid: 0.080% | 🔺 7770.75 🔻 7769.75
  📡 RSI: 45.2 | MACD: -0.63 | ATR: 1.46
  📊 Filled: 0 | Pending: 0
  🔲 Regime: RANGING | Range pos: 22% | RSI: 45.2
  💰 Daily P&L: $+0.00

[2026-08-10 13:40] O:7772.00 H:7773.25 L:7772.00 C:7773.00 V:822.0
  📈 Trend: strong_bearish (raw: moderate_bearish) | 🌍 Regime: ranging
  🗺️  Grid: 0.080% | 🔺 7772.25 🔻 7770.25
  📡 RSI: 53.5 | MACD: -0.47 | ATR: 1.45
  📊 Filled: 0 | Pending: 0
  🔲 Regime: RANGING | Range pos: 25% | RSI: 53.5
  💰 Daily P&L: $+0.00

[2026-08-10 13:41] O:7773.00 H:7774.25 L:7773.00 C:7774.00 V:998.0
  📈 Trend: moderate_bearish | 🌍 Regime: ranging
  🗺️  Grid: 0.080% | 🔺 7773.25 🔻 7772.00
  📡 RSI: 58.7 | MACD: -0.26 | ATR: 1.48
  📊 Filled: 0 | Pending: 0
  🔲 Regime: RANGING | Range pos: 28% | RSI: 58.7
  💰 Daily P&L: $+0.00

[2026-08-10 13:42] O:7774.25 H:7775.75 L:7773.50 C:7775.50 V:1259.0
  📈 Trend: moderate_bearish (raw: moderate_bullish) | 🌍 Regime: ranging
  🗺️  Grid: 0.080% | 🔺 7774.25 🔻 7773.00
  📡 RSI: 62.7 | MACD: 0.03 | ATR: 1.59
  📊 Filled: 0 | Pending: 0
  🔲 Regime: RANGING | Range pos: 33% | RSI: 62.7
  💰 Daily P&L: $+0.00

[2026-08-10 13:43] O:7775.75 H:7775.75 L:7774.00 C:7774.00 V:1214.0
  📈 Trend: moderate_bullish | 🌍 Regime: ranging
  🗺️  Grid: 0.080% | 🔺 7775.75 🔻 7773.50
  📡 RSI: 59.3 | MACD: 0.13 | ATR: 1.64
  📊 Filled: 0 | Pending: 0
  🔲 Regime: RANGING | Range pos: 28% | RSI: 59.3
  💰 Daily P&L: $+0.00

[2026-08-10 13:44] O:7774.00 H:7775.50 L:7774.00 C:7775.25 V:638.0
  📈 Trend: moderate_bullish | 🌍 Regime: ranging
  🗺️  Grid: 0.080% | 🔺 7775.75 🔻 7774.00
  📡 RSI: 64.9 | MACD: 0.31 | ATR: 1.57
  📊 Filled: 0 | Pending: 0
  🔲 Regime: RANGING | Range pos: 32% | RSI: 64.9
  💰 Daily P&L: $+0.00

[2026-08-10 13:45] O:7775.25 H:7775.75 L:7774.50 C:7775.50 V:1377.0
  📈 Trend: moderate_bullish | 🌍 Regime: ranging
  🗺️  Grid: 0.080% | 🔺 7775.50 🔻 7774.00
  📡 RSI: 61.5 | MACD: 0.47 | ATR: 1.54
  📊 Filled: 0 | Pending: 0
  🔲 Regime: RANGING | Range pos: 33% | RSI: 61.5
  💰 Daily P&L: $+0.00

[2026-08-10 13:46] O:7775.50 H:7775.75 L:7774.75 C:7775.00 V:1189.0
  📈 Trend: moderate_bullish | 🌍 Regime: ranging
  🗺️  Grid: 0.080% | 🔺 7775.75 🔻 7774.50
  📡 RSI: 58.5 | MACD: 0.55 | ATR: 1.50
  📊 Filled: 0 | Pending: 0
  🔲 Regime: RANGING | Range pos: 31% | RSI: 58.5
  💰 Daily P&L: $+0.00

[2026-08-10 13:47] O:7775.00 H:7775.75 L:7775.00 C:7775.75 V:766.0
  📈 Trend: moderate_bullish | 🌍 Regime: ranging
  🗺️  Grid: 0.080% | 🔺 7775.75 🔻 7774.75
  📡 RSI: 63.0 | MACD: 0.66 | ATR: 1.43
  📊 Filled: 0 | Pending: 0
  🔲 Regime: RANGING | Range pos: 34% | RSI: 63.0
  💰 Daily P&L: $+0.00

[2026-08-10 13:48] O:7775.50 H:7776.00 L:7774.75 C:7775.75 V:745.0
  📈 Trend: moderate_bullish | 🌍 Regime: ranging
  🗺️  Grid: 0.080% | 🔺 7775.75 🔻 7775.00
  📡 RSI: 65.4 | MACD: 0.75 | ATR: 1.46
  📊 Filled: 0 | Pending: 0
  🔲 Regime: RANGING | Range pos: 34% | RSI: 65.4
  💰 Daily P&L: $+0.00

[2026-08-10 13:49] O:7775.50 H:7775.75 L:7774.00 C:7775.25 V:848.0
  📈 Trend: moderate_bullish | 🌍 Regime: ranging
  🗺️  Grid: 0.080% | 🔺 7776.00 🔻 7774.75
  📡 RSI: 61.5 | MACD: 0.76 | ATR: 1.46
  📊 Filled: 0 | Pending: 0
  🔲 Regime: RANGING | Range pos: 32% | RSI: 61.5
  💰 Daily P&L: $+0.00

[2026-08-10 13:50] O:7775.00 H:7776.25 L:7775.00 C:7776.25 V:784.0
  📈 Trend: moderate_bullish (raw: strong_bullish) | 🌍 Regime: ranging
  🗺️  Grid: 0.080% | 🔺 7775.75 🔻 7774.00
  📡 RSI: 70.6 | MACD: 0.85 | ATR: 1.43
  📊 Filled: 0 | Pending: 0
  🔲 Regime: RANGING | Range pos: 35% | RSI: 70.6
  💰 Daily P&L: $+0.00

[2026-08-10 13:51] O:7776.25 H:7777.50 L:7775.75 C:7776.00 V:1593.0
  📈 Trend: strong_bullish | 🌍 Regime: ranging
  🗺️  Grid: 0.080% | 🔺 7776.25 🔻 7775.00
  📡 RSI: 76.6 | MACD: 0.88 | ATR: 1.43
  📊 Filled: 0 | Pending: 0
  🔲 Regime: RANGING | Range pos: 34% | RSI: 76.6
  💰 Daily P&L: $+0.00

[2026-08-10 13:52] O:7776.25 H:7777.00 L:7776.25 C:7777.00 V:453.0
  📈 Trend: strong_bullish | 🌍 Regime: ranging
  🗺️  Grid: 0.080% | 🔺 7777.50 🔻 7775.75
  📡 RSI: 77.1 | MACD: 0.98 | ATR: 1.43
  📊 Filled: 0 | Pending: 0
  🔲 Regime: RANGING | Range pos: 37% | RSI: 77.1
  💰 Daily P&L: $+0.00

[2026-08-10 13:53] O:7777.00 H:7777.75 L:7776.50 C:7777.25 V:697.0
  📈 Trend: strong_bullish | 🌍 Regime: ranging
  🗺️  Grid: 0.080% | 🔺 7777.00 🔻 7776.25
  📡 RSI: 74.4 | MACD: 1.06 | ATR: 1.38
  📊 Filled: 0 | Pending: 0
  🔲 Regime: RANGING | Range pos: 38% | RSI: 74.4
  💰 Daily P&L: $+0.00

[2026-08-10 13:54] O:7777.25 H:7778.25 L:7777.25 C:7777.75 V:1140.0
  📈 Trend: strong_bullish | 🌍 Regime: ranging
  🗺️  Grid: 0.080% | 🔺 7777.75 🔻 7776.50
  📡 RSI: 73.2 | MACD: 1.16 | ATR: 1.36
  📊 Filled: 0 | Pending: 0
  🔲 Regime: RANGING | Range pos: 40% | RSI: 73.2
  💰 Daily P&L: $+0.00

[2026-08-10 13:55] O:7777.75 H:7777.75 L:7776.50 C:7776.50 V:874.0
  📈 Trend: strong_bullish | 🌍 Regime: ranging
  🗺️  Grid: 0.080% | 🔺 7778.25 🔻 7777.25
  📡 RSI: 61.9 | MACD: 1.12 | ATR: 1.36
  📊 Filled: 0 | Pending: 0
  🔲 Regime: RANGING | Range pos: 36% | RSI: 61.9
  💰 Daily P&L: $+0.00

[2026-08-10 13:56] O:7776.75 H:7778.00 L:7776.50 C:7777.75 V:863.0
  📈 Trend: strong_bullish | 🌍 Regime: ranging
  🗺️  Grid: 0.080% | 🔺 7777.75 🔻 7776.50
  📡 RSI: 61.0 | MACD: 1.18 | ATR: 1.30
  📊 Filled: 0 | Pending: 0
  🔲 Regime: RANGING | Range pos: 40% | RSI: 61.0
  💰 Daily P&L: $+0.00

[2026-08-10 13:57] O:7778.00 H:7779.50 L:7778.00 C:7779.00 V:1237.0
  📈 Trend: strong_bullish | 🌍 Regime: ranging
  🗺️  Grid: 0.080% | 🔺 7778.00 🔻 7776.50
  📡 RSI: 75.0 | MACD: 1.31 | ATR: 1.30
  📊 Filled: 0 | Pending: 0
  🔲 Regime: RANGING | Range pos: 43% | RSI: 75.0
  💰 Daily P&L: $+0.00

[2026-08-10 13:58] O:7779.25 H:7779.75 L:7778.25 C:7778.50 V:1181.0
  📈 Trend: strong_bullish | 🌍 Regime: ranging
  🗺️  Grid: 0.080% | 🔺 7779.50 🔻 7778.00
  📡 RSI: 67.6 | MACD: 1.36 | ATR: 1.30
  📊 Filled: 0 | Pending: 0
  🔲 Regime: RANGING | Range pos: 42% | RSI: 67.6
  💰 Daily P&L: $+0.00

[2026-08-10 13:59] O:7778.50 H:7779.25 L:7778.25 C:7778.50 V:1087.0
  📈 Trend: strong_bullish | 🌍 Regime: ranging
  🗺️  Grid: 0.080% | 🔺 7779.75 🔻 7778.25
  📡 RSI: 66.7 | MACD: 1.38 | ATR: 1.29
  📊 Filled: 0 | Pending: 0
  🔲 Regime: RANGING | Range pos: 42% | RSI: 66.7
  💰 Daily P&L: $+0.00

[2026-08-10 14:00] O:7778.75 H:7779.00 L:7777.25 C:7777.25 V:1815.0
  📈 Trend: strong_bullish | 🌍 Regime: ranging
  🗺️  Grid: 0.080% | 🔺 7779.25 🔻 7778.25
  📡 RSI: 61.5 | MACD: 1.28 | ATR: 1.34
  📊 Filled: 0 | Pending: 0
  🔲 Regime: RANGING | Range pos: 38% | RSI: 61.5
  💰 Daily P&L: $+0.00

[2026-08-10 14:01] O:7777.25 H:7778.75 L:7777.25 C:7778.00 V:974.0
  📈 Trend: strong_bullish | 🌍 Regime: ranging
  🗺️  Grid: 0.080% | 🔺 7779.00 🔻 7777.25
  📡 RSI: 61.5 | MACD: 1.25 | ATR: 1.39
  📊 Filled: 0 | Pending: 0
  🔲 Regime: RANGING | Range pos: 40% | RSI: 61.5
  💰 Daily P&L: $+0.00

[2026-08-10 14:02] O:7778.00 H:7779.25 L:7777.75 C:7778.50 V:1154.0
  📈 Trend: strong_bullish | 🌍 Regime: ranging
  🗺️  Grid: 0.080% | 🔺 7778.75 🔻 7777.25
  📡 RSI: 63.4 | MACD: 1.25 | ATR: 1.41
  📊 Filled: 0 | Pending: 0
  🔲 Regime: RANGING | Range pos: 42% | RSI: 63.4
  💰 Daily P&L: $+0.00

[2026-08-10 14:03] O:7778.25 H:7780.00 L:7778.00 C:7779.50 V:1117.0
  📈 Trend: strong_bullish | 🌍 Regime: ranging
  🗺️  Grid: 0.080% | 🔺 7779.25 🔻 7777.75
  📡 RSI: 69.8 | MACD: 1.31 | ATR: 1.43
  📊 Filled: 0 | Pending: 0
  🔲 Regime: RANGING | Range pos: 45% | RSI: 69.8
  💰 Daily P&L: $+0.00

[2026-08-10 14:04] O:7779.50 H:7779.75 L:7778.50 C:7778.50 V:928.0
  📈 Trend: strong_bullish | 🌍 Regime: ranging
  🗺️  Grid: 0.080% | 🔺 7780.00 🔻 7778.00
  📡 RSI: 60.5 | MACD: 1.27 | ATR: 1.43
  📊 Filled: 0 | Pending: 0
  🔲 Regime: RANGING | Range pos: 42% | RSI: 60.5
  💰 Daily P&L: $+0.00

[2026-08-10 14:05] O:7778.75 H:7779.25 L:7777.75 C:7778.50 V:1302.0
  📈 Trend: strong_bullish (raw: moderate_bullish) | 🌍 Regime: ranging
  🗺️  Grid: 0.080% | 🔺 7779.75 🔻 7778.50
  📡 RSI: 61.9 | MACD: 1.22 | ATR: 1.41
  📊 Filled: 0 | Pending: 0
  🔲 Regime: RANGING | Range pos: 42% | RSI: 61.9
  💰 Daily P&L: $+0.00

[2026-08-10 14:06] O:7778.75 H:7779.75 L:7778.00 C:7779.00 V:1267.0
  📈 Trend: moderate_bullish | 🌍 Regime: ranging
  🗺️  Grid: 0.080% | 🔺 7779.25 🔻 7777.75
  📡 RSI: 60.0 | MACD: 1.21 | ATR: 1.46
  📊 Filled: 0 | Pending: 0
  🔲 Regime: RANGING | Range pos: 43% | RSI: 60.0
  💰 Daily P&L: $+0.00

[2026-08-10 14:07] O:7779.00 H:7779.75 L:7779.00 C:7779.50 V:732.0
  📈 Trend: moderate_bullish (raw: strong_bullish) | 🌍 Regime: ranging
  🗺️  Grid: 0.080% | 🔺 7779.75 🔻 7778.00
  📡 RSI: 61.0 | MACD: 1.23 | ATR: 1.43
  📊 Filled: 0 | Pending: 0
  🔲 Regime: RANGING | Range pos: 45% | RSI: 61.0
  💰 Daily P&L: $+0.00

[2026-08-10 14:08] O:7779.75 H:7780.50 L:7779.50 C:7780.50 V:1751.0
  📈 Trend: strong_bullish | 🌍 Regime: ranging
  🗺️  Grid: 0.080% | 🔺 7779.75 🔻 7779.00
  📡 RSI: 62.8 | MACD: 1.31 | ATR: 1.43
  📊 Filled: 0 | Pending: 0
  🔲 Regime: RANGING | Range pos: 48% | RSI: 62.8
  💰 Daily P&L: $+0.00

[2026-08-10 14:09] O:7780.50 H:7780.75 L:7779.75 C:7780.75 V:1151.0
  📈 Trend: strong_bullish | 🌍 Regime: ranging
  🗺️  Grid: 0.080% | 🔺 7780.50 🔻 7779.50
  📡 RSI: 71.8 | MACD: 1.37 | ATR: 1.41
  📊 Filled: 0 | Pending: 0
  🔲 Regime: RANGING | Range pos: 49% | RSI: 71.8
  💰 Daily P&L: $+0.00

[2026-08-10 14:10] O:7780.75 H:7780.75 L:7779.50 C:7780.00 V:921.0
  📈 Trend: strong_bullish | 🌍 Regime: ranging
  🗺️  Grid: 0.080% | 🔺 7780.75 🔻 7779.75
  📡 RSI: 62.2 | MACD: 1.35 | ATR: 1.39
  📊 Filled: 0 | Pending: 0
  🔲 Regime: RANGING | Range pos: 46% | RSI: 62.2
  💰 Daily P&L: $+0.00

[2026-08-10 14:11] O:7780.00 H:7780.50 L:7779.25 C:7779.50 V:925.0
  📈 Trend: strong_bullish (raw: moderate_bullish) | 🌍 Regime: ranging
  🗺️  Grid: 0.080% | 🔺 7780.75 🔻 7779.50
  📡 RSI: 52.9 | MACD: 1.28 | ATR: 1.36
  📊 Filled: 0 | Pending: 0
  🔲 Regime: RANGING | Range pos: 45% | RSI: 52.9
  💰 Daily P&L: $+0.00

[2026-08-10 14:12] O:7779.25 H:7780.00 L:7778.75 C:7779.75 V:1121.0
  📈 Trend: moderate_bullish | 🌍 Regime: ranging
  🗺️  Grid: 0.080% | 🔺 7780.50 🔻 7779.25
  📡 RSI: 57.6 | MACD: 1.23 | ATR: 1.34
  📊 Filled: 0 | Pending: 0
  🔲 Regime: RANGING | Range pos: 46% | RSI: 57.6
  💰 Daily P&L: $+0.00

[2026-08-10 14:13] O:7779.75 H:7780.75 L:7779.75 C:7780.00 V:865.0
  📈 Trend: moderate_bullish | 🌍 Regime: ranging
  🗺️  Grid: 0.080% | 🔺 7780.00 🔻 7778.75
  📡 RSI: 58.8 | MACD: 1.19 | ATR: 1.34
  📊 Filled: 0 | Pending: 0
  🔲 Regime: RANGING | Range pos: 46% | RSI: 58.8
  💰 Daily P&L: $+0.00

[2026-08-10 14:14] O:7780.00 H:7780.00 L:7779.25 C:7779.75 V:1436.0
  📈 Trend: moderate_bullish | 🌍 Regime: ranging
  🗺️  Grid: 0.080% | 🔺 7780.75 🔻 7779.75
  📡 RSI: 66.7 | MACD: 1.13 | ATR: 1.27
  📊 Filled: 0 | Pending: 0
  🔲 Regime: RANGING | Range pos: 46% | RSI: 66.7
  💰 Daily P&L: $+0.00

[2026-08-10 14:15] O:7779.75 H:7780.25 L:7779.25 C:7779.50 V:751.0
  📈 Trend: moderate_bullish | 🌍 Regime: ranging
  🗺️  Grid: 0.080% | 🔺 7780.00 🔻 7779.25
  📡 RSI: 60.7 | MACD: 1.05 | ATR: 1.23
  📊 Filled: 0 | Pending: 0
  🔲 Regime: RANGING | Range pos: 45% | RSI: 60.7
  💰 Daily P&L: $+0.00

[2026-08-10 14:16] O:7779.50 H:7779.75 L:7778.75 C:7779.00 V:1316.0
  📈 Trend: moderate_bullish (raw: moderate_bearish) | 🌍 Regime: ranging
  🗺️  Grid: 0.080% | 🔺 7780.25 🔻 7779.25
  📡 RSI: 53.6 | MACD: 0.94 | ATR: 1.20
  📊 Filled: 0 | Pending: 0
  🔲 Regime: RANGING | Range pos: 43% | RSI: 53.6
  💰 Daily P&L: $+0.00

[2026-08-10 14:17] O:7779.25 H:7780.50 L:7779.00 C:7780.50 V:990.0
  📈 Trend: moderate_bullish | 🌍 Regime: ranging
  🗺️  Grid: 0.080% | 🔺 7779.75 🔻 7778.75
  📡 RSI: 56.7 | MACD: 0.95 | ATR: 1.16
  📊 Filled: 0 | Pending: 0
  🔲 Regime: RANGING | Range pos: 48% | RSI: 56.7
  💰 Daily P&L: $+0.00

[2026-08-10 14:18] O:7780.50 H:7781.25 L:7780.00 C:7780.50 V:1194.0
  📈 Trend: moderate_bullish | 🌍 Regime: ranging
  🗺️  Grid: 0.080% | 🔺 7780.50 🔻 7779.00
  📡 RSI: 65.4 | MACD: 0.96 | ATR: 1.16
  📊 Filled: 0 | Pending: 0
  🔲 Regime: RANGING | Range pos: 48% | RSI: 65.4
  💰 Daily P&L: $+0.00

[2026-08-10 14:19] O:7780.50 H:7780.50 L:7779.50 C:7779.75 V:688.0
  📈 Trend: moderate_bullish (raw: strong_bullish) | 🌍 Regime: ranging
  🗺️  Grid: 0.080% | 🔺 7781.25 🔻 7780.00
  📡 RSI: 58.6 | MACD: 0.89 | ATR: 1.12
  📊 Filled: 0 | Pending: 0
  🔲 Regime: RANGING | Range pos: 46% | RSI: 58.6
  💰 Daily P&L: $+0.00

[2026-08-10 14:20] O:7779.75 H:7780.50 L:7779.00 C:7779.00 V:865.0
  📈 Trend: strong_bullish | 🌍 Regime: ranging
  🗺️  Grid: 0.080% | 🔺 7780.50 🔻 7779.50
  📡 RSI: 50.0 | MACD: 0.77 | ATR: 1.11
  📊 Filled: 0 | Pending: 0
  🔲 Regime: RANGING | Range pos: 43% | RSI: 50.0
  💰 Daily P&L: $+0.00

[2026-08-10 14:21] O:7779.25 H:7779.75 L:7778.50 C:7779.25 V:1214.0
  📈 Trend: strong_bullish | 🌍 Regime: ranging
  🗺️  Grid: 0.080% | 🔺 7780.50 🔻 7779.00
  📡 RSI: 48.3 | MACD: 0.68 | ATR: 1.14
  📊 Filled: 0 | Pending: 0
  🔲 Regime: RANGING | Range pos: 44% | RSI: 48.3
  💰 Daily P&L: $+0.00

[2026-08-10 14:22] O:7779.25 H:7779.75 L:7778.75 C:7778.75 V:540.0
  📈 Trend: strong_bullish (raw: moderate_bullish) | 🌍 Regime: ranging
  🗺️  Grid: 0.080% | 🔺 7779.75 🔻 7778.50
  📡 RSI: 37.0 | MACD: 0.57 | ATR: 1.14
  📊 Filled: 0 | Pending: 0
  🔲 Regime: RANGING | Range pos: 43% | RSI: 37.0
  💰 Daily P&L: $+0.00

[2026-08-10 14:23] O:7779.00 H:7780.00 L:7778.75 C:7779.75 V:1185.0
  📈 Trend: strong_bullish | 🌍 Regime: ranging
  🗺️  Grid: 0.080% | 🔺 7779.75 🔻 7778.75
  📡 RSI: 43.3 | MACD: 0.55 | ATR: 1.16
  📊 Filled: 0 | Pending: 0
  🔲 Regime: RANGING | Range pos: 46% | RSI: 43.3
  💰 Daily P&L: $+0.00

[2026-08-10 14:24] O:7780.00 H:7780.75 L:7779.00 C:7780.50 V:1269.0
  📈 Trend: strong_bullish | 🌍 Regime: ranging
  🗺️  Grid: 0.080% | 🔺 7780.00 🔻 7778.75
  📡 RSI: 53.3 | MACD: 0.59 | ATR: 1.20
  📊 Filled: 0 | Pending: 0
  🔲 Regime: RANGING | Range pos: 48% | RSI: 53.3
  💰 Daily P&L: $+0.00

[2026-08-10 14:25] O:7780.50 H:7780.50 L:7778.00 C:7778.25 V:1659.0
  📈 Trend: strong_bullish (raw: moderate_bullish) | 🌍 Regime: ranging
  🗺️  Grid: 0.080% | 🔺 7780.75 🔻 7779.00
  📡 RSI: 43.2 | MACD: 0.44 | ATR: 1.29
  📊 Filled: 0 | Pending: 0
  🔲 Regime: RANGING | Range pos: 41% | RSI: 43.2
  💰 Daily P&L: $+0.00

[2026-08-10 14:26] O:7778.25 H:7779.25 L:7777.75 C:7778.25 V:986.0
  📈 Trend: moderate_bullish | 🌍 Regime: ranging
  🗺️  Grid: 0.080% | 🔺 7780.50 🔻 7778.00
  📡 RSI: 41.7 | MACD: 0.31 | ATR: 1.30
  📊 Filled: 0 | Pending: 0
  🔲 Regime: RANGING | Range pos: 41% | RSI: 41.7
  💰 Daily P&L: $+0.00

[2026-08-10 14:27] O:7778.00 H:7778.00 L:7776.50 C:7776.75 V:1825.0
  📈 Trend: moderate_bullish | 🌍 Regime: ranging
  🗺️  Grid: 0.080% | 🔺 7779.25 🔻 7777.75
  📡 RSI: 34.1 | MACD: 0.09 | ATR: 1.36
  📊 Filled: 0 | Pending: 0
  🔲 Regime: RANGING | Range pos: 37% | RSI: 34.1
  💰 Daily P&L: $+0.00

[2026-08-10 14:28] O:7777.00 H:7777.50 L:7776.25 C:7776.50 V:1491.0
  📈 Trend: moderate_bullish | 🌍 Regime: ranging
  🗺️  Grid: 0.080% | 🔺 7778.00 🔻 7776.50
  📡 RSI: 34.1 | MACD: -0.10 | ATR: 1.39
  📊 Filled: 0 | Pending: 0
  🔲 Regime: RANGING | Range pos: 36% | RSI: 34.1
  💰 Daily P&L: $+0.00

[2026-08-10 14:29] O:7776.75 H:7776.75 L:7775.25 C:7775.75 V:1512.0
  📈 Trend: moderate_bullish | 🌍 Regime: ranging
  🗺️  Grid: 0.080% | 🔺 7777.50 🔻 7776.25
  📡 RSI: 32.6 | MACD: -0.32 | ATR: 1.43
  📊 Filled: 0 | Pending: 0
  🔲 Regime: RANGING | Range pos: 34% | RSI: 32.6
  💰 Daily P&L: $+0.00

[2026-08-10 14:30] O:7776.00 H:7776.75 L:7775.00 C:7775.25 V:2153.0
  📈 Trend: moderate_bullish | 🌍 Regime: ranging
  🗺️  Grid: 0.080% | 🔺 7776.75 🔻 7775.25
  📡 RSI: 32.6 | MACD: -0.52 | ATR: 1.48
  📊 Filled: 0 | Pending: 0
  🕐 Outside session (14:30 CT) — no entries
  💰 Daily P&L: $+0.00

[2026-08-10 14:31] O:7775.25 H:7776.25 L:7775.00 C:7775.50 V:1380.0
  📈 Trend: moderate_bullish | 🌍 Regime: ranging
  🗺️  Grid: 0.080% | 🔺 7776.75 🔻 7775.00
  📡 RSI: 23.7 | MACD: -0.65 | ATR: 1.46
  📊 Filled: 0 | Pending: 0
  🕐 Outside session (14:31 CT) — no entries
  💰 Daily P&L: $+0.00

[2026-08-10 14:32] O:7775.50 H:7776.00 L:7773.75 C:7774.50 V:2147.0
  📈 Trend: moderate_bullish | 🌍 Regime: ranging
  🗺️  Grid: 0.080% | 🔺 7776.25 🔻 7775.00
  📡 RSI: 21.4 | MACD: -0.83 | ATR: 1.54
  📊 Filled: 0 | Pending: 0
  🕐 Outside session (14:32 CT) — no entries
  💰 Daily P&L: $+0.00

[2026-08-10 14:33] O:7774.50 H:7775.25 L:7774.25 C:7775.00 V:1275.0
  📈 Trend: moderate_bullish | 🌍 Regime: ranging
  🗺️  Grid: 0.080% | 🔺 7776.00 🔻 7773.75
  📡 RSI: 26.8 | MACD: -0.91 | ATR: 1.54
  📊 Filled: 0 | Pending: 0
  🕐 Outside session (14:33 CT) — no entries
  💰 Daily P&L: $+0.00

[2026-08-10 14:34] O:7774.75 H:7776.25 L:7774.50 C:7775.25 V:1456.0
  📈 Trend: moderate_bullish (raw: strong_bearish) | 🌍 Regime: ranging
  🗺️  Grid: 0.080% | 🔺 7775.25 🔻 7774.25
  📡 RSI: 30.8 | MACD: -0.95 | ATR: 1.55
  📊 Filled: 0 | Pending: 0
  🕐 Outside session (14:34 CT) — no entries
  💰 Daily P&L: $+0.00

[2026-08-10 14:35] O:7775.25 H:7776.25 L:7774.50 C:7774.75 V:1135.0
  📈 Trend: strong_bearish | 🌍 Regime: ranging
  🗺️  Grid: 0.080% | 🔺 7776.25 🔻 7774.50
  📡 RSI: 27.5 | MACD: -1.01 | ATR: 1.59
  📊 Filled: 0 | Pending: 0
  🕐 Outside session (14:35 CT) — no entries
  💰 Daily P&L: $+0.00

[2026-08-10 14:36] O:7775.00 H:7776.50 L:7774.75 C:7776.25 V:1398.0
  📈 Trend: strong_bearish | 🌍 Regime: ranging
  🗺️  Grid: 0.080% | 🔺 7776.25 🔻 7774.50
  📡 RSI: 38.6 | MACD: -0.93 | ATR: 1.64
  📊 Filled: 0 | Pending: 0
  🕐 Outside session (14:36 CT) — no entries
  💰 Daily P&L: $+0.00

[2026-08-10 14:37] O:7776.25 H:7777.00 L:7776.00 C:7776.75 V:1101.0
  📈 Trend: strong_bearish | 🌍 Regime: ranging
  🗺️  Grid: 0.080% | 🔺 7776.50 🔻 7774.75
  📡 RSI: 35.7 | MACD: -0.81 | ATR: 1.62
  📊 Filled: 0 | Pending: 0
  🕐 Outside session (14:37 CT) — no entries
  💰 Daily P&L: $+0.00

[2026-08-10 14:38] O:7776.75 H:7777.50 L:7776.25 C:7777.50 V:1322.0
  📈 Trend: strong_bearish (raw: moderate_bearish) | 🌍 Regime: ranging
  🗺️  Grid: 0.080% | 🔺 7777.00 🔻 7776.00
