2026-08-24 23:09:46 | ERROR    | Error 1100, reqId -1: Connectivity between IBKR and Trader Workstation has been lost.
2026-08-25 08:40:48 | ERROR    | Error handling fields: ['10', '728', 'ES', 'FUT', '20260918 08:30:00 US/Central', '0', '', 'CME', 'USD', 'ESU6', 'ES', 'ES', '649180671', '0.25', '50', 'ACTIVETIM,AD,ADJUST,ALERT,ALGO,ALLOC,AVGCOST,BASKET,BENCHPX,COND,CONDORDER,DAY,DEACT,DEACTDIS,DEACTEOD,GAT,GTC,GTD,GTT,HID,ICE,IOC,LIT,LMT,LTH,MIT,MKT,MTL,NGCOMB,NONALGO,OCA,PEGBENCH,SCALE,SCALERST,SNAPMID,SNAPMKT,SNAPREL,STP,STPLMT,TRAIL,TRAILLIT,TRAILLMT,TRAILMIT,WHATIF', 'CME,QBALGO', '1', '11004968', 'E-mini S&P 500', '', '202609', '', '', '', 'US/Central', '20260823:1700-20260824:1600;20260824:1700-20260825:1600;20260825:1700-20260826:1600;20260826:1700-20260827:1600;20260827:1700-20260828:1600', '20260824:0830-20260824:1600;20260825:0830-20260825:1600;20260826:0830-20260826:1600;20260827:0830-20260827:1600;20260828:0830-20260828:1600', '', '', '0', '2147483647', 'ES', 'IND', '67,67', '20260918', '', '1', '1', '1']
Traceback (most recent call last):
  File "C:\Python312\Lib\site-packages\ib_insync\decoder.py", line 198, in interpret
    handler(fields)
  File "C:\Python312\Lib\site-packages\ib_insync\decoder.py", line 336, in contractDetails
    self.wrapper.contractDetails(int(reqId), cd)
  File "C:\Python312\Lib\site-packages\ib_insync\wrapper.py", line 521, in contractDetails
    self._results[reqId].append(contractDetails)
    ~~~~~~~~~~~~~^^^^^^^
KeyError: 728
2026-08-25 08:40:48 | ERROR    | Error 1102, reqId -1: Connectivity between IBKR and Trader Workstation has been restored - data maintained. The following farms are connected: usfarm.nj; usfuture; usfarm; euhmds; fundfarm; ushmds. The following farms are not connected: secdefnj.
2026-08-25 08:40:48 | ERROR    | Error 1100, reqId -1: Connectivity between IBKR and Trader Workstation has been lost.
2026-08-25 08:40:54 | ERROR    | Error 1102, reqId -1: Connectivity between IBKR and Trader Workstation has been restored - data maintained. All data farms are connected: usfarm.nj; usfuture; usfarm; euhmds; fundfarm; ushmds; secdefnj.
2026-08-25 11:23:07 | ERROR    | Error 10148, reqId 735: OrderId 735 that needs to be cancelled cannot be cancelled, state: Cancelled.
2026-08-25 11:24:05 | ERROR    | Error 10147, reqId 735: OrderId 735 that needs to be cancelled is not found.
end: strong_bearish | 🌍 Regime: trending_bearish
  🗺️  Grid: 0.080% | 🔺 7674.00 🔻 7672.50
  📡 RSI: 31.4 | MACD: -1.02 | ATR: 1.36
  📊 Filled: 0 | Pending: 0
  💰 Daily P&L: $+0.00

[2026-08-24 14:05] O:7673.50 H:7675.00 L:7673.50 C:7675.00 V:1061.0
  📈 Trend: strong_bearish | 🌍 Regime: trending_bearish
  🗺️  Grid: 0.080% | 🔺 7674.00 🔻 7672.75
  📡 RSI: 43.6 | MACD: -0.90 | ATR: 1.34
  📊 Filled: 0 | Pending: 0
  💰 Daily P&L: $+0.00

[2026-08-24 14:06] O:7674.75 H:7674.75 L:7673.75 C:7674.25 V:702.0
  📈 Trend: strong_bearish | 🌍 Regime: trending_bearish
  🗺️  Grid: 0.080% | 🔺 7675.00 🔻 7673.50
  📡 RSI: 44.7 | MACD: -0.86 | ATR: 1.32
  📊 Filled: 0 | Pending: 0
  💰 Daily P&L: $+0.00

[2026-08-24 14:07] O:7674.50 H:7675.25 L:7674.00 C:7674.25 V:936.0
  📈 Trend: strong_bearish (raw: moderate_bearish) | 🌍 Regime: trending_bearish
  🗺️  Grid: 0.080% | 🔺 7674.75 🔻 7673.75
  📡 RSI: 41.7 | MACD: -0.82 | ATR: 1.34
  📊 Filled: 0 | Pending: 0
  💰 Daily P&L: $+0.00

[2026-08-24 14:08] O:7674.25 H:7674.50 L:7673.50 C:7674.00 V:795.0
  📈 Trend: moderate_bearish | 🌍 Regime: trending_bearish
  🗺️  Grid: 0.080% | 🔺 7675.25 🔻 7674.00
  📡 RSI: 41.7 | MACD: -0.80 | ATR: 1.29
  📊 Filled: 0 | Pending: 0
  💰 Daily P&L: $+0.00

[2026-08-24 14:09] O:7674.25 H:7674.25 L:7672.50 C:7673.00 V:757.0
  📈 Trend: moderate_bearish (raw: strong_bearish) | 🌍 Regime: trending_bearish
  🗺️  Grid: 0.080% | 🔺 7674.50 🔻 7673.50
  📡 RSI: 37.5 | MACD: -0.85 | ATR: 1.34
  📊 Filled: 0 | Pending: 0
  💰 Daily P&L: $+0.00

[2026-08-24 14:10] O:7673.00 H:7673.75 L:7672.75 C:7673.75 V:740.0
  📈 Trend: moderate_bearish | 🌍 Regime: trending_bearish
  🗺️  Grid: 0.080% | 🔺 7674.25 🔻 7672.50
  📡 RSI: 40.5 | MACD: -0.82 | ATR: 1.34
  📊 Filled: 0 | Pending: 0
  💰 Daily P&L: $+0.00

[2026-08-24 14:11] O:7673.75 H:7675.25 L:7673.00 C:7675.00 V:1918.0
  📈 Trend: moderate_bearish | 🌍 Regime: trending_bearish
  🗺️  Grid: 0.080% | 🔺 7673.75 🔻 7672.75
  📡 RSI: 45.7 | MACD: -0.69 | ATR: 1.46
  📊 Filled: 0 | Pending: 0
  💰 Daily P&L: $+0.00

[2026-08-24 14:12] O:7675.00 H:7675.25 L:7674.50 C:7675.00 V:746.0
  📈 Trend: moderate_bearish | 🌍 Regime: trending_bearish
  🗺️  Grid: 0.080% | 🔺 7675.25 🔻 7673.00
  📡 RSI: 53.8 | MACD: -0.58 | ATR: 1.38
  📊 Filled: 0 | Pending: 0
  💰 Daily P&L: $+0.00

[2026-08-24 14:13] O:7674.75 H:7675.75 L:7674.75 C:7675.50 V:787.0
  📈 Trend: moderate_bearish | 🌍 Regime: trending_bearish
  🗺️  Grid: 0.080% | 🔺 7675.25 🔻 7674.50
  📡 RSI: 60.5 | MACD: -0.45 | ATR: 1.32
  📊 Filled: 0 | Pending: 0
  💰 Daily P&L: $+0.00

[2026-08-24 14:14] O:7675.50 H:7676.50 L:7675.00 C:7675.25 V:828.0
  📈 Trend: moderate_bearish | 🌍 Regime: trending_bearish
  🗺️  Grid: 0.080% | 🔺 7675.75 🔻 7674.75
  📡 RSI: 60.5 | MACD: -0.36 | ATR: 1.36
  📊 Filled: 0 | Pending: 0
  💰 Daily P&L: $+0.00

[2026-08-24 14:15] O:7675.50 H:7675.50 L:7673.50 C:7674.25 V:1230.0
  📈 Trend: moderate_bearish | 🌍 Regime: trending_bearish
  🗺️  Grid: 0.080% | 🔺 7676.50 🔻 7675.00
  📡 RSI: 47.2 | MACD: -0.36 | ATR: 1.36
  📊 Filled: 0 | Pending: 0
  💰 Daily P&L: $+0.00

[2026-08-24 14:16] O:7674.25 H:7674.75 L:7674.00 C:7674.25 V:567.0
  📈 Trend: moderate_bearish | 🌍 Regime: trending_bearish
  🗺️  Grid: 0.080% | 🔺 7675.50 🔻 7673.50
  📡 RSI: 53.1 | MACD: -0.36 | ATR: 1.34
  📊 Filled: 0 | Pending: 0
  💰 Daily P&L: $+0.00

[2026-08-24 14:17] O:7674.25 H:7675.25 L:7674.00 C:7675.25 V:492.0
  📈 Trend: moderate_bearish (raw: moderate_bullish) | 🌍 Regime: ranging
  🗺️  Grid: 0.080% | 🔺 7674.75 🔻 7674.00
  📡 RSI: 61.8 | MACD: -0.28 | ATR: 1.32
  📊 Filled: 0 | Pending: 0
  🔲 Regime: RANGING | Range pos: 69% | RSI: 61.8
  💰 Daily P&L: $+0.00

[2026-08-24 14:18] O:7675.00 H:7676.75 L:7674.75 C:7676.50 V:1110.0
  📈 Trend: moderate_bullish | 🌍 Regime: ranging
  🗺️  Grid: 0.080% | 🔺 7675.25 🔻 7674.00
  📡 RSI: 65.8 | MACD: -0.11 | ATR: 1.38
  📊 Filled: 0 | Pending: 0
  🔲 Regime: RANGING | Range pos: 94% | RSI: 65.8
  💰 Daily P&L: $+0.00

[2026-08-24 14:19] O:7676.50 H:7676.75 L:7675.25 C:7675.50 V:920.0
  📈 Trend: moderate_bullish | 🌍 Regime: ranging
  🗺️  Grid: 0.080% | 🔺 7676.75 🔻 7674.75
  📡 RSI: 52.8 | MACD: -0.06 | ATR: 1.38
  📊 Filled: 0 | Pending: 0
  🔲 Regime: RANGING | Range pos: 71% | RSI: 52.8
  💰 Daily P&L: $+0.00

[2026-08-24 14:20] O:7675.25 H:7675.50 L:7673.75 C:7675.25 V:1218.0
  📈 Trend: moderate_bullish | 🌍 Regime: ranging
  🗺️  Grid: 0.080% | 🔺 7676.75 🔻 7675.25
  📡 RSI: 55.9 | MACD: -0.03 | ATR: 1.41
  📊 Filled: 0 | Pending: 0
  🔲 Regime: RANGING | Range pos: 65% | RSI: 55.9
  💰 Daily P&L: $+0.00

[2026-08-24 14:21] O:7675.00 H:7676.00 L:7674.75 C:7675.75 V:689.0
  📈 Trend: moderate_bullish (raw: strong_bullish) | 🌍 Regime: ranging
  🗺️  Grid: 0.080% | 🔺 7675.50 🔻 7673.75
  📡 RSI: 58.3 | MACD: 0.02 | ATR: 1.41
  📊 Filled: 0 | Pending: 0
  🔲 Regime: RANGING | Range pos: 76% | RSI: 58.3
  💰 Daily P&L: $+0.00

[2026-08-24 14:22] O:7676.00 H:7676.25 L:7674.50 C:7675.25 V:1129.0
  📈 Trend: strong_bullish | 🌍 Regime: ranging
  🗺️  Grid: 0.080% | 🔺 7676.00 🔻 7674.75
  📡 RSI: 56.8 | MACD: 0.03 | ATR: 1.46
  📊 Filled: 0 | Pending: 0
  🔲 Regime: RANGING | Range pos: 65% | RSI: 56.8
  💰 Daily P&L: $+0.00

[2026-08-24 14:23] O:7675.00 H:7675.75 L:7674.25 C:7674.75 V:1287.0
  📈 Trend: strong_bullish (raw: moderate_bullish) | 🌍 Regime: ranging
  🗺️  Grid: 0.080% | 🔺 7676.25 🔻 7674.50
  📡 RSI: 60.0 | MACD: -0.01 | ATR: 1.45
  📊 Filled: 0 | Pending: 0
  🔲 Regime: RANGING | Range pos: 53% | RSI: 60.0
  💰 Daily P&L: $+0.00

[2026-08-24 14:24] O:7674.75 H:7675.00 L:7674.25 C:7674.75 V:561.0
  📈 Trend: strong_bullish (raw: moderate_bearish) | 🌍 Regime: ranging
  🗺️  Grid: 0.080% | 🔺 7675.75 🔻 7674.25
  📡 RSI: 56.2 | MACD: -0.03 | ATR: 1.43
  📊 Filled: 0 | Pending: 0
  🔲 Regime: RANGING | Range pos: 53% | RSI: 56.2
  💰 Daily P&L: $+0.00

[2026-08-24 14:25] O:7674.50 H:7676.00 L:7674.50 C:7675.75 V:1002.0
  📈 Trend: strong_bullish | 🌍 Regime: ranging
  🗺️  Grid: 0.080% | 🔺 7675.00 🔻 7674.25
  📡 RSI: 54.8 | MACD: 0.02 | ATR: 1.38
  📊 Filled: 0 | Pending: 0
  🔲 Regime: RANGING | Range pos: 76% | RSI: 54.8
  💰 Daily P&L: $+0.00

[2026-08-24 14:26] O:7676.00 H:7676.00 L:7674.25 C:7674.50 V:835.0
  📈 Trend: strong_bullish (raw: moderate_bullish) | 🌍 Regime: ranging
  🗺️  Grid: 0.080% | 🔺 7676.00 🔻 7674.50
  📡 RSI: 47.2 | MACD: -0.03 | ATR: 1.45
  📊 Filled: 0 | Pending: 0
  🔲 Regime: RANGING | Range pos: 47% | RSI: 47.2
  💰 Daily P&L: $+0.00

[2026-08-24 14:27] O:7674.25 H:7675.00 L:7673.50 C:7675.00 V:1040.0
  📈 Trend: moderate_bullish | 🌍 Regime: ranging
  🗺️  Grid: 0.080% | 🔺 7676.00 🔻 7674.25
  📡 RSI: 47.2 | MACD: -0.03 | ATR: 1.48
  📊 Filled: 0 | Pending: 0
  🔲 Regime: RANGING | Range pos: 59% | RSI: 47.2
  💰 Daily P&L: $+0.00

[2026-08-24 14:28] O:7675.00 H:7675.25 L:7674.00 C:7674.50 V:616.0
  📈 Trend: moderate_bullish | 🌍 Regime: ranging
  🗺️  Grid: 0.080% | 🔺 7675.00 🔻 7673.50
  📡 RSI: 45.9 | MACD: -0.08 | ATR: 1.46
  📊 Filled: 0 | Pending: 0
  🔲 Regime: RANGING | Range pos: 47% | RSI: 45.9
  💰 Daily P&L: $+0.00

[2026-08-24 14:29] O:7674.25 H:7674.75 L:7673.50 C:7674.25 V:802.0
  📈 Trend: moderate_bullish | 🌍 Regime: ranging
  🗺️  Grid: 0.080% | 🔺 7675.25 🔻 7674.00
  📡 RSI: 50.0 | MACD: -0.13 | ATR: 1.41
  📊 Filled: 0 | Pending: 0
  🔲 Regime: RANGING | Range pos: 41% | RSI: 50.0
  💰 Daily P&L: $+0.00

[2026-08-24 14:30] O:7674.25 H:7677.00 L:7674.00 C:7676.75 V:1903.0
  📈 Trend: moderate_bullish (raw: strong_bullish) | 🌍 Regime: ranging
  🗺️  Grid: 0.080% | 🔺 7674.75 🔻 7673.50
  📡 RSI: 61.4 | MACD: 0.03 | ATR: 1.57
  📊 Filled: 0 | Pending: 0
  🕐 Outside session (14:30 CT) — no entries
  💰 Daily P&L: $+0.00

[2026-08-24 14:31] O:7676.75 H:7676.75 L:7675.25 C:7675.75 V:1426.0
  📈 Trend: moderate_bullish | 🌍 Regime: ranging
  🗺️  Grid: 0.080% | 🔺 7677.00 🔻 7674.00
  📡 RSI: 52.3 | MACD: 0.08 | ATR: 1.59
  📊 Filled: 0 | Pending: 0
  🕐 Outside session (14:31 CT) — no entries
  💰 Daily P&L: $+0.00

[2026-08-24 14:32] O:7675.75 H:7675.75 L:7673.75 C:7674.00 V:1250.0
  📈 Trend: moderate_bullish (raw: strong_bearish) | 🌍 Regime: ranging
  🗺️  Grid: 0.080% | 🔺 7676.75 🔻 7675.25
  📡 RSI: 39.1 | MACD: -0.03 | ATR: 1.59
  📊 Filled: 0 | Pending: 0
  🕐 Outside session (14:32 CT) — no entries
  💰 Daily P&L: $+0.00

[2026-08-24 14:33] O:7674.00 H:7674.25 L:7673.25 C:7673.50 V:1105.0
  📈 Trend: strong_bearish | 🌍 Regime: ranging
  🗺️  Grid: 0.080% | 🔺 7675.75 🔻 7673.75
  📡 RSI: 40.9 | MACD: -0.15 | ATR: 1.55
  📊 Filled: 0 | Pending: 0
  🕐 Outside session (14:33 CT) — no entries
  💰 Daily P&L: $+0.00

[2026-08-24 14:34] O:7673.50 H:7674.00 L:7671.75 C:7671.75 V:1805.0
  📈 Trend: strong_bearish | 🌍 Regime: ranging
  🗺️  Grid: 0.080% | 🔺 7674.25 🔻 7673.25
  📡 RSI: 36.0 | MACD: -0.38 | ATR: 1.59
  📊 Filled: 0 | Pending: 0
  🕐 Outside session (14:34 CT) — no entries
  💰 Daily P&L: $+0.00

[2026-08-24 14:35] O:7672.00 H:7672.50 L:7671.00 C:7672.00 V:2205.0
  📈 Trend: strong_bearish | 🌍 Regime: ranging
  🗺️  Grid: 0.080% | 🔺 7674.00 🔻 7671.75
  📡 RSI: 34.7 | MACD: -0.54 | ATR: 1.61
  📊 Filled: 0 | Pending: 0
  🕐 Outside session (14:35 CT) — no entries
  💰 Daily P&L: $+0.00

[2026-08-24 14:36] O:7672.00 H:7672.25 L:7671.75 C:7672.00 V:1034.0
  📈 Trend: strong_bearish | 🌍 Regime: ranging
  🗺️  Grid: 0.080% | 🔺 7672.50 🔻 7671.00
  📡 RSI: 36.2 | MACD: -0.66 | ATR: 1.52
  📊 Filled: 0 | Pending: 0
  🕐 Outside session (14:36 CT) — no entries
  💰 Daily P&L: $+0.00

[2026-08-24 14:37] O:7672.00 H:7673.00 L:7671.75 C:7672.25 V:1465.0
  📈 Trend: strong_bearish | 🌍 Regime: ranging
  🗺️  Grid: 0.080% | 🔺 7672.25 🔻 7671.75
  📡 RSI: 39.1 | MACD: -0.72 | ATR: 1.50
  📊 Filled: 0 | Pending: 0
  🕐 Outside session (14:37 CT) — no entries
  💰 Daily P&L: $+0.00

[2026-08-24 14:38] O:7672.50 H:7672.75 L:7671.75 C:7672.25 V:832.0
  📈 Trend: strong_bearish | 🌍 Regime: ranging
  🗺️  Grid: 0.080% | 🔺 7673.00 🔻 7671.75
  📡 RSI: 39.1 | MACD: -0.76 | ATR: 1.52
  📊 Filled: 0 | Pending: 0
  🕐 Outside session (14:38 CT) — no entries
  💰 Daily P&L: $+0.00

[2026-08-24 14:39] O:7672.25 H:7672.50 L:7670.75 C:7671.00 V:1241.0
  📈 Trend: strong_bearish | 🌍 Regime: ranging
  🗺️  Grid: 0.080% | 🔺 7672.75 🔻 7671.75
  📡 RSI: 29.8 | MACD: -0.89 | ATR: 1.54
  📊 Filled: 0 | Pending: 0
  🕐 Outside session (14:39 CT) — no entries
  💰 Daily P&L: $+0.00

[2026-08-24 14:40] O:7671.00 H:7672.00 L:7671.00 C:7671.75 V:1205.0
  📈 Trend: strong_bearish | 🌍 Regime: ranging
  🗺️  Grid: 0.080% | 🔺 7672.50 🔻 7670.75
  📡 RSI: 37.8 | MACD: -0.92 | ATR: 1.48
  📊 Filled: 0 | Pending: 0
  🕐 Outside session (14:40 CT) — no entries
  💰 Daily P&L: $+0.00

[2026-08-24 14:41] O:7671.75 H:7671.75 L:7670.25 C:7670.50 V:1402.0
  📈 Trend: strong_bearish | 🌍 Regime: ranging
  🗺️  Grid: 0.080% | 🔺 7672.00 🔻 7671.00
  📡 RSI: 31.2 | MACD: -1.03 | ATR: 1.48
  📊 Filled: 0 | Pending: 0
  🕐 Outside session (14:41 CT) — no entries
  💰 Daily P&L: $+0.00

[2026-08-24 14:42] O:7670.50 H:7671.00 L:7670.25 C:7670.25 V:884.0
  📈 Trend: strong_bearish | 🌍 Regime: ranging
  🗺️  Grid: 0.080% | 🔺 7671.75 🔻 7670.25
  📡 RSI: 31.9 | MACD: -1.12 | ATR: 1.45
  📊 Filled: 0 | Pending: 0
  🕐 Outside session (14:42 CT) — no entries
  💰 Daily P&L: $+0.00

[2026-08-24 14:43] O:7670.25 H:7672.25 L:7670.00 C:7671.75 V:1723.0
  📈 Trend: strong_bearish | 🌍 Regime: ranging
  🗺️  Grid: 0.080% | 🔺 7671.00 🔻 7670.25
  📡 RSI: 40.4 | MACD: -1.06 | ATR: 1.52
  📊 Filled: 0 | Pending: 0
  🕐 Outside session (14:43 CT) — no entries
  💰 Daily P&L: $+0.00

[2026-08-24 14:44] O:7671.50 H:7672.00 L:7670.75 C:7671.25 V:1197.0
  📈 Trend: strong_bearish | 🌍 Regime: ranging
  🗺️  Grid: 0.080% | 🔺 7672.25 🔻 7670.00
  📡 RSI: 25.0 | MACD: -1.05 | ATR: 1.39
  📊 Filled: 0 | Pending: 0
  🕐 Outside session (14:44 CT) — no entries
  💰 Daily P&L: $+0.00

[2026-08-24 14:45] O:7671.25 H:7671.50 L:7670.25 C:7670.25 V:2453.0
  📈 Trend: strong_bearish | 🌍 Regime: ranging
  🗺️  Grid: 0.080% | 🔺 7672.00 🔻 7670.75
  📡 RSI: 25.0 | MACD: -1.10 | ATR: 1.38
  📊 Filled: 0 | Pending: 0
  🕐 Outside session (14:45 CT) — no entries
  💰 Daily P&L: $+0.00

[2026-08-24 14:46] O:7670.25 H:7670.25 L:7669.25 C:7669.75 V:1786.0
  📈 Trend: strong_bearish | 🌍 Regime: ranging
  🗺️  Grid: 0.080% | 🔺 7671.50 🔻 7670.25
  📡 RSI: 28.2 | MACD: -1.17 | ATR: 1.30
  📊 Filled: 0 | Pending: 0
  🕐 Outside session (14:46 CT) — no entries
  💰 Daily P&L: $+0.00

[2026-08-24 14:47] O:7669.75 H:7671.75 L:7669.25 C:7670.75 V:2043.0
  📈 Trend: strong_bearish | 🌍 Regime: ranging
  🗺️  Grid: 0.080% | 🔺 7670.25 🔻 7669.25
  📡 RSI: 36.6 | MACD: -1.13 | ATR: 1.41
  📊 Filled: 0 | Pending: 0
  🕐 Outside session (14:47 CT) — no entries
  💰 Daily P&L: $+0.00

[2026-08-24 14:48] O:7670.75 H:7671.75 L:7670.25 C:7671.50 V:1256.0
  📈 Trend: strong_bearish | 🌍 Regime: ranging
  🗺️  Grid: 0.080% | 🔺 7671.75 🔻 7669.25
  📡 RSI: 48.6 | MACD: -1.03 | ATR: 1.36
  📊 Filled: 0 | Pending: 0
  🕐 Outside session (14:48 CT) — no entries
  💰 Daily P&L: $+0.00

[2026-08-24 14:49] O:7671.25 H:7672.50 L:7671.00 C:7672.00 V:1796.0
  📈 Trend: strong_bearish | 🌍 Regime: trending_bearish
  🗺️  Grid: 0.080% | 🔺 7671.75 🔻 7670.25
  📡 RSI: 50.0 | MACD: -0.90 | ATR: 1.36
  📊 Filled: 0 | Pending: 0
  🕐 Outside session (14:49 CT) — no entries
  💰 Daily P&L: $+0.00

[2026-08-24 14:50] O:7672.00 H:7674.25 L:7671.25 C:7671.25 V:3486.0
  📈 Trend: strong_bearish | 🌍 Regime: trending_bearish
  🗺️  Grid: 0.080% | 🔺 7672.50 🔻 7671.00
  📡 RSI: 46.3 | MACD: -0.84 | ATR: 1.54
  📊 Filled: 0 | Pending: 0
  🕐 Outside session (14:50 CT) — no entries
  💰 Daily P&L: $+0.00

[2026-08-24 14:51] O:7671.25 H:7672.25 L:7670.00 C:7670.00 V:1828.0
  📈 Trend: strong_bearish | 🌍 Regime: trending_bearish
  🗺️  Grid: 0.080% | 🔺 7674.25 🔻 7671.25
  📡 RSI: 40.0 | MACD: -0.89 | ATR: 1.61
  📊 Filled: 0 | Pending: 0
  🕐 Outside session (14:51 CT) — no entries
  💰 Daily P&L: $+0.00

[2026-08-24 14:52] O:7670.00 H:7670.00 L:7668.00 C:7669.00 V:5241.0
  📈 Trend: strong_bearish | 🌍 Regime: trending_bearish
  🗺️  Grid: 0.080% | 🔺 7672.25 🔻 7670.00
  📡 RSI: 36.7 | MACD: -1.00 | ATR: 1.68
  📊 Filled: 0 | Pending: 0
  🕐 Outside session (14:52 CT) — no entries
  💰 Daily P&L: $+0.00

[2026-08-24 14:53] O:7669.00 H:7669.75 L:7668.25 C:7668.50 V:2091.0
  📈 Trend: strong_bearish | 🌍 Regime: trending_bearish
  🗺️  Grid: 0.080% | 🔺 7670.00 🔻 7668.00
  📡 RSI: 39.1 | MACD: -1.11 | ATR: 1.66
  📊 Filled: 0 | Pending: 0
  🕐 Outside session (14:53 CT) — no entries
  💰 Daily P&L: $+0.00

[2026-08-24 14:54] O:7668.75 H:7672.25 L:7668.75 C:7672.25 V:3435.0
  📈 Trend: strong_bearish (raw: moderate_bearish) | 🌍 Regime: trending_bearish
  🗺️  Grid: 0.080% | 🔺 7669.75 🔻 7668.25
  📡 RSI: 51.7 | MACD: -0.89 | ATR: 1.86
  📊 Filled: 0 | Pending: 0
  🕐 Outside session (14:54 CT) — no entries
  💰 Daily P&L: $+0.00

[2026-08-24 14:55] O:7672.25 H:7672.25 L:7668.25 C:7670.75 V:5868.0
  📈 Trend: strong_bearish | 🌍 Regime: trending_bearish
  🗺️  Grid: 0.080% | 🔺 7672.25 🔻 7668.75
  📡 RSI: 50.8 | MACD: -0.82 | ATR: 2.04
  📊 Filled: 0 | Pending: 0
  🕐 Outside session (14:55 CT) — no entries
  💰 Daily P&L: $+0.00

[2026-08-24 14:56] O:7670.50 H:7673.00 L:7670.25 C:7671.50 V:3936.0
  📈 Trend: strong_bearish | 🌍 Regime: trending_bearish
  🗺️  Grid: 0.080% | 🔺 7672.25 🔻 7668.25
  📡 RSI: 54.1 | MACD: -0.70 | ATR: 2.18
  📊 Filled: 0 | Pending: 0
  🕐 Outside session (14:56 CT) — no entries
  💰 Daily P&L: $+0.00

[2026-08-24 14:57] O:7671.50 H:7672.50 L:7670.75 C:7672.25 V:2536.0
  📈 Trend: strong_bearish | 🌍 Regime: trending_bearish
  🗺️  Grid: 0.080% | 🔺 7673.00 🔻 7670.25
  📡 RSI: 51.7 | MACD: -0.54 | ATR: 2.14
  📊 Filled: 0 | Pending: 0
  🕐 Outside session (14:57 CT) — no entries
  💰 Daily P&L: $+0.00

[2026-08-24 14:58] O:7672.25 H:7674.25 L:7672.00 C:7673.00 V:6279.0
  📈 Trend: strong_bearish (raw: moderate_bearish) | 🌍 Regime: trending_bearish
  🗺️  Grid: 0.080% | 🔺 7672.50 🔻 7670.75
  📡 RSI: 55.9 | MACD: -0.34 | ATR: 2.21
  📊 Filled: 0 | Pending: 0
  🕐 Outside session (14:58 CT) — no entries
  💰 Daily P&L: $+0.00

[2026-08-24 14:59] O:7673.00 H:7673.50 L:7668.75 C:7669.75 V:46692.0
  📈 Trend: strong_bearish | 🌍 Regime: ranging
  🗺️  Grid: 0.080% | 🔺 7674.25 🔻 7672.00
  📡 RSI: 48.5 | MACD: -0.45 | ATR: 2.46
  📊 Filled: 0 | Pending: 0
  🕐 Outside session (14:59 CT) — no entries
  💰 Daily P&L: $+0.00

[2026-08-24 15:00] O:7669.75 H:7670.25 L:7668.00 C:7668.75 V:14354.0
  📈 Trend: strong_bearish | 🌍 Regime: ranging
  🗺️  Grid: 0.080% | 🔺 7673.50 🔻 7668.75
  📡 RSI: 47.1 | MACD: -0.60 | ATR: 2.55
  📊 Filled: 0 | Pending: 0
  🕐 Outside session (15:00 CT) — no entries
  💰 Daily P&L: $+0.00

[2026-08-24 15:01] O:7668.75 H:7670.00 L:7668.50 C:7669.75 V:1889.0
  📈 Trend: strong_bearish | 🌍 Regime: ranging
  🗺️  Grid: 0.080% | 🔺 7670.25 🔻 7668.00
  📡 RSI: 47.1 | MACD: -0.64 | ATR: 2.48
  📊 Filled: 0 | Pending: 0
  🕐 Outside session (15:01 CT) — no entries
  💰 Daily P&L: $+0.00

[2026-08-24 15:02] O:7669.75 H:7670.25 L:7669.00 C:7669.50 V:1139.0
  📈 Trend: strong_bearish | 🌍 Regime: ranging
  🗺️  Grid: 0.080% | 🔺 7670.00 🔻 7668.50
  📡 RSI: 44.1 | MACD: -0.68 | ATR: 2.46
  📊 Filled: 0 | Pending: 0
  🕐 Outside session (15:02 CT) — no entries
  💰 Daily P&L: $+0.00

[2026-08-24 15:03] O:7669.50 H:7670.75 L:7669.00 C:7670.50 V:1050.0
  📈 Trend: strong_bearish | 🌍 Regime: ranging
  🗺️  Grid: 0.080% | 🔺 7670.25 🔻 7669.00
  📡 RSI: 45.7 | MACD: -0.63 | ATR: 2.48
  📊 Filled: 0 | Pending: 0
  🕐 Outside session (15:03 CT) — no entries
  💰 Daily P&L: $+0.00

[2026-08-24 15:04] O:7670.50 H:7672.25 L:7670.50 C:7671.00 V:1608.0
  📈 Trend: strong_bearish (raw: moderate_bearish) | 🌍 Regime: ranging
  🗺️  Grid: 0.080% | 🔺 7670.75 🔻 7669.00
  📡 RSI: 49.3 | MACD: -0.53 | ATR: 2.39
  📊 Filled: 0 | Pending: 0
  🕐 Outside session (15:04 CT) — no entries
  💰 Daily P&L: $+0.00

[2026-08-24 15:05] O:7671.25 H:7671.50 L:7670.25 C:7671.50 V:1331.0
  📈 Trend: moderate_bearish | 🌍 Regime: ranging
  🗺️  Grid: 0.080% | 🔺 7672.25 🔻 7670.50
  📡 RSI: 54.5 | MACD: -0.42 | ATR: 2.32
  📊 Filled: 0 | Pending: 0
  🕐 Outside session (15:05 CT) — no entries
  💰 Daily P&L: $+0.00

[2026-08-24 15:06] O:7671.50 H:7672.25 L:7671.00 C:7671.75 V:772.0
  📈 Trend: moderate_bearish | 🌍 Regime: ranging
  🗺️  Grid: 0.080% | 🔺 7671.50 🔻 7670.25
  📡 RSI: 58.7 | MACD: -0.30 | ATR: 2.27
  📊 Filled: 0 | Pending: 0
  🕐 Outside session (15:06 CT) — no entries
  💰 Daily P&L: $+0.00

[2026-08-24 15:07] O:7671.75 H:7673.50 L:7671.75 C:7672.50 V:1044.0
  📈 Trend: moderate_bearish | 🌍 Regime: ranging
  🗺️  Grid: 0.080% | 🔺 7672.25 🔻 7671.00
  📡 RSI: 62.5 | MACD: -0.15 | ATR: 2.29
  📊 Filled: 0 | Pending: 0
  🕐 Outside session (15:07 CT) — no entries
  💰 Daily P&L: $+0.00

[2026-08-24 15:08] O:7672.50 H:7672.50 L:7671.25 C:7671.50 V:500.0
  📈 Trend: moderate_bearish (raw: strong_bearish) | 🌍 Regime: ranging
  🗺️  Grid: 0.080% | 🔺 7673.50 🔻 7671.75
  📡 RSI: 47.2 | MACD: -0.10 | ATR: 2.11
  📊 Filled: 0 | Pending: 0
  🕐 Outside session (15:08 CT) — no entries
  💰 Daily P&L: $+0.00

[2026-08-24 15:09] O:7671.75 H:7671.75 L:7670.50 C:7671.25 V:501.0
  📈 Trend: strong_bearish | 🌍 Regime: ranging
  🗺️  Grid: 0.080% | 🔺 7672.50 🔻 7671.25
  📡 RSI: 52.1 | MACD: -0.09 | ATR: 1.91
  📊 Filled: 0 | Pending: 0
  🕐 Outside session (15:09 CT) — no entries
  💰 Daily P&L: $+0.00

[2026-08-24 15:10] O:7671.25 H:7671.50 L:7670.50 C:7670.50 V:355.0
  📈 Trend: strong_bearish (raw: moderate_bearish) | 🌍 Regime: ranging
  🗺️  Grid: 0.080% | 🔺 7671.75 🔻 7670.50
  📡 RSI: 45.8 | MACD: -0.14 | ATR: 1.79
  📊 Filled: 0 | Pending: 0
  🕐 Outside session (15:10 CT) — no entries
  💰 Daily P&L: $+0.00

[2026-08-24 15:11] O:7670.50 H:7670.50 L:7670.00 C:7670.25 V:538.0
  📈 Trend: moderate_bearish | 🌍 Regime: ranging
  🗺️  Grid: 0.080% | 🔺 7671.50 🔻 7670.50
  📡 RSI: 41.3 | MACD: -0.19 | ATR: 1.70
  📊 Filled: 0 | Pending: 0
  🕐 Outside session (15:11 CT) — no entries
  💰 Daily P&L: $+0.00

[2026-08-24 15:12] O:7670.25 H:7670.50 L:7670.00 C:7670.00 V:456.0
  📈 Trend: moderate_bearish | 🌍 Regime: ranging
  🗺️  Grid: 0.080% | 🔺 7670.50 🔻 7670.00
  📡 RSI: 36.4 | MACD: -0.25 | ATR: 1.57
  📊 Filled: 0 | Pending: 0
  🕐 Outside session (15:12 CT) — no entries
  💰 Daily P&L: $+0.00

[2026-08-24 15:13] O:7670.00 H:7670.75 L:7670.00 C:7670.50 V:460.0
  📈 Trend: moderate_bearish (raw: strong_bearish) | 🌍 Regime: ranging
  🗺️  Grid: 0.080% | 🔺 7670.50 🔻 7670.00
  📡 RSI: 54.5 | MACD: -0.26 | ATR: 1.29
  📊 Filled: 0 | Pending: 0
  🕐 Outside session (15:13 CT) — no entries
  💰 Daily P&L: $+0.00

[2026-08-24 15:14] O:7670.25 H:7671.75 L:7670.25 C:7670.75 V:723.0
  📈 Trend: strong_bearish | 🌍 Regime: ranging
  🗺️  Grid: 0.080% | 🔺 7670.75 🔻 7670.00
  📡 RSI: 63.3 | MACD: -0.24 | ATR: 1.23
  📊 Filled: 0 | Pending: 0
  🕐 Outside session (15:14 CT) — no entries
  💰 Daily P&L: $+0.00

[2026-08-24 15:15] O:7671.00 H:7671.25 L:7670.25 C:7670.25 V:355.0
  📈 Trend: strong_bearish | 🌍 Regime: ranging
  🗺️  Grid: 0.080% | 🔺 7671.75 🔻 7670.25
  📡 RSI: 53.6 | MACD: -0.26 | ATR: 1.20
  📊 Filled: 0 | Pending: 0
  🕐 Outside session (15:15 CT) — no entries
  💰 Daily P&L: $+0.00

[2026-08-24 15:16] O:7670.25 H:7671.00 L:7670.25 C:7670.50 V:613.0
  📈 Trend: strong_bearish | 🌍 Regime: ranging
  🗺️  Grid: 0.080% | 🔺 7671.25 🔻 7670.25
  📡 RSI: 57.1 | MACD: -0.26 | ATR: 1.16
  📊 Filled: 0 | Pending: 0
  🕐 Outside session (15:16 CT) — no entries
  💰 Daily P&L: $+0.00

[2026-08-24 15:17] O:7670.75 H:7670.75 L:7669.25 C:7669.50 V:1429.0
  📈 Trend: strong_bearish | 🌍 Regime: ranging
  🗺️  Grid: 0.080% | 🔺 7671.00 🔻 7670.25
  📡 RSI: 42.9 | MACD: -0.33 | ATR: 1.14
  📊 Filled: 0 | Pending: 0
  🕐 Outside session (15:17 CT) — no entries
  💰 Daily P&L: $+0.00

[2026-08-24 15:18] O:7669.50 H:7670.00 L:7669.50 C:7669.75 V:314.0
  📈 Trend: strong_bearish | 🌍 Regime: ranging
  🗺️  Grid: 0.080% | 🔺 7670.75 🔻 7669.25
  📡 RSI: 40.7 | MACD: -0.36 | ATR: 1.05
  📊 Filled: 0 | Pending: 0
  🕐 Outside session (15:18 CT) — no entries
  💰 Daily P&L: $+0.00

[2026-08-24 15:19] O:7669.75 H:7670.50 L:7669.75 C:7670.00 V:359.0
  📈 Trend: strong_bearish | 🌍 Regime: ranging
  🗺️  Grid: 0.080% | 🔺 7670.00 🔻 7669.50
  📡 RSI: 38.5 | MACD: -0.36 | ATR: 1.02
  📊 Filled: 0 | Pending: 0
  🕐 Outside session (15:19 CT) — no entries
  💰 Daily P&L: $+0.00

[2026-08-24 15:20] O:7670.00 H:7670.25 L:7668.00 C:7668.25 V:464.0
  📈 Trend: strong_bearish | 🌍 Regime: ranging
  🗺️  Grid: 0.080% | 🔺 7670.50 🔻 7669.75
  📡 RSI: 28.1 | MACD: -0.50 | ATR: 1.09
  📊 Filled: 0 | Pending: 0
  🕐 Outside session (15:20 CT) — no entries
  💰 Daily P&L: $+0.00

[2026-08-24 15:21] O:7668.25 H:7668.75 L:7668.00 C:7668.50 V:395.0
  📈 Trend: strong_bearish | 🌍 Regime: ranging
  🗺️  Grid: 0.080% | 🔺 7670.25 🔻 7668.00
  📡 RSI: 23.3 | MACD: -0.58 | ATR: 1.02
  📊 Filled: 0 | Pending: 0
  🕐 Outside session (15:21 CT) — no entries
  💰 Daily P&L: $+0.00

[2026-08-24 15:22] O:7668.50 H:7668.50 L:7668.00 C:7668.25 V:56.0
  📈 Trend: strong_bearish | 🌍 Regime: ranging
  🗺️  Grid: 0.080% | 🔺 7668.75 🔻 7668.00
  📡 RSI: 25.9 | MACD: -0.66 | ATR: 0.96
  📊 Filled: 0 | Pending: 0
  🕐 Outside session (15:22 CT) — no entries
  💰 Daily P&L: $+0.00

[2026-08-24 15:23] O:7668.25 H:7668.25 L:7667.75 C:7668.00 V:549.0
  📈 Trend: strong_bearish | 🌍 Regime: ranging
  🗺️  Grid: 0.080% | 🔺 7668.50 🔻 7668.00
  📡 RSI: 25.9 | MACD: -0.73 | ATR: 0.91
  📊 Filled: 0 | Pending: 0
  🕐 Outside session (15:23 CT) — no entries
  💰 Daily P&L: $+0.00

[2026-08-24 15:24] O:7668.00 H:7668.25 L:7666.50 C:7666.75 V:497.0
  📈 Trend: strong_bearish | 🌍 Regime: trending_bearish
  🗺️  Grid: 0.080% | 🔺 7668.25 🔻 7667.75
  📡 RSI: 24.1 | MACD: -0.88 | ATR: 0.96
  📊 Filled: 0 | Pending: 0
  🕐 Outside session (15:24 CT) — no entries
  💰 Daily P&L: $+0.00

[2026-08-24 15:25] O:7666.75 H:7667.00 L:7666.50 C:7666.75 V:175.0
  📈 Trend: strong_bearish | 🌍 Regime: trending_bearish
  🗺️  Grid: 0.080% | 🔺 7668.25 🔻 7666.50
  📡 RSI: 25.0 | MACD: -0.99 | ATR: 0.96
  📊 Filled: 0 | Pending: 0
  🕐 Outside session (15:25 CT) — no entries
  💰 Daily P&L: $+0.00

[2026-08-24 15:26] O:7666.75 H:7667.25 L:7666.75 C:7666.75 V:305.0
  📈 Trend: strong_bearish | 🌍 Regime: trending_bearish
  🗺️  Grid: 0.080% | 🔺 7667.00 🔻 7666.50
  📡 RSI: 25.9 | MACD: -1.06 | ATR: 0.96
  📊 Filled: 0 | Pending: 0
  🕐 Outside session (15:26 CT) — no entries
  💰 Daily P&L: $+0.00

[2026-08-24 15:27] O:7666.75 H:7667.25 L:7666.50 C:7666.50 V:289.0
  📈 Trend: strong_bearish | 🌍 Regime: trending_bearish
  🗺️  Grid: 0.080% | 🔺 7667.25 🔻 7666.75
  📡 RSI: 19.2 | MACD: -1.12 | ATR: 0.96
  📊 Filled: 0 | Pending: 0
  🕐 Outside session (15:27 CT) — no entries
  💰 Daily P&L: $+0.00

[2026-08-24 15:28] O:7666.75 H:7667.25 L:7666.50 C:7667.25 V:207.0
  📈 Trend: strong_bearish | 🌍 Regime: trending_bearish
  🗺️  Grid: 0.080% | 🔺 7667.25 🔻 7666.50
  📡 RSI: 25.0 | MACD: -1.10 | ATR: 0.91
  📊 Filled: 0 | Pending: 0
  🕐 Outside session (15:28 CT) — no entries
  💰 Daily P&L: $+0.00

[2026-08-24 15:29] O:7667.00 H:7667.25 L:7666.75 C:7667.00 V:176.0
  📈 Trend: strong_bearish | 🌍 Regime: trending_bearish
  🗺️  Grid: 0.080% | 🔺 7667.25 🔻 7666.50
  📡 RSI: 25.9 | MACD: -1.09 | ATR: 0.88
  📊 Filled: 0 | Pending: 0
  🕐 Outside session (15:29 CT) — no entries
  💰 Daily P&L: $+0.00

[2026-08-24 15:30] O:7666.75 H:7668.00 L:7666.50 C:7667.75 V:436.0
  📈 Trend: strong_bearish | 🌍 Regime: trending_bearish
  🗺️  Grid: 0.080% | 🔺 7667.25 🔻 7666.75
  📡 RSI: 31.0 | MACD: -1.01 | ATR: 0.93
  📊 Filled: 0 | Pending: 0
  🕐 Outside session (15:30 CT) — no entries
  💰 Daily P&L: $+0.00

[2026-08-24 15:31] O:7668.00 H:7668.75 L:7668.00 C:7668.75 V:303.0
  📈 Trend: strong_bearish | 🌍 Regime: trending_bearish
  🗺️  Grid: 0.080% | 🔺 7668.00 🔻 7666.50
  📡 RSI: 44.8 | MACD: -0.86 | ATR: 0.89
  📊 Filled: 0 | Pending: 0
  🕐 Outside session (15:31 CT) — no entries
  💰 Daily P&L: $+0.00

[2026-08-24 15:32] O:7668.50 H:7668.50 L:7668.00 C:7668.50 V:200.0
  📈 Trend: strong_bearish | 🌍 Regime: trending_bearish
  🗺️  Grid: 0.080% | 🔺 7668.75 🔻 7668.00
  📡 RSI: 41.4 | MACD: -0.75 | ATR: 0.91
  📊 Filled: 0 | Pending: 0
  🕐 Outside session (15:32 CT) — no entries
  💰 Daily P&L: $+0.00

[2026-08-24 15:33] O:7668.50 H:7669.00 L:7668.50 C:7669.00 V:165.0
  📈 Trend: strong_bearish | 🌍 Regime: trending_bearish
  🗺️  Grid: 0.080% | 🔺 7668.50 🔻 7668.00
  📡 RSI: 43.3 | MACD: -0.61 | ATR: 0.89
  📊 Filled: 0 | Pending: 0
  🕐 Outside session (15:33 CT) — no entries
  💰 Daily P&L: $+0.00

[2026-08-24 15:34] O:7669.00 H:7669.00 L:7668.75 C:7669.00 V:173.0
  📈 Trend: strong_bearish | 🌍 Regime: trending_bearish
  🗺️  Grid: 0.080% | 🔺 7669.00 🔻 7668.50
  📡 RSI: 56.5 | MACD: -0.50 | ATR: 0.75
  📊 Filled: 0 | Pending: 0
  🕐 Outside session (15:34 CT) — no entries
  💰 Daily P&L: $+0.00

[2026-08-24 15:35] O:7669.00 H:7669.00 L:7668.75 C:7669.00 V:93.0
  📈 Trend: strong_bearish | 🌍 Regime: trending_bearish
  🗺️  Grid: 0.080% | 🔺 7669.00 🔻 7668.75
  📡 RSI: 54.5 | MACD: -0.41 | ATR: 0.71
  📊 Filled: 0 | Pending: 0
  🕐 Outside session (15:35 CT) — no entries
  💰 Daily P&L: $+0.00

[2026-08-24 15:36] O:7669.00 H:7670.00 L:7669.00 C:7669.25 V:288.0
  📈 Trend: strong_bearish | 🌍 Regime: trending_bearish
  🗺️  Grid: 0.080% | 🔺 7669.00 🔻 7668.75
  📡 RSI: 59.1 | MACD: -0.31 | ATR: 0.75
  📊 Filled: 0 | Pending: 0
  🕐 Outside session (15:36 CT) — no entries
  💰 Daily P&L: $+0.00

[2026-08-24 15:37] O:7669.25 H:7670.25 L:7669.00 C:7670.25 V:142.0
  📈 Trend: strong_bearish (raw: moderate_bearish) | 🌍 Regime: trending_bearish
  🗺️  Grid: 0.080% | 🔺 7670.00 🔻 7669.00
  📡 RSI: 68.0 | MACD: -0.15 | ATR: 0.80
  📊 Filled: 0 | Pending: 0
  🕐 Outside session (15:37 CT) — no entries
  💰 Daily P&L: $+0.00

[2026-08-24 15:38] O:7670.00 H:7671.00 L:7669.75 C:7671.00 V:197.0
  📈 Trend: strong_bearish (raw: moderate_bullish) | 🌍 Regime: trending_bullish
  🗺️  Grid: 0.080% | 🔺 7670.25 🔻 7669.00
  📡 RSI: 87.0 | MACD: 0.04 | ATR: 0.77
  📊 Filled: 0 | Pending: 0
  🕐 Outside session (15:38 CT) — no entries
  💰 Daily P&L: $+0.00

[2026-08-24 15:39] O:7671.00 H:7671.25 L:7670.75 C:7670.75 V:139.0
  📈 Trend: moderate_bullish | 🌍 Regime: trending_bullish
  🗺️  Grid: 0.080% | 🔺 7671.00 🔻 7669.75
  📡 RSI: 83.3 | MACD: 0.17 | ATR: 0.77
  📊 Filled: 0 | Pending: 0
  🕐 Outside session (15:39 CT) — no entries
  💰 Daily P&L: $+0.00

[2026-08-24 15:40] O:7671.00 H:7671.00 L:7670.50 C:7670.75 V:123.0
  📈 Trend: moderate_bullish | 🌍 Regime: trending_bullish
  🗺️  Grid: 0.080% | 🔺 7671.25 🔻 7670.75
  📡 RSI: 83.3 | MACD: 0.26 | ATR: 0.77
  📊 Filled: 0 | Pending: 0
  🕐 Outside session (15:40 CT) — no entries
  💰 Daily P&L: $+0.00

[2026-08-24 15:41] O:7671.00 H:7671.00 L:7670.50 C:7670.75 V:132.0
  📈 Trend: moderate_bullish | 🌍 Regime: trending_bullish
  🗺️  Grid: 0.080% | 🔺 7671.00 🔻 7670.50
  📡 RSI: 87.0 | MACD: 0.34 | ATR: 0.75
  📊 Filled: 0 | Pending: 0
  🕐 Outside session (15:41 CT) — no entries
  💰 Daily P&L: $+0.00

[2026-08-24 15:42] O:7670.75 H:7671.00 L:7670.75 C:7671.00 V:94.0
  📈 Trend: moderate_bullish | 🌍 Regime: trending_bullish
  🗺️  Grid: 0.080% | 🔺 7671.00 🔻 7670.50
  📡 RSI: 85.7 | MACD: 0.41 | ATR: 0.71
  📊 Filled: 0 | Pending: 0
  🕐 Outside session (15:42 CT) — no entries
  💰 Daily P&L: $+0.00

[2026-08-24 15:43] O:7671.25 H:7671.50 L:7671.00 C:7671.00 V:76.0
  📈 Trend: moderate_bullish | 🌍 Regime: trending_bullish
  🗺️  Grid: 0.080% | 🔺 7671.00 🔻 7670.75
  📡 RSI: 90.0 | MACD: 0.46 | ATR: 0.71
  📊 Filled: 0 | Pending: 0
  🕐 Outside session (15:43 CT) — no entries
  💰 Daily P&L: $+0.00

[2026-08-24 15:44] O:7671.25 H:7671.50 L:7671.00 C:7671.25 V:167.0
  📈 Trend: moderate_bullish | 🌍 Regime: trending_bullish
  🗺️  Grid: 0.080% | 🔺 7671.50 🔻 7671.00
  📡 RSI: 88.9 | MACD: 0.52 | ATR: 0.64
  📊 Filled: 0 | Pending: 0
  🕐 Outside session (15:44 CT) — no entries
  💰 Daily P&L: $+0.00

[2026-08-24 15:45] O:7671.00 H:7671.50 L:7671.00 C:7671.25 V:199.0
  📈 Trend: moderate_bullish | 🌍 Regime: trending_bullish
  🗺️  Grid: 0.080% | 🔺 7671.50 🔻 7671.00
  📡 RSI: 85.7 | MACD: 0.56 | ATR: 0.61
  📊 Filled: 0 | Pending: 0
  🕐 Outside session (15:45 CT) — no entries
  💰 Daily P&L: $+0.00

[2026-08-24 15:46] O:7671.25 H:7671.75 L:7671.25 C:7671.25 V:262.0
  📈 Trend: moderate_bullish | 🌍 Regime: trending_bullish
  🗺️  Grid: 0.080% | 🔺 7671.50 🔻 7671.00
  📡 RSI: 92.3 | MACD: 0.58 | ATR: 0.59
  📊 Filled: 0 | Pending: 0
  🕐 Outside session (15:46 CT) — no entries
  💰 Daily P&L: $+0.00

[2026-08-24 15:47] O:7671.25 H:7671.50 L:7671.25 C:7671.25 V:210.0
  📈 Trend: moderate_bullish (raw: strong_bullish) | 🌍 Regime: trending_bullish
  🗺️  Grid: 0.080% | 🔺 7671.75 🔻 7671.25
  📡 RSI: 90.9 | MACD: 0.59 | ATR: 0.57
  📊 Filled: 0 | Pending: 0
  🕐 Outside session (15:47 CT) — no entries
  💰 Daily P&L: $+0.00

[2026-08-24 15:48] O:7671.25 H:7671.50 L:7671.00 C:7671.25 V:230.0
  📈 Trend: strong_bullish | 🌍 Regime: trending_bullish
  🗺️  Grid: 0.080% | 🔺 7671.50 🔻 7671.25
  📡 RSI: 90.9 | MACD: 0.59 | ATR: 0.59
  📊 Filled: 0 | Pending: 0
  🕐 Outside session (15:48 CT) — no entries
  💰 Daily P&L: $+0.00

[2026-08-24 15:49] O:7671.25 H:7671.25 L:7670.25 C:7670.50 V:545.0
  📈 Trend: strong_bullish | 🌍 Regime: trending_bullish
  🗺️  Grid: 0.080% | 🔺 7671.50 🔻 7671.00
  📡 RSI: 71.4 | MACD: 0.53 | ATR: 0.64
  📊 Filled: 0 | Pending: 0
  🕐 Outside session (15:49 CT) — no entries
  💰 Daily P&L: $+0.00

[2026-08-24 15:50] O:7670.25 H:7670.50 L:7670.25 C:7670.25 V:104.0
  📈 Trend: strong_bullish | 🌍 Regime: trending_bullish
  🗺️  Grid: 0.080% | 🔺 7671.25 🔻 7670.25
  📡 RSI: 64.3 | MACD: 0.45 | ATR: 0.59
  📊 Filled: 0 | Pending: 0
  🕐 Outside session (15:50 CT) — no entries
  💰 Daily P&L: $+0.00

[2026-08-24 15:51] O:7670.25 H:7670.50 L:7670.00 C:7670.50 V:135.0
  📈 Trend: strong_bullish (raw: moderate_bullish) | 🌍 Regime: ranging
  🗺️  Grid: 0.080% | 🔺 7670.50 🔻 7670.25
  📡 RSI: 54.5 | MACD: 0.41 | ATR: 0.54
  📊 Filled: 0 | Pending: 0
  🕐 Outside session (15:51 CT) — no entries
  💰 Daily P&L: $+0.00

[2026-08-24 15:52] O:7670.50 H:7670.75 L:7670.00 C:7670.00 V:181.0
  📈 Trend: moderate_bullish | 🌍 Regime: ranging
  🗺️  Grid: 0.080% | 🔺 7670.50 🔻 7670.00
  📡 RSI: 30.0 | MACD: 0.33 | ATR: 0.50
  📊 Filled: 0 | Pending: 0
  🕐 Outside session (15:52 CT) — no entries
  💰 Daily P&L: $+0.00

[2026-08-24 15:53] O:7670.00 H:7670.25 L:7670.00 C:7670.25 V:205.0
  📈 Trend: moderate_bullish | 🌍 Regime: ranging
  🗺️  Grid: 0.080% | 🔺 7670.75 🔻 7670.00
  📡 RSI: 40.0 | MACD: 0.28 | ATR: 0.48
  📊 Filled: 0 | Pending: 0
  🕐 Outside session (15:53 CT) — no entries
  💰 Daily P&L: $+0.00

[2026-08-24 15:54] O:7670.25 H:7671.00 L:7670.25 C:7671.00 V:137.0
  📈 Trend: moderate_bullish | 🌍 Regime: ranging
  🗺️  Grid: 0.080% | 🔺 7670.25 🔻 7670.00
  📡 RSI: 53.8 | MACD: 0.30 | ATR: 0.50
  📊 Filled: 0 | Pending: 0
  🕐 Outside session (15:54 CT) — no entries
  💰 Daily P&L: $+0.00

[2026-08-24 15:55] O:7670.75 H:7671.75 L:7670.75 C:7671.75 V:159.0
  📈 Trend: moderate_bullish (raw: strong_bullish) | 🌍 Regime: ranging
  🗺️  Grid: 0.080% | 🔺 7671.00 🔻 7670.25
  📡 RSI: 62.5 | MACD: 0.37 | ATR: 0.54
  📊 Filled: 0 | Pending: 0
  🕐 Outside session (15:55 CT) — no entries
  💰 Daily P&L: $+0.00

[2026-08-24 15:56] O:7671.75 H:7672.50 L:7671.75 C:7672.50 V:110.0
  📈 Trend: strong_bullish | 🌍 Regime: ranging
  🗺️  Grid: 0.080% | 🔺 7671.75 🔻 7670.75
  📡 RSI: 66.7 | MACD: 0.49 | ATR: 0.57
  📊 Filled: 0 | Pending: 0
  🕐 Outside session (15:56 CT) — no entries
  💰 Daily P&L: $+0.00

[2026-08-24 15:57] O:7672.50 H:7674.25 L:7672.25 C:7674.25 V:365.0
  📈 Trend: strong_bullish | 🌍 Regime: ranging
  🗺️  Grid: 0.080% | 🔺 7672.50 🔻 7671.75
  📡 RSI: 76.0 | MACD: 0.71 | ATR: 0.68
  📊 Filled: 0 | Pending: 0
  🕐 Outside session (15:57 CT) — no entries
  💰 Daily P&L: $+0.00

[2026-08-24 15:58] O:7674.25 H:7675.00 L:7674.00 C:7674.25 V:281.0
  📈 Trend: strong_bullish | 🌍 Regime: trending_bullish
  🗺️  Grid: 0.080% | 🔺 7674.25 🔻 7672.25
  📡 RSI: 75.0 | MACD: 0.87 | ATR: 0.71
  📊 Filled: 0 | Pending: 0
  🕐 Outside session (15:58 CT) — no entries
  💰 Daily P&L: $+0.00

[2026-08-24 15:59] O:7674.25 H:7674.75 L:7674.00 C:7674.25 V:532.0
  📈 Trend: strong_bullish | 🌍 Regime: trending_bullish
  🗺️  Grid: 0.080% | 🔺 7675.00 🔻 7674.00
  📡 RSI: 75.0 | MACD: 0.99 | ATR: 0.73
  📊 Filled: 0 | Pending: 0
  🕐 Outside session (15:59 CT) — no entries
  💰 Daily P&L: $+0.00

[2026-08-24 17:00] O:7676.00 H:7677.50 L:7674.50 C:7676.25 V:298.0
  📈 Trend: strong_bullish | 🌍 Regime: trending_bullish
  🗺️  Grid: 0.080% | 🔺 7674.75 🔻 7674.00
  📡 RSI: 81.2 | MACD: 1.24 | ATR: 0.93
  📊 Filled: 0 | Pending: 0
  🕐 Outside session (17:00 CT) — no entries
  💰 Daily P&L: $+0.00

[2026-08-24 17:01] O:7676.50 H:7676.75 L:7674.75 C:7675.00 V:155.0
  📈 Trend: strong_bullish | 🌍 Regime: trending_bullish
  🗺️  Grid: 0.080% | 🔺 7677.50 🔻 7674.50
  📡 RSI: 70.3 | MACD: 1.31 | ATR: 1.05
  📊 Filled: 0 | Pending: 0
  🕐 Outside session (17:01 CT) — no entries
  💰 Daily P&L: $+0.00

[2026-08-24 17:02] O:7675.25 H:7677.00 L:7675.25 C:7675.75 V:110.0
  📈 Trend: strong_bullish | 🌍 Regime: trending_bullish
  🗺️  Grid: 0.080% | 🔺 7676.75 🔻 7674.75
  📡 RSI: 72.5 | MACD: 1.42 | ATR: 1.16
  📊 Filled: 0 | Pending: 0
  🕐 Outside session (17:02 CT) — no entries
  💰 Daily P&L: $+0.00

[2026-08-24 17:03] O:7676.00 H:7676.25 L:7674.50 C:7674.75 V:96.0
  📈 Trend: strong_bullish | 🌍 Regime: trending_bullish
  🗺️  Grid: 0.080% | 🔺 7677.00 🔻 7675.25
  📡 RSI: 70.7 | MACD: 1.40 | ATR: 1.21
  📊 Filled: 0 | Pending: 0
  🕐 Outside session (17:03 CT) — no entries
  💰 Daily P&L: $+0.00

[2026-08-24 17:04] O:7675.00 H:7675.00 L:7673.50 C:7674.00 V:104.0
  📈 Trend: strong_bullish | 🌍 Regime: trending_bullish
  🗺️  Grid: 0.080% | 🔺 7676.25 🔻 7674.50
  📡 RSI: 67.4 | MACD: 1.31 | ATR: 1.30
  📊 Filled: 0 | Pending: 0
  🕐 Outside session (17:04 CT) — no entries
  💰 Daily P&L: $+0.00

[2026-08-24 17:05] O:7674.25 H:7675.25 L:7674.00 C:7674.75 V:96.0
  📈 Trend: strong_bullish | 🌍 Regime: trending_bullish
  🗺️  Grid: 0.080% | 🔺 7675.00 🔻 7673.50
  📡 RSI: 68.9 | MACD: 1.29 | ATR: 1.36
  📊 Filled: 0 | Pending: 0
  🕐 Outside session (17:05 CT) — no entries
  💰 Daily P&L: $+0.00

[2026-08-24 17:06] O:7674.75 H:7677.00 L:7674.75 C:7675.75 V:161.0
  📈 Trend: strong_bullish | 🌍 Regime: trending_bullish
  🗺️  Grid: 0.080% | 🔺 7675.25 🔻 7674.00
  📡 RSI: 74.5 | MACD: 1.34 | ATR: 1.46
  📊 Filled: 0 | Pending: 0
  🕐 Outside session (17:06 CT) — no entries
  💰 Daily P&L: $+0.00

[2026-08-24 17:07] O:7675.75 H:7676.00 L:7674.50 C:7675.25 V:86.0
  📈 Trend: strong_bullish | 🌍 Regime: trending_bullish
  🗺️  Grid: 0.080% | 🔺 7677.00 🔻 7674.75
  📡 RSI: 70.8 | MACD: 1.32 | ATR: 1.55
  📊 Filled: 0 | Pending: 0
  🕐 Outside session (17:07 CT) — no entries
  💰 Daily P&L: $+0.00

[2026-08-24 17:08] O:7675.00 H:7675.25 L:7674.75 C:7675.00 V:27.0
  📈 Trend: strong_bullish | 🌍 Regime: trending_bullish
  🗺️  Grid: 0.080% | 🔺 7676.00 🔻 7674.50
  📡 RSI: 67.4 | MACD: 1.27 | ATR: 1.54
  📊 Filled: 0 | Pending: 0
  🕐 Outside session (17:08 CT) — no entries
  💰 Daily P&L: $+0.00

[2026-08-24 17:09] O:7675.00 H:7675.00 L:7674.50 C:7675.00 V:32.0
  📈 Trend: strong_bullish (raw: moderate_bullish) | 🌍 Regime: trending_bullish
  🗺️  Grid: 0.080% | 🔺 7675.25 🔻 7674.75
  📡 RSI: 65.1 | MACD: 1.22 | ATR: 1.50
  📊 Filled: 0 | Pending: 0
  🕐 Outside session (17:09 CT) — no entries
  💰 Daily P&L: $+0.00

[2026-08-24 17:10] O:7675.00 H:7675.00 L:7674.25 C:7674.50 V:48.0
  📈 Trend: moderate_bullish | 🌍 Regime: trending_bullish
  🗺️  Grid: 0.080% | 🔺 7675.00 🔻 7674.50
  📡 RSI: 59.5 | MACD: 1.12 | ATR: 1.50
  📊 Filled: 0 | Pending: 0
  🕐 Outside session (17:10 CT) — no entries
  💰 Daily P&L: $+0.00

[2026-08-24 17:11] O:7674.50 H:7674.50 L:7674.00 C:7674.25 V:48.0
  📈 Trend: moderate_bullish | 🌍 Regime: trending_bullish
  🗺️  Grid: 0.080% | 🔺 7675.00 🔻 7674.25
  📡 RSI: 50.0 | MACD: 1.01 | ATR: 1.39
  📊 Filled: 0 | Pending: 0
  🕐 Outside session (17:11 CT) — no entries
  💰 Daily P&L: $+0.00

[2026-08-24 17:12] O:7674.50 H:7674.50 L:7674.00 C:7674.00 V:36.0
  📈 Trend: moderate_bullish | 🌍 Regime: trending_bullish
  🗺️  Grid: 0.080% | 🔺 7674.50 🔻 7674.00
  📡 RSI: 48.6 | MACD: 0.90 | ATR: 1.36
  📊 Filled: 0 | Pending: 0
  🕐 Outside session (17:12 CT) — no entries
  💰 Daily P&L: $+0.00

[2026-08-24 17:13] O:7674.00 H:7674.00 L:7673.75 C:7674.00 V:43.0
  📈 Trend: moderate_bullish | 🌍 Regime: trending_bullish
  🗺️  Grid: 0.080% | 🔺 7674.50 🔻 7674.00
  📡 RSI: 48.6 | MACD: 0.80 | ATR: 1.32
  📊 Filled: 0 | Pending: 0
  🕐 Outside session (17:13 CT) — no entries
  💰 Daily P&L: $+0.00

[2026-08-24 17:14] O:7674.00 H:7674.25 L:7674.00 C:7674.00 V:24.0
  📈 Trend: moderate_bullish | 🌍 Regime: trending_bullish
  🗺️  Grid: 0.080% | 🔺 7674.00 🔻 7673.75
  📡 RSI: 34.5 | MACD: 0.71 | ATR: 1.11
  📊 Filled: 0 | Pending: 0
  🕐 Outside session (17:14 CT) — no entries
  💰 Daily P&L: $+0.00

[2026-08-24 17:15] O:7674.00 H:7674.75 L:7674.00 C:7674.25 V:60.0
  📈 Trend: moderate_bullish | 🌍 Regime: trending_bullish
  🗺️  Grid: 0.080% | 🔺 7674.25 🔻 7674.00
  📡 RSI: 44.0 | MACD: 0.65 | ATR: 1.02
  📊 Filled: 0 | Pending: 0
  🕐 Outside session (17:15 CT) — no entries
  💰 Daily P&L: $+0.00

[2026-08-24 17:16] O:7674.25 H:7674.75 L:7674.25 C:7674.50 V:8.0
  📈 Trend: moderate_bullish | 🌍 Regime: trending_bullish
  🗺️  Grid: 0.080% | 🔺 7674.75 🔻 7674.00
  📡 RSI: 39.1 | MACD: 0.62 | ATR: 0.91
  📊 Filled: 0 | Pending: 0
  🕐 Outside session (17:16 CT) — no entries
  💰 Daily P&L: $+0.00

[2026-08-24 17:17] O:7674.25 H:7674.50 L:7673.75 C:7674.50 V:19.0
  📈 Trend: moderate_bullish | 🌍 Regime: trending_bullish
  🗺️  Grid: 0.080% | 🔺 7674.75 🔻 7674.25
  📡 RSI: 47.4 | MACD: 0.59 | ATR: 0.84
  📊 Filled: 0 | Pending: 0
  🕐 Outside session (17:17 CT) — no entries
  💰 Daily P&L: $+0.00

[2026-08-24 17:18] O:7674.50 H:7674.75 L:7674.25 C:7674.75 V:31.0
  📈 Trend: moderate_bullish | 🌍 Regime: trending_bullish
  🗺️  Grid: 0.080% | 🔺 7674.50 🔻 7673.75
  📡 RSI: 58.8 | MACD: 0.58 | ATR: 0.77
  📊 Filled: 0 | Pending: 0
  🕐 Outside session (17:18 CT) — no entries
  💰 Daily P&L: $+0.00

[2026-08-24 17:19] O:7674.75 H:7675.00 L:7674.25 C:7674.50 V:17.0
  📈 Trend: moderate_bullish (raw: moderate_bearish) | 🌍 Regime: trending_bearish
  🗺️  Grid: 0.080% | 🔺 7674.75 🔻 7674.25
  📡 RSI: 46.7 | MACD: 0.54 | ATR: 0.73
  📊 Filled: 0 | Pending: 0
  🕐 Outside session (17:19 CT) — no entries
  💰 Daily P&L: $+0.00

[2026-08-24 17:20] O:7674.50 H:7675.00 L:7674.00 C:7674.00 V:44.0
  📈 Trend: moderate_bearish | 🌍 Regime: trending_bearish
  🗺️  Grid: 0.080% | 🔺 7675.00 🔻 7674.25
  📡 RSI: 23.1 | MACD: 0.47 | ATR: 0.64
  📊 Filled: 0 | Pending: 0
  🕐 Outside session (17:20 CT) — no entries
  💰 Daily P&L: $+0.00

[2026-08-24 17:21] O:7674.25 H:7675.00 L:7674.25 C:7675.00 V:31.0
  📈 Trend: moderate_bearish | 🌍 Regime: trending_bearish
  🗺️  Grid: 0.080% | 🔺 7675.00 🔻 7674.00
  📡 RSI: 46.7 | MACD: 0.48 | ATR: 0.61
  📊 Filled: 0 | Pending: 0
  🕐 Outside session (17:21 CT) — no entries
  💰 Daily P&L: $+0.00

[2026-08-24 17:22] O:7675.00 H:7675.00 L:7673.75 C:7674.50 V:43.0
  📈 Trend: moderate_bearish | 🌍 Regime: trending_bearish
  🗺️  Grid: 0.080% | 🔺 7675.00 🔻 7674.25
  📡 RSI: 43.8 | MACD: 0.45 | ATR: 0.66
  📊 Filled: 0 | Pending: 0
  🕐 Outside session (17:22 CT) — no entries
  💰 Daily P&L: $+0.00

[2026-08-24 17:23] O:7674.50 H:7675.00 L:7674.50 C:7674.75 V:15.0
  📈 Trend: moderate_bearish (raw: moderate_bullish) | 🌍 Regime: trending_bullish
  🗺️  Grid: 0.080% | 🔺 7675.00 🔻 7673.75
  📡 RSI: 47.1 | MACD: 0.44 | ATR: 0.66
  📊 Filled: 0 | Pending: 0
  🕐 Outside session (17:23 CT) — no entries
  💰 Daily P&L: $+0.00

[2026-08-24 17:24] O:7674.75 H:7674.75 L:7674.75 C:7674.75 V:6.0
  📈 Trend: moderate_bearish | 🌍 Regime: ranging
  🗺️  Grid: 0.080% | 🔺 7675.00 🔻 7674.50
  📡 RSI: 53.3 | MACD: 0.43 | ATR: 0.61
  📊 Filled: 0 | Pending: 0
  🕐 Outside session (17:24 CT) — no entries
  💰 Daily P&L: $+0.00

[2026-08-24 17:25] O:7674.75 H:7674.75 L:7674.25 C:7674.50 V:12.0
  📈 Trend: moderate_bearish | 🌍 Regime: ranging
  🗺️  Grid: 0.080% | 🔺 7674.75 🔻 7674.75
  📡 RSI: 53.3 | MACD: 0.39 | ATR: 0.61
  📊 Filled: 0 | Pending: 0
  🕐 Outside session (17:25 CT) — no entries
  💰 Daily P&L: $+0.00

[2026-08-24 17:26] O:7674.50 H:7674.50 L:7674.00 C:7674.25 V:20.0
  📈 Trend: moderate_bearish | 🌍 Regime: ranging
  🗺️  Grid: 0.080% | 🔺 7674.75 🔻 7674.25
  📡 RSI: 53.3 | MACD: 0.34 | ATR: 0.61
  📊 Filled: 0 | Pending: 0
  🕐 Outside session (17:26 CT) — no entries
  💰 Daily P&L: $+0.00

[2026-08-24 17:27] O:7674.25 H:7674.50 L:7674.00 C:7674.50 V:9.0
  📈 Trend: moderate_bearish | 🌍 Regime: ranging
  🗺️  Grid: 0.080% | 🔺 7674.50 🔻 7674.00
  📡 RSI: 56.2 | MACD: 0.31 | ATR: 0.62
  📊 Filled: 0 | Pending: 0
  🕐 Outside session (17:27 CT) — no entries
  💰 Daily P&L: $+0.00

[2026-08-24 17:28] O:7674.25 H:7674.50 L:7674.00 C:7674.25 V:28.0
  📈 Trend: moderate_bearish | 🌍 Regime: trending_bearish
  🗺️  Grid: 0.080% | 🔺 7674.50 🔻 7674.00
  📡 RSI: 52.9 | MACD: 0.27 | ATR: 0.64
  📊 Filled: 0 | Pending: 0
  🕐 Outside session (17:28 CT) — no entries
  💰 Daily P&L: $+0.00

[2026-08-24 17:29] O:7674.00 H:7674.25 L:7674.00 C:7674.25 V:11.0
  📈 Trend: moderate_bearish | 🌍 Regime: trending_bearish
  🗺️  Grid: 0.080% | 🔺 7674.50 🔻 7674.00
  📡 RSI: 50.0 | MACD: 0.23 | ATR: 0.61
  📊 Filled: 0 | Pending: 0
  🕐 Outside session (17:29 CT) — no entries
  💰 Daily P&L: $+0.00

[2026-08-24 17:30] O:7674.25 H:7674.50 L:7673.50 C:7674.00 V:37.0
  📈 Trend: moderate_bearish | 🌍 Regime: ranging
  🗺️  Grid: 0.080% | 🔺 7674.25 🔻 7674.00
  📡 RSI: 43.8 | MACD: 0.18 | ATR: 0.64
  📊 Filled: 0 | Pending: 0
  🕐 Outside session (17:30 CT) — no entries
  💰 Daily P&L: $+0.00

[2026-08-24 17:31] O:7674.00 H:7674.00 L:7673.25 C:7673.75 V:69.0
  📈 Trend: moderate_bearish | 🌍 Regime: ranging
  🗺️  Grid: 0.080% | 🔺 7674.50 🔻 7673.50
  📡 RSI: 41.2 | MACD: 0.12 | ATR: 0.64
  📊 Filled: 0 | Pending: 0
  🕐 Outside session (17:31 CT) — no entries
  💰 Daily P&L: $+0.00

[2026-08-24 17:32] O:7674.00 H:7674.75 L:7674.00 C:7674.25 V:55.0
  📈 Trend: moderate_bearish (raw: moderate_bullish) | 🌍 Regime: ranging
  🗺️  Grid: 0.080% | 🔺 7674.00 🔻 7673.25
  📡 RSI: 44.4 | MACD: 0.11 | ATR: 0.68
  📊 Filled: 0 | Pending: 0
  🕐 Outside session (17:32 CT) — no entries
  💰 Daily P&L: $+0.00

[2026-08-24 17:33] O:7674.25 H:7674.25 L:7674.00 C:7674.00 V:2.0
  📈 Trend: moderate_bullish | 🌍 Regime: ranging
  🗺️  Grid: 0.080% | 🔺 7674.75 🔻 7674.00
  📡 RSI: 44.4 | MACD: 0.08 | ATR: 0.64
  📊 Filled: 0 | Pending: 0
  🕐 Outside session (17:33 CT) — no entries
  💰 Daily P&L: $+0.00

[2026-08-24 17:34] O:7674.25 H:7674.75 L:7674.25 C:7674.25 V:22.0
  📈 Trend: moderate_bullish | 🌍 Regime: ranging
  🗺️  Grid: 0.080% | 🔺 7674.25 🔻 7674.00
  📡 RSI: 52.9 | MACD: 0.08 | ATR: 0.62
  📊 Filled: 0 | Pending: 0
  🕐 Outside session (17:34 CT) — no entries
  💰 Daily P&L: $+0.00

[2026-08-24 17:35] O:7674.25 H:7674.50 L:7674.25 C:7674.25 V:7.0
  📈 Trend: moderate_bullish | 🌍 Regime: ranging
  🗺️  Grid: 0.080% | 🔺 7674.75 🔻 7674.25
  📡 RSI: 38.5 | MACD: 0.07 | ATR: 0.57
  📊 Filled: 0 | Pending: 0
  🕐 Outside session (17:35 CT) — no entries
  💰 Daily P&L: $+0.00

[2026-08-24 17:36] O:7674.25 H:7674.50 L:7674.25 C:7674.50 V:7.0
  📈 Trend: moderate_bullish | 🌍 Regime: ranging
  🗺️  Grid: 0.080% | 🔺 7674.50 🔻 7674.25
  📡 RSI: 50.0 | MACD: 0.09 | ATR: 0.50
  📊 Filled: 0 | Pending: 0
  🕐 Outside session (17:36 CT) — no entries
  💰 Daily P&L: $+0.00

[2026-08-24 17:37] O:7674.50 H:7674.50 L:7674.25 C:7674.25 V:10.0
  📈 Trend: moderate_bullish | 🌍 Regime: ranging
  🗺️  Grid: 0.080% | 🔺 7674.50 🔻 7674.25
  📡 RSI: 41.7 | MACD: 0.08 | ATR: 0.48
  📊 Filled: 0 | Pending: 0
  🕐 Outside session (17:37 CT) — no entries
  💰 Daily P&L: $+0.00

[2026-08-24 17:38] O:7674.25 H:7674.50 L:7674.25 C:7674.50 V:7.0
  📈 Trend: moderate_bullish | 🌍 Regime: ranging
  🗺️  Grid: 0.080% | 🔺 7674.50 🔻 7674.25
  📡 RSI: 46.2 | MACD: 0.09 | ATR: 0.50
  📊 Filled: 0 | Pending: 0
  🕐 Outside session (17:38 CT) — no entries
  💰 Daily P&L: $+0.00

[2026-08-24 17:39] O:7674.50 H:7674.50 L:7674.25 C:7674.25 V:25.0
  📈 Trend: moderate_bullish (raw: strong_bullish) | 🌍 Regime: ranging
  🗺️  Grid: 0.080% | 🔺 7674.50 🔻 7674.25
  📡 RSI: 46.2 | MACD: 0.08 | ATR: 0.48
  📊 Filled: 0 | Pending: 0
  🕐 Outside session (17:39 CT) — no entries
  💰 Daily P&L: $+0.00

[2026-08-24 17:40] O:7674.25 H:7674.50 L:7673.50 C:7674.00 V:60.0
  📈 Trend: moderate_bullish | 🌍 Regime: ranging
  🗺️  Grid: 0.080% | 🔺 7674.50 🔻 7674.25
  📡 RSI: 46.2 | MACD: 0.05 | ATR: 0.52
  📊 Filled: 0 | Pending: 0
  🕐 Outside session (17:40 CT) — no entries
  💰 Daily P&L: $+0.00

[2026-08-24 17:41] O:7674.00 H:7674.00 L:7673.25 C:7673.75 V:73.0
  📈 Trend: moderate_bullish | 🌍 Regime: ranging
  🗺️  Grid: 0.080% | 🔺 7674.50 🔻 7673.50
  📡 RSI: 38.5 | MACD: 0.01 | ATR: 0.54
  📊 Filled: 0 | Pending: 0
  🕐 Outside session (17:41 CT) — no entries
  💰 Daily P&L: $+0.00

[2026-08-24 17:42] O:7673.75 H:7673.75 L:7673.50 C:7673.75 V:81.0
  📈 Trend: moderate_bullish | 🌍 Regime: ranging
  🗺️  Grid: 0.080% | 🔺 7674.00 🔻 7673.25
  📡 RSI: 41.7 | MACD: -0.03 | ATR: 0.52
  📊 Filled: 0 | Pending: 0
  🕐 Outside session (17:42 CT) — no entries
  💰 Daily P&L: $+0.00

[2026-08-24 17:43] O:7673.75 H:7673.75 L:7673.25 C:7673.25 V:21.0
  📈 Trend: moderate_bullish (raw: strong_bearish) | 🌍 Regime: ranging
  🗺️  Grid: 0.080% | 🔺 7673.75 🔻 7673.50
  📡 RSI: 35.7 | MACD: -0.09 | ATR: 0.54
  📊 Filled: 0 | Pending: 0
  🕐 Outside session (17:43 CT) — no entries
  💰 Daily P&L: $+0.00

[2026-08-24 17:44] O:7673.50 H:7673.75 L:7673.50 C:7673.75 V:12.0
  📈 Trend: strong_bearish | 🌍 Regime: ranging
  🗺️  Grid: 0.080% | 🔺 7673.75 🔻 7673.25
  📡 RSI: 46.7 | MACD: -0.10 | ATR: 0.50
  📊 Filled: 0 | Pending: 0
  🕐 Outside session (17:44 CT) — no entries
  💰 Daily P&L: $+0.00

[2026-08-24 17:45] O:7673.75 H:7673.75 L:7673.75 C:7673.75 V:12.0
  📈 Trend: strong_bearish | 🌍 Regime: ranging
  🗺️  Grid: 0.080% | 🔺 7673.75 🔻 7673.50
  📡 RSI: 50.0 | MACD: -0.11 | ATR: 0.45
  📊 Filled: 0 | Pending: 0
  🕐 Outside session (17:45 CT) — no entries
  💰 Daily P&L: $+0.00

[2026-08-24 17:46] O:7673.75 H:7673.75 L:7673.50 C:7673.50 V:1.0
  📈 Trend: strong_bearish | 🌍 Regime: ranging
  🗺️  Grid: 0.080% | 🔺 7673.75 🔻 7673.75
  📡 RSI: 38.5 | MACD: -0.14 | ATR: 0.39
  📊 Filled: 0 | Pending: 0
  🕐 Outside session (17:46 CT) — no entries
  💰 Daily P&L: $+0.00

[2026-08-24 17:47] O:7673.50 H:7673.75 L:7673.50 C:7673.75 V:24.0
  📈 Trend: strong_bearish | 🌍 Regime: ranging
  🗺️  Grid: 0.080% | 🔺 7673.75 🔻 7673.50
  📡 RSI: 46.2 | MACD: -0.13 | ATR: 0.39
  📊 Filled: 0 | Pending: 0
  🕐 Outside session (17:47 CT) — no entries
  💰 Daily P&L: $+0.00

[2026-08-24 17:48] O:7673.75 H:7674.00 L:7673.50 C:7674.00 V:39.0
  📈 Trend: strong_bearish | 🌍 Regime: ranging
  🗺️  Grid: 0.080% | 🔺 7673.75 🔻 7673.50
  📡 RSI: 46.2 | MACD: -0.11 | ATR: 0.38
  📊 Filled: 0 | Pending: 0
  🕐 Outside session (17:48 CT) — no entries
  💰 Daily P&L: $+0.00

[2026-08-24 17:49] O:7674.00 H:7674.25 L:7674.00 C:7674.00 V:22.0
  📈 Trend: strong_bearish | 🌍 Regime: ranging
  🗺️  Grid: 0.080% | 🔺 7674.00 🔻 7673.50
  📡 RSI: 46.2 | MACD: -0.09 | ATR: 0.38
  📊 Filled: 0 | Pending: 0
  🕐 Outside session (17:49 CT) — no entries
  💰 Daily P&L: $+0.00

[2026-08-24 17:50] O:7674.00 H:7674.00 L:7673.75 C:7673.75 V:4.0
  📈 Trend: strong_bearish | 🌍 Regime: ranging
  🗺️  Grid: 0.080% | 🔺 7674.25 🔻 7674.00
  📡 RSI: 38.5 | MACD: -0.09 | ATR: 0.38
  📊 Filled: 0 | Pending: 0
  🕐 Outside session (17:50 CT) — no entries
  💰 Daily P&L: $+0.00

[2026-08-24 17:51] O:7673.75 H:7674.00 L:7673.75 C:7674.00 V:14.0
  📈 Trend: strong_bearish (raw: moderate_bearish) | 🌍 Regime: ranging
  🗺️  Grid: 0.080% | 🔺 7674.00 🔻 7673.75
  📡 RSI: 46.2 | MACD: -0.08 | ATR: 0.38
  📊 Filled: 0 | Pending: 0
  🕐 Outside session (17:51 CT) — no entries
  💰 Daily P&L: $+0.00

[2026-08-24 17:52] O:7674.00 H:7674.25 L:7673.75 C:7674.25 V:49.0
  📈 Trend: strong_bearish (raw: moderate_bullish) | 🌍 Regime: ranging
  🗺️  Grid: 0.080% | 🔺 7674.00 🔻 7673.75
  📡 RSI: 46.2 | MACD: -0.04 | ATR: 0.39
  📊 Filled: 0 | Pending: 0
  🕐 Outside session (17:52 CT) — no entries
  💰 Daily P&L: $+0.00

[2026-08-24 17:53] O:7674.25 H:7674.50 L:7674.00 C:7674.00 V:12.0
  📈 Trend: strong_bearish (raw: moderate_bearish) | 🌍 Regime: ranging
  🗺️  Grid: 0.080% | 🔺 7674.25 🔻 7673.75
  📡 RSI: 46.2 | MACD: -0.03 | ATR: 0.41
  📊 Filled: 0 | Pending: 0
  🕐 Outside session (17:53 CT) — no entries
  💰 Daily P&L: $+0.00

[2026-08-24 17:54] O:7674.00 H:7674.00 L:7674.00 C:7674.00 V:8.0
  📈 Trend: moderate_bearish | 🌍 Regime: ranging
  🗺️  Grid: 0.080% | 🔺 7674.50 🔻 7674.00
  📡 RSI: 50.0 | MACD: -0.03 | ATR: 0.34
  📊 Filled: 0 | Pending: 0
  🕐 Outside session (17:54 CT) — no entries
  💰 Daily P&L: $+0.00

[2026-08-24 17:55] O:7674.00 H:7674.00 L:7673.50 C:7673.50 V:39.0
  📈 Trend: moderate_bearish (raw: strong_bearish) | 🌍 Regime: ranging
  🗺️  Grid: 0.080% | 🔺 7674.00 🔻 7674.00
  📡 RSI: 46.2 | MACD: -0.06 | ATR: 0.32
  📊 Filled: 0 | Pending: 0
  🕐 Outside session (17:55 CT) — no entries
  💰 Daily P&L: $+0.00

[2026-08-24 17:56] O:7673.50 H:7673.75 L:7673.50 C:7673.75 V:12.0
  📈 Trend: strong_bearish | 🌍 Regime: ranging
  🗺️  Grid: 0.080% | 🔺 7674.00 🔻 7673.50
  📡 RSI: 50.0 | MACD: -0.07 | ATR: 0.32
  📊 Filled: 0 | Pending: 0
  🕐 Outside session (17:56 CT) — no entries
  💰 Daily P&L: $+0.00

[2026-08-24 17:57] O:7673.75 H:7674.50 L:7673.75 C:7674.25 V:14.0
  📈 Trend: strong_bearish (raw: moderate_bearish) | 🌍 Regime: ranging
  🗺️  Grid: 0.080% | 🔺 7673.75 🔻 7673.50
  📡 RSI: 64.3 | MACD: -0.03 | ATR: 0.34
  📊 Filled: 0 | Pending: 0
  🕐 Outside session (17:57 CT) — no entries
  💰 Daily P&L: $+0.00

[2026-08-24 17:58] O:7674.25 H:7674.50 L:7674.25 C:7674.25 V:29.0
  📈 Trend: moderate_bearish | 🌍 Regime: ranging
  🗺️  Grid: 0.080% | 🔺 7674.50 🔻 7673.75
  📡 RSI: 58.3 | MACD: -0.00 | ATR: 0.32
  📊 Filled: 0 | Pending: 0
  🕐 Outside session (17:58 CT) — no entries
  💰 Daily P&L: $+0.00

[2026-08-24 17:59] O:7674.25 H:7674.50 L:7674.00 C:7674.50 V:26.0
  📈 Trend: moderate_bearish (raw: strong_bullish) | 🌍 Regime: ranging
  🗺️  Grid: 0.080% | 🔺 7674.50 🔻 7674.25
  📡 RSI: 61.5 | MACD: 0.04 | ATR: 0.36
  📊 Filled: 0 | Pending: 0
  🕐 Outside session (17:59 CT) — no entries
  💰 Daily P&L: $+0.00

[2026-08-24 18:00] O:7674.50 H:7674.75 L:7674.00 C:7674.50 V:50.0
  📈 Trend: strong_bullish | 🌍 Regime: ranging
  🗺️  Grid: 0.080% | 🔺 7674.50 🔻 7674.00
  📡 RSI: 66.7 | MACD: 0.07 | ATR: 0.39
  📊 Filled: 0 | Pending: 0
  🕐 Outside session (18:00 CT) — no entries
  💰 Daily P&L: $+0.00

[2026-08-24 18:01] O:7674.50 H:7674.50 L:7674.00 C:7674.25 V:34.0
  📈 Trend: strong_bullish | 🌍 Regime: ranging
  🗺️  Grid: 0.080% | 🔺 7674.75 🔻 7674.00
  📡 RSI: 58.3 | MACD: 0.08 | ATR: 0.41
  📊 Filled: 0 | Pending: 0
  🕐 Outside session (18:01 CT) — no entries
  💰 Daily P&L: $+0.00

[2026-08-24 18:02] O:7674.25 H:7674.50 L:7674.00 C:7674.25 V:21.0
  📈 Trend: strong_bullish | 🌍 Regime: ranging
  🗺️  Grid: 0.080% | 🔺 7674.50 🔻 7674.00
  📡 RSI: 54.5 | MACD: 0.08 | ATR: 0.41
  📊 Filled: 0 | Pending: 0
  🕐 Outside session (18:02 CT) — no entries
  💰 Daily P&L: $+0.00

[2026-08-24 18:03] O:7674.25 H:7674.50 L:7674.00 C:7674.25 V:27.0
  📈 Trend: strong_bullish | 🌍 Regime: ranging
  🗺️  Grid: 0.080% | 🔺 7674.50 🔻 7674.00
  📡 RSI: 54.5 | MACD: 0.08 | ATR: 0.43
  📊 Filled: 0 | Pending: 0
  🕐 Outside session (18:03 CT) — no entries
  💰 Daily P&L: $+0.00

[2026-08-24 18:04] O:7674.25 H:7674.50 L:7674.25 C:7674.50 V:7.0
  📈 Trend: strong_bullish | 🌍 Regime: ranging
  🗺️  Grid: 0.080% | 🔺 7674.50 🔻 7674.00
  📡 RSI: 63.6 | MACD: 0.10 | ATR: 0.43
  📊 Filled: 0 | Pending: 0
  🕐 Outside session (18:04 CT) — no entries
  💰 Daily P&L: $+0.00

[2026-08-24 18:05] O:7674.50 H:7674.50 L:7674.25 C:7674.50 V:27.0
  📈 Trend: strong_bullish | 🌍 Regime: ranging
  🗺️  Grid: 0.080% | 🔺 7674.50 🔻 7674.25
  📡 RSI: 60.0 | MACD: 0.11 | ATR: 0.43
  📊 Filled: 0 | Pending: 0
  🕐 Outside session (18:05 CT) — no entries
  💰 Daily P&L: $+0.00

[2026-08-24 18:06] O:7674.50 H:7674.50 L:7674.25 C:7674.25 V:27.0
  📈 Trend: strong_bullish | 🌍 Regime: ranging
  🗺️  Grid: 0.080% | 🔺 7674.50 🔻 7674.25
  📡 RSI: 50.0 | MACD: 0.11 | ATR: 0.41
  📊 Filled: 0 | Pending: 0
  🕐 Outside session (18:06 CT) — no entries
  💰 Daily P&L: $+0.00

[2026-08-24 18:07] O:7674.50 H:7674.50 L:7674.25 C:7674.25 V:8.0
  📈 Trend: strong_bullish | 🌍 Regime: ranging
  🗺️  Grid: 0.080% | 🔺 7674.50 🔻 7674.25
  📡 RSI: 55.6 | MACD: 0.10 | ATR: 0.39
  📊 Filled: 0 | Pending: 0
  🕐 Outside session (18:07 CT) — no entries
  💰 Daily P&L: $+0.00

[2026-08-24 18:08] O:7674.25 H:7675.50 L:7674.25 C:7675.00 V:81.0
  📈 Trend: strong_bullish | 🌍 Regime: ranging
  🗺️  Grid: 0.080% | 🔺 7674.50 🔻 7674.25
  📡 RSI: 66.7 | MACD: 0.15 | ATR: 0.48
  📊 Filled: 0 | Pending: 0
  🕐 Outside session (18:08 CT) — no entries
  💰 Daily P&L: $+0.00

[2026-08-24 18:09] O:7675.00 H:7675.25 L:7674.75 C:7675.25 V:79.0
  📈 Trend: strong_bullish | 🌍 Regime: ranging
  🗺️  Grid: 0.080% | 🔺 7675.50 🔻 7674.25
  📡 RSI: 81.8 | MACD: 0.21 | ATR: 0.48
  📊 Filled: 0 | Pending: 0
  🕐 Outside session (18:09 CT) — no entries
  💰 Daily P&L: $+0.00

[2026-08-24 18:10] O:7675.00 H:7675.00 L:7675.00 C:7675.00 V:21.0
  📈 Trend: strong_bullish | 🌍 Regime: ranging
  🗺️  Grid: 0.080% | 🔺 7675.25 🔻 7674.75
  📡 RSI: 72.7 | MACD: 0.23 | ATR: 0.48
  📊 Filled: 0 | Pending: 0
  🕐 Outside session (18:10 CT) — no entries
  💰 Daily P&L: $+0.00

[2026-08-24 18:11] O:7675.00 H:7675.00 L:7675.00 C:7675.00 V:2.0
  📈 Trend: strong_bullish | 🌍 Regime: ranging
  🗺️  Grid: 0.080% | 🔺 7675.00 🔻 7675.00
  📡 RSI: 66.7 | MACD: 0.25 | ATR: 0.43
  📊 Filled: 0 | Pending: 0
  🕐 Outside session (18:11 CT) — no entries
  💰 Daily P&L: $+0.00

[2026-08-24 18:12] O:7675.00 H:7675.00 L:7674.75 C:7674.75 V:2.0
  📈 Trend: strong_bullish | 🌍 Regime: ranging
  🗺️  Grid: 0.080% | 🔺 7675.00 🔻 7675.00
  📡 RSI: 60.0 | MACD: 0.24 | ATR: 0.43
  📊 Filled: 0 | Pending: 0
  🕐 Outside session (18:12 CT) — no entries
  💰 Daily P&L: $+0.00

[2026-08-24 18:13] O:7674.75 H:7675.25 L:7674.75 C:7675.00 V:24.0
  📈 Trend: strong_bullish | 🌍 Regime: ranging
  🗺️  Grid: 0.080% | 🔺 7675.00 🔻 7674.75
  📡 RSI: 60.0 | MACD: 0.25 | ATR: 0.43
  📊 Filled: 0 | Pending: 0
  🕐 Outside session (18:13 CT) — no entries
  💰 Daily P&L: $+0.00

[2026-08-24 18:14] O:7675.00 H:7675.50 L:7674.75 C:7675.25 V:94.0
  📈 Trend: strong_bullish | 🌍 Regime: ranging
  🗺️  Grid: 0.080% | 🔺 7675.25 🔻 7674.75
  📡 RSI: 63.6 | MACD: 0.27 | ATR: 0.43
  📊 Filled: 0 | Pending: 0
  🕐 Outside session (18:14 CT) — no entries
  💰 Daily P&L: $+0.00

[2026-08-24 18:15] O:7675.50 H:7675.75 L:7675.00 C:7675.75 V:152.0
  📈 Trend: strong_bullish | 🌍 Regime: ranging
  🗺️  Grid: 0.080% | 🔺 7675.50 🔻 7674.75
  📡 RSI: 75.0 | MACD: 0.33 | ATR: 0.45
  📊 Filled: 0 | Pending: 0
  🕐 Outside session (18:15 CT) — no entries
  💰 Daily P&L: $+0.00

[2026-08-24 18:16] O:7675.75 H:7675.75 L:7675.25 C:7675.25 V:32.0
  📈 Trend: strong_bullish | 🌍 Regime: ranging
  🗺️  Grid: 0.080% | 🔺 7675.75 🔻 7675.00
  📡 RSI: 64.3 | MACD: 0.33 | ATR: 0.45
  📊 Filled: 0 | Pending: 0
  🕐 Outside session (18:16 CT) — no entries
  💰 Daily P&L: $+0.00

[2026-08-24 18:17] O:7675.00 H:7675.00 L:7674.50 C:7674.75 V:54.0
  📈 Trend: strong_bullish | 🌍 Regime: ranging
  🗺️  Grid: 0.080% | 🔺 7675.75 🔻 7675.25
  📡 RSI: 56.2 | MACD: 0.28 | ATR: 0.46
  📊 Filled: 0 | Pending: 0
  🕐 Outside session (18:17 CT) — no entries
  💰 Daily P&L: $+0.00

[2026-08-24 18:18] O:7674.75 H:7674.75 L:7673.75 C:7674.25 V:103.0
  📈 Trend: strong_bullish (raw: moderate_bullish) | 🌍 Regime: ranging
  🗺️  Grid: 0.080% | 🔺 7675.00 🔻 7674.50
  📡 RSI: 47.1 | MACD: 0.21 | ATR: 0.52
  📊 Filled: 0 | Pending: 0
  🕐 Outside session (18:18 CT) — no entries
  💰 Daily P&L: $+0.00

[2026-08-24 18:19] O:7674.00 H:7674.25 L:7674.00 C:7674.25 V:38.0
  📈 Trend: moderate_bullish | 🌍 Regime: ranging
  🗺️  Grid: 0.080% | 🔺 7674.75 🔻 7673.75
  📡 RSI: 47.1 | MACD: 0.14 | ATR: 0.52
  📊 Filled: 0 | Pending: 0
  🕐 Outside session (18:19 CT) — no entries
  💰 Daily P&L: $+0.00

[2026-08-24 18:20] O:7674.00 H:7674.50 L:7674.00 C:7674.50 V:4.0
  📈 Trend: moderate_bullish (raw: strong_bullish) | 🌍 Regime: ranging
  🗺️  Grid: 0.080% | 🔺 7674.25 🔻 7674.00
  📡 RSI: 52.9 | MACD: 0.11 | ATR: 0.54
  📊 Filled: 0 | Pending: 0
  🕐 Outside session (18:20 CT) — no entries
  💰 Daily P&L: $+0.00

[2026-08-24 18:21] O:7674.50 H:7674.75 L:7674.25 C:7674.50 V:12.0
  📈 Trend: strong_bullish | 🌍 Regime: ranging
  🗺️  Grid: 0.080% | 🔺 7674.50 🔻 7674.00
  📡 RSI: 52.9 | MACD: 0.09 | ATR: 0.55
  📊 Filled: 0 | Pending: 0
  🕐 Outside session (18:21 CT) — no entries
  💰 Daily P&L: $+0.00

[2026-08-24 18:22] O:7674.50 H:7675.25 L:7674.50 C:7675.25 V:52.0
  📈 Trend: strong_bullish | 🌍 Regime: ranging
  🗺️  Grid: 0.080% | 🔺 7674.75 🔻 7674.25
  📡 RSI: 52.9 | MACD: 0.13 | ATR: 0.52
  📊 Filled: 0 | Pending: 0
  🕐 Outside session (18:22 CT) — no entries
  💰 Daily P&L: $+0.00

[2026-08-24 18:23] O:7675.00 H:7675.25 L:7674.25 C:7674.50 V:102.0
  📈 Trend: strong_bullish (raw: moderate_bullish) | 🌍 Regime: ranging
  🗺️  Grid: 0.080% | 🔺 7675.25 🔻 7674.50
  📡 RSI: 42.1 | MACD: 0.09 | ATR: 0.55
  📊 Filled: 0 | Pending: 0
  🕐 Outside session (18:23 CT) — no entries
  💰 Daily P&L: $+0.00

[2026-08-24 18:24] O:7674.50 H:7674.50 L:7674.50 C:7674.50 V:10.0
  📈 Trend: moderate_bullish | 🌍 Regime: ranging
  🗺️  Grid: 0.080% | 🔺 7675.25 🔻 7674.25
  📡 RSI: 44.4 | MACD: 0.07 | ATR: 0.54
  📊 Filled: 0 | Pending: 0
  🕐 Outside session (18:24 CT) — no entries
  💰 Daily P&L: $+0.00

[2026-08-24 18:25] O:7674.50 H:7674.50 L:7674.25 C:7674.25 V:24.0
  📈 Trend: moderate_bullish | 🌍 Regime: ranging
  🗺️  Grid: 0.080% | 🔺 7674.50 🔻 7674.50
  📡 RSI: 42.1 | MACD: 0.03 | ATR: 0.55
  📊 Filled: 0 | Pending: 0
  🕐 Outside session (18:25 CT) — no entries
  💰 Daily P&L: $+0.00

[2026-08-24 18:26] O:7674.25 H:7674.25 L:7674.00 C:7674.25 V:6.0
  📈 Trend: moderate_bullish | 🌍 Regime: ranging
  🗺️  Grid: 0.080% | 🔺 7674.50 🔻 7674.25
  📡 RSI: 44.4 | MACD: -0.00 | ATR: 0.55
  📊 Filled: 0 | Pending: 0
  🕐 Outside session (18:26 CT) — no entries
  💰 Daily P&L: $+0.00

[2026-08-24 18:27] O:7674.00 H:7674.00 L:7673.25 C:7673.25 V:67.0
  📈 Trend: moderate_bullish | 🌍 Regime: ranging
  🗺️  Grid: 0.080% | 🔺 7674.25 🔻 7674.00
  📡 RSI: 33.3 | MACD: -0.11 | ATR: 0.59
  📊 Filled: 0 | Pending: 0
  🕐 Outside session (18:27 CT) — no entries
  💰 Daily P&L: $+0.00

[2026-08-24 18:28] O:7673.00 H:7673.00 L:7672.50 C:7672.50 V:126.0
  📈 Trend: moderate_bullish | 🌍 Regime: ranging
  🗺️  Grid: 0.080% | 🔺 7674.00 🔻 7673.25
  📡 RSI: 26.1 | MACD: -0.25 | ATR: 0.59
  📊 Filled: 0 | Pending: 0
  🕐 Outside session (18:28 CT) — no entries
  💰 Daily P&L: $+0.00

[2026-08-24 18:29] O:7672.75 H:7673.00 L:7672.50 C:7672.50 V:13.0
  📈 Trend: moderate_bullish | 🌍 Regime: ranging
  🗺️  Grid: 0.080% | 🔺 7673.00 🔻 7672.50
  📡 RSI: 19.0 | MACD: -0.36 | ATR: 0.57
  📊 Filled: 0 | Pending: 0
  🕐 Outside session (18:29 CT) — no entries
  💰 Daily P&L: $+0.00

[2026-08-24 18:30] O:7672.50 H:7672.75 L:7671.75 C:7672.00 V:134.0
  📈 Trend: moderate_bullish | 🌍 Regime: ranging
  🗺️  Grid: 0.080% | 🔺 7673.00 🔻 7672.50
  📡 RSI: 19.0 | MACD: -0.48 | ATR: 0.61
  📊 Filled: 0 | Pending: 0
  🕐 Outside session (18:30 CT) — no entries
  💰 Daily P&L: $+0.00

[2026-08-24 18:31] O:7672.00 H:7672.00 L:7671.25 C:7671.50 V:26.0
  📈 Trend: moderate_bullish (raw: strong_bearish) | 🌍 Regime: ranging
  🗺️  Grid: 0.080% | 🔺 7672.75 🔻 7671.75
  📡 RSI: 19.0 | MACD: -0.60 | ATR: 0.61
  📊 Filled: 0 | Pending: 0
  🕐 Outside session (18:31 CT) — no entries
  💰 Daily P&L: $+0.00

[2026-08-24 18:32] O:7671.75 H:7672.25 L:7671.50 C:7672.00 V:50.0
  📈 Trend: strong_bearish | 🌍 Regime: ranging
  🗺️  Grid: 0.080% | 🔺 7672.00 🔻 7671.25
  📡 RSI: 28.6 | MACD: -0.66 | ATR: 0.59
  📊 Filled: 0 | Pending: 0
  🕐 Outside session (18:32 CT) — no entries
  💰 Daily P&L: $+0.00

[2026-08-24 18:33] O:7672.00 H:7672.75 L:7672.00 C:7672.25 V:62.0
  📈 Trend: strong_bearish | 🌍 Regime: ranging
  🗺️  Grid: 0.080% | 🔺 7672.25 🔻 7671.50
  📡 RSI: 31.8 | MACD: -0.67 | ATR: 0.62
  📊 Filled: 0 | Pending: 0
  🕐 Outside session (18:33 CT) — no entries
  💰 Daily P&L: $+0.00

[2026-08-24 18:34] O:7672.25 H:7672.50 L:7672.00 C:7672.25 V:49.0
  📈 Trend: strong_bearish | 🌍 Regime: ranging
  🗺️  Grid: 0.080% | 🔺 7672.75 🔻 7672.00
  📡 RSI: 28.6 | MACD: -0.68 | ATR: 0.62
  📊 Filled: 0 | Pending: 0
  🕐 Outside session (18:34 CT) — no entries
  💰 Daily P&L: $+0.00

[2026-08-24 18:35] O:7672.25 H:7672.25 L:7672.00 C:7672.00 V:63.0
  📈 Trend: strong_bearish | 🌍 Regime: ranging
  🗺️  Grid: 0.080% | 🔺 7672.50 🔻 7672.00
  📡 RSI: 27.3 | MACD: -0.69 | ATR: 0.61
  📊 Filled: 0 | Pending: 0
  🕐 Outside session (18:35 CT) — no entries
  💰 Daily P&L: $+0.00

[2026-08-24 18:36] O:7671.75 H:7672.25 L:7671.75 C:7672.25 V:87.0
  📈 Trend: strong_bearish | 🌍 Regime: ranging
  🗺️  Grid: 0.080% | 🔺 7672.25 🔻 7672.00
  📡 RSI: 20.0 | MACD: -0.68 | ATR: 0.59
  📊 Filled: 0 | Pending: 0
  🕐 Outside session (18:36 CT) — no entries
  💰 Daily P&L: $+0.00

[2026-08-24 18:37] O:7672.25 H:7672.25 L:7671.25 C:7671.25 V:46.0
  📈 Trend: strong_bearish | 🌍 Regime: ranging
  🗺️  Grid: 0.080% | 🔺 7672.25 🔻 7671.75
  📡 RSI: 19.0 | MACD: -0.74 | ATR: 0.59
  📊 Filled: 0 | Pending: 0
  🕐 Outside session (18:37 CT) — no entries
  💰 Daily P&L: $+0.00

[2026-08-24 18:38] O:7671.25 H:7671.25 L:7671.25 C:7671.25 V:4.0
  📈 Trend: strong_bearish | 🌍 Regime: ranging
  🗺️  Grid: 0.080% | 🔺 7672.25 🔻 7671.25
  📡 RSI: 19.0 | MACD: -0.77 | ATR: 0.59
  📊 Filled: 0 | Pending: 0
  🕐 Outside session (18:38 CT) — no entries
  💰 Daily P&L: $+0.00

[2026-08-24 18:39] O:7671.00 H:7671.00 L:7670.50 C:7670.75 V:57.0
  📈 Trend: strong_bearish | 🌍 Regime: ranging
  🗺️  Grid: 0.080% | 🔺 7671.25 🔻 7671.25
  📡 RSI: 18.2 | MACD: -0.84 | ATR: 0.62
  📊 Filled: 0 | Pending: 0
  🕐 Outside session (18:39 CT) — no entries
  💰 Daily P&L: $+0.00

[2026-08-24 18:40] O:7670.75 H:7671.00 L:7670.25 C:7671.00 V:60.0
  📈 Trend: strong_bearish | 🌍 Regime: ranging
  🗺️  Grid: 0.080% | 🔺 7671.00 🔻 7670.50
  📡 RSI: 21.7 | MACD: -0.85 | ATR: 0.66
  📊 Filled: 0 | Pending: 0
  🕐 Outside session (18:40 CT) — no entries
  💰 Daily P&L: $+0.00

[2026-08-24 18:41] O:7671.00 H:7672.50 L:7670.75 C:7671.00 V:215.0
  📈 Trend: strong_bearish | 🌍 Regime: ranging
  🗺️  Grid: 0.080% | 🔺 7671.00 🔻 7670.25
  📡 RSI: 26.3 | MACD: -0.86 | ATR: 0.71
  📊 Filled: 0 | Pending: 0
  🕐 Outside session (18:41 CT) — no entries
  💰 Daily P&L: $+0.00

[2026-08-24 18:42] O:7670.75 H:7670.75 L:7669.00 C:7669.50 V:529.0
  📈 Trend: strong_bearish | 🌍 Regime: ranging
  🗺️  Grid: 0.080% | 🔺 7672.50 🔻 7670.75
  📡 RSI: 22.7 | MACD: -0.97 | ATR: 0.80
  📊 Filled: 0 | Pending: 0
  🕐 Outside session (18:42 CT) — no entries
  💰 Daily P&L: $+0.00

[2026-08-24 18:43] O:7669.50 H:7669.75 L:7667.75 C:7669.25 V:170.0
  📈 Trend: strong_bearish | 🌍 Regime: ranging
  🗺️  Grid: 0.080% | 🔺 7670.75 🔻 7669.00
  📡 RSI: 21.7 | MACD: -1.07 | ATR: 0.91
  📊 Filled: 0 | Pending: 0
  🕐 Outside session (18:43 CT) — no entries
  💰 Daily P&L: $+0.00

[2026-08-24 18:44] O:7669.00 H:7669.25 L:7668.75 C:7669.25 V:74.0
  📈 Trend: strong_bearish | 🌍 Regime: ranging
  🗺️  Grid: 0.080% | 🔺 7669.75 🔻 7667.75
  📡 RSI: 23.8 | MACD: -1.13 | ATR: 0.88
  📊 Filled: 0 | Pending: 0
  🕐 Outside session (18:44 CT) — no entries
  💰 Daily P&L: $+0.00

[2026-08-24 18:45] O:7669.25 H:7669.25 L:7668.50 C:7669.00 V:91.0
  📈 Trend: strong_bearish | 🌍 Regime: ranging
  🗺️  Grid: 0.080% | 🔺 7669.25 🔻 7668.75
  📡 RSI: 25.0 | MACD: -1.19 | ATR: 0.88
  📊 Filled: 0 | Pending: 0
  🕐 Outside session (18:45 CT) — no entries
  💰 Daily P&L: $+0.00

[2026-08-24 18:46] O:7668.75 H:7669.50 L:7668.50 C:7668.50 V:139.0
  📈 Trend: strong_bearish | 🌍 Regime: ranging
  🗺️  Grid: 0.080% | 🔺 7669.25 🔻 7668.50
  📡 RSI: 15.0 | MACD: -1.26 | ATR: 0.89
  📊 Filled: 0 | Pending: 0
  🕐 Outside session (18:46 CT) — no entries
  💰 Daily P&L: $+0.00

[2026-08-24 18:47] O:7668.50 H:7669.00 L:7668.50 C:7669.00 V:27.0
  📈 Trend: strong_bearish | 🌍 Regime: ranging
  🗺️  Grid: 0.080% | 🔺 7669.50 🔻 7668.50
  📡 RSI: 19.0 | MACD: -1.26 | ATR: 0.88
  📊 Filled: 0 | Pending: 0
  🕐 Outside session (18:47 CT) — no entries
  💰 Daily P&L: $+0.00

[2026-08-24 18:48] O:7669.00 H:7669.25 L:7668.75 C:7669.25 V:20.0
  📈 Trend: strong_bearish | 🌍 Regime: ranging
  🗺️  Grid: 0.080% | 🔺 7669.00 🔻 7668.50
  📡 RSI: 22.7 | MACD: -1.23 | ATR: 0.88
  📊 Filled: 0 | Pending: 0
  🕐 Outside session (18:48 CT) — no entries
  💰 Daily P&L: $+0.00

[2026-08-24 18:49] O:7669.25 H:7669.25 L:7668.75 C:7669.25 V:35.0
  📈 Trend: strong_bearish | 🌍 Regime: ranging
  🗺️  Grid: 0.080% | 🔺 7669.25 🔻 7668.75
  📡 RSI: 23.8 | MACD: -1.19 | ATR: 0.89
  📊 Filled: 0 | Pending: 0
  🕐 Outside session (18:49 CT) — no entries
  💰 Daily P&L: $+0.00

[2026-08-24 18:50] O:7669.25 H:7670.00 L:7669.25 C:7669.75 V:81.0
  📈 Trend: strong_bearish (raw: moderate_bearish) | 🌍 Regime: ranging
  🗺️  Grid: 0.080% | 🔺 7669.25 🔻 7668.75
  📡 RSI: 27.3 | MACD: -1.11 | ATR: 0.91
  📊 Filled: 0 | Pending: 0
  🕐 Outside session (18:50 CT) — no entries
  💰 Daily P&L: $+0.00

[2026-08-24 18:51] O:7669.75 H:7670.25 L:7669.50 C:7670.00 V:58.0
  📈 Trend: moderate_bearish | 🌍 Regime: ranging
  🗺️  Grid: 0.080% | 🔺 7670.00 🔻 7669.25
  📡 RSI: 36.8 | MACD: -1.01 | ATR: 0.89
  📊 Filled: 0 | Pending: 0
  🕐 Outside session (18:51 CT) — no entries
  💰 Daily P&L: $+0.00

[2026-08-24 18:52] O:7670.25 H:7671.25 L:7670.25 C:7670.50 V:67.0
  📈 Trend: moderate_bearish | 🌍 Regime: ranging
  🗺️  Grid: 0.080% | 🔺 7670.25 🔻 7669.50
  📡 RSI: 42.9 | MACD: -0.88 | ATR: 0.98
  📊 Filled: 0 | Pending: 0
  🕐 Outside session (18:52 CT) — no entries
  💰 Daily P&L: $+0.00

[2026-08-24 18:53] O:7670.50 H:7670.50 L:7669.25 C:7669.25 V:74.0
  📈 Trend: moderate_bearish | 🌍 Regime: ranging
  🗺️  Grid: 0.080% | 🔺 7671.25 🔻 7670.25
  📡 RSI: 37.5 | MACD: -0.87 | ATR: 1.02
  📊 Filled: 0 | Pending: 0
  🕐 Outside session (18:53 CT) — no entries
  💰 Daily P&L: $+0.00

[2026-08-24 18:54] O:7669.25 H:7669.50 L:7668.50 C:7668.75 V:42.0
  📈 Trend: moderate_bearish | 🌍 Regime: ranging
  🗺️  Grid: 0.080% | 🔺 7670.50 🔻 7669.25
  📡 RSI: 32.0 | MACD: -0.89 | ATR: 1.04
  📊 Filled: 0 | Pending: 0
  🕐 Outside session (18:54 CT) — no entries
  💰 Daily P&L: $+0.00

[2026-08-24 18:55] O:7668.75 H:7669.25 L:7668.75 C:7669.25 V:43.0
  📈 Trend: moderate_bearish | 🌍 Regime: ranging
  🗺️  Grid: 0.080% | 🔺 7669.50 🔻 7668.50
  📡 RSI: 37.0 | MACD: -0.86 | ATR: 0.95
  📊 Filled: 0 | Pending: 0
  🕐 Outside session (18:55 CT) — no entries
  💰 Daily P&L: $+0.00

[2026-08-24 18:56] O:7669.00 H:7669.25 L:7669.00 C:7669.25 V:38.0
  📈 Trend: moderate_bearish | 🌍 Regime: ranging
  🗺️  Grid: 0.080% | 🔺 7669.25 🔻 7668.75
  📡 RSI: 47.6 | MACD: -0.82 | ATR: 0.82
  📊 Filled: 0 | Pending: 0
  🕐 Outside session (18:56 CT) — no entries
  💰 Daily P&L: $+0.00

[2026-08-24 18:57] O:7669.25 H:7670.25 L:7669.25 C:7670.25 V:27.0
  📈 Trend: moderate_bearish | 🌍 Regime: ranging
  🗺️  Grid: 0.080% | 🔺 7669.25 🔻 7669.00
  📡 RSI: 58.3 | MACD: -0.70 | ATR: 0.75
  📊 Filled: 0 | Pending: 0
  🕐 Outside session (18:57 CT) — no entries
  💰 Daily P&L: $+0.00

[2026-08-24 18:58] O:7670.00 H:7670.50 L:7670.00 C:7670.25 V:44.0
  📈 Trend: moderate_bearish (raw: strong_bearish) | 🌍 Regime: ranging
  🗺️  Grid: 0.080% | 🔺 7670.25 🔻 7669.25
  📡 RSI: 58.3 | MACD: -0.60 | ATR: 0.75
  📊 Filled: 0 | Pending: 0
  🕐 Outside session (18:58 CT) — no entries
  💰 Daily P&L: $+0.00

[2026-08-24 18:59] O:7670.25 H:7670.50 L:7670.25 C:7670.50 V:39.0
  📈 Trend: strong_bearish | 🌍 Regime: ranging
  🗺️  Grid: 0.080% | 🔺 7670.50 🔻 7670.00
  📡 RSI: 62.5 | MACD: -0.50 | ATR: 0.71
  📊 Filled: 0 | Pending: 0
  🕐 Outside session (18:59 CT) — no entries
  💰 Daily P&L: $+0.00

📅 New trading day. Previous day P&L: $+0.00

[2026-08-24 19:00] O:7670.50 H:7671.25 L:7668.50 C:7669.00 V:320.0
  📈 Trend: strong_bearish | 🌍 Regime: ranging
  🗺️  Grid: 0.080% | 🔺 7670.50 🔻 7670.25
  📡 RSI: 53.6 | MACD: -0.53 | ATR: 0.84
  📊 Filled: 0 | Pending: 0
  🕐 Outside session (19:00 CT) — no entries
  💰 Daily P&L: $+0.00

[2026-08-24 19:01] O:7669.00 H:7670.25 L:7668.25 C:7669.50 V:180.0
  📈 Trend: strong_bearish | 🌍 Regime: ranging
  🗺️  Grid: 0.080% | 🔺 7671.25 🔻 7668.50
  📡 RSI: 53.6 | MACD: -0.51 | ATR: 0.95
  📊 Filled: 0 | Pending: 0
  🕐 Outside session (19:01 CT) — no entries
  💰 Daily P&L: $+0.00

[2026-08-24 19:02] O:7669.50 H:7670.00 L:7668.75 C:7668.75 V:80.0
  📈 Trend: strong_bearish | 🌍 Regime: ranging
  🗺️  Grid: 0.080% | 🔺 7670.25 🔻 7668.25
  📡 RSI: 46.7 | MACD: -0.55 | ATR: 1.00
  📊 Filled: 0 | Pending: 0
  🕐 Outside session (19:02 CT) — no entries
  💰 Daily P&L: $+0.00

[2026-08-24 19:03] O:7668.75 H:7668.75 L:7668.00 C:7668.00 V:150.0
  📈 Trend: strong_bearish | 🌍 Regime: ranging
  🗺️  Grid: 0.080% | 🔺 7670.00 🔻 7668.75
  📡 RSI: 42.4 | MACD: -0.63 | ATR: 1.02
  📊 Filled: 0 | Pending: 0
  🕐 Outside session (19:03 CT) — no entries
  💰 Daily P&L: $+0.00

[2026-08-24 19:04] O:7668.25 H:7668.50 L:7667.25 C:7667.25 V:93.0
  📈 Trend: strong_bearish | 🌍 Regime: ranging
  🗺️  Grid: 0.080% | 🔺 7668.75 🔻 7668.00
  📡 RSI: 35.3 | MACD: -0.75 | ATR: 1.05
  📊 Filled: 0 | Pending: 0
  🕐 Outside session (19:04 CT) — no entries
  💰 Daily P&L: $+0.00

[2026-08-24 19:05] O:7667.50 H:7668.00 L:7667.00 C:7667.75 V:184.0
  📈 Trend: strong_bearish | 🌍 Regime: ranging
  🗺️  Grid: 0.080% | 🔺 7668.50 🔻 7667.25
  📡 RSI: 37.1 | MACD: -0.79 | ATR: 1.07
  📊 Filled: 0 | Pending: 0
  🕐 Outside session (19:05 CT) — no entries
  💰 Daily P&L: $+0.00

[2026-08-24 19:06] O:7668.00 H:7668.00 L:7667.25 C:7667.75 V:102.0
  📈 Trend: strong_bearish | 🌍 Regime: ranging
  🗺️  Grid: 0.080% | 🔺 7668.00 🔻 7667.00
  📡 RSI: 33.3 | MACD: -0.82 | ATR: 1.04
  📊 Filled: 0 | Pending: 0
  🕐 Outside session (19:06 CT) — no entries
  💰 Daily P&L: $+0.00

[2026-08-24 19:07] O:7667.75 H:7669.75 L:7667.25 C:7668.25 V:173.0
  📈 Trend: strong_bearish | 🌍 Regime: ranging
  🗺️  Grid: 0.080% | 🔺 7668.00 🔻 7667.25
  📡 RSI: 43.3 | MACD: -0.79 | ATR: 1.12
  📊 Filled: 0 | Pending: 0
  🕐 Outside session (19:07 CT) — no entries
  💰 Daily P&L: $+0.00

[2026-08-24 19:08] O:7668.50 H:7668.75 L:7667.75 C:7667.75 V:84.0
  📈 Trend: strong_bearish | 🌍 Regime: ranging
  🗺️  Grid: 0.080% | 🔺 7669.75 🔻 7667.25
  📡 RSI: 43.3 | MACD: -0.79 | ATR: 1.12
  📊 Filled: 0 | Pending: 0
  🕐 Outside session (19:08 CT) — no entries
  💰 Daily P&L: $+0.00

[2026-08-24 19:09] O:7667.75 H:7668.00 L:7667.50 C:7667.75 V:84.0
  📈 Trend: strong_bearish | 🌍 Regime: ranging
  🗺️  Grid: 0.080% | 🔺 7668.75 🔻 7667.75
  📡 RSI: 39.3 | MACD: -0.79 | ATR: 1.12
  📊 Filled: 0 | Pending: 0
  🕐 Outside session (19:09 CT) — no entries
  💰 Daily P&L: $+0.00

[2026-08-24 21:28] O:7670.00 H:7672.50 L:7670.00 C:7672.50 V:124.0
  📈 Trend: strong_bearish (raw: moderate_bearish) | 🌍 Regime: trending_bearish
  🗺️  Grid: 0.080% | 🔺 7668.00 🔻 7667.50
  📡 RSI: 63.8 | MACD: -0.40 | ATR: 1.45
  📊 Filled: 0 | Pending: 0
  🕐 Outside session (21:28 CT) — no entries
  💰 Daily P&L: $+0.00

[2026-08-24 21:29] O:7672.25 H:7672.25 L:7671.50 C:7672.00 V:204.0
  📈 Trend: moderate_bearish | 🌍 Regime: trending_bearish
  🗺️  Grid: 0.080% | 🔺 7672.50 🔻 7670.00
  📡 RSI: 57.8 | MACD: -0.13 | ATR: 1.45
  📊 Filled: 0 | Pending: 0
  🕐 Outside session (21:29 CT) — no entries
  💰 Daily P&L: $+0.00

[2026-08-24 21:30] O:7671.75 H:7671.75 L:7671.00 C:7671.75 V:82.0
  📈 Trend: moderate_bearish (raw: moderate_bullish) | 🌍 Regime: trending_bullish
  🗺️  Grid: 0.080% | 🔺 7672.25 🔻 7671.50
  📡 RSI: 56.5 | MACD: 0.06 | ATR: 1.48
  📊 Filled: 0 | Pending: 0
  🕐 Outside session (21:30 CT) — no entries
  💰 Daily P&L: $+0.00

[2026-08-24 21:31] O:7671.75 H:7674.50 L:7671.25 C:7674.25 V:249.0
  📈 Trend: moderate_bullish | 🌍 Regime: trending_bullish
  🗺️  Grid: 0.080% | 🔺 7671.75 🔻 7671.00
  📡 RSI: 63.6 | MACD: 0.41 | ATR: 1.70
  📊 Filled: 0 | Pending: 0
  🕐 Outside session (21:31 CT) — no entries
  💰 Daily P&L: $+0.00

[2026-08-24 21:32] O:7674.50 H:7675.00 L:7674.25 C:7674.25 V:162.0
  📈 Trend: moderate_bullish | 🌍 Regime: trending_bullish
  🗺️  Grid: 0.080% | 🔺 7674.50 🔻 7671.25
  📡 RSI: 71.4 | MACD: 0.68 | ATR: 1.55
  📊 Filled: 0 | Pending: 0
  🕐 Outside session (21:32 CT) — no entries
  💰 Daily P&L: $+0.00

[2026-08-24 21:33] O:7674.25 H:7674.25 L:7671.25 C:7672.00 V:147.0
  📈 Trend: moderate_bullish | 🌍 Regime: trending_bullish
  🗺️  Grid: 0.080% | 🔺 7675.00 🔻 7674.25
  📡 RSI: 58.9 | MACD: 0.71 | ATR: 1.62
  📊 Filled: 0 | Pending: 0
  🕐 Outside session (21:33 CT) — no entries
  💰 Daily P&L: $+0.00

[2026-08-24 21:34] O:7672.25 H:7673.75 L:7672.25 C:7673.75 V:153.0
  📈 Trend: moderate_bullish | 🌍 Regime: trending_bullish
  🗺️  Grid: 0.080% | 🔺 7674.25 🔻 7671.25
  📡 RSI: 66.7 | MACD: 0.86 | ATR: 1.66
  📊 Filled: 0 | Pending: 0
  🕐 Outside session (21:34 CT) — no entries
  💰 Daily P&L: $+0.00

[2026-08-24 21:35] O:7673.50 H:7674.00 L:7673.00 C:7673.00 V:76.0
  📈 Trend: moderate_bullish | 🌍 Regime: trending_bullish
  🗺️  Grid: 0.080% | 🔺 7673.75 🔻 7672.25
  📡 RSI: 66.7 | MACD: 0.91 | ATR: 1.68
  📊 Filled: 0 | Pending: 0
  🕐 Outside session (21:35 CT) — no entries
  💰 Daily P&L: $+0.00

[2026-08-24 21:36] O:7673.50 H:7674.00 L:7673.25 C:7673.50 V:57.0
  📈 Trend: moderate_bullish (raw: strong_bullish) | 🌍 Regime: trending_bullish
  🗺️  Grid: 0.080% | 🔺 7674.00 🔻 7673.00
  📡 RSI: 71.2 | MACD: 0.97 | ATR: 1.66
  📊 Filled: 0 | Pending: 0
  🕐 Outside session (21:36 CT) — no entries
  💰 Daily P&L: $+0.00

[2026-08-24 21:37] O:7673.50 H:7673.50 L:7672.25 C:7672.25 V:58.0
  📈 Trend: strong_bullish | 🌍 Regime: trending_bullish
  🗺️  Grid: 0.080% | 🔺 7674.00 🔻 7673.25
  📡 RSI: 64.5 | MACD: 0.91 | ATR: 1.68
  📊 Filled: 0 | Pending: 0
  🕐 Outside session (21:37 CT) — no entries
  💰 Daily P&L: $+0.00

[2026-08-24 21:38] O:7672.00 H:7672.25 L:7671.25 C:7672.25 V:182.0
  📈 Trend: strong_bullish | 🌍 Regime: trending_bullish
  🗺️  Grid: 0.080% | 🔺 7673.50 🔻 7672.25
  📡 RSI: 64.5 | MACD: 0.86 | ATR: 1.70
  📊 Filled: 0 | Pending: 0
  🕐 Outside session (21:38 CT) — no entries
  💰 Daily P&L: $+0.00

[2026-08-24 21:39] O:7672.25 H:7673.00 L:7672.00 C:7673.00 V:64.0
  📈 Trend: strong_bullish | 🌍 Regime: trending_bullish
  🗺️  Grid: 0.080% | 🔺 7672.25 🔻 7671.25
  📡 RSI: 65.1 | MACD: 0.86 | ATR: 1.59
  📊 Filled: 0 | Pending: 0
  🕐 Outside session (21:39 CT) — no entries
  💰 Daily P&L: $+0.00

[2026-08-24 21:40] O:7673.00 H:7673.25 L:7672.25 C:7672.25 V:30.0
  📈 Trend: strong_bullish | 🌍 Regime: trending_bullish
  🗺️  Grid: 0.080% | 🔺 7673.00 🔻 7672.00
  📡 RSI: 64.1 | MACD: 0.80 | ATR: 1.59
  📊 Filled: 0 | Pending: 0
  🕐 Outside session (21:40 CT) — no entries
  💰 Daily P&L: $+0.00

[2026-08-24 21:41] O:7672.25 H:7673.25 L:7672.25 C:7673.00 V:25.0
  📈 Trend: strong_bullish | 🌍 Regime: trending_bullish
  🗺️  Grid: 0.080% | 🔺 7673.25 🔻 7672.25
  📡 RSI: 65.7 | MACD: 0.80 | ATR: 1.62
  📊 Filled: 0 | Pending: 0
  🕐 Outside session (21:41 CT) — no entries
  💰 Daily P&L: $+0.00

[2026-08-24 21:42] O:7673.00 H:7675.25 L:7673.00 C:7675.25 V:263.0
  📈 Trend: strong_bullish | 🌍 Regime: trending_bullish
  🗺️  Grid: 0.080% | 🔺 7673.25 🔻 7672.25
  📡 RSI: 59.6 | MACD: 0.97 | ATR: 1.45
  📊 Filled: 0 | Pending: 0
  🕐 Outside session (21:42 CT) — no entries
  💰 Daily P&L: $+0.00

[2026-08-24 21:43] O:7675.25 H:7675.25 L:7673.25 C:7674.00 V:52.0
  📈 Trend: strong_bullish | 🌍 Regime: trending_bullish
  🗺️  Grid: 0.080% | 🔺 7675.25 🔻 7673.00
  📡 RSI: 56.7 | MACD: 0.99 | ATR: 1.52
  📊 Filled: 0 | Pending: 0
  🕐 Outside session (21:43 CT) — no entries
  💰 Daily P&L: $+0.00

[2026-08-24 21:44] O:7674.00 H:7674.00 L:7671.75 C:7672.25 V:128.0
  📈 Trend: strong_bullish | 🌍 Regime: trending_bullish
  🗺️  Grid: 0.080% | 🔺 7675.25 🔻 7673.25
  📡 RSI: 51.5 | MACD: 0.86 | ATR: 1.61
  📊 Filled: 0 | Pending: 0
  🕐 Outside session (21:44 CT) — no entries
  💰 Daily P&L: $+0.00

[2026-08-24 21:45] O:7672.25 H:7672.50 L:7670.75 C:7671.25 V:147.0
  📈 Trend: strong_bullish (raw: moderate_bullish) | 🌍 Regime: ranging
  🗺️  Grid: 0.080% | 🔺 7674.00 🔻 7671.75
  📡 RSI: 40.0 | MACD: 0.67 | ATR: 1.50
  📊 Filled: 0 | Pending: 0
  🕐 Outside session (21:45 CT) — no entries
  💰 Daily P&L: $+0.00

[2026-08-24 21:46] O:7671.25 H:7671.25 L:7669.75 C:7670.50 V:151.0
  📈 Trend: moderate_bullish | 🌍 Regime: ranging
  🗺️  Grid: 0.080% | 🔺 7672.50 🔻 7670.75
  📡 RSI: 38.1 | MACD: 0.45 | ATR: 1.55
  📊 Filled: 0 | Pending: 0
  🕐 Outside session (21:46 CT) — no entries
  💰 Daily P&L: $+0.00

[2026-08-24 21:47] O:7670.50 H:7671.50 L:7670.50 C:7671.50 V:66.0
  📈 Trend: moderate_bullish (raw: moderate_bearish) | 🌍 Regime: ranging
  🗺️  Grid: 0.080% | 🔺 7671.25 🔻 7669.75
  📡 RSI: 48.3 | MACD: 0.35 | ATR: 1.41
  📊 Filled: 0 | Pending: 0
  🕐 Outside session (21:47 CT) — no entries
  💰 Daily P&L: $+0.00

[2026-08-24 21:48] O:7671.50 H:7672.00 L:7670.50 C:7670.50 V:68.0
  📈 Trend: moderate_bearish | 🌍 Regime: ranging
  🗺️  Grid: 0.080% | 🔺 7671.50 🔻 7670.50
  📡 RSI: 38.2 | MACD: 0.19 | ATR: 1.39
  📊 Filled: 0 | Pending: 0
  🕐 Outside session (21:48 CT) — no entries
  💰 Daily P&L: $+0.00

[2026-08-24 21:49] O:7670.25 H:7670.50 L:7670.00 C:7670.25 V:71.0
  📈 Trend: moderate_bearish | 🌍 Regime: ranging
  🗺️  Grid: 0.080% | 🔺 7672.00 🔻 7670.50
  📡 RSI: 39.6 | MACD: 0.04 | ATR: 1.36
  📊 Filled: 0 | Pending: 0
  🕐 Outside session (21:49 CT) — no entries
  💰 Daily P&L: $+0.00

[2026-08-24 21:50] O:7670.25 H:7670.25 L:7668.50 C:7669.50 V:248.0
  📈 Trend: moderate_bearish (raw: strong_bearish) | 🌍 Regime: ranging
  🗺️  Grid: 0.080% | 🔺 7670.50 🔻 7670.00
  📡 RSI: 35.2 | MACD: -0.13 | ATR: 1.41
  📊 Filled: 0 | Pending: 0
  🕐 Outside session (21:50 CT) — no entries
  💰 Daily P&L: $+0.00

[2026-08-24 21:51] O:7669.75 H:7670.00 L:7668.00 C:7668.00 V:185.0
  📈 Trend: strong_bearish | 🌍 Regime: ranging
  🗺️  Grid: 0.080% | 🔺 7670.25 🔻 7668.50
  📡 RSI: 34.5 | MACD: -0.39 | ATR: 1.46
  📊 Filled: 0 | Pending: 0
  🕐 Outside session (21:51 CT) — no entries
  💰 Daily P&L: $+0.00

[2026-08-24 21:52] O:7668.25 H:7669.25 L:7667.75 C:7669.00 V:178.0
  📈 Trend: strong_bearish | 🌍 Regime: ranging
  🗺️  Grid: 0.080% | 🔺 7670.00 🔻 7668.00
  📡 RSI: 39.0 | MACD: -0.51 | ATR: 1.50
  📊 Filled: 0 | Pending: 0
  🕐 Outside session (21:52 CT) — no entries
  💰 Daily P&L: $+0.00

[2026-08-24 21:53] O:7668.75 H:7669.50 L:7668.50 C:7669.25 V:62.0
  📈 Trend: strong_bearish | 🌍 Regime: ranging
  🗺️  Grid: 0.080% | 🔺 7669.25 🔻 7667.75
  📡 RSI: 36.8 | MACD: -0.57 | ATR: 1.50
  📊 Filled: 0 | Pending: 0
  🕐 Outside session (21:53 CT) — no entries
  💰 Daily P&L: $+0.00

[2026-08-24 21:54] O:7669.25 H:7669.50 L:7669.00 C:7669.00 V:46.0
  📈 Trend: strong_bearish | 🌍 Regime: ranging
  🗺️  Grid: 0.080% | 🔺 7669.50 🔻 7668.50
  📡 RSI: 38.2 | MACD: -0.64 | ATR: 1.46
  📊 Filled: 0 | Pending: 0
  🕐 Outside session (21:54 CT) — no entries
  💰 Daily P&L: $+0.00

[2026-08-24 21:55] O:7669.00 H:7669.00 L:7668.25 C:7669.00 V:108.0
  📈 Trend: strong_bearish | 🌍 Regime: ranging
  🗺️  Grid: 0.080% | 🔺 7669.50 🔻 7669.00
  📡 RSI: 34.6 | MACD: -0.68 | ATR: 1.45
  📊 Filled: 0 | Pending: 0
  🕐 Outside session (21:55 CT) — no entries
  💰 Daily P&L: $+0.00

[2026-08-24 21:56] O:7669.00 H:7669.00 L:7666.50 C:7667.00 V:205.0
  📈 Trend: strong_bearish | 🌍 Regime: trending_bearish
  🗺️  Grid: 0.080% | 🔺 7669.00 🔻 7668.25
  📡 RSI: 17.6 | MACD: -0.86 | ATR: 1.46
  📊 Filled: 0 | Pending: 0
  🕐 Outside session (21:56 CT) — no entries
  💰 Daily P&L: $+0.00

[2026-08-24 21:57] O:7667.00 H:7667.75 L:7666.75 C:7667.50 V:71.0
  📈 Trend: strong_bearish | 🌍 Regime: trending_bearish
  🗺️  Grid: 0.080% | 🔺 7669.00 🔻 7666.50
  📡 RSI: 22.9 | MACD: -0.96 | ATR: 1.39
  📊 Filled: 0 | Pending: 0
  🕐 Outside session (21:57 CT) — no entries
  💰 Daily P&L: $+0.00

[2026-08-24 21:58] O:7667.50 H:7667.75 L:7667.00 C:7667.75 V:144.0
  📈 Trend: strong_bearish | 🌍 Regime: trending_bearish
  🗺️  Grid: 0.080% | 🔺 7667.75 🔻 7666.75
  📡 RSI: 28.6 | MACD: -1.00 | ATR: 1.29
  📊 Filled: 0 | Pending: 0
  🕐 Outside session (21:58 CT) — no entries
  💰 Daily P&L: $+0.00

[2026-08-24 21:59] O:7667.75 H:7668.00 L:7667.75 C:7668.00 V:42.0
  📈 Trend: strong_bearish | 🌍 Regime: trending_bearish
  🗺️  Grid: 0.080% | 🔺 7667.75 🔻 7667.00
  📡 RSI: 33.3 | MACD: -1.01 | ATR: 1.18
  📊 Filled: 0 | Pending: 0
  🕐 Outside session (21:59 CT) — no entries
  💰 Daily P&L: $+0.00

[2026-08-24 22:00] O:7668.00 H:7669.00 L:7668.00 C:7669.00 V:96.0
  📈 Trend: strong_bearish | 🌍 Regime: ranging
  🗺️  Grid: 0.080% | 🔺 7668.00 🔻 7667.75
  📡 RSI: 42.5 | MACD: -0.92 | ATR: 1.14
  📊 Filled: 0 | Pending: 0
  🕐 Outside session (22:00 CT) — no entries
  💰 Daily P&L: $+0.00

[2026-08-24 22:01] O:7669.00 H:7669.00 L:7668.50 C:7668.75 V:62.0
  📈 Trend: strong_bearish | 🌍 Regime: ranging
  🗺️  Grid: 0.080% | 🔺 7669.00 🔻 7668.00
  📡 RSI: 35.1 | MACD: -0.86 | ATR: 1.11
  📊 Filled: 0 | Pending: 0
  🕐 Outside session (22:01 CT) — no entries
  💰 Daily P&L: $+0.00

[2026-08-24 22:02] O:7668.75 H:7671.25 L:7668.75 C:7670.75 V:291.0
  📈 Trend: strong_bearish | 🌍 Regime: ranging
  🗺️  Grid: 0.080% | 🔺 7669.00 🔻 7668.50
  📡 RSI: 51.2 | MACD: -0.64 | ATR: 1.18
  📊 Filled: 0 | Pending: 0
  🕐 Outside session (22:02 CT) — no entries
  💰 Daily P&L: $+0.00

[2026-08-24 22:03] O:7670.75 H:7671.00 L:7670.25 C:7671.00 V:108.0
  📈 Trend: strong_bearish | 🌍 Regime: ranging
  🗺️  Grid: 0.080% | 🔺 7671.25 🔻 7668.75
  📡 RSI: 53.7 | MACD: -0.45 | ATR: 1.20
  📊 Filled: 0 | Pending: 0
  🕐 Outside session (22:03 CT) — no entries
  💰 Daily P&L: $+0.00

[2026-08-24 22:04] O:7671.00 H:7671.25 L:7670.25 C:7670.50 V:79.0
  📈 Trend: strong_bearish | 🌍 Regime: ranging
  🗺️  Grid: 0.080% | 🔺 7671.00 🔻 7670.25
  📡 RSI: 55.0 | MACD: -0.33 | ATR: 1.14
  📊 Filled: 0 | Pending: 0
  🕐 Outside session (22:04 CT) — no entries
  💰 Daily P&L: $+0.00

[2026-08-24 22:05] O:7670.50 H:7671.50 L:7670.50 C:7671.50 V:48.0
  📈 Trend: strong_bearish (raw: moderate_bearish) | 🌍 Regime: ranging
  🗺️  Grid: 0.080% | 🔺 7671.25 🔻 7670.25
  📡 RSI: 68.4 | MACD: -0.15 | ATR: 1.07
  📊 Filled: 0 | Pending: 0
  🕐 Outside session (22:05 CT) — no entries
  💰 Daily P&L: $+0.00

[2026-08-24 22:06] O:7671.50 H:7673.75 L:7671.50 C:7673.75 V:211.0
  📈 Trend: strong_bearish (raw: moderate_bullish) | 🌍 Regime: ranging
  🗺️  Grid: 0.080% | 🔺 7671.50 🔻 7670.50
  📡 RSI: 72.1 | MACD: 0.17 | ATR: 1.12
  📊 Filled: 0 | Pending: 0
  🕐 Outside session (22:06 CT) — no entries
  💰 Daily P&L: $+0.00

[2026-08-24 22:07] O:7673.75 H:7675.25 L:7673.50 C:7674.25 V:337.0
  📈 Trend: moderate_bullish | 🌍 Regime: ranging
  🗺️  Grid: 0.080% | 🔺 7673.75 🔻 7671.50
  📡 RSI: 72.7 | MACD: 0.46 | ATR: 1.18
  📊 Filled: 0 | Pending: 0
  🕐 Outside session (22:07 CT) — no entries
  💰 Daily P&L: $+0.00

[2026-08-24 22:08] O:7674.00 H:7674.00 L:7673.50 C:7673.50 V:69.0
  📈 Trend: moderate_bullish | 🌍 Regime: ranging
  🗺️  Grid: 0.080% | 🔺 7675.25 🔻 7673.50
  📡 RSI: 69.6 | MACD: 0.62 | ATR: 1.20
  📊 Filled: 0 | Pending: 0
  🕐 Outside session (22:08 CT) — no entries
  💰 Daily P&L: $+0.00

[2026-08-24 22:09] O:7673.75 H:7677.00 L:7673.75 C:7675.00 V:640.0
  📈 Trend: moderate_bullish | 🌍 Regime: ranging
  🗺️  Grid: 0.080% | 🔺 7674.00 🔻 7673.50
  📡 RSI: 73.1 | MACD: 0.86 | ATR: 1.39
  📊 Filled: 0 | Pending: 0
  🕐 Outside session (22:09 CT) — no entries
  💰 Daily P&L: $+0.00

[2026-08-25 06:59] O:7703.25 H:7704.75 L:7703.25 C:7704.75 V:178.0
  📈 Trend: moderate_bullish (raw: strong_bullish) | 🌍 Regime: ranging
  🗺️  Grid: 0.080% | 🔺 7677.00 🔻 7673.75
  📡 RSI: 96.3 | MACD: 3.41 | ATR: 3.34
  📊 Filled: 0 | Pending: 0
  🕐 Outside session (06:59 CT) — no entries
  💰 Daily P&L: $+0.00

[2026-08-25 07:00] O:7704.75 H:7705.50 L:7704.25 C:7704.25 V:378.0
  📈 Trend: strong_bullish | 🌍 Regime: ranging
  🗺️  Grid: 0.080% | 🔺 7704.75 🔻 7703.25
  📡 RSI: 95.1 | MACD: 5.33 | ATR: 3.36
  📊 Filled: 0 | Pending: 0
  🕐 Outside session (07:00 CT) — no entries
  💰 Daily P&L: $+0.00

[2026-08-25 07:01] O:7704.25 H:7704.75 L:7703.50 C:7704.00 V:502.0
  📈 Trend: strong_bullish | 🌍 Regime: ranging
  🗺️  Grid: 0.080% | 🔺 7705.50 🔻 7704.25
  📡 RSI: 94.5 | MACD: 6.75 | ATR: 3.39
  📊 Filled: 0 | Pending: 0
  🕐 Outside session (07:01 CT) — no entries
  💰 Daily P&L: $+0.00

[2026-08-25 07:02] O:7704.00 H:7704.50 L:7703.25 C:7703.25 V:272.0
  📈 Trend: strong_bullish | 🌍 Regime: ranging
  🗺️  Grid: 0.080% | 🔺 7704.75 🔻 7703.50
  📡 RSI: 92.7 | MACD: 7.73 | ATR: 3.46
  📊 Filled: 0 | Pending: 0
  🕐 Outside session (07:02 CT) — no entries
  💰 Daily P&L: $+0.00

[2026-08-25 07:03] O:7703.25 H:7703.25 L:7701.25 C:7703.25 V:467.0
  📈 Trend: strong_bullish | 🌍 Regime: trending_bullish
  🗺️  Grid: 0.080% | 🔺 7704.50 🔻 7703.25
  📡 RSI: 92.5 | MACD: 8.41 | ATR: 3.54
  📊 Filled: 0 | Pending: 0
  🕐 Outside session (07:03 CT) — no entries
  💰 Daily P&L: $+0.00

[2026-08-25 07:04] O:7703.25 H:7704.75 L:7703.00 C:7704.50 V:212.0
  📈 Trend: strong_bullish | 🌍 Regime: trending_bullish
  🗺️  Grid: 0.080% | 🔺 7703.25 🔻 7701.25
  📡 RSI: 93.3 | MACD: 8.94 | ATR: 3.62
  📊 Filled: 0 | Pending: 0
  🕐 Outside session (07:04 CT) — no entries
  💰 Daily P&L: $+0.00

[2026-08-25 07:05] O:7704.50 H:7704.50 L:7703.25 C:7703.75 V:172.0
  📈 Trend: strong_bullish | 🌍 Regime: trending_bullish
  🗺️  Grid: 0.080% | 🔺 7704.75 🔻 7703.00
  📡 RSI: 91.2 | MACD: 9.20 | ATR: 3.54
  📊 Filled: 0 | Pending: 0
  🕐 Outside session (07:05 CT) — no entries
  💰 Daily P&L: $+0.00

[2026-08-25 07:06] O:7703.50 H:7704.25 L:7703.25 C:7703.50 V:300.0
  📈 Trend: strong_bullish | 🌍 Regime: trending_bullish
  🗺️  Grid: 0.080% | 🔺 7704.50 🔻 7703.25
  📡 RSI: 90.6 | MACD: 9.28 | ATR: 3.55
  📊 Filled: 0 | Pending: 0
  🕐 Outside session (07:06 CT) — no entries
  💰 Daily P&L: $+0.00

[2026-08-25 07:07] O:7703.50 H:7704.00 L:7703.00 C:7703.75 V:261.0
  📈 Trend: strong_bullish | 🌍 Regime: trending_bullish
  🗺️  Grid: 0.080% | 🔺 7704.25 🔻 7703.25
  📡 RSI: 91.8 | MACD: 9.25 | ATR: 3.55
  📊 Filled: 0 | Pending: 0
  🕐 Outside session (07:07 CT) — no entries
  💰 Daily P&L: $+0.00

[2026-08-25 07:08] O:7703.50 H:7705.50 L:7703.50 C:7705.00 V:663.0
  📈 Trend: strong_bullish | 🌍 Regime: trending_bullish
  🗺️  Grid: 0.080% | 🔺 7704.00 🔻 7703.00
  📡 RSI: 91.9 | MACD: 9.23 | ATR: 3.62
  📊 Filled: 0 | Pending: 0
  🕐 Outside session (07:08 CT) — no entries
  💰 Daily P&L: $+0.00

[2026-08-25 07:09] O:7704.75 H:7705.25 L:7704.50 C:7705.25 V:299.0
  📈 Trend: strong_bullish | 🌍 Regime: trending_bullish
  🗺️  Grid: 0.080% | 🔺 7705.50 🔻 7703.50
  📡 RSI: 91.4 | MACD: 9.12 | ATR: 3.52
  📊 Filled: 0 | Pending: 0
  🕐 Outside session (07:09 CT) — no entries
  💰 Daily P&L: $+0.00

[2026-08-25 07:10] O:7705.00 H:7705.50 L:7704.50 C:7705.00 V:263.0
  📈 Trend: strong_bullish | 🌍 Regime: ranging
  🗺️  Grid: 0.080% | 🔺 7705.25 🔻 7704.50
  📡 RSI: 90.7 | MACD: 8.92 | ATR: 3.46
  📊 Filled: 0 | Pending: 0
  🕐 Outside session (07:10 CT) — no entries
  💰 Daily P&L: $+0.00

[2026-08-25 07:11] O:7705.00 H:7705.00 L:7704.25 C:7704.75 V:225.0
  📈 Trend: strong_bullish | 🌍 Regime: ranging
  🗺️  Grid: 0.080% | 🔺 7705.50 🔻 7704.50
  📡 RSI: 91.9 | MACD: 8.63 | ATR: 3.46
  📊 Filled: 0 | Pending: 0
  🕐 Outside session (07:11 CT) — no entries
  💰 Daily P&L: $+0.00

[2026-08-25 07:12] O:7705.00 H:7705.00 L:7701.50 C:7704.00 V:714.0
  📈 Trend: strong_bullish | 🌍 Regime: ranging
  🗺️  Grid: 0.080% | 🔺 7705.00 🔻 7704.25
  📡 RSI: 89.7 | MACD: 8.25 | ATR: 3.46
  📊 Filled: 0 | Pending: 0
  🕐 Outside session (07:12 CT) — no entries
  💰 Daily P&L: $+0.00

[2026-08-25 07:13] O:7704.00 H:7704.00 L:7703.50 C:7703.75 V:246.0
  📈 Trend: strong_bullish | 🌍 Regime: ranging
  🗺️  Grid: 0.080% | 🔺 7705.00 🔻 7701.50
  📡 RSI: 42.9 | MACD: 7.84 | ATR: 1.38
  📊 Filled: 0 | Pending: 0
  🕐 Outside session (07:13 CT) — no entries
  💰 Daily P&L: $+0.00

[2026-08-25 07:14] O:7703.75 H:7704.50 L:7703.75 C:7704.25 V:109.0
  📈 Trend: strong_bullish | 🌍 Regime: ranging
  🗺️  Grid: 0.080% | 🔺 7704.00 🔻 7703.50
  📡 RSI: 50.0 | MACD: 7.47 | ATR: 1.34
  📊 Filled: 0 | Pending: 0
  🕐 Outside session (07:14 CT) — no entries
  💰 Daily P&L: $+0.00

[2026-08-25 07:15] O:7704.25 H:7704.75 L:7703.75 C:7704.25 V:167.0
  📈 Trend: strong_bullish | 🌍 Regime: ranging
  🗺️  Grid: 0.080% | 🔺 7704.50 🔻 7703.75
  📡 RSI: 51.9 | MACD: 7.09 | ATR: 1.32
  📊 Filled: 0 | Pending: 0
  🕐 Outside session (07:15 CT) — no entries
  💰 Daily P&L: $+0.00

[2026-08-25 07:16] O:7704.50 H:7704.75 L:7704.25 C:7704.25 V:211.0
  📈 Trend: strong_bullish | 🌍 Regime: ranging
  🗺️  Grid: 0.080% | 🔺 7704.75 🔻 7703.75
  📡 RSI: 58.3 | MACD: 6.72 | ATR: 1.27
  📊 Filled: 0 | Pending: 0
  🕐 Outside session (07:16 CT) — no entries
  💰 Daily P&L: $+0.00

[2026-08-25 07:17] O:7704.50 H:7706.50 L:7704.50 C:7706.25 V:260.0
  📈 Trend: strong_bullish | 🌍 Regime: ranging
  🗺️  Grid: 0.080% | 🔺 7704.75 🔻 7704.25
  📡 RSI: 68.8 | MACD: 6.50 | ATR: 1.29
  📊 Filled: 0 | Pending: 0
  🕐 Outside session (07:17 CT) — no entries
  💰 Daily P&L: $+0.00

[2026-08-25 07:18] O:7706.50 H:7709.00 L:7705.25 C:7707.25 V:1320.0
  📈 Trend: strong_bullish | 🌍 Regime: ranging
  🗺️  Grid: 0.080% | 🔺 7706.50 🔻 7704.50
  📡 RSI: 67.7 | MACD: 6.34 | ATR: 1.43
  📊 Filled: 0 | Pending: 0
  🕐 Outside session (07:18 CT) — no entries
  💰 Daily P&L: $+0.00

[2026-08-25 07:19] O:7707.25 H:7707.50 L:7706.75 C:7706.75 V:142.0
  📈 Trend: strong_bullish | 🌍 Regime: ranging
  🗺️  Grid: 0.080% | 🔺 7709.00 🔻 7705.25
  📡 RSI: 70.0 | MACD: 6.11 | ATR: 1.39
  📊 Filled: 0 | Pending: 0
  🕐 Outside session (07:19 CT) — no entries
  💰 Daily P&L: $+0.00

[2026-08-25 07:20] O:7707.00 H:7707.00 L:7704.50 C:7704.50 V:252.0
  📈 Trend: strong_bullish | 🌍 Regime: ranging
  🗺️  Grid: 0.080% | 🔺 7707.50 🔻 7706.75
  📡 RSI: 55.3 | MACD: 5.67 | ATR: 1.50
  📊 Filled: 0 | Pending: 0
  🕐 Outside session (07:20 CT) — no entries
  💰 Daily P&L: $+0.00

[2026-08-25 07:21] O:7704.50 H:7704.75 L:7703.25 C:7703.75 V:556.0
  📈 Trend: strong_bullish | 🌍 Regime: ranging
  🗺️  Grid: 0.080% | 🔺 7707.00 🔻 7704.50
  📡 RSI: 50.0 | MACD: 5.21 | ATR: 1.54
  📊 Filled: 0 | Pending: 0
  🕐 Outside session (07:21 CT) — no entries
  💰 Daily P&L: $+0.00

[2026-08-25 07:22] O:7703.75 H:7704.50 L:7703.75 C:7704.25 V:189.0
  📈 Trend: strong_bullish | 🌍 Regime: ranging
  🗺️  Grid: 0.080% | 🔺 7704.75 🔻 7703.25
  📡 RSI: 45.9 | MACD: 4.82 | ATR: 1.45
  📊 Filled: 0 | Pending: 0
  🕐 Outside session (07:22 CT) — no entries
  💰 Daily P&L: $+0.00

[2026-08-25 07:23] O:7704.25 H:7704.50 L:7703.50 C:7703.75 V:309.0
  📈 Trend: strong_bullish (raw: moderate_bullish) | 🌍 Regime: ranging
  🗺️  Grid: 0.080% | 🔺 7704.50 🔻 7703.75
  📡 RSI: 42.1 | MACD: 4.43 | ATR: 1.46
  📊 Filled: 0 | Pending: 0
  🕐 Outside session (07:23 CT) — no entries
  💰 Daily P&L: $+0.00

[2026-08-25 07:24] O:7704.00 H:7704.50 L:7704.00 C:7704.50 V:167.0
  📈 Trend: strong_bullish | 🌍 Regime: ranging
  🗺️  Grid: 0.080% | 🔺 7704.50 🔻 7703.50
  📡 RSI: 47.5 | MACD: 4.13 | ATR: 1.45
  📊 Filled: 0 | Pending: 0
  🕐 Outside session (07:24 CT) — no entries
  💰 Daily P&L: $+0.00

[2026-08-25 07:25] O:7704.75 H:7705.50 L:7704.75 C:7705.50 V:350.0
  📈 Trend: strong_bullish | 🌍 Regime: ranging
  🗺️  Grid: 0.080% | 🔺 7704.50 🔻 7704.00
  📡 RSI: 53.5 | MACD: 3.92 | ATR: 1.46
  📊 Filled: 0 | Pending: 0
  🕐 Outside session (07:25 CT) — no entries
  💰 Daily P&L: $+0.00

[2026-08-25 07:26] O:7705.50 H:7706.00 L:7704.50 C:7705.75 V:369.0
  📈 Trend: strong_bullish | 🌍 Regime: ranging
  🗺️  Grid: 0.080% | 🔺 7705.50 🔻 7704.75
  📡 RSI: 58.5 | MACD: 3.74 | ATR: 1.32
  📊 Filled: 0 | Pending: 0
  🕐 Outside session (07:26 CT) — no entries
  💰 Daily P&L: $+0.00

[2026-08-25 07:27] O:7705.50 H:7705.50 L:7705.00 C:7705.25 V:103.0
  📈 Trend: strong_bullish | 🌍 Regime: ranging
  🗺️  Grid: 0.080% | 🔺 7706.00 🔻 7704.50
  📡 RSI: 57.1 | MACD: 3.51 | ATR: 1.34
  📊 Filled: 0 | Pending: 0
  🕐 Outside session (07:27 CT) — no entries
  💰 Daily P&L: $+0.00

[2026-08-25 07:28] O:7705.00 H:7705.75 L:7705.00 C:7705.50 V:204.0
  📈 Trend: strong_bullish | 🌍 Regime: ranging
  🗺️  Grid: 0.080% | 🔺 7705.50 🔻 7705.00
  📡 RSI: 56.1 | MACD: 3.32 | ATR: 1.34
  📊 Filled: 0 | Pending: 0
  🕐 Outside session (07:28 CT) — no entries
  💰 Daily P&L: $+0.00

[2026-08-25 07:29] O:7705.50 H:7705.50 L:7705.00 C:7705.25 V:104.0
  📈 Trend: strong_bullish | 🌍 Regime: ranging
  🗺️  Grid: 0.080% | 🔺 7705.75 🔻 7705.00
  📡 RSI: 54.8 | MACD: 3.10 | ATR: 1.30
  📊 Filled: 0 | Pending: 0
  🕐 Outside session (07:29 CT) — no entries
  💰 Daily P&L: $+0.00

[2026-08-25 07:30] O:7705.25 H:7705.25 L:7703.00 C:7703.25 V:447.0
  📈 Trend: strong_bullish (raw: moderate_bullish) | 🌍 Regime: trending_bullish
  🗺️  Grid: 0.080% | 🔺 7705.50 🔻 7705.00
  📡 RSI: 46.0 | MACD: 2.74 | ATR: 1.43
  📊 Filled: 0 | Pending: 0
  🕐 Outside session (07:30 CT) — no entries
  💰 Daily P&L: $+0.00

[2026-08-25 07:31] O:7703.50 H:7703.75 L:7701.25 C:7701.25 V:476.0
  📈 Trend: moderate_bullish | 🌍 Regime: trending_bullish
  🗺️  Grid: 0.080% | 🔺 7705.25 🔻 7703.00
  📡 RSI: 30.0 | MACD: 2.27 | ATR: 1.45
  📊 Filled: 0 | Pending: 0
  🕐 Outside session (07:31 CT) — no entries
  💰 Daily P&L: $+0.00

[2026-08-25 07:32] O:7701.25 H:7701.50 L:7700.25 C:7701.00 V:532.0
  📈 Trend: moderate_bullish | 🌍 Regime: trending_bullish
  🗺️  Grid: 0.080% | 🔺 7703.75 🔻 7701.25
  📡 RSI: 23.4 | MACD: 1.85 | ATR: 1.27
  📊 Filled: 0 | Pending: 0
  🕐 Outside session (07:32 CT) — no entries
  💰 Daily P&L: $+0.00

[2026-08-25 07:33] O:7700.75 H:7701.00 L:7700.25 C:7700.75 V:444.0
  📈 Trend: moderate_bullish | 🌍 Regime: trending_bullish
  🗺️  Grid: 0.080% | 🔺 7701.50 🔻 7700.25
  📡 RSI: 23.9 | MACD: 1.48 | ATR: 1.27
  📊 Filled: 0 | Pending: 0
  🕐 Outside session (07:33 CT) — no entries
  💰 Daily P&L: $+0.00

[2026-08-25 07:34] O:7700.75 H:7700.75 L:7698.00 C:7699.25 V:1385.0
  📈 Trend: moderate_bullish | 🌍 Regime: trending_bullish
  🗺️  Grid: 0.080% | 🔺 7701.00 🔻 7700.25
  📡 RSI: 25.6 | MACD: 1.06 | ATR: 1.29
  📊 Filled: 0 | Pending: 0
  🕐 Outside session (07:34 CT) — no entries
  💰 Daily P&L: $+0.00

[2026-08-25 07:35] O:7699.25 H:7699.25 L:7698.00 C:7698.25 V:632.0
  📈 Trend: moderate_bullish | 🌍 Regime: trending_bullish
  🗺️  Grid: 0.080% | 🔺 7700.75 🔻 7698.00
  📡 RSI: 25.0 | MACD: 0.63 | ATR: 1.27
  📊 Filled: 0 | Pending: 0
  🕐 Outside session (07:35 CT) — no entries
  💰 Daily P&L: $+0.00

[2026-08-25 07:36] O:7698.25 H:7699.00 L:7697.25 C:7697.25 V:911.0
  📈 Trend: moderate_bullish | 🌍 Regime: trending_bullish
  🗺️  Grid: 0.080% | 🔺 7699.25 🔻 7698.00
  📡 RSI: 19.6 | MACD: 0.21 | ATR: 1.34
  📊 Filled: 0 | Pending: 0
  🕐 Outside session (07:36 CT) — no entries
  💰 Daily P&L: $+0.00

[2026-08-25 07:37] O:7697.25 H:7697.75 L:7695.75 C:7696.25 V:787.0
  📈 Trend: moderate_bullish | 🌍 Regime: trending_bullish
  🗺️  Grid: 0.080% | 🔺 7699.00 🔻 7697.25
  📡 RSI: 18.8 | MACD: -0.20 | ATR: 1.41
  📊 Filled: 0 | Pending: 0
  🕐 Outside session (07:37 CT) — no entries
  💰 Daily P&L: $+0.00

[2026-08-25 07:38] O:7696.25 H:7696.75 L:7695.75 C:7696.25 V:384.0
  📈 Trend: moderate_bullish | 🌍 Regime: trending_bullish
  🗺️  Grid: 0.080% | 🔺 7697.75 🔻 7695.75
  📡 RSI: 13.3 | MACD: -0.52 | ATR: 1.43
  📊 Filled: 0 | Pending: 0
  🕐 Outside session (07:38 CT) — no entries
  💰 Daily P&L: $+0.00

[2026-08-25 07:39] O:7696.25 H:7696.50 L:7695.25 C:7695.75 V:367.0
  📈 Trend: moderate_bullish | 🌍 Regime: trending_bullish
  🗺️  Grid: 0.080% | 🔺 7696.75 🔻 7695.75
  📡 RSI: 4.7 | MACD: -0.80 | ATR: 1.45
  📊 Filled: 0 | Pending: 0
  🕐 Outside session (07:39 CT) — no entries
  💰 Daily P&L: $+0.00

[2026-08-25 07:40] O:7695.50 H:7695.75 L:7694.75 C:7695.75 V:445.0
  📈 Trend: moderate_bullish | 🌍 Regime: trending_bullish
  🗺️  Grid: 0.080% | 🔺 7696.50 🔻 7695.25
  📡 RSI: 2.4 | MACD: -1.02 | ATR: 1.41
  📊 Filled: 0 | Pending: 0
  🕐 Outside session (07:40 CT) — no entries
  💰 Daily P&L: $+0.00

[2026-08-25 07:41] O:7695.75 H:7696.75 L:7695.50 C:7696.25 V:440.0
  📈 Trend: moderate_bullish | 🌍 Regime: trending_bullish
  🗺️  Grid: 0.080% | 🔺 7695.75 🔻 7694.75
  📡 RSI: 7.1 | MACD: -1.13 | ATR: 1.45
  📊 Filled: 0 | Pending: 0
  🕐 Outside session (07:41 CT) — no entries
  💰 Daily P&L: $+0.00

[2026-08-25 07:42] O:7696.25 H:7697.25 L:7696.25 C:7697.00 V:382.0
  📈 Trend: moderate_bullish | 🌍 Regime: trending_bullish
  🗺️  Grid: 0.080% | 🔺 7696.75 🔻 7695.50
  📡 RSI: 11.4 | MACD: -1.15 | ATR: 1.46
  📊 Filled: 0 | Pending: 0
  🕐 Outside session (07:42 CT) — no entries
  💰 Daily P&L: $+0.00

[2026-08-25 07:43] O:7697.00 H:7698.00 L:7696.75 C:7697.75 V:273.0
  📈 Trend: moderate_bullish | 🌍 Regime: trending_bullish
  🗺️  Grid: 0.080% | 🔺 7697.25 🔻 7696.25
  📡 RSI: 17.4 | MACD: -1.09 | ATR: 1.52
  📊 Filled: 0 | Pending: 0
  🕐 Outside session (07:43 CT) — no entries
  💰 Daily P&L: $+0.00

[2026-08-25 07:44] O:7698.00 H:7698.25 L:7696.75 C:7697.50 V:436.0
  📈 Trend: moderate_bullish (raw: strong_bearish) | 🌍 Regime: trending_bearish
  🗺️  Grid: 0.080% | 🔺 7698.00 🔻 7696.75
  📡 RSI: 20.5 | MACD: -1.05 | ATR: 1.46
  📊 Filled: 0 | Pending: 0
  🕐 Outside session (07:44 CT) — no entries
  💰 Daily P&L: $+0.00

[2026-08-25 07:45] O:7697.25 H:7697.75 L:7696.75 C:7696.75 V:216.0
  📈 Trend: strong_bearish | 🌍 Regime: trending_bearish
  🗺️  Grid: 0.080% | 🔺 7698.25 🔻 7696.75
  📡 RSI: 23.5 | MACD: -1.07 | ATR: 1.36
  📊 Filled: 0 | Pending: 0
  🕐 Outside session (07:45 CT) — no entries
  💰 Daily P&L: $+0.00

[2026-08-25 07:46] O:7696.75 H:7697.25 L:7696.50 C:7696.75 V:227.0
  📈 Trend: strong_bearish | 🌍 Regime: trending_bearish
  🗺️  Grid: 0.080% | 🔺 7697.75 🔻 7696.75
  📡 RSI: 24.2 | MACD: -1.07 | ATR: 1.32
  📊 Filled: 0 | Pending: 0
  🕐 Outside session (07:46 CT) — no entries
  💰 Daily P&L: $+0.00

[2026-08-25 07:47] O:7696.75 H:7697.25 L:7696.50 C:7696.50 V:260.0
  📈 Trend: strong_bearish | 🌍 Regime: trending_bearish
  🗺️  Grid: 0.080% | 🔺 7697.25 🔻 7696.50
  📡 RSI: 24.2 | MACD: -1.08 | ATR: 1.32
  📊 Filled: 0 | Pending: 0
  🕐 Outside session (07:47 CT) — no entries
  💰 Daily P&L: $+0.00

[2026-08-25 07:48] O:7696.75 H:7697.75 L:7696.75 C:7697.00 V:240.0
  📈 Trend: strong_bearish | 🌍 Regime: trending_bearish
  🗺️  Grid: 0.080% | 🔺 7697.25 🔻 7696.50
  📡 RSI: 34.5 | MACD: -1.04 | ATR: 1.21
  📊 Filled: 0 | Pending: 0
  🕐 Outside session (07:48 CT) — no entries
  💰 Daily P&L: $+0.00

[2026-08-25 07:49] O:7697.00 H:7697.50 L:7696.75 C:7697.50 V:150.0
  📈 Trend: strong_bearish | 🌍 Regime: trending_bearish
  🗺️  Grid: 0.080% | 🔺 7697.75 🔻 7696.75
  📡 RSI: 44.4 | MACD: -0.95 | ATR: 1.18
  📊 Filled: 0 | Pending: 0
  🕐 Outside session (07:49 CT) — no entries
  💰 Daily P&L: $+0.00

[2026-08-25 07:50] O:7697.50 H:7699.50 L:7697.50 C:7699.50 V:476.0
  📈 Trend: strong_bearish (raw: moderate_bearish) | 🌍 Regime: trending_bearish
  🗺️  Grid: 0.080% | 🔺 7697.50 🔻 7696.75
  📡 RSI: 64.5 | MACD: -0.71 | ATR: 1.20
  📊 Filled: 0 | Pending: 0
  🕐 Outside session (07:50 CT) — no entries
  💰 Daily P&L: $+0.00

[2026-08-25 07:51] O:7699.25 H:7700.00 L:7698.75 C:7698.75 V:234.0
  📈 Trend: moderate_bearish | 🌍 Regime: trending_bearish
  🗺️  Grid: 0.080% | 🔺 7699.50 🔻 7697.50
  📡 RSI: 66.7 | MACD: -0.57 | ATR: 1.14
  📊 Filled: 0 | Pending: 0
  🕐 Outside session (07:51 CT) — no entries
  💰 Daily P&L: $+0.00

[2026-08-25 07:52] O:7699.00 H:7699.75 L:7698.00 C:7699.75 V:344.0
  📈 Trend: moderate_bearish | 🌍 Regime: trending_bearish
  🗺️  Grid: 0.080% | 🔺 7700.00 🔻 7698.75
  📡 RSI: 70.6 | MACD: -0.38 | ATR: 1.20
  📊 Filled: 0 | Pending: 0
  🕐 Outside session (07:52 CT) — no entries
  💰 Daily P&L: $+0.00

[2026-08-25 07:53] O:7699.75 H:7701.50 L:7698.25 C:7698.75 V:871.0
  📈 Trend: moderate_bearish | 🌍 Regime: trending_bearish
  🗺️  Grid: 0.080% | 🔺 7699.75 🔻 7698.00
  📡 RSI: 66.7 | MACD: -0.31 | ATR: 1.34
  📊 Filled: 0 | Pending: 0
  🕐 Outside session (07:53 CT) — no entries
  💰 Daily P&L: $+0.00

[2026-08-25 07:54] O:7698.75 H:7699.00 L:7698.50 C:7698.75 V:129.0
  📈 Trend: moderate_bearish (raw: moderate_bullish) | 🌍 Regime: trending_bullish
  🗺️  Grid: 0.080% | 🔺 7701.50 🔻 7698.25
  📡 RSI: 66.7 | MACD: -0.25 | ATR: 1.30
  📊 Filled: 0 | Pending: 0
  🕐 Outside session (07:54 CT) — no entries
  💰 Daily P&L: $+0.00

[2026-08-25 07:55] O:7698.75 H:7699.00 L:7698.50 C:7698.75 V:145.0
  📈 Trend: moderate_bullish | 🌍 Regime: trending_bullish
  🗺️  Grid: 0.080% | 🔺 7699.00 🔻 7698.50
  📡 RSI: 64.7 | MACD: -0.19 | ATR: 1.25
  📊 Filled: 0 | Pending: 0
  🕐 Outside session (07:55 CT) — no entries
  💰 Daily P&L: $+0.00

[2026-08-25 07:56] O:7698.50 H:7699.00 L:7698.25 C:7698.75 V:232.0
  📈 Trend: moderate_bullish | 🌍 Regime: trending_bullish
  🗺️  Grid: 0.080% | 🔺 7699.00 🔻 7698.50
  📡 RSI: 61.3 | MACD: -0.15 | ATR: 1.23
  📊 Filled: 0 | Pending: 0
  🕐 Outside session (07:56 CT) — no entries
  💰 Daily P&L: $+0.00

[2026-08-25 07:57] O:7698.75 H:7699.00 L:7698.25 C:7698.25 V:201.0
  📈 Trend: moderate_bullish | 🌍 Regime: trending_bullish
  🗺️  Grid: 0.080% | 🔺 7699.00 🔻 7698.25
  📡 RSI: 53.3 | MACD: -0.16 | ATR: 1.20
  📊 Filled: 0 | Pending: 0
  🕐 Outside session (07:57 CT) — no entries
  💰 Daily P&L: $+0.00

[2026-08-25 07:58] O:7698.25 H:7698.25 L:7697.00 C:7697.25 V:431.0
  📈 Trend: moderate_bullish | 🌍 Regime: trending_bullish
  🗺️  Grid: 0.080% | 🔺 7699.00 🔻 7698.25
  📡 RSI: 48.5 | MACD: -0.24 | ATR: 1.18
  📊 Filled: 0 | Pending: 0
  🕐 Outside session (07:58 CT) — no entries
  💰 Daily P&L: $+0.00

[2026-08-25 07:59] O:7697.50 H:7698.50 L:7697.25 C:7698.00 V:151.0
  📈 Trend: moderate_bullish | 🌍 Regime: trending_bullish
  🗺️  Grid: 0.080% | 🔺 7698.25 🔻 7697.00
  📡 RSI: 57.6 | MACD: -0.24 | ATR: 1.20
  📊 Filled: 0 | Pending: 0
  🕐 Outside session (07:59 CT) — no entries
  💰 Daily P&L: $+0.00

[2026-08-25 08:00] O:7697.75 H:7699.75 L:7697.75 C:7697.75 V:772.0
  📈 Trend: moderate_bullish | 🌍 Regime: trending_bullish
  🗺️  Grid: 0.080% | 🔺 7698.50 🔻 7697.25
  📡 RSI: 55.9 | MACD: -0.26 | ATR: 1.29
  📊 Filled: 0 | Pending: 0
  🕐 Outside session (08:00 CT) — no entries
  💰 Daily P&L: $+0.00

[2026-08-25 08:01] O:7697.75 H:7698.50 L:7697.50 C:7697.50 V:609.0
  📈 Trend: moderate_bullish | 🌍 Regime: trending_bullish
  🗺️  Grid: 0.080% | 🔺 7699.75 🔻 7697.75
  📡 RSI: 55.9 | MACD: -0.29 | ATR: 1.30
  📊 Filled: 0 | Pending: 0
  🕐 Outside session (08:01 CT) — no entries
  💰 Daily P&L: $+0.00

[2026-08-25 08:02] O:7697.50 H:7697.50 L:7696.50 C:7697.25 V:545.0
  📈 Trend: moderate_bullish (raw: strong_bearish) | 🌍 Regime: ranging
  🗺️  Grid: 0.080% | 🔺 7698.50 🔻 7697.50
  📡 RSI: 51.5 | MACD: -0.33 | ATR: 1.29
  📊 Filled: 0 | Pending: 0
  🕐 Outside session (08:02 CT) — no entries
  💰 Daily P&L: $+0.00

[2026-08-25 08:03] O:7697.25 H:7697.75 L:7696.50 C:7697.75 V:379.0
  📈 Trend: moderate_bullish | 🌍 Regime: ranging
  🗺️  Grid: 0.080% | 🔺 7697.50 🔻 7696.50
  📡 RSI: 51.5 | MACD: -0.32 | ATR: 1.32
  📊 Filled: 0 | Pending: 0
  🕐 Outside session (08:03 CT) — no entries
  💰 Daily P&L: $+0.00

[2026-08-25 08:04] O:7697.75 H:7698.00 L:7697.25 C:7697.50 V:325.0
  📈 Trend: moderate_bullish | 🌍 Regime: ranging
  🗺️  Grid: 0.080% | 🔺 7697.75 🔻 7696.50
  📡 RSI: 34.6 | MACD: -0.33 | ATR: 1.23
  📊 Filled: 0 | Pending: 0
  🕐 Outside session (08:04 CT) — no entries
  💰 Daily P&L: $+0.00

[2026-08-25 08:05] O:7697.75 H:7697.75 L:7697.00 C:7697.50 V:379.0
  📈 Trend: moderate_bullish | 🌍 Regime: ranging
  🗺️  Grid: 0.080% | 🔺 7698.00 🔻 7697.25
  📡 RSI: 39.1 | MACD: -0.33 | ATR: 1.20
  📊 Filled: 0 | Pending: 0
  🕐 Outside session (08:05 CT) — no entries
  💰 Daily P&L: $+0.00

[2026-08-25 08:06] O:7697.50 H:7698.50 L:7697.00 C:7697.00 V:428.0
  📈 Trend: moderate_bullish | 🌍 Regime: ranging
  🗺️  Grid: 0.080% | 🔺 7697.75 🔻 7697.00
  📡 RSI: 23.8 | MACD: -0.37 | ATR: 1.18
  📊 Filled: 0 | Pending: 0
  🕐 Outside session (08:06 CT) — no entries
  💰 Daily P&L: $+0.00

[2026-08-25 08:07] O:7697.00 H:7698.50 L:7696.50 C:7697.75 V:403.0
  📈 Trend: moderate_bullish | 🌍 Regime: ranging
  🗺️  Grid: 0.080% | 🔺 7698.50 🔻 7697.00
  📡 RSI: 40.0 | MACD: -0.33 | ATR: 1.09
  📊 Filled: 0 | Pending: 0
  🕐 Outside session (08:07 CT) — no entries
  💰 Daily P&L: $+0.00

[2026-08-25 08:08] O:7697.75 H:7697.75 L:7695.50 C:7696.00 V:784.0
  📈 Trend: moderate_bullish (raw: strong_bearish) | 🌍 Regime: ranging
  🗺️  Grid: 0.080% | 🔺 7698.50 🔻 7696.50
  📡 RSI: 29.6 | MACD: -0.44 | ATR: 1.21
  📊 Filled: 0 | Pending: 0
  🕐 Outside session (08:08 CT) — no entries
  💰 Daily P&L: $+0.00

[2026-08-25 08:09] O:7696.00 H:7697.50 L:7696.00 C:7697.00 V:293.0
  📈 Trend: strong_bearish | 🌍 Regime: ranging
  🗺️  Grid: 0.080% | 🔺 7697.75 🔻 7695.50
  📡 RSI: 38.7 | MACD: -0.44 | ATR: 1.29
  📊 Filled: 0 | Pending: 0
  🕐 Outside session (08:09 CT) — no entries
  💰 Daily P&L: $+0.00

[2026-08-25 08:10] O:7697.25 H:7699.00 L:7697.00 C:7699.00 V:540.0
  📈 Trend: strong_bearish (raw: moderate_bullish) | 🌍 Regime: ranging
  🗺️  Grid: 0.080% | 🔺 7697.50 🔻 7696.00
  📡 RSI: 51.3 | MACD: -0.28 | ATR: 1.38
  📊 Filled: 0 | Pending: 0
  🕐 Outside session (08:10 CT) — no entries
  💰 Daily P&L: $+0.00

[2026-08-25 08:11] O:7699.00 H:7700.00 L:7697.25 C:7698.75 V:1462.0
  📈 Trend: strong_bearish (raw: moderate_bearish) | 🌍 Regime: ranging
  🗺️  Grid: 0.080% | 🔺 7699.00 🔻 7697.00
  📡 RSI: 52.6 | MACD: -0.16 | ATR: 1.52
  📊 Filled: 0 | Pending: 0
  🕐 Outside session (08:11 CT) — no entries
  💰 Daily P&L: $+0.00

[2026-08-25 08:12] O:7698.75 H:7700.25 L:7698.25 C:7699.25 V:685.0
  📈 Trend: strong_bearish (raw: moderate_bullish) | 🌍 Regime: ranging
  🗺️  Grid: 0.080% | 🔺 7700.00 🔻 7697.25
  📡 RSI: 61.1 | MACD: -0.04 | ATR: 1.57
  📊 Filled: 0 | Pending: 0
  🕐 Outside session (08:12 CT) — no entries
  💰 Daily P&L: $+0.00

[2026-08-25 08:13] O:7699.50 H:7700.25 L:7698.25 C:7700.00 V:543.0
  📈 Trend: strong_bearish (raw: strong_bullish) | 🌍 Regime: ranging
  🗺️  Grid: 0.080% | 🔺 7700.25 🔻 7698.25
  📡 RSI: 61.1 | MACD: 0.13 | ATR: 1.62
  📊 Filled: 0 | Pending: 0
  🕐 Outside session (08:13 CT) — no entries
  💰 Daily P&L: $+0.00

[2026-08-25 08:14] O:7700.00 H:7700.00 L:7697.75 C:7698.25 V:452.0
  📈 Trend: strong_bearish (raw: moderate_bullish) | 🌍 Regime: ranging
  🗺️  Grid: 0.080% | 🔺 7700.25 🔻 7698.25
  📡 RSI: 52.4 | MACD: 0.11 | ATR: 1.64
  📊 Filled: 0 | Pending: 0
  🕐 Outside session (08:14 CT) — no entries
  💰 Daily P&L: $+0.00

[2026-08-25 08:15] O:7698.25 H:7698.50 L:7697.00 C:7697.25 V:478.0
  📈 Trend: moderate_bullish | 🌍 Regime: ranging
  🗺️  Grid: 0.080% | 🔺 7700.00 🔻 7697.75
  📡 RSI: 48.9 | MACD: 0.02 | ATR: 1.68
  📊 Filled: 0 | Pending: 0
  🕐 Outside session (08:15 CT) — no entries
  💰 Daily P&L: $+0.00

[2026-08-25 08:16] O:7697.25 H:7698.75 L:7697.00 C:7697.75 V:434.0
  📈 Trend: moderate_bullish (raw: moderate_bearish) | 🌍 Regime: ranging
  🗺️  Grid: 0.080% | 🔺 7698.50 🔻 7697.00
  📡 RSI: 52.2 | MACD: -0.01 | ATR: 1.73
  📊 Filled: 0 | Pending: 0
  🕐 Outside session (08:16 CT) — no entries
  💰 Daily P&L: $+0.00

[2026-08-25 08:17] O:7697.75 H:7700.00 L:7697.50 C:7699.75 V:1267.0
  📈 Trend: moderate_bullish (raw: strong_bullish) | 🌍 Regime: ranging
  🗺️  Grid: 0.080% | 🔺 7698.75 🔻 7697.00
  📡 RSI: 57.7 | MACD: 0.12 | ATR: 1.82
  📊 Filled: 0 | Pending: 0
  🕐 Outside session (08:17 CT) — no entries
  💰 Daily P&L: $+0.00

[2026-08-25 08:18] O:7699.75 H:7701.25 L:7699.25 C:7700.00 V:876.0
  📈 Trend: strong_bullish | 🌍 Regime: ranging
  🗺️  Grid: 0.080% | 🔺 7700.00 🔻 7697.50
  📡 RSI: 59.6 | MACD: 0.24 | ATR: 1.91
  📊 Filled: 0 | Pending: 0
  🕐 Outside session (08:18 CT) — no entries
  💰 Daily P&L: $+0.00

[2026-08-25 08:19] O:7699.75 H:7700.25 L:7699.00 C:7699.25 V:394.0
  📈 Trend: strong_bullish | 🌍 Regime: ranging
  🗺️  Grid: 0.080% | 🔺 7701.25 🔻 7699.25
  📡 RSI: 56.4 | MACD: 0.28 | ATR: 1.95
  📊 Filled: 0 | Pending: 0
  🕐 Outside session (08:19 CT) — no entries
  💰 Daily P&L: $+0.00

[2026-08-25 08:20] O:7699.25 H:7699.50 L:7698.00 C:7698.50 V:651.0
  📈 Trend: strong_bullish | 🌍 Regime: ranging
  🗺️  Grid: 0.080% | 🔺 7700.25 🔻 7699.00
  📡 RSI: 55.4 | MACD: 0.24 | ATR: 1.95
  📊 Filled: 0 | Pending: 0
  🕐 Outside session (08:20 CT) — no entries
  💰 Daily P&L: $+0.00

[2026-08-25 08:21] O:7698.75 H:7698.75 L:7697.25 C:7697.75 V:312.0
  📈 Trend: strong_bullish | 🌍 Regime: ranging
  🗺️  Grid: 0.080% | 🔺 7699.50 🔻 7698.00
  📡 RSI: 50.0 | MACD: 0.15 | ATR: 1.91
  📊 Filled: 0 | Pending: 0
  🕐 Outside session (08:21 CT) — no entries
  💰 Daily P&L: $+0.00

[2026-08-25 08:22] O:7697.75 H:7697.75 L:7696.50 C:7697.00 V:307.0
  📈 Trend: strong_bullish (raw: moderate_bullish) | 🌍 Regime: ranging
  🗺️  Grid: 0.080% | 🔺 7698.75 🔻 7697.25
  📡 RSI: 53.8 | MACD: 0.02 | ATR: 1.84
  📊 Filled: 0 | Pending: 0
  🕐 Outside session (08:22 CT) — no entries
  💰 Daily P&L: $+0.00

[2026-08-25 08:23] O:7697.00 H:7697.75 L:7696.75 C:7697.50 V:342.0
  📈 Trend: moderate_bullish | 🌍 Regime: ranging
  🗺️  Grid: 0.080% | 🔺 7697.75 🔻 7696.50
  📡 RSI: 52.0 | MACD: -0.05 | ATR: 1.80
  📊 Filled: 0 | Pending: 0
  🕐 Outside session (08:23 CT) — no entries
  💰 Daily P&L: $+0.00

[2026-08-25 08:24] O:7697.50 H:7697.75 L:7696.75 C:7696.75 V:342.0
  📈 Trend: moderate_bullish | 🌍 Regime: ranging
  🗺️  Grid: 0.080% | 🔺 7697.75 🔻 7696.75
  📡 RSI: 40.0 | MACD: -0.16 | ATR: 1.73
  📊 Filled: 0 | Pending: 0
  🕐 Outside session (08:24 CT) — no entries
  💰 Daily P&L: $+0.00

[2026-08-25 08:25] O:7697.00 H:7700.00 L:7697.00 C:7699.50 V:1050.0
  📈 Trend: moderate_bullish (raw: strong_bullish) | 🌍 Regime: ranging
  🗺️  Grid: 0.080% | 🔺 7697.75 🔻 7696.75
  📡 RSI: 52.7 | MACD: -0.02 | ATR: 1.77
  📊 Filled: 0 | Pending: 0
  🕐 Outside session (08:25 CT) — no entries
  💰 Daily P&L: $+0.00

[2026-08-25 08:26] O:7699.50 H:7700.00 L:7699.25 C:7699.75 V:304.0
  📈 Trend: strong_bullish | 🌍 Regime: ranging
  🗺️  Grid: 0.080% | 🔺 7700.00 🔻 7697.00
  📡 RSI: 51.9 | MACD: 0.11 | ATR: 1.68
  📊 Filled: 0 | Pending: 0
  🕐 Outside session (08:26 CT) — no entries
  💰 Daily P&L: $+0.00

[2026-08-25 08:27] O:7700.00 H:7700.25 L:7697.75 C:7697.75 V:1068.0
  📈 Trend: strong_bullish | 🌍 Regime: ranging
  🗺️  Grid: 0.080% | 🔺 7700.00 🔻 7699.25
  📡 RSI: 42.4 | MACD: 0.04 | ATR: 1.71
  📊 Filled: 0 | Pending: 0
  🕐 Outside session (08:27 CT) — no entries
  💰 Daily P&L: $+0.00

[2026-08-25 08:28] O:7698.00 H:7698.25 L:7696.50 C:7696.50 V:852.0
  📈 Trend: strong_bullish (raw: moderate_bullish) | 🌍 Regime: ranging
  🗺️  Grid: 0.080% | 🔺 7700.25 🔻 7697.75
  📡 RSI: 43.9 | MACD: -0.10 | ATR: 1.68
  📊 Filled: 0 | Pending: 0
  🕐 Outside session (08:28 CT) — no entries
  💰 Daily P&L: $+0.00

[2026-08-25 08:29] O:7696.75 H:7697.25 L:7694.75 C:7694.75 V:1479.0
  📈 Trend: moderate_bullish | 🌍 Regime: ranging
  🗺️  Grid: 0.080% | 🔺 7698.25 🔻 7696.50
  📡 RSI: 41.7 | MACD: -0.36 | ATR: 1.75
  📊 Filled: 0 | Pending: 0
  🕐 Outside session (08:29 CT) — no entries
  💰 Daily P&L: $+0.00

[2026-08-25 08:30] O:7695.00 H:7697.75 L:7692.50 C:7696.00 V:9001.0
  📈 Trend: moderate_bullish | 🌍 Regime: ranging
  🗺️  Grid: 0.080% | 🔺 7697.25 🔻 7694.75
  📡 RSI: 44.4 | MACD: -0.46 | ATR: 2.00
  📊 Filled: 0 | Pending: 0
  🕐 Outside session (08:30 CT) — no entries
  💰 Daily P&L: $+0.00

[2026-08-25 08:31] O:7696.25 H:7698.50 L:7692.75 C:7695.50 V:5824.0
  📈 Trend: moderate_bullish | 🌍 Regime: ranging
  🗺️  Grid: 0.080% | 🔺 7697.75 🔻 7692.50
  📡 RSI: 35.1 | MACD: -0.57 | ATR: 2.23
  📊 Filled: 0 | Pending: 0
  🕐 Outside session (08:31 CT) — no entries
  💰 Daily P&L: $+0.00

[2026-08-25 08:32] O:7695.50 H:7700.00 L:7695.00 C:7697.00 V:4707.0
  📈 Trend: moderate_bullish (raw: strong_bearish) | 🌍 Regime: ranging
  🗺️  Grid: 0.080% | 🔺 7698.50 🔻 7692.75
  📡 RSI: 40.3 | MACD: -0.53 | ATR: 2.45
  📊 Filled: 0 | Pending: 0
  🕐 Outside session (08:32 CT) — no entries
  💰 Daily P&L: $+0.00

[2026-08-25 08:33] O:7696.75 H:7700.25 L:7694.75 C:7700.00 V:3794.0
  📈 Trend: moderate_bullish | 🌍 Regime: ranging
  🗺️  Grid: 0.080% | 🔺 7700.00 🔻 7695.00
  📡 RSI: 52.1 | MACD: -0.25 | ATR: 2.75
  📊 Filled: 0 | Pending: 0
  🕐 Outside session (08:33 CT) — no entries
  💰 Daily P&L: $+0.00

[2026-08-25 08:34] O:7700.00 H:7701.25 L:7698.00 C:7700.25 V:3882.0
  📈 Trend: moderate_bullish | 🌍 Regime: ranging
  🗺️  Grid: 0.080% | 🔺 7700.25 🔻 7694.75
  📡 RSI: 55.1 | MACD: -0.01 | ATR: 2.88
  📊 Filled: 0 | Pending: 0
  🕐 Outside session (08:34 CT) — no entries
  💰 Daily P&L: $+0.00

[2026-08-25 08:35] O:7700.25 H:7700.50 L:7697.25 C:7697.75 V:4651.0
  📈 Trend: moderate_bullish (raw: moderate_bearish) | 🌍 Regime: ranging
  🗺️  Grid: 0.080% | 🔺 7701.25 🔻 7698.00
  📡 RSI: 50.0 | MACD: -0.02 | ATR: 3.00
  📊 Filled: 0 | Pending: 0
  🕐 Outside session (08:35 CT) — no entries
  💰 Daily P&L: $+0.00

[2026-08-25 08:36] O:7697.75 H:7699.25 L:7695.25 C:7696.00 V:3310.0
  📈 Trend: moderate_bearish | 🌍 Regime: ranging
  🗺️  Grid: 0.080% | 🔺 7700.50 🔻 7697.25
  📡 RSI: 47.5 | MACD: -0.17 | ATR: 3.20
  📊 Filled: 0 | Pending: 0
  🕐 Outside session (08:36 CT) — no entries
  💰 Daily P&L: $+0.00

[2026-08-25 08:37] O:7695.75 H:7699.75 L:7695.50 C:7699.00 V:2707.0
  📈 Trend: moderate_bearish | 🌍 Regime: ranging
  🗺️  Grid: 0.080% | 🔺 7699.25 🔻 7695.25
  📡 RSI: 53.3 | MACD: -0.04 | ATR: 3.43
  📊 Filled: 0 | Pending: 0
  🕐 Outside session (08:37 CT) — no entries
  💰 Daily P&L: $+0.00

[2026-08-25 08:38] O:7699.00 H:7699.50 L:7695.00 C:7695.50 V:2571.0
  📈 Trend: moderate_bearish (raw: strong_bearish) | 🌍 Regime: ranging
  🗺️  Grid: 0.080% | 🔺 7699.75 🔻 7695.50
  📡 RSI: 47.5 | MACD: -0.23 | ATR: 3.68
  📊 Filled: 0 | Pending: 0
  🕐 Outside session (08:38 CT) — no entries
  💰 Daily P&L: $+0.00

[2026-08-25 08:39] O:7695.50 H:7697.75 L:7694.50 C:7695.25 V:3096.0
  📈 Trend: strong_bearish | 🌍 Regime: ranging
  🗺️  Grid: 0.080% | 🔺 7699.50 🔻 7695.00
  📡 RSI: 40.7 | MACD: -0.38 | ATR: 3.68
  📊 Filled: 0 | Pending: 0
  🕐 Outside session (08:39 CT) — no entries
  💰 Daily P&L: $+0.00

[2026-08-25 08:40] O:7695.00 H:7697.75 L:7694.25 C:7697.00 V:3939.0
  📈 Trend: strong_bearish | 🌍 Regime: ranging
  🗺️  Grid: 0.080% | 🔺 7697.75 🔻 7694.50
  📡 RSI: 44.3 | MACD: -0.37 | ATR: 3.88
  📊 Filled: 0 | Pending: 0
  🕐 Outside session (08:40 CT) — no entries
  💰 Daily P&L: $+0.00

[2026-08-25 08:41] O:7697.00 H:7699.75 L:7696.25 C:7697.25 V:3188.0
  📈 Trend: strong_bearish (raw: moderate_bullish) | 🌍 Regime: ranging
  🗺️  Grid: 0.080% | 🔺 7697.75 🔻 7694.25
  📡 RSI: 48.9 | MACD: -0.33 | ATR: 3.95
  📊 Filled: 0 | Pending: 0
  🕐 Outside session (08:41 CT) — no entries
  💰 Daily P&L: $+0.00

[2026-08-25 08:42] O:7697.25 H:7698.50 L:7695.00 C:7696.00 V:2920.0
  📈 Trend: strong_bearish | 🌍 Regime: ranging
  🗺️  Grid: 0.080% | 🔺 7699.75 🔻 7696.25
  📡 RSI: 48.9 | MACD: -0.39 | ATR: 4.07
  📊 Filled: 0 | Pending: 0
  🕐 Outside session (08:42 CT) — no entries
  💰 Daily P&L: $+0.00

[2026-08-25 08:43] O:7695.75 H:7696.00 L:7692.00 C:7693.75 V:4316.0
  📈 Trend: strong_bearish | 🌍 Regime: ranging
  🗺️  Grid: 0.080% | 🔺 7698.50 🔻 7695.00
  📡 RSI: 47.8 | MACD: -0.62 | ATR: 4.18
  📊 Filled: 0 | Pending: 0
  🕐 Outside session (08:43 CT) — no entries
  💰 Daily P&L: $+0.00

[2026-08-25 08:44] O:7693.75 H:7695.75 L:7693.75 C:7694.75 V:3082.0
  📈 Trend: strong_bearish | 🌍 Regime: ranging
  🗺️  Grid: 0.080% | 🔺 7696.00 🔻 7692.00
  📡 RSI: 47.3 | MACD: -0.71 | ATR: 3.95
  📊 Filled: 0 | Pending: 0
  🕐 Outside session (08:44 CT) — no entries
  💰 Daily P&L: $+0.00

[2026-08-25 08:45] O:7694.75 H:7698.50 L:7694.50 C:7695.50 V:4221.0
  📈 Trend: strong_bearish | 🌍 Regime: ranging
  🗺️  Grid: 0.080% | 🔺 7695.75 🔻 7693.75
  📡 RSI: 50.0 | MACD: -0.71 | ATR: 3.82
  📊 Filled: 0 | Pending: 0
  🔲 Regime: RANGING | Range pos: 68% | RSI: 50.0
  💰 Daily P&L: $+0.00

[2026-08-25 08:46] O:7695.75 H:7698.50 L:7694.50 C:7697.50 V:2855.0
  📈 Trend: strong_bearish | 🌍 Regime: ranging
  🗺️  Grid: 0.080% | 🔺 7698.50 🔻 7694.50
  📡 RSI: 51.1 | MACD: -0.55 | ATR: 3.75
  📊 Filled: 0 | Pending: 0
  🔲 Regime: RANGING | Range pos: 73% | RSI: 51.1
  💰 Daily P&L: $+0.00

[2026-08-25 08:47] O:7697.50 H:7697.50 L:7695.25 C:7697.50 V:2696.0
  📈 Trend: strong_bearish (raw: moderate_bullish) | 🌍 Regime: ranging
  🗺️  Grid: 0.080% | 🔺 7698.50 🔻 7694.50
  📡 RSI: 43.9 | MACD: -0.41 | ATR: 3.52
  📊 Filled: 0 | Pending: 0
  🔲 Regime: RANGING | Range pos: 73% | RSI: 43.9
  💰 Daily P&L: $+0.00

[2026-08-25 08:48] O:7697.25 H:7700.00 L:7696.25 C:7700.00 V:2635.0
  📈 Trend: moderate_bullish | 🌍 Regime: ranging
  🗺️  Grid: 0.080% | 🔺 7697.50 🔻 7695.25
  📡 RSI: 49.5 | MACD: -0.10 | ATR: 3.55
  📊 Filled: 0 | Pending: 0
  🔲 Regime: RANGING | Range pos: 79% | RSI: 49.5
  💰 Daily P&L: $+0.00

[2026-08-25 08:49] O:7700.00 H:7700.50 L:7697.75 C:7698.00 V:2839.0
  📈 Trend: moderate_bullish | 🌍 Regime: ranging
  🗺️  Grid: 0.080% | 🔺 7700.00 🔻 7696.25
  📡 RSI: 50.6 | MACD: -0.01 | ATR: 3.52
  📊 Filled: 0 | Pending: 0
  🔲 Regime: RANGING | Range pos: 74% | RSI: 50.6
  💰 Daily P&L: $+0.00

[2026-08-25 08:50] O:7698.00 H:7698.75 L:7695.00 C:7695.50 V:3784.0
  📈 Trend: moderate_bullish (raw: moderate_bearish) | 🌍 Regime: ranging
  🗺️  Grid: 0.080% | 🔺 7700.50 🔻 7697.75
  📡 RSI: 48.9 | MACD: -0.15 | ATR: 3.50
  📊 Filled: 0 | Pending: 0
  🔲 Regime: RANGING | Range pos: 68% | RSI: 48.9
  💰 Daily P&L: $+0.00

[2026-08-25 08:51] O:7695.25 H:7696.50 L:7694.50 C:7695.75 V:2353.0
  📈 Trend: moderate_bearish | 🌍 Regime: ranging
  🗺️  Grid: 0.080% | 🔺 7698.75 🔻 7695.00
  📡 RSI: 42.0 | MACD: -0.23 | ATR: 3.34
  📊 Filled: 0 | Pending: 0
  🔲 Regime: RANGING | Range pos: 69% | RSI: 42.0
  💰 Daily P&L: $+0.00

[2026-08-25 08:52] O:7695.75 H:7696.25 L:7693.25 C:7694.75 V:2643.0
  📈 Trend: moderate_bearish (raw: strong_bearish) | 🌍 Regime: ranging
  🗺️  Grid: 0.080% | 🔺 7696.50 🔻 7694.50
  📡 RSI: 47.9 | MACD: -0.37 | ATR: 3.23
  📊 Filled: 0 | Pending: 0
  🔲 Regime: RANGING | Range pos: 66% | RSI: 47.9
  💰 Daily P&L: $+0.00

[2026-08-25 08:53] O:7694.75 H:7695.50 L:7693.75 C:7695.00 V:2013.0
  📈 Trend: strong_bearish | 🌍 Regime: ranging
  🗺️  Grid: 0.080% | 🔺 7696.25 🔻 7693.25
  📡 RSI: 49.3 | MACD: -0.46 | ATR: 3.12
  📊 Filled: 0 | Pending: 0
  🔲 Regime: RANGING | Range pos: 67% | RSI: 49.3
  💰 Daily P&L: $+0.00

[2026-08-25 08:54] O:7695.00 H:7696.00 L:7693.25 C:7693.50 V:1856.0
  📈 Trend: strong_bearish | 🌍 Regime: ranging
  🗺️  Grid: 0.080% | 🔺 7695.50 🔻 7693.75
  📡 RSI: 40.0 | MACD: -0.64 | ATR: 3.07
  📊 Filled: 0 | Pending: 0
  🔲 Regime: RANGING | Range pos: 64% | RSI: 40.0
  💰 Daily P&L: $+0.00

[2026-08-25 08:55] O:7693.50 H:7694.00 L:7690.50 C:7691.25 V:3325.0
  📈 Trend: strong_bearish | 🌍 Regime: ranging
  🗺️  Grid: 0.080% | 🔺 7696.00 🔻 7693.25
  📡 RSI: 34.6 | MACD: -0.96 | ATR: 3.07
  📊 Filled: 0 | Pending: 0
  🔲 Regime: RANGING | Range pos: 58% | RSI: 34.6
  💰 Daily P&L: $+0.00

[2026-08-25 08:56] O:7691.25 H:7692.00 L:7689.50 C:7691.50 V:3378.0
  📈 Trend: strong_bearish | 🌍 Regime: ranging
  🗺️  Grid: 0.080% | 🔺 7694.00 🔻 7690.50
  📡 RSI: 37.8 | MACD: -1.17 | ATR: 3.00
  📊 Filled: 0 | Pending: 0
  🔲 Regime: RANGING | Range pos: 59% | RSI: 37.8
  💰 Daily P&L: $+0.00

[2026-08-25 08:57] O:7691.25 H:7692.25 L:7689.50 C:7689.75 V:4767.0
  📈 Trend: strong_bearish | 🌍 Regime: ranging
  🗺️  Grid: 0.080% | 🔺 7692.00 🔻 7689.50
  📡 RSI: 38.9 | MACD: -1.47 | ATR: 2.91
  📊 Filled: 0 | Pending: 0
  🔲 Regime: RANGING | Range pos: 55% | RSI: 38.9
  💰 Daily P&L: $+0.00

[2026-08-25 08:58] O:7690.00 H:7690.25 L:7688.25 C:7689.50 V:2529.0
  📈 Trend: strong_bearish | 🌍 Regime: ranging
  🗺️  Grid: 0.080% | 🔺 7692.25 🔻 7689.50
  📡 RSI: 34.8 | MACD: -1.70 | ATR: 2.91
  📊 Filled: 0 | Pending: 0
  🔲 Regime: RANGING | Range pos: 54% | RSI: 34.8
  💰 Daily P&L: $+0.00

[2026-08-25 08:59] O:7689.50 H:7690.25 L:7688.00 C:7690.00 V:1873.0
  📈 Trend: strong_bearish | 🌍 Regime: ranging
  🗺️  Grid: 0.080% | 🔺 7690.25 🔻 7688.25
  📡 RSI: 33.8 | MACD: -1.83 | ATR: 2.79
  📊 Filled: 0 | Pending: 0
  🔲 Regime: RANGING | Range pos: 55% | RSI: 33.8
  💰 Daily P&L: $+0.00

[2026-08-25 09:00] O:7690.00 H:7690.50 L:7687.00 C:7689.50 V:3850.0
  📈 Trend: strong_bearish | 🌍 Regime: ranging
  🗺️  Grid: 0.080% | 🔺 7690.25 🔻 7688.00
  📡 RSI: 24.2 | MACD: -1.94 | ATR: 2.75
  📊 Filled: 0 | Pending: 0
  🔲 Regime: RANGING | Range pos: 54% | RSI: 24.2
  💰 Daily P&L: $+0.00

[2026-08-25 09:01] O:7689.50 H:7690.75 L:7688.00 C:7690.00 V:2964.0
  📈 Trend: strong_bearish | 🌍 Regime: trending_bearish
  🗺️  Grid: 0.080% | 🔺 7690.50 🔻 7687.00
  📡 RSI: 26.6 | MACD: -1.97 | ATR: 2.79
  📊 Filled: 0 | Pending: 0
  💰 Daily P&L: $+0.00

[2026-08-25 09:02] O:7690.25 H:7691.25 L:7686.75 C:7688.00 V:4931.0
  📈 Trend: strong_bearish | 🌍 Regime: trending_bearish
  🗺️  Grid: 0.080% | 🔺 7690.75 🔻 7688.00
  📡 RSI: 11.3 | MACD: -2.13 | ATR: 2.84
  📊 Filled: 0 | Pending: 0
  💰 Daily P&L: $+0.00

[2026-08-25 09:03] O:7688.00 H:7689.50 L:7687.00 C:7687.50 V:2990.0
  📈 Trend: strong_bearish | 🌍 Regime: trending_bearish
  🗺️  Grid: 0.080% | 🔺 7691.25 🔻 7686.75
  📡 RSI: 12.5 | MACD: -2.27 | ATR: 2.82
  📊 Filled: 0 | Pending: 0
  💰 Daily P&L: $+0.00

[2026-08-25 09:04] O:7687.50 H:7688.25 L:7685.50 C:7687.75 V:3519.0
  📈 Trend: strong_bearish | 🌍 Regime: trending_bearish
  🗺️  Grid: 0.080% | 🔺 7689.50 🔻 7687.00
  📡 RSI: 17.0 | MACD: -2.34 | ATR: 2.75
  📊 Filled: 0 | Pending: 0
  💰 Daily P&L: $+0.00

[2026-08-25 09:05] O:7687.75 H:7689.00 L:7687.00 C:7687.75 V:3062.0
  📈 Trend: strong_bearish | 🌍 Regime: trending_bearish
  🗺️  Grid: 0.080% | 🔺 7688.25 🔻 7685.50
  📡 RSI: 15.2 | MACD: -2.36 | ATR: 2.75
  📊 Filled: 0 | Pending: 0
  💰 Daily P&L: $+0.00

[2026-08-25 09:06] O:7687.75 H:7688.25 L:7685.50 C:7685.75 V:2559.0
  📈 Trend: strong_bearish | 🌍 Regime: trending_bearish
  🗺️  Grid: 0.080% | 🔺 7689.00 🔻 7687.00
  📡 RSI: 14.0 | MACD: -2.51 | ATR: 2.73
  📊 Filled: 0 | Pending: 0
  💰 Daily P&L: $+0.00

[2026-08-25 09:07] O:7685.75 H:7687.25 L:7684.50 C:7685.00 V:2277.0
  📈 Trend: strong_bearish | 🌍 Regime: trending_bearish
  🗺️  Grid: 0.080% | 🔺 7688.25 🔻 7685.50
  📡 RSI: 11.5 | MACD: -2.66 | ATR: 2.80
  📊 Filled: 0 | Pending: 0
  💰 Daily P&L: $+0.00

[2026-08-25 09:08] O:7685.25 H:7686.75 L:7684.50 C:7685.25 V:2328.0
  📈 Trend: strong_bearish | 🌍 Regime: trending_bearish
  🗺️  Grid: 0.080% | 🔺 7687.25 🔻 7684.50
  📡 RSI: 14.9 | MACD: -2.73 | ATR: 2.77
  📊 Filled: 0 | Pending: 0
  💰 Daily P&L: $+0.00

[2026-08-25 09:09] O:7685.50 H:7686.75 L:7684.75 C:7686.50 V:1902.0
  📈 Trend: strong_bearish | 🌍 Regime: trending_bearish
  🗺️  Grid: 0.080% | 🔺 7686.75 🔻 7684.50
  📡 RSI: 27.9 | MACD: -2.65 | ATR: 2.66
  📊 Filled: 0 | Pending: 0
  💰 Daily P&L: $+0.00

[2026-08-25 09:10] O:7686.50 H:7688.25 L:7686.00 C:7686.75 V:2856.0
  📈 Trend: strong_bearish | 🌍 Regime: trending_bearish
  🗺️  Grid: 0.080% | 🔺 7686.75 🔻 7684.75
  📡 RSI: 27.9 | MACD: -2.54 | ATR: 2.64
  📊 Filled: 0 | Pending: 0
  💰 Daily P&L: $+0.00

[2026-08-25 09:11] O:7687.00 H:7687.25 L:7684.75 C:7685.00 V:2115.0
  📈 Trend: strong_bearish | 🌍 Regime: trending_bearish
  🗺️  Grid: 0.080% | 🔺 7688.25 🔻 7686.00
  📡 RSI: 27.9 | MACD: -2.56 | ATR: 2.62
  📊 Filled: 0 | Pending: 0
  💰 Daily P&L: $+0.00

[2026-08-25 09:12] O:7685.25 H:7687.00 L:7685.00 C:7686.75 V:1856.0
  📈 Trend: strong_bearish (raw: moderate_bearish) | 🌍 Regime: trending_bearish
  🗺️  Grid: 0.080% | 🔺 7687.25 🔻 7684.75
  📡 RSI: 38.8 | MACD: -2.41 | ATR: 2.62
  📊 Filled: 0 | Pending: 0
  💰 Daily P&L: $+0.00

[2026-08-25 09:13] O:7686.75 H:7687.00 L:7684.50 C:7686.25 V:1964.0
  📈 Trend: moderate_bearish | 🌍 Regime: trending_bearish
  🗺️  Grid: 0.080% | 🔺 7687.00 🔻 7685.00
  📡 RSI: 34.7 | MACD: -2.31 | ATR: 2.64
  📊 Filled: 0 | Pending: 0
  💰 Daily P&L: $+0.00

[2026-08-25 09:14] O:7686.25 H:7686.75 L:7684.00 C:7684.75 V:1733.0
  📈 Trend: moderate_bearish | 🌍 Regime: trending_bearish
  🗺️  Grid: 0.080% | 🔺 7687.00 🔻 7684.50
  📡 RSI: 32.1 | MACD: -2.32 | ATR: 2.59
  📊 Filled: 0 | Pending: 0
  💰 Daily P&L: $+0.00

[2026-08-25 09:15] O:7684.75 H:7686.50 L:7683.50 C:7686.50 V:2527.0
  📈 Trend: moderate_bearish | 🌍 Regime: trending_bearish
  🗺️  Grid: 0.080% | 🔺 7686.75 🔻 7684.00
  📡 RSI: 37.9 | MACD: -2.16 | ATR: 2.61
  📊 Filled: 0 | Pending: 0
  💰 Daily P&L: $+0.00

[2026-08-25 09:16] O:7686.50 H:7688.00 L:7686.25 C:7686.50 V:2398.0
  📈 Trend: moderate_bearish | 🌍 Regime: trending_bearish
  🗺️  Grid: 0.080% | 🔺 7686.50 🔻 7683.50
  📡 RSI: 44.0 | MACD: -2.01 | ATR: 2.41
  📊 Filled: 0 | Pending: 0
  💰 Daily P&L: $+0.00

[2026-08-25 09:17] O:7686.50 H:7686.50 L:7685.00 C:7686.25 V:1521.0
  📈 Trend: moderate_bearish | 🌍 Regime: trending_bearish
  🗺️  Grid: 0.080% | 🔺 7688.00 🔻 7686.25
  📡 RSI: 44.9 | MACD: -1.89 | ATR: 2.34
  📊 Filled: 0 | Pending: 0
  💰 Daily P&L: $+0.00

[2026-08-25 09:18] O:7686.00 H:7688.50 L:7685.75 C:7688.25 V:2459.0
  📈 Trend: moderate_bearish | 🌍 Regime: trending_bearish
  🗺️  Grid: 0.080% | 🔺 7686.50 🔻 7685.00
  📡 RSI: 51.8 | MACD: -1.62 | ATR: 2.34
  📊 Filled: 0 | Pending: 0
  💰 Daily P&L: $+0.00

[2026-08-25 09:19] O:7688.00 H:7689.50 L:7686.50 C:7687.25 V:3348.0
  📈 Trend: moderate_bearish | 🌍 Regime: trending_bearish
  🗺️  Grid: 0.080% | 🔺 7688.50 🔻 7685.75
  📡 RSI: 48.3 | MACD: -1.47 | ATR: 2.41
  📊 Filled: 0 | Pending: 0
  💰 Daily P&L: $+0.00

[2026-08-25 09:20] O:7687.25 H:7688.00 L:7686.00 C:7687.00 V:2262.0
  📈 Trend: moderate_bearish | 🌍 Regime: trending_bearish
  🗺️  Grid: 0.080% | 🔺 7689.50 🔻 7686.50
  📡 RSI: 54.7 | MACD: -1.35 | ATR: 2.36
  📊 Filled: 0 | Pending: 0
  💰 Daily P&L: $+0.00

[2026-08-25 09:21] O:7687.00 H:7687.00 L:7684.50 C:7684.50 V:2333.0
  📈 Trend: moderate_bearish | 🌍 Regime: trending_bearish
  🗺️  Grid: 0.080% | 🔺 7688.00 🔻 7686.00
  📡 RSI: 48.3 | MACD: -1.44 | ATR: 2.34
  📊 Filled: 0 | Pending: 0
  💰 Daily P&L: $+0.00

[2026-08-25 09:22] O:7684.50 H:7685.25 L:7682.75 C:7683.00 V:3066.0
  📈 Trend: moderate_bearish | 🌍 Regime: trending_bearish
  🗺️  Grid: 0.080% | 🔺 7687.00 🔻 7684.50
  📡 RSI: 43.1 | MACD: -1.62 | ATR: 2.36
  📊 Filled: 0 | Pending: 0
  💰 Daily P&L: $+0.00

[2026-08-25 09:23] O:7683.25 H:7684.00 L:7681.50 C:7682.00 V:3557.0
  📈 Trend: moderate_bearish (raw: strong_bearish) | 🌍 Regime: trending_bearish
  🗺️  Grid: 0.080% | 🔺 7685.25 🔻 7682.75
  📡 RSI: 35.9 | MACD: -1.82 | ATR: 2.39
  📊 Filled: 0 | Pending: 0
  💰 Daily P&L: $+0.00

[2026-08-25 09:24] O:7681.75 H:7684.50 L:7681.25 C:7684.25 V:2891.0
  📈 Trend: strong_bearish | 🌍 Regime: trending_bearish
  🗺️  Grid: 0.080% | 🔺 7684.00 🔻 7681.50
  📡 RSI: 43.1 | MACD: -1.77 | ATR: 2.46
  📊 Filled: 0 | Pending: 0
  💰 Daily P&L: $+0.00

[2026-08-25 09:25] O:7684.25 H:7685.00 L:7682.75 C:7683.25 V:2544.0
  📈 Trend: strong_bearish | 🌍 Regime: trending_bearish
  🗺️  Grid: 0.080% | 🔺 7684.50 🔻 7681.25
  📡 RSI: 44.9 | MACD: -1.80 | ATR: 2.45
  📊 Filled: 0 | Pending: 0
  💰 Daily P&L: $+0.00

[2026-08-25 09:26] O:7683.25 H:7684.50 L:7682.25 C:7684.00 V:1997.0
  📈 Trend: strong_bearish (raw: moderate_bearish) | 🌍 Regime: trending_bearish
  🗺️  Grid: 0.080% | 🔺 7685.00 🔻 7682.75
  📡 RSI: 41.5 | MACD: -1.73 | ATR: 2.46
  📊 Filled: 0 | Pending: 0
  💰 Daily P&L: $+0.00

[2026-08-25 09:27] O:7684.00 H:7684.50 L:7683.00 C:7683.25 V:1857.0
  📈 Trend: strong_bearish | 🌍 Regime: ranging
  🗺️  Grid: 0.080% | 🔺 7684.50 🔻 7682.25
  📡 RSI: 40.9 | MACD: -1.73 | ATR: 2.39
  📊 Filled: 0 | Pending: 0
  🔲 Regime: RANGING | Range pos: 39% | RSI: 40.9
  💰 Daily P&L: $+0.00

[2026-08-25 09:28] O:7683.25 H:7683.50 L:7682.00 C:7682.00 V:1669.0
  📈 Trend: strong_bearish | 🌍 Regime: ranging
  🗺️  Grid: 0.080% | 🔺 7684.50 🔻 7683.00
  📡 RSI: 41.5 | MACD: -1.80 | ATR: 2.30
  📊 Filled: 0 | Pending: 0
  🔲 Regime: RANGING | Range pos: 36% | RSI: 41.5
  💰 Daily P&L: $+0.00

[2026-08-25 09:29] O:7682.00 H:7682.50 L:7680.00 C:7680.00 V:2554.0
  📈 Trend: strong_bearish | 🌍 Regime: ranging
  🗺️  Grid: 0.080% | 🔺 7683.50 🔻 7682.00
  📡 RSI: 30.3 | MACD: -2.00 | ATR: 2.27
  📊 Filled: 0 | Pending: 0
  🔲 Regime: RANGING | Range pos: 32% | RSI: 30.3
  💰 Daily P&L: $+0.00

[2026-08-25 09:30] O:7680.00 H:7680.25 L:7663.25 C:7676.75 V:18078.0
  📈 Trend: strong_bearish | 🌍 Regime: ranging
  🗺️  Grid: 0.080% | 🔺 7682.50 🔻 7680.00
  📡 RSI: 25.3 | MACD: -2.39 | ATR: 3.36
  📊 Filled: 0 | Pending: 0
  🔲 Regime: RANGING | Range pos: 30% | RSI: 25.3
  📤 Limit BUY 10 @ 7676.75 submitted (ID: 733)
  📋 Order 733 status: Submitted
  ⬆️ LONG ORDER @ 7676.75 | Size: 1.00 | SL: 7670.00 | TP: 7686.75 [10cts]
     Reason: Grid Long (sideways, RSI: 25.3)
  🔬 SHADOW [long ranging]: 🟥 ROBUST WOULD BLOCK (1 filter)
       MACD=BLOCK (-2.39 vs -2.00, Δ-0.39) | 5m=N/A (ranging)
     ⏳ Order 733 PENDING - awaiting fill confirmation
  💰 Daily P&L: $+0.00
  ✅ Fill: BOT 1.0 @ 7676.75
  📋 Order 733 status: Submitted
  ✅ Fill: BOT 1.0 @ 7676.75
  📋 Order 733 status: Submitted
  ✅ Fill: BOT 1.0 @ 7676.75
  📋 Order 733 status: Submitted
  ✅ Fill: BOT 1.0 @ 7676.75
  📋 Order 733 status: Submitted
  ✅ Fill: BOT 1.0 @ 7676.75
  📋 Order 733 status: Submitted
  ✅ Fill: BOT 1.0 @ 7676.75
  📋 Order 733 status: Submitted
  ✅ Fill: BOT 1.0 @ 7676.75
  📋 Order 733 status: Submitted
  ✅ Fill: BOT 2.0 @ 7676.75
  📋 Order 733 status: Submitted
  ✅ Fill: BOT 1.0 @ 7676.75
  📋 Order 733 status: Filled
  📤 Stop-Limit SELL 10 @ stop:7668.75 / lmt:7664.75 submitted (ID: 734) [OCA:exit_733_1787668325]
  📋 Order 734 status: PreSubmitted
  📤 Limit SELL 10 @ 7686.75 submitted (ID: 735) [OCA:exit_733_1787668325]
  📋 Order 735 status: PreSubmitted
  ✅ FILL CONFIRMED: LONG @ 7676.75 (order 733)
     📊 Bracket placed: SL #734 @ 7668.75 | TP #735 @ 7686.75
     Trail activates @ +7.5 pts

[2026-08-25 09:31] O:7676.75 H:7679.50 L:7676.25 C:7679.00 V:5866.0
  📈 Trend: strong_bearish | 🌍 Regime: trending_bearish
  🗺️  Grid: 0.080% | 🔺 7680.25 🔻 7663.25
  📡 RSI: 33.3 | MACD: -2.49 | ATR: 3.48
  📊 Filled: 1 | Pending: 0
  📍 LONG @ 7676.75 | SL: 7668.75 | TP: 7686.75 | P&L: $+1,125.00 | +7.5 to trail
  💰 Daily P&L: $+0.00
  📋 Order 735 status: Submitted

[2026-08-25 09:32] O:7678.75 H:7682.00 L:7678.50 C:7680.00 V:5077.0
  📈 Trend: strong_bearish | 🌍 Regime: trending_bearish
  🗺️  Grid: 0.080% | 🔺 7679.50 🔻 7676.25
  📡 RSI: 30.1 | MACD: -2.46 | ATR: 3.54
  📊 Filled: 1 | Pending: 0
  📍 LONG @ 7676.75 | SL: 7668.75 | TP: 7686.75 | P&L: $+1,625.00 | +4.8 to trail
  💰 Daily P&L: $+0.00

[2026-08-25 09:33] O:7680.00 H:7681.00 L:7678.50 C:7680.75 V:2792.0
  📈 Trend: strong_bearish | 🌍 Regime: trending_bearish
  🗺️  Grid: 0.080% | 🔺 7682.00 🔻 7678.50
  📡 RSI: 34.1 | MACD: -2.35 | ATR: 3.50
  📊 Filled: 1 | Pending: 0
  📍 LONG @ 7676.75 | SL: 7668.75 | TP: 7686.75 | P&L: $+2,000.00 | +2.2 to trail
  💰 Daily P&L: $+0.00

[2026-08-25 09:34] O:7680.50 H:7680.75 L:7676.00 C:7676.50 V:2794.0
  📈 Trend: strong_bearish | 🌍 Regime: trending_bearish
  🗺️  Grid: 0.080% | 🔺 7681.00 🔻 7678.50
  📡 RSI: 28.6 | MACD: -2.57 | ATR: 3.70
  📊 Filled: 1 | Pending: 0
  📍 LONG @ 7676.75 | SL: 7668.75 | TP: 7686.75 | P&L: $-125.00 | +2.2 to trail
  💰 Daily P&L: $+0.00

[2026-08-25 09:35] O:7676.50 H:7679.25 L:7675.75 C:7677.50 V:2579.0
  📈 Trend: strong_bearish | 🌍 Regime: trending_bearish
  🗺️  Grid: 0.080% | 🔺 7680.75 🔻 7676.00
  📡 RSI: 34.8 | MACD: -2.64 | ATR: 3.77
  📊 Filled: 1 | Pending: 0
  📍 LONG @ 7676.75 | SL: 7668.75 | TP: 7686.75 | P&L: $+375.00 | +2.2 to trail
  💰 Daily P&L: $+0.00

[2026-08-25 09:36] O:7677.50 H:7680.75 L:7677.25 C:7680.50 V:2337.0
  📈 Trend: strong_bearish | 🌍 Regime: trending_bearish
  🗺️  Grid: 0.080% | 🔺 7679.25 🔻 7675.75
  📡 RSI: 44.9 | MACD: -2.42 | ATR: 3.84
  📊 Filled: 1 | Pending: 0
  📍 LONG @ 7676.75 | SL: 7668.75 | TP: 7686.75 | P&L: $+1,875.00 | +2.2 to trail
  💰 Daily P&L: $+0.00

[2026-08-25 09:37] O:7680.50 H:7680.75 L:7679.50 C:7680.75 V:1080.0
  📈 Trend: strong_bearish | 🌍 Regime: trending_bearish
  🗺️  Grid: 0.080% | 🔺 7680.75 🔻 7677.25
  📡 RSI: 47.4 | MACD: -2.21 | ATR: 3.75
  📊 Filled: 1 | Pending: 0
  📍 LONG @ 7676.75 | SL: 7668.75 | TP: 7686.75 | P&L: $+2,000.00 | +2.2 to trail
  💰 Daily P&L: $+0.00

[2026-08-25 09:38] O:7680.75 H:7681.50 L:7679.75 C:7681.25 V:1623.0
  📈 Trend: strong_bearish | 🌍 Regime: trending_bearish
  🗺️  Grid: 0.080% | 🔺 7680.75 🔻 7679.50
  📡 RSI: 43.2 | MACD: -1.97 | ATR: 3.64
  📊 Filled: 1 | Pending: 0
  📍 LONG @ 7676.75 | SL: 7668.75 | TP: 7686.75 | P&L: $+2,250.00 | +2.2 to trail
  💰 Daily P&L: $+0.00

[2026-08-25 09:39] O:7681.25 H:7683.75 L:7681.25 C:7683.25 V:2478.0
  📈 Trend: strong_bearish | 🌍 Regime: trending_bearish
  🗺️  Grid: 0.080% | 🔺 7681.50 🔻 7679.75
  📡 RSI: 50.0 | MACD: -1.60 | ATR: 3.66
  📊 Filled: 1 | Pending: 0
  📍 LONG @ 7676.75 | SL: 7668.75 | TP: 7686.75 | P&L: $+3,250.00 | +2.2 to trail
  💰 Daily P&L: $+0.00

[2026-08-25 09:40] O:7683.00 H:7683.25 L:7680.25 C:7680.25 V:2102.0
  📈 Trend: strong_bearish | 🌍 Regime: trending_bearish
  🗺️  Grid: 0.080% | 🔺 7683.75 🔻 7681.25
  📡 RSI: 42.6 | MACD: -1.54 | ATR: 3.71
  📊 Filled: 1 | Pending: 0
  📍 LONG @ 7676.75 | SL: 7668.75 | TP: 7686.75 | P&L: $+1,750.00 | +0.5 to trail
  💰 Daily P&L: $+0.00

[2026-08-25 09:41] O:7680.50 H:7681.00 L:7678.00 C:7678.75 V:1954.0
  📈 Trend: strong_bearish | 🌍 Regime: trending_bearish
  🗺️  Grid: 0.080% | 🔺 7683.25 🔻 7680.25
  📡 RSI: 41.3 | MACD: -1.59 | ATR: 3.82
  📊 Filled: 1 | Pending: 0
  📍 LONG @ 7676.75 | SL: 7668.75 | TP: 7686.75 | P&L: $+1,000.00 | +0.5 to trail
  💰 Daily P&L: $+0.00

[2026-08-25 09:42] O:7678.75 H:7679.00 L:7675.50 C:7676.00 V:2925.0
  📈 Trend: strong_bearish | 🌍 Regime: trending_bearish
  🗺️  Grid: 0.080% | 🔺 7681.00 🔻 7678.00
  📡 RSI: 39.1 | MACD: -1.83 | ATR: 3.96
  📊 Filled: 1 | Pending: 0
  📍 LONG @ 7676.75 | SL: 7668.75 | TP: 7686.75 | P&L: $-375.00 | +0.5 to trail
  💰 Daily P&L: $+0.00

[2026-08-25 09:43] O:7676.00 H:7677.25 L:7674.50 C:7676.00 V:2827.0
  📈 Trend: strong_bearish | 🌍 Regime: trending_bearish
  🗺️  Grid: 0.080% | 🔺 7679.00 🔻 7675.50
  📡 RSI: 42.2 | MACD: -2.00 | ATR: 3.98
  📊 Filled: 1 | Pending: 0
  📍 LONG @ 7676.75 | SL: 7668.75 | TP: 7686.75 | P&L: $-375.00 | +0.5 to trail
  💰 Daily P&L: $+0.00

[2026-08-25 09:44] O:7676.00 H:7677.00 L:7674.75 C:7676.50 V:2239.0
  📈 Trend: strong_bearish | 🌍 Regime: trending_bearish
  🗺️  Grid: 0.080% | 🔺 7677.25 🔻 7674.50
  📡 RSI: 49.5 | MACD: -2.07 | ATR: 2.93
  📊 Filled: 1 | Pending: 0
  📍 LONG @ 7676.75 | SL: 7668.75 | TP: 7686.75 | P&L: $-125.00 | +0.5 to trail
  💰 Daily P&L: $+0.00

[2026-08-25 09:45] O:7676.25 H:7676.50 L:7674.50 C:7675.50 V:2257.0
  📈 Trend: strong_bearish | 🌍 Regime: trending_bearish
  🗺️  Grid: 0.080% | 🔺 7677.00 🔻 7674.75
  📡 RSI: 41.9 | MACD: -2.18 | ATR: 2.84
  📊 Filled: 1 | Pending: 0
  📍 LONG @ 7676.75 | SL: 7668.75 | TP: 7686.75 | P&L: $-625.00 | +0.5 to trail
  💰 Daily P&L: $+0.00

[2026-08-25 09:46] O:7675.50 H:7678.00 L:7675.00 C:7676.00 V:2708.0
  📈 Trend: strong_bearish | 🌍 Regime: trending_bearish
  🗺️  Grid: 0.080% | 🔺 7676.50 🔻 7674.50
  📡 RSI: 40.5 | MACD: -2.20 | ATR: 2.80
  📊 Filled: 1 | Pending: 0
  📍 LONG @ 7676.75 | SL: 7668.75 | TP: 7686.75 | P&L: $-375.00 | +0.5 to trail
  💰 Daily P&L: $+0.00

[2026-08-25 09:47] O:7675.75 H:7677.00 L:7675.50 C:7676.25 V:2296.0
  📈 Trend: strong_bearish | 🌍 Regime: trending_bearish
  🗺️  Grid: 0.080% | 🔺 7678.00 🔻 7675.00
  📡 RSI: 39.0 | MACD: -2.17 | ATR: 2.73
  📊 Filled: 1 | Pending: 0
  📍 LONG @ 7676.75 | SL: 7668.75 | TP: 7686.75 | P&L: $-250.00 | +0.5 to trail
  💰 Daily P&L: $+0.00

[2026-08-25 09:48] O:7676.25 H:7676.75 L:7675.00 C:7675.25 V:1491.0
  📈 Trend: strong_bearish | 🌍 Regime: trending_bearish
  🗺️  Grid: 0.080% | 🔺 7677.00 🔻 7675.50
  📡 RSI: 46.4 | MACD: -2.20 | ATR: 2.52
  📊 Filled: 1 | Pending: 0
  📍 LONG @ 7676.75 | SL: 7668.75 | TP: 7686.75 | P&L: $-750.00 | +0.5 to trail
  💰 Daily P&L: $+0.00

[2026-08-25 09:49] O:7675.25 H:7676.50 L:7674.75 C:7675.25 V:2035.0
  📈 Trend: strong_bearish | 🌍 Regime: trending_bearish
  🗺️  Grid: 0.080% | 🔺 7676.75 🔻 7675.00
  📡 RSI: 43.1 | MACD: -2.20 | ATR: 2.39
  📊 Filled: 1 | Pending: 0
  📍 LONG @ 7676.75 | SL: 7668.75 | TP: 7686.75 | P&L: $-750.00 | +0.5 to trail
  💰 Daily P&L: $+0.00

[2026-08-25 09:50] O:7675.25 H:7675.75 L:7673.25 C:7675.75 V:2165.0
  📈 Trend: strong_bearish | 🌍 Regime: trending_bearish
  🗺️  Grid: 0.080% | 🔺 7676.50 🔻 7674.75
  📡 RSI: 32.7 | MACD: -2.14 | ATR: 2.32
  📊 Filled: 1 | Pending: 0
  📍 LONG @ 7676.75 | SL: 7668.75 | TP: 7686.75 | P&L: $-500.00 | +0.5 to trail
  💰 Daily P&L: $+0.00

[2026-08-25 09:51] O:7675.75 H:7677.50 L:7674.25 C:7677.50 V:1827.0
  📈 Trend: strong_bearish | 🌍 Regime: trending_bearish
  🗺️  Grid: 0.080% | 🔺 7675.75 🔻 7673.25
  📡 RSI: 39.3 | MACD: -1.92 | ATR: 2.46
  📊 Filled: 1 | Pending: 0
  📍 LONG @ 7676.75 | SL: 7668.75 | TP: 7686.75 | P&L: $+375.00 | +0.5 to trail
  💰 Daily P&L: $+0.00

[2026-08-25 09:52] O:7677.25 H:7679.25 L:7677.00 C:7679.00 V:1851.0
  📈 Trend: strong_bearish | 🌍 Regime: trending_bearish
  🗺️  Grid: 0.080% | 🔺 7677.50 🔻 7674.25
  📡 RSI: 43.1 | MACD: -1.61 | ATR: 2.50
  📊 Filled: 1 | Pending: 0
  📍 LONG @ 7676.75 | SL: 7668.75 | TP: 7686.75 | P&L: $+1,125.00 | +0.5 to trail
  💰 Daily P&L: $+0.00

[2026-08-25 09:53] O:7679.00 H:7681.25 L:7678.75 C:7681.00 V:1825.0
  📈 Trend: strong_bearish (raw: moderate_bearish) | 🌍 Regime: trending_bearish
  🗺️  Grid: 0.080% | 🔺 7679.25 🔻 7677.00
  📡 RSI: 43.1 | MACD: -1.19 | ATR: 2.50
  📊 Filled: 1 | Pending: 0
  📍 LONG @ 7676.75 | SL: 7668.75 | TP: 7686.75 | P&L: $+2,125.00 | +0.5 to trail
  💰 Daily P&L: $+0.00

[2026-08-25 09:54] O:7681.00 H:7681.25 L:7679.75 C:7679.75 V:1565.0
  📈 Trend: moderate_bearish | 🌍 Regime: trending_bearish
  🗺️  Grid: 0.080% | 🔺 7681.25 🔻 7678.75
  📡 RSI: 48.3 | MACD: -0.95 | ATR: 2.39
  📊 Filled: 1 | Pending: 0
  📍 LONG @ 7676.75 | SL: 7668.75 | TP: 7686.75 | P&L: $+1,500.00 | +0.5 to trail
  💰 Daily P&L: $+0.00

[2026-08-25 09:55] O:7679.50 H:7680.75 L:7679.00 C:7679.75 V:1916.0
  📈 Trend: moderate_bearish (raw: strong_bearish) | 🌍 Regime: trending_bearish
  🗺️  Grid: 0.080% | 🔺 7681.25 🔻 7679.75
  📡 RSI: 53.8 | MACD: -0.75 | ATR: 2.30
  📊 Filled: 1 | Pending: 0
  📍 LONG @ 7676.75 | SL: 7668.75 | TP: 7686.75 | P&L: $+1,500.00 | +0.5 to trail
  💰 Daily P&L: $+0.00

[2026-08-25 09:56] O:7679.75 H:7680.50 L:7677.75 C:7678.75 V:2110.0
  📈 Trend: strong_bearish | 🌍 Regime: trending_bearish
  🗺️  Grid: 0.080% | 🔺 7680.75 🔻 7679.00
  📡 RSI: 62.2 | MACD: -0.66 | ATR: 2.25
  📊 Filled: 1 | Pending: 0
  📍 LONG @ 7676.75 | SL: 7668.75 | TP: 7686.75 | P&L: $+1,000.00 | +0.5 to trail
  💰 Daily P&L: $+0.00

[2026-08-25 09:57] O:7678.75 H:7681.25 L:7678.00 C:7681.25 V:1768.0
  📈 Trend: strong_bearish | 🌍 Regime: trending_bearish
  🗺️  Grid: 0.080% | 🔺 7680.50 🔻 7677.75
  📡 RSI: 69.1 | MACD: -0.39 | ATR: 2.29
  📊 Filled: 1 | Pending: 0
  📍 LONG @ 7676.75 | SL: 7668.75 | TP: 7686.75 | P&L: $+2,250.00 | +0.5 to trail
  💰 Daily P&L: $+0.00

[2026-08-25 09:58] O:7681.25 H:7681.50 L:7679.75 C:7680.75 V:2059.0
  📈 Trend: strong_bearish | 🌍 Regime: trending_bearish
  🗺️  Grid: 0.080% | 🔺 7681.25 🔻 7678.00
  📡 RSI: 65.5 | MACD: -0.21 | ATR: 2.25
  📊 Filled: 1 | Pending: 0
  📍 LONG @ 7676.75 | SL: 7668.75 | TP: 7686.75 | P&L: $+2,000.00 | +0.5 to trail
  💰 Daily P&L: $+0.00

[2026-08-25 09:59] O:7680.75 H:7681.75 L:7679.75 C:7680.25 V:2085.0
  📈 Trend: strong_bearish | 🌍 Regime: trending_bearish
  🗺️  Grid: 0.080% | 🔺 7681.50 🔻 7679.75
  📡 RSI: 67.9 | MACD: -0.10 | ATR: 2.25
  📊 Filled: 1 | Pending: 0
  📍 LONG @ 7676.75 | SL: 7668.75 | TP: 7686.75 | P&L: $+1,750.00 | +0.5 to trail
  💰 Daily P&L: $+0.00

[2026-08-25 10:00] O:7680.00 H:7681.00 L:7677.50 C:7679.00 V:2861.0
  📈 Trend: strong_bearish (raw: moderate_bearish) | 🌍 Regime: trending_bearish
  🗺️  Grid: 0.080% | 🔺 7681.75 🔻 7679.75
  📡 RSI: 60.7 | MACD: -0.12 | ATR: 2.29
  📊 Filled: 1 | Pending: 0
  📍 LONG @ 7676.75 | SL: 7668.75 | TP: 7686.75 | P&L: $+1,125.00 | +0.5 to trail
  💰 Daily P&L: $+0.00

[2026-08-25 10:01] O:7679.00 H:7680.75 L:7678.50 C:7678.50 V:2129.0
  📈 Trend: moderate_bearish | 🌍 Regime: trending_bearish
  🗺️  Grid: 0.080% | 🔺 7681.00 🔻 7677.50
  📡 RSI: 57.9 | MACD: -0.17 | ATR: 2.34
  📊 Filled: 1 | Pending: 0
  📍 LONG @ 7676.75 | SL: 7668.75 | TP: 7686.75 | P&L: $+875.00 | +0.5 to trail
  💰 Daily P&L: $+0.00

[2026-08-25 10:02] O:7678.25 H:7679.75 L:7677.50 C:7679.00 V:1829.0
  📈 Trend: moderate_bearish | 🌍 Regime: trending_bearish
  🗺️  Grid: 0.080% | 🔺 7680.75 🔻 7678.50
  📡 RSI: 63.6 | MACD: -0.17 | ATR: 2.38
  📊 Filled: 1 | Pending: 0
  📍 LONG @ 7676.75 | SL: 7668.75 | TP: 7686.75 | P&L: $+1,125.00 | +0.5 to trail
  💰 Daily P&L: $+0.00

[2026-08-25 10:03] O:7679.00 H:7679.25 L:7676.25 C:7676.75 V:1776.0
  📈 Trend: moderate_bearish | 🌍 Regime: trending_bearish
  🗺️  Grid: 0.080% | 🔺 7679.75 🔻 7677.50
  📡 RSI: 54.7 | MACD: -0.35 | ATR: 2.46
  📊 Filled: 1 | Pending: 0
  📍 LONG @ 7676.75 | SL: 7668.75 | TP: 7686.75 | P&L: $+0.00 | +0.5 to trail
  💰 Daily P&L: $+0.00

[2026-08-25 10:04] O:7677.00 H:7679.00 L:7676.25 C:7677.50 V:2445.0
  📈 Trend: moderate_bearish | 🌍 Regime: trending_bearish
  🗺️  Grid: 0.080% | 🔺 7679.25 🔻 7676.25
  📡 RSI: 55.4 | MACD: -0.42 | ATR: 2.48
  📊 Filled: 1 | Pending: 0
  📍 LONG @ 7676.75 | SL: 7668.75 | TP: 7686.75 | P&L: $+375.00 | +0.5 to trail
  💰 Daily P&L: $+0.00

[2026-08-25 10:05] O:7677.50 H:7679.50 L:7677.25 C:7679.25 V:1195.0
  📈 Trend: moderate_bearish | 🌍 Regime: trending_bearish
  🗺️  Grid: 0.080% | 🔺 7679.00 🔻 7676.25
  📡 RSI: 55.4 | MACD: -0.34 | ATR: 2.41
  📊 Filled: 1 | Pending: 0
  📍 LONG @ 7676.75 | SL: 7668.75 | TP: 7686.75 | P&L: $+1,250.00 | +0.5 to trail
  💰 Daily P&L: $+0.00

[2026-08-25 10:06] O:7679.25 H:7679.50 L:7677.25 C:7678.25 V:1651.0
  📈 Trend: moderate_bearish | 🌍 Regime: trending_bearish
  🗺️  Grid: 0.080% | 🔺 7679.50 🔻 7677.25
  📡 RSI: 47.6 | MACD: -0.35 | ATR: 2.41
  📊 Filled: 1 | Pending: 0
  📍 LONG @ 7676.75 | SL: 7668.75 | TP: 7686.75 | P&L: $+750.00 | +0.5 to trail
  💰 Daily P&L: $+0.00

[2026-08-25 10:07] O:7678.25 H:7681.00 L:7678.25 C:7678.75 V:1667.0
  📈 Trend: moderate_bearish | 🌍 Regime: trending_bearish
  🗺️  Grid: 0.080% | 🔺 7679.50 🔻 7677.25
  📡 RSI: 42.1 | MACD: -0.31 | ATR: 2.43
  📊 Filled: 1 | Pending: 0
  📍 LONG @ 7676.75 | SL: 7668.75 | TP: 7686.75 | P&L: $+1,000.00 | +0.5 to trail
  💰 Daily P&L: $+0.00

[2026-08-25 10:08] O:7679.00 H:7679.50 L:7678.25 C:7679.50 V:1128.0
  📈 Trend: moderate_bearish | 🌍 Regime: trending_bearish
  🗺️  Grid: 0.080% | 🔺 7681.00 🔻 7678.25
  📡 RSI: 49.1 | MACD: -0.22 | ATR: 2.41
  📊 Filled: 1 | Pending: 0
  📍 LONG @ 7676.75 | SL: 7668.75 | TP: 7686.75 | P&L: $+1,375.00 | +0.5 to trail
  💰 Daily P&L: $+0.00

[2026-08-25 10:09] O:7679.50 H:7680.00 L:7678.50 C:7679.00 V:1274.0
  📈 Trend: moderate_bearish | 🌍 Regime: trending_bearish
  🗺️  Grid: 0.080% | 🔺 7679.50 🔻 7678.25
  📡 RSI: 47.4 | MACD: -0.18 | ATR: 2.39
  📊 Filled: 1 | Pending: 0
  📍 LONG @ 7676.75 | SL: 7668.75 | TP: 7686.75 | P&L: $+1,125.00 | +0.5 to trail
  💰 Daily P&L: $+0.00

[2026-08-25 10:10] O:7679.00 H:7679.75 L:7677.75 C:7679.25 V:1346.0
  📈 Trend: moderate_bearish | 🌍 Regime: trending_bearish
  🗺️  Grid: 0.080% | 🔺 7680.00 🔻 7678.50
  📡 RSI: 51.9 | MACD: -0.13 | ATR: 2.34
  📊 Filled: 1 | Pending: 0
  📍 LONG @ 7676.75 | SL: 7668.75 | TP: 7686.75 | P&L: $+1,250.00 | +0.5 to trail
  💰 Daily P&L: $+0.00

[2026-08-25 10:11] O:7679.50 H:7681.00 L:7679.00 C:7680.75 V:1184.0
  📈 Trend: moderate_bearish (raw: strong_bullish) | 🌍 Regime: ranging
  🗺️  Grid: 0.080% | 🔺 7679.75 🔻 7677.75
  📡 RSI: 48.0 | MACD: 0.03 | ATR: 2.25
  📊 Filled: 1 | Pending: 0
  📍 LONG @ 7676.75 | SL: 7668.75 | TP: 7686.75 | P&L: $+2,000.00 | +0.5 to trail
  💰 Daily P&L: $+0.00

[2026-08-25 10:12] O:7680.75 H:7681.00 L:7678.25 C:7678.75 V:1323.0
  📈 Trend: moderate_bearish | 🌍 Regime: ranging
  🗺️  Grid: 0.080% | 🔺 7681.00 🔻 7679.00
  📡 RSI: 42.9 | MACD: -0.01 | ATR: 2.32
  📊 Filled: 1 | Pending: 0
  📍 LONG @ 7676.75 | SL: 7668.75 | TP: 7686.75 | P&L: $+1,000.00 | +0.5 to trail
  💰 Daily P&L: $+0.00

[2026-08-25 10:13] O:7678.50 H:7679.25 L:7676.75 C:7677.00 V:1461.0
  📈 Trend: moderate_bearish | 🌍 Regime: ranging
  🗺️  Grid: 0.080% | 🔺 7681.00 🔻 7678.25
  📡 RSI: 39.3 | MACD: -0.17 | ATR: 2.36
  📊 Filled: 1 | Pending: 0
  📍 LONG @ 7676.75 | SL: 7668.75 | TP: 7686.75 | P&L: $+125.00 | +0.5 to trail
  💰 Daily P&L: $+0.00

[2026-08-25 10:14] O:7677.25 H:7679.25 L:7677.25 C:7678.75 V:1315.0
  📈 Trend: moderate_bearish | 🌍 Regime: ranging
  🗺️  Grid: 0.080% | 🔺 7679.25 🔻 7676.75
  📡 RSI: 49.2 | MACD: -0.16 | ATR: 2.27
  📊 Filled: 1 | Pending: 0
  📍 LONG @ 7676.75 | SL: 7668.75 | TP: 7686.75 | P&L: $+1,000.00 | +0.5 to trail
  💰 Daily P&L: $+0.00

[2026-08-25 10:15] O:7679.00 H:7680.50 L:7677.75 C:7680.25 V:1546.0
  📈 Trend: moderate_bearish (raw: moderate_bullish) | 🌍 Regime: ranging
  🗺️  Grid: 0.080% | 🔺 7679.25 🔻 7677.25
  📡 RSI: 55.2 | MACD: -0.03 | ATR: 2.30
  📊 Filled: 1 | Pending: 0
  📍 LONG @ 7676.75 | SL: 7668.75 | TP: 7686.75 | P&L: $+1,750.00 | +0.5 to trail
  💰 Daily P&L: $+0.00

[2026-08-25 10:16] O:7680.25 H:7681.25 L:7680.00 C:7680.50 V:1316.0
  📈 Trend: moderate_bullish | 🌍 Regime: ranging
  🗺️  Grid: 0.080% | 🔺 7680.50 🔻 7677.75
  📡 RSI: 54.5 | MACD: 0.09 | ATR: 2.23
  📊 Filled: 1 | Pending: 0
  📍 LONG @ 7676.75 | SL: 7668.75 | TP: 7686.75 | P&L: $+1,875.00 | +0.5 to trail
  💰 Daily P&L: $+0.00

[2026-08-25 10:17] O:7680.75 H:7681.50 L:7680.75 C:7681.00 V:1022.0
  📈 Trend: moderate_bullish (raw: strong_bullish) | 🌍 Regime: ranging
  🗺️  Grid: 0.080% | 🔺 7681.25 🔻 7680.00
  📡 RSI: 64.4 | MACD: 0.22 | ATR: 2.09
  📊 Filled: 1 | Pending: 0
  📍 LONG @ 7676.75 | SL: 7668.75 | TP: 7686.75 | P&L: $+2,125.00 | +0.5 to trail
  💰 Daily P&L: $+0.00

[2026-08-25 10:18] O:7681.00 H:7681.50 L:7679.25 C:7679.50 V:1394.0
  📈 Trend: moderate_bullish | 🌍 Regime: ranging
  🗺️  Grid: 0.080% | 🔺 7681.50 🔻 7680.75
  📡 RSI: 56.5 | MACD: 0.21 | ATR: 2.05
  📊 Filled: 1 | Pending: 0
  📍 LONG @ 7676.75 | SL: 7668.75 | TP: 7686.75 | P&L: $+1,375.00 | +0.5 to trail
  💰 Daily P&L: $+0.00

[2026-08-25 10:19] O:7679.50 H:7682.50 L:7679.25 C:7682.00 V:1152.0
  📈 Trend: moderate_bullish (raw: strong_bullish) | 🌍 Regime: ranging
  🗺️  Grid: 0.080% | 🔺 7681.50 🔻 7679.25
  📡 RSI: 58.5 | MACD: 0.39 | ATR: 2.12
  📊 Filled: 1 | Pending: 0
  📍 LONG @ 7676.75 | SL: 7668.75 | TP: 7686.75 | P&L: $+2,625.00 | +0.5 to trail
  💰 Daily P&L: $+0.00

[2026-08-25 10:20] O:7682.25 H:7683.75 L:7682.00 C:7683.50 V:2026.0
  📈 Trend: strong_bullish | 🌍 Regime: ranging
  🗺️  Grid: 0.080% | 🔺 7682.50 🔻 7679.25
  📡 RSI: 65.7 | MACD: 0.65 | ATR: 2.09
  📊 Filled: 1 | Pending: 0
  📍 LONG @ 7676.75 | SL: 7668.75 | TP: 7686.75 | P&L: $+3,375.00 | +0.5 to trail
  💰 Daily P&L: $+0.00

[2026-08-25 10:21] O:7683.75 H:7684.75 L:7683.50 C:7684.50 V:2319.0
  📈 Trend: strong_bullish | 🌍 Regime: ranging
  🗺️  Grid: 0.080% | 🔺 7683.75 🔻 7682.00
  📡 RSI: 66.7 | MACD: 0.93 | ATR: 1.98
  📊 Filled: 1 | Pending: 0
  📍 LONG @ 7676.75 | SL: 7668.75 | TP: 7686.75 | P&L: $+3,875.00 | +0.5 to trail
  ✏️ Stop order 734 modified → 7683.25 [confirmed]
  🔄 TRAILING ACTIVATED @ +8.00pts | Stop: 7668.75 → 7683.25
  💰 Daily P&L: $+0.00

[2026-08-25 10:22] O:7684.25 H:7684.75 L:7683.50 C:7683.75 V:1209.0
  📈 Trend: strong_bullish | 🌍 Regime: ranging
  🗺️  Grid: 0.080% | 🔺 7684.75 🔻 7683.50
  📡 RSI: 62.3 | MACD: 1.07 | ATR: 1.98
  📊 Filled: 1 | Pending: 0
  📍 LONG @ 7676.75 | Trail: 7683.25 | TP: 7686.75 | P&L: $+3,500.00 | 🔒 Trailing
  💰 Daily P&L: $+0.00
  📋 Order 735 status: PreSubmitted
  📋 Order 735 status: PendingCancel
  ✅ Fill: SLD 10.0 @ 7683.25
  📋 Order 734 status: Filled
  📋 Order 735 status: PendingCancel
  🛡️ OCA backup: cancelling sibling order 735 immediately after 734 filled
  📋 Order 735 status: Cancelled

[2026-08-25 10:23] O:7683.75 H:7684.00 L:7679.75 C:7680.50 V:2720.0
  📈 Trend: strong_bullish | 🌍 Regime: ranging
  🗺️  Grid: 0.080% | 🔺 7684.75 🔻 7683.50
  📡 RSI: 53.8 | MACD: 0.91 | ATR: 2.18
  📊 Filled: 1 | Pending: 0
  📍 LONG @ 7676.75 | Trail: 7683.25 | TP: 7686.75 | P&L: $+1,875.00 | 🔒 Trailing
  ✅ EXIT LONG @ 7683.25 | Trailing Stop
     P&L: +6.50 pts ($+3,250.00) | Daily: $+3,250.00
  ⚠️ POSITION MISMATCH after exit: broker=-1, bot expects=0
  🛟 Flattening stray -1 contract(s) with BUY to restore expected exposure
  📤 Market BUY 1 contracts submitted (ID: 736)
  📋 Order 736 status: PreSubmitted
  ✅ Fill: BOT 1.0 @ 7681.0
  📋 Order 736 status: Filled
  ⏸️ Cooldown: 2 bar(s) remaining after exit
  💰 Daily P&L: $+3,250.00

[2026-08-25 10:24] O:7680.75 H:7682.25 L:7680.50 C:7680.75 V:1500.0
  📈 Trend: strong_bullish | 🌍 Regime: ranging
  🗺️  Grid: 0.080% | 🔺 7684.00 🔻 7679.75
  📡 RSI: 53.8 | MACD: 0.80 | ATR: 2.16
  📊 Filled: 0 | Pending: 0
  ⏸️ Cooldown: 1 bar(s) remaining after exit
  💰 Daily P&L: $+3,250.00

[2026-08-25 10:25] O:7681.00 H:7681.50 L:7679.50 C:7681.00 V:1301.0
  📈 Trend: strong_bullish | 🌍 Regime: ranging
  🗺️  Grid: 0.080% | 🔺 7682.25 🔻 7680.50
  📡 RSI: 50.7 | MACD: 0.72 | ATR: 2.16
  📊 Filled: 0 | Pending: 0
  🔲 Regime: RANGING | Range pos: 39% | RSI: 50.7
  💰 Daily P&L: $+3,250.00

[2026-08-25 10:26] O:7681.00 H:7681.50 L:7680.50 C:7681.25 V:1145.0
  📈 Trend: strong_bullish | 🌍 Regime: ranging
  🗺️  Grid: 0.080% | 🔺 7681.50 🔻 7679.50
  📡 RSI: 57.4 | MACD: 0.67 | ATR: 2.04
  📊 Filled: 0 | Pending: 0
  🔲 Regime: RANGING | Range pos: 39% | RSI: 57.4
  💰 Daily P&L: $+3,250.00

[2026-08-25 10:27] O:7681.25 H:7684.00 L:7680.50 C:7683.75 V:1462.0
  📈 Trend: strong_bullish | 🌍 Regime: ranging
  🗺️  Grid: 0.080% | 🔺 7681.50 🔻 7680.50
  📡 RSI: 69.0 | MACD: 0.83 | ATR: 2.11
  📊 Filled: 0 | Pending: 0
  🔲 Regime: RANGING | Range pos: 45% | RSI: 69.0
  💰 Daily P&L: $+3,250.00

[2026-08-25 10:28] O:7684.00 H:7686.25 L:7683.75 C:7685.75 V:2319.0
  📈 Trend: strong_bullish | 🌍 Regime: ranging
  🗺️  Grid: 0.080% | 🔺 7684.00 🔻 7680.50
  📡 RSI: 69.4 | MACD: 1.10 | ATR: 2.12
  📊 Filled: 0 | Pending: 0
  🔲 Regime: RANGING | Range pos: 49% | RSI: 69.4
  💰 Daily P&L: $+3,250.00

[2026-08-25 10:29] O:7686.00 H:7687.00 L:7685.25 C:7686.00 V:2362.0
  📈 Trend: strong_bullish | 🌍 Regime: ranging
  🗺️  Grid: 0.080% | 🔺 7686.25 🔻 7683.75
  📡 RSI: 67.2 | MACD: 1.31 | ATR: 2.05
  📊 Filled: 0 | Pending: 0
  🔲 Regime: RANGING | Range pos: 50% | RSI: 67.2
  💰 Daily P&L: $+3,250.00

[2026-08-25 10:30] O:7686.25 H:7686.75 L:7685.50 C:7686.00 V:3039.0
  📈 Trend: strong_bullish | 🌍 Regime: ranging
  🗺️  Grid: 0.080% | 🔺 7687.00 🔻 7685.25
  📡 RSI: 66.7 | MACD: 1.47 | ATR: 2.05
  📊 Filled: 0 | Pending: 0
  🔲 Regime: RANGING | Range pos: 50% | RSI: 66.7
  💰 Daily P&L: $+3,250.00

[2026-08-25 10:31] O:7686.25 H:7687.00 L:7685.50 C:7685.75 V:2292.0
  📈 Trend: strong_bullish | 🌍 Regime: ranging
  🗺️  Grid: 0.080% | 🔺 7686.75 🔻 7685.50
  📡 RSI: 64.6 | MACD: 1.56 | ATR: 2.09
  📊 Filled: 0 | Pending: 0
  🔲 Regime: RANGING | Range pos: 49% | RSI: 64.6
  💰 Daily P&L: $+3,250.00

[2026-08-25 10:32] O:7686.00 H:7686.00 L:7684.50 C:7685.00 V:1971.0
  📈 Trend: strong_bullish | 🌍 Regime: ranging
  🗺️  Grid: 0.080% | 🔺 7687.00 🔻 7685.50
  📡 RSI: 67.7 | MACD: 1.55 | ATR: 2.04
  📊 Filled: 0 | Pending: 0
  🔲 Regime: RANGING | Range pos: 48% | RSI: 67.7
  💰 Daily P&L: $+3,250.00

[2026-08-25 10:33] O:7685.00 H:7691.00 L:7683.50 C:7688.25 V:6103.0
  📈 Trend: strong_bullish | 🌍 Regime: ranging
  🗺️  Grid: 0.080% | 🔺 7686.00 🔻 7684.50
  📡 RSI: 69.2 | MACD: 1.78 | ATR: 2.34
  📊 Filled: 0 | Pending: 0
  🔲 Regime: RANGING | Range pos: 55% | RSI: 69.2
  💰 Daily P&L: $+3,250.00

[2026-08-25 10:34] O:7688.25 H:7688.50 L:7683.50 C:7684.00 V:3920.0
  📈 Trend: strong_bullish | 🌍 Regime: trending_bullish
  🗺️  Grid: 0.080% | 🔺 7691.00 🔻 7683.50
  📡 RSI: 51.3 | MACD: 1.60 | ATR: 2.57
  📊 Filled: 0 | Pending: 0
  💰 Daily P&L: $+3,250.00

[2026-08-25 10:35] O:7684.00 H:7690.25 L:7683.75 C:7686.25 V:11017.0
  📈 Trend: strong_bullish | 🌍 Regime: trending_bullish
  🗺️  Grid: 0.080% | 🔺 7688.50 🔻 7683.50
  📡 RSI: 54.3 | MACD: 1.63 | ATR: 2.95
  📊 Filled: 0 | Pending: 0
  💰 Daily P&L: $+3,250.00

[2026-08-25 10:36] O:7686.50 H:7686.75 L:7685.00 C:7685.50 V:1474.0
  📈 Trend: strong_bullish | 🌍 Regime: trending_bullish
  🗺️  Grid: 0.080% | 🔺 7690.25 🔻 7683.75
  📡 RSI: 54.3 | MACD: 1.57 | ATR: 2.98
  📊 Filled: 0 | Pending: 0
  💰 Daily P&L: $+3,250.00

[2026-08-25 10:37] O:7685.75 H:7686.00 L:7684.50 C:7685.00 V:1258.0
  📈 Trend: strong_bullish | 🌍 Regime: trending_bullish
  🗺️  Grid: 0.080% | 🔺 7686.75 🔻 7685.00
  📡 RSI: 62.9 | MACD: 1.46 | ATR: 2.79
  📊 Filled: 0 | Pending: 0
  💰 Daily P&L: $+3,250.00

[2026-08-25 10:38] O:7685.00 H:7686.00 L:7684.25 C:7685.50 V:1062.0
  📈 Trend: strong_bullish (raw: moderate_bullish) | 🌍 Regime: trending_bullish
  🗺️  Grid: 0.080% | 🔺 7686.00 🔻 7684.50
  📡 RSI: 63.4 | MACD: 1.40 | ATR: 2.79
  📊 Filled: 0 | Pending: 0
  💰 Daily P&L: $+3,250.00

[2026-08-25 10:39] O:7685.50 H:7685.75 L:7683.75 C:7684.25 V:1149.0
  📈 Trend: moderate_bullish | 🌍 Regime: trending_bullish
  🗺️  Grid: 0.080% | 🔺 7686.00 🔻 7684.25
  📡 RSI: 58.7 | MACD: 1.24 | ATR: 2.79
  📊 Filled: 0 | Pending: 0
  💰 Daily P&L: $+3,250.00

[2026-08-25 10:40] O:7684.25 H:7685.50 L:7683.50 C:7684.00 V:1182.0
  📈 Trend: moderate_bullish (raw: moderate_bearish) | 🌍 Regime: trending_bearish
  🗺️  Grid: 0.080% | 🔺 7685.75 🔻 7683.75
  📡 RSI: 57.3 | MACD: 1.08 | ATR: 2.86
  📊 Filled: 0 | Pending: 0
  💰 Daily P&L: $+3,250.00

[2026-08-25 10:41] O:7683.75 H:7684.00 L:7682.00 C:7682.75 V:1869.0
  📈 Trend: moderate_bearish | 🌍 Regime: trending_bearish
  🗺️  Grid: 0.080% | 🔺 7685.50 🔻 7683.50
  📡 RSI: 47.1 | MACD: 0.84 | ATR: 2.75
  📊 Filled: 0 | Pending: 0
  💰 Daily P&L: $+3,250.00

[2026-08-25 10:42] O:7682.75 H:7684.75 L:7682.25 C:7683.25 V:1313.0
  📈 Trend: moderate_bearish (raw: moderate_bullish) | 🌍 Regime: trending_bullish
  🗺️  Grid: 0.080% | 🔺 7684.00 🔻 7682.00
  📡 RSI: 42.2 | MACD: 0.69 | ATR: 2.75
  📊 Filled: 0 | Pending: 0
  💰 Daily P&L: $+3,250.00

[2026-08-25 10:43] O:7683.50 H:7684.50 L:7683.25 C:7683.75 V:935.0
  📈 Trend: moderate_bullish | 🌍 Regime: trending_bullish
  🗺️  Grid: 0.080% | 🔺 7684.75 🔻 7682.25
  📡 RSI: 43.1 | MACD: 0.59 | ATR: 2.71
  📊 Filled: 0 | Pending: 0
  💰 Daily P&L: $+3,250.00
→ Real-time bars cancelled
✓ Disconnected from IBKR
