2026-08-28 10:01:05 | ERROR    | Error 10147, reqId 713: OrderId 713 that needs to be cancelled is not found.
2026-08-28 10:45:05 | ERROR    | Error 10147, reqId 717: OrderId 717 that needs to be cancelled is not found.
2026-08-28 10:54:05 | ERROR    | Error 10147, reqId 720: OrderId 720 that needs to be cancelled is not found.
2026-08-28 11:27:06 | ERROR    | Error 10147, reqId 722: OrderId 722 that needs to be cancelled is not found.
2026-08-28 12:24:05 | ERROR    | Error 10148, reqId 726: OrderId 726 that needs to be cancelled cannot be cancelled, state: Cancelled.
2026-08-28 12:45:05 | ERROR    | Error 10148, reqId 729: OrderId 729 that needs to be cancelled cannot be cancelled, state: Cancelled.
2026-08-28 13:51:05 | ERROR    | Error 10147, reqId 732: OrderId 732 that needs to be cancelled is not found.
0
  Trend: strong_bullish
  RSI: 81.5
  ATR: 0.88
  MACD: 0.94 / Signal: 0.56
  MA: 7741.31 / 7741.06 / 7739.34

------------------------------------------------------------
Account Value: $1,004,100.35
Buying Power: $3,979,270.67
Current Position: 0 contracts
------------------------------------------------------------

============================================================
Starting live 1-minute bar stream...
Strategy is now ACTIVE (SCALP mode)
============================================================

→ Subscribed to 5-second real-time bars (aggregating to 1 min)

[2026-08-28 07:10] O:7744.00 H:7744.25 L:7743.50 C:7743.75 V:158.0
  📈 Trend: sideways (raw: strong_bullish) | 🌍 Regime: trending_bullish
  🗺️  Grid: 0.080% | 🔺 7744.50 🔻 7743.75
  📡 RSI: 77.8 | MACD: 0.97 | ATR: 0.88
  📊 Filled: 0 | Pending: 0
  🕐 Outside session (07:10 CT) — no entries
  💰 Daily P&L: $+0.00

[2026-08-28 07:11] O:7743.75 H:7744.00 L:7742.75 C:7743.75 V:487.0
  📈 Trend: strong_bullish | 🌍 Regime: trending_bullish
  🗺️  Grid: 0.080% | 🔺 7744.25 🔻 7743.50
  📡 RSI: 75.0 | MACD: 0.98 | ATR: 0.89
  📊 Filled: 0 | Pending: 0
  🕐 Outside session (07:11 CT) — no entries
  💰 Daily P&L: $+0.00

[2026-08-28 07:12] O:7743.75 H:7745.50 L:7743.25 C:7745.50 V:556.0
  📈 Trend: strong_bullish | 🌍 Regime: trending_bullish
  🗺️  Grid: 0.080% | 🔺 7744.00 🔻 7742.75
  📡 RSI: 92.6 | MACD: 1.12 | ATR: 0.96
  📊 Filled: 0 | Pending: 0
  🕐 Outside session (07:12 CT) — no entries
  💰 Daily P&L: $+0.00

[2026-08-28 07:13] O:7745.50 H:7748.00 L:7744.25 C:7746.00 V:1268.0
  📈 Trend: strong_bullish | 🌍 Regime: trending_bullish
  🗺️  Grid: 0.080% | 🔺 7745.50 🔻 7743.25
  📡 RSI: 93.1 | MACD: 1.25 | ATR: 1.18
  📊 Filled: 0 | Pending: 0
  🕐 Outside session (07:13 CT) — no entries
  💰 Daily P&L: $+0.00

[2026-08-28 07:14] O:7746.25 H:7747.00 L:7746.25 C:7746.75 V:770.0
  📈 Trend: strong_bullish | 🌍 Regime: trending_bullish
  🗺️  Grid: 0.080% | 🔺 7748.00 🔻 7744.25
  📡 RSI: 93.1 | MACD: 1.40 | ATR: 1.20
  📊 Filled: 0 | Pending: 0
  🕐 Outside session (07:14 CT) — no entries
  💰 Daily P&L: $+0.00

[2026-08-28 07:15] O:7746.50 H:7747.25 L:7746.25 C:7747.00 V:562.0
  📈 Trend: strong_bullish | 🌍 Regime: trending_bullish
  🗺️  Grid: 0.080% | 🔺 7747.00 🔻 7746.25
  📡 RSI: 93.1 | MACD: 1.52 | ATR: 1.21
  📊 Filled: 0 | Pending: 0
  🕐 Outside session (07:15 CT) — no entries
  💰 Daily P&L: $+0.00

[2026-08-28 07:16] O:7747.00 H:7747.50 L:7747.00 C:7747.25 V:256.0
  📈 Trend: strong_bullish | 🌍 Regime: trending_bullish
  🗺️  Grid: 0.080% | 🔺 7747.25 🔻 7746.25
  📡 RSI: 92.6 | MACD: 1.62 | ATR: 1.18
  📊 Filled: 0 | Pending: 0
  🕐 Outside session (07:16 CT) — no entries
  💰 Daily P&L: $+0.00

[2026-08-28 07:17] O:7747.00 H:7747.75 L:7747.00 C:7747.00 V:141.0
  📈 Trend: strong_bullish | 🌍 Regime: trending_bullish
  🗺️  Grid: 0.080% | 🔺 7747.50 🔻 7747.00
  📡 RSI: 87.5 | MACD: 1.66 | ATR: 1.16
  📊 Filled: 0 | Pending: 0
  🕐 Outside session (07:17 CT) — no entries
  💰 Daily P&L: $+0.00

[2026-08-28 07:18] O:7747.00 H:7748.75 L:7746.75 C:7747.50 V:321.0
  📈 Trend: strong_bullish | 🌍 Regime: trending_bullish
  🗺️  Grid: 0.080% | 🔺 7747.75 🔻 7747.00
  📡 RSI: 88.5 | MACD: 1.71 | ATR: 1.27
  📊 Filled: 0 | Pending: 0
  🕐 Outside session (07:18 CT) — no entries
  💰 Daily P&L: $+0.00

[2026-08-28 07:19] O:7747.50 H:7748.75 L:7747.50 C:7748.25 V:167.0
  📈 Trend: strong_bullish | 🌍 Regime: trending_bullish
  🗺️  Grid: 0.080% | 🔺 7748.75 🔻 7746.75
  📡 RSI: 88.9 | MACD: 1.79 | ATR: 1.27
  📊 Filled: 0 | Pending: 0
  🕐 Outside session (07:19 CT) — no entries
  💰 Daily P&L: $+0.00

[2026-08-28 07:20] O:7748.25 H:7748.75 L:7748.25 C:7748.75 V:306.0
  📈 Trend: strong_bullish | 🌍 Regime: trending_bullish
  🗺️  Grid: 0.080% | 🔺 7748.75 🔻 7747.50
  📡 RSI: 89.3 | MACD: 1.87 | ATR: 1.27
  📊 Filled: 0 | Pending: 0
  🕐 Outside session (07:20 CT) — no entries
  💰 Daily P&L: $+0.00

[2026-08-28 07:21] O:7748.75 H:7749.75 L:7748.25 C:7749.50 V:349.0
  📈 Trend: strong_bullish | 🌍 Regime: trending_bullish
  🗺️  Grid: 0.080% | 🔺 7748.75 🔻 7748.25
  📡 RSI: 90.0 | MACD: 1.98 | ATR: 1.32
  📊 Filled: 0 | Pending: 0
  🕐 Outside session (07:21 CT) — no entries
  💰 Daily P&L: $+0.00

[2026-08-28 07:22] O:7749.50 H:7750.00 L:7749.25 C:7750.00 V:155.0
  📈 Trend: strong_bullish | 🌍 Regime: trending_bullish
  🗺️  Grid: 0.080% | 🔺 7749.75 🔻 7748.25
  📡 RSI: 89.7 | MACD: 2.08 | ATR: 1.29
  📊 Filled: 0 | Pending: 0
  🕐 Outside session (07:22 CT) — no entries
  💰 Daily P&L: $+0.00

[2026-08-28 07:23] O:7750.00 H:7750.50 L:7749.50 C:7750.50 V:375.0
  📈 Trend: strong_bullish | 🌍 Regime: trending_bullish
  🗺️  Grid: 0.080% | 🔺 7750.00 🔻 7749.25
  📡 RSI: 93.3 | MACD: 2.17 | ATR: 1.30
  📊 Filled: 0 | Pending: 0
  🕐 Outside session (07:23 CT) — no entries
  💰 Daily P&L: $+0.00

[2026-08-28 07:24] O:7750.75 H:7751.00 L:7749.75 C:7750.00 V:207.0
  📈 Trend: strong_bullish | 🌍 Regime: trending_bullish
  🗺️  Grid: 0.080% | 🔺 7750.50 🔻 7749.50
  📡 RSI: 90.3 | MACD: 2.18 | ATR: 1.34
  📊 Filled: 0 | Pending: 0
  🕐 Outside session (07:24 CT) — no entries
  💰 Daily P&L: $+0.00

[2026-08-28 07:25] O:7750.00 H:7750.50 L:7749.00 C:7749.75 V:400.0
  📈 Trend: strong_bullish | 🌍 Regime: trending_bullish
  🗺️  Grid: 0.080% | 🔺 7751.00 🔻 7749.75
  📡 RSI: 87.5 | MACD: 2.14 | ATR: 1.36
  📊 Filled: 0 | Pending: 0
  🕐 Outside session (07:25 CT) — no entries
  💰 Daily P&L: $+0.00

[2026-08-28 07:26] O:7749.75 H:7750.00 L:7749.50 C:7749.50 V:288.0
  📈 Trend: strong_bullish | 🌍 Regime: trending_bullish
  🗺️  Grid: 0.080% | 🔺 7750.50 🔻 7749.00
  📡 RSI: 80.8 | MACD: 2.06 | ATR: 1.23
  📊 Filled: 0 | Pending: 0
  🕐 Outside session (07:26 CT) — no entries
  💰 Daily P&L: $+0.00

[2026-08-28 07:27] O:7749.50 H:7750.00 L:7748.50 C:7748.50 V:379.0
  📈 Trend: strong_bullish | 🌍 Regime: trending_bullish
  🗺️  Grid: 0.080% | 🔺 7750.00 🔻 7749.50
  📡 RSI: 67.9 | MACD: 1.90 | ATR: 1.07
  📊 Filled: 0 | Pending: 0
  🕐 Outside session (07:27 CT) — no entries
  💰 Daily P&L: $+0.00

[2026-08-28 07:28] O:7748.50 H:7750.00 L:7748.50 C:7749.75 V:258.0
  📈 Trend: strong_bullish | 🌍 Regime: trending_bullish
  🗺️  Grid: 0.080% | 🔺 7750.00 🔻 7748.50
  📡 RSI: 70.0 | MACD: 1.85 | ATR: 1.11
  📊 Filled: 0 | Pending: 0
  🕐 Outside session (07:28 CT) — no entries
  💰 Daily P&L: $+0.00

[2026-08-28 07:29] O:7749.75 H:7750.50 L:7749.50 C:7750.50 V:215.0
  📈 Trend: strong_bullish | 🌍 Regime: trending_bullish
  🗺️  Grid: 0.080% | 🔺 7750.00 🔻 7748.50
  📡 RSI: 71.9 | MACD: 1.86 | ATR: 1.11
  📊 Filled: 0 | Pending: 0
  🕐 Outside session (07:29 CT) — no entries
  💰 Daily P&L: $+0.00

[2026-08-28 07:30] O:7750.25 H:7750.25 L:7747.25 C:7747.50 V:394.0
  📈 Trend: strong_bullish | 🌍 Regime: trending_bullish
  🗺️  Grid: 0.080% | 🔺 7750.50 🔻 7749.50
  📡 RSI: 51.2 | MACD: 1.60 | ATR: 1.30
  📊 Filled: 0 | Pending: 0
  🕐 Outside session (07:30 CT) — no entries
  💰 Daily P&L: $+0.00

[2026-08-28 07:31] O:7747.50 H:7747.75 L:7746.25 C:7746.75 V:390.0
  📈 Trend: strong_bullish | 🌍 Regime: trending_bullish
  🗺️  Grid: 0.080% | 🔺 7750.25 🔻 7747.25
  📡 RSI: 48.9 | MACD: 1.31 | ATR: 1.36
  📊 Filled: 0 | Pending: 0
  🕐 Outside session (07:31 CT) — no entries
  💰 Daily P&L: $+0.00

[2026-08-28 07:32] O:7746.75 H:7746.75 L:7745.75 C:7746.25 V:268.0
  📈 Trend: strong_bullish | 🌍 Regime: trending_bullish
  🗺️  Grid: 0.080% | 🔺 7747.75 🔻 7746.25
  📡 RSI: 44.4 | MACD: 1.04 | ATR: 1.29
  📊 Filled: 0 | Pending: 0
  🕐 Outside session (07:32 CT) — no entries
  💰 Daily P&L: $+0.00

[2026-08-28 07:33] O:7746.25 H:7747.00 L:7746.00 C:7746.50 V:261.0
  📈 Trend: strong_bullish (raw: moderate_bullish) | 🌍 Regime: trending_bullish
  🗺️  Grid: 0.080% | 🔺 7746.75 🔻 7745.75
  📡 RSI: 41.9 | MACD: 0.83 | ATR: 1.27
  📊 Filled: 0 | Pending: 0
  🕐 Outside session (07:33 CT) — no entries
  💰 Daily P&L: $+0.00

[2026-08-28 07:34] O:7746.50 H:7746.50 L:7745.50 C:7745.50 V:211.0
  📈 Trend: moderate_bullish | 🌍 Regime: trending_bullish
  🗺️  Grid: 0.080% | 🔺 7747.00 🔻 7746.00
  📡 RSI: 35.6 | MACD: 0.58 | ATR: 1.30
  📊 Filled: 0 | Pending: 0
  🕐 Outside session (07:34 CT) — no entries
  💰 Daily P&L: $+0.00

[2026-08-28 07:35] O:7745.75 H:7746.00 L:7743.75 C:7744.00 V:378.0
  📈 Trend: moderate_bullish | 🌍 Regime: trending_bullish
  🗺️  Grid: 0.080% | 🔺 7746.50 🔻 7745.50
  📡 RSI: 27.1 | MACD: 0.25 | ATR: 1.36
  📊 Filled: 0 | Pending: 0
  🕐 Outside session (07:35 CT) — no entries
  💰 Daily P&L: $+0.00

[2026-08-28 07:36] O:7744.00 H:7745.50 L:7743.75 C:7745.50 V:338.0
  📈 Trend: moderate_bullish | 🌍 Regime: trending_bullish
  🗺️  Grid: 0.080% | 🔺 7746.00 🔻 7743.75
  📡 RSI: 32.7 | MACD: 0.12 | ATR: 1.43
  📊 Filled: 0 | Pending: 0
  🕐 Outside session (07:36 CT) — no entries
  💰 Daily P&L: $+0.00

[2026-08-28 07:37] O:7745.25 H:7746.00 L:7745.00 C:7745.50 V:323.0
  📈 Trend: moderate_bullish | 🌍 Regime: trending_bullish
  🗺️  Grid: 0.080% | 🔺 7745.50 🔻 7743.75
  📡 RSI: 30.0 | MACD: 0.01 | ATR: 1.43
  📊 Filled: 0 | Pending: 0
  🕐 Outside session (07:37 CT) — no entries
  💰 Daily P&L: $+0.00

[2026-08-28 07:38] O:7745.50 H:7747.25 L:7745.25 C:7747.00 V:306.0
  📈 Trend: moderate_bullish | 🌍 Regime: trending_bullish
  🗺️  Grid: 0.080% | 🔺 7746.00 🔻 7745.00
  📡 RSI: 38.9 | MACD: 0.04 | ATR: 1.48
  📊 Filled: 0 | Pending: 0
  🕐 Outside session (07:38 CT) — no entries
  💰 Daily P&L: $+0.00

[2026-08-28 07:39] O:7747.25 H:7747.50 L:7745.75 C:7746.50 V:417.0
  📈 Trend: moderate_bullish | 🌍 Regime: trending_bullish
  🗺️  Grid: 0.080% | 🔺 7747.25 🔻 7745.25
  📡 RSI: 38.2 | MACD: 0.03 | ATR: 1.50
  📊 Filled: 0 | Pending: 0
  🕐 Outside session (07:39 CT) — no entries
  💰 Daily P&L: $+0.00

[2026-08-28 07:40] O:7746.50 H:7746.50 L:7745.75 C:7746.00 V:262.0
  📈 Trend: moderate_bullish | 🌍 Regime: trending_bullish
  🗺️  Grid: 0.080% | 🔺 7747.50 🔻 7745.75
  📡 RSI: 37.5 | MACD: -0.02 | ATR: 1.52
  📊 Filled: 0 | Pending: 0
  🕐 Outside session (07:40 CT) — no entries
  💰 Daily P&L: $+0.00

[2026-08-28 07:41] O:7745.75 H:7747.00 L:7745.75 C:7746.75 V:214.0
  📈 Trend: moderate_bullish | 🌍 Regime: ranging
  🗺️  Grid: 0.080% | 🔺 7746.50 🔻 7745.75
  📡 RSI: 43.6 | MACD: 0.00 | ATR: 1.50
  📊 Filled: 0 | Pending: 0
  🕐 Outside session (07:41 CT) — no entries
  💰 Daily P&L: $+0.00

[2026-08-28 07:42] O:7746.75 H:7749.25 L:7746.75 C:7749.00 V:302.0
  📈 Trend: moderate_bullish | 🌍 Regime: ranging
  🗺️  Grid: 0.080% | 🔺 7747.00 🔻 7745.75
  📡 RSI: 47.5 | MACD: 0.20 | ATR: 1.57
  📊 Filled: 0 | Pending: 0
  🕐 Outside session (07:42 CT) — no entries
  💰 Daily P&L: $+0.00

[2026-08-28 07:43] O:7749.25 H:7749.25 L:7748.50 C:7749.25 V:256.0
  📈 Trend: moderate_bullish (raw: strong_bullish) | 🌍 Regime: ranging
  🗺️  Grid: 0.080% | 🔺 7749.25 🔻 7746.75
  📡 RSI: 45.6 | MACD: 0.37 | ATR: 1.55
  📊 Filled: 0 | Pending: 0
  🕐 Outside session (07:43 CT) — no entries
  💰 Daily P&L: $+0.00

[2026-08-28 07:44] O:7749.00 H:7750.00 L:7749.00 C:7750.00 V:298.0
  📈 Trend: strong_bullish | 🌍 Regime: ranging
  🗺️  Grid: 0.080% | 🔺 7749.25 🔻 7748.50
  📡 RSI: 60.4 | MACD: 0.56 | ATR: 1.39
  📊 Filled: 0 | Pending: 0
  🕐 Outside session (07:44 CT) — no entries
  💰 Daily P&L: $+0.00

[2026-08-28 07:45] O:7750.00 H:7750.50 L:7749.50 C:7749.75 V:256.0
  📈 Trend: strong_bullish | 🌍 Regime: ranging
  🗺️  Grid: 0.080% | 🔺 7750.00 🔻 7749.00
  📡 RSI: 63.0 | MACD: 0.68 | ATR: 1.36
  📊 Filled: 0 | Pending: 0
  🕐 Outside session (07:45 CT) — no entries
  💰 Daily P&L: $+0.00

[2026-08-28 07:46] O:7749.50 H:7750.00 L:7749.25 C:7750.00 V:477.0
  📈 Trend: strong_bullish | 🌍 Regime: ranging
  🗺️  Grid: 0.080% | 🔺 7750.50 🔻 7749.50
  📡 RSI: 66.7 | MACD: 0.79 | ATR: 1.34
  📊 Filled: 0 | Pending: 0
  🕐 Outside session (07:46 CT) — no entries
  💰 Daily P&L: $+0.00

[2026-08-28 07:47] O:7749.75 H:7749.75 L:7748.75 C:7749.50 V:340.0
  📈 Trend: strong_bullish | 🌍 Regime: ranging
  🗺️  Grid: 0.080% | 🔺 7750.00 🔻 7749.25
  📡 RSI: 63.0 | MACD: 0.82 | ATR: 1.36
  📊 Filled: 0 | Pending: 0
  🕐 Outside session (07:47 CT) — no entries
  💰 Daily P&L: $+0.00

[2026-08-28 07:48] O:7749.50 H:7751.00 L:7749.50 C:7750.75 V:571.0
  📈 Trend: strong_bullish | 🌍 Regime: ranging
  🗺️  Grid: 0.080% | 🔺 7749.75 🔻 7748.75
  📡 RSI: 72.3 | MACD: 0.94 | ATR: 1.39
  📊 Filled: 0 | Pending: 0
  🕐 Outside session (07:48 CT) — no entries
  💰 Daily P&L: $+0.00

[2026-08-28 07:49] O:7750.75 H:7751.00 L:7750.25 C:7750.25 V:366.0
  📈 Trend: strong_bullish | 🌍 Regime: ranging
  🗺️  Grid: 0.080% | 🔺 7751.00 🔻 7749.50
  📡 RSI: 79.1 | MACD: 0.98 | ATR: 1.29
  📊 Filled: 0 | Pending: 0
  🕐 Outside session (07:49 CT) — no entries
  💰 Daily P&L: $+0.00

[2026-08-28 07:50] O:7750.25 H:7751.25 L:7750.25 C:7751.00 V:329.0
  📈 Trend: strong_bullish | 🌍 Regime: ranging
  🗺️  Grid: 0.080% | 🔺 7751.00 🔻 7750.25
  📡 RSI: 77.5 | MACD: 1.06 | ATR: 1.23
  📊 Filled: 0 | Pending: 0
  🕐 Outside session (07:50 CT) — no entries
  💰 Daily P&L: $+0.00

[2026-08-28 07:51] O:7751.00 H:7751.25 L:7750.00 C:7750.75 V:230.0
  📈 Trend: strong_bullish | 🌍 Regime: ranging
  🗺️  Grid: 0.080% | 🔺 7751.25 🔻 7750.25
  📡 RSI: 75.6 | MACD: 1.10 | ATR: 1.25
  📊 Filled: 0 | Pending: 0
  🕐 Outside session (07:51 CT) — no entries
  💰 Daily P&L: $+0.00

[2026-08-28 07:52] O:7750.75 H:7750.75 L:7750.00 C:7750.00 V:263.0
  📈 Trend: strong_bullish | 🌍 Regime: ranging
  🗺️  Grid: 0.080% | 🔺 7751.25 🔻 7750.00
  📡 RSI: 65.8 | MACD: 1.05 | ATR: 1.16
  📊 Filled: 0 | Pending: 0
  🕐 Outside session (07:52 CT) — no entries
  💰 Daily P&L: $+0.00

[2026-08-28 07:53] O:7750.25 H:7750.50 L:7749.75 C:7749.75 V:180.0
  📈 Trend: strong_bullish | 🌍 Regime: ranging
  🗺️  Grid: 0.080% | 🔺 7750.75 🔻 7750.00
  📡 RSI: 67.6 | MACD: 0.98 | ATR: 1.09
  📊 Filled: 0 | Pending: 0
  🕐 Outside session (07:53 CT) — no entries
  💰 Daily P&L: $+0.00

[2026-08-28 07:54] O:7749.75 H:7750.25 L:7749.50 C:7750.00 V:203.0
  📈 Trend: strong_bullish | 🌍 Regime: ranging
  🗺️  Grid: 0.080% | 🔺 7750.50 🔻 7749.75
  📡 RSI: 72.2 | MACD: 0.93 | ATR: 1.09
  📊 Filled: 0 | Pending: 0
  🕐 Outside session (07:54 CT) — no entries
  💰 Daily P&L: $+0.00

[2026-08-28 07:55] O:7750.00 H:7750.75 L:7749.75 C:7749.75 V:477.0
  📈 Trend: strong_bullish | 🌍 Regime: ranging
  🗺️  Grid: 0.080% | 🔺 7750.25 🔻 7749.50
  📡 RSI: 67.6 | MACD: 0.87 | ATR: 1.07
  📊 Filled: 0 | Pending: 0
  🕐 Outside session (07:55 CT) — no entries
  💰 Daily P&L: $+0.00

[2026-08-28 07:56] O:7750.00 H:7750.25 L:7749.75 C:7749.75 V:166.0
  📈 Trend: strong_bullish | 🌍 Regime: ranging
  🗺️  Grid: 0.080% | 🔺 7750.75 🔻 7749.75
  📡 RSI: 56.0 | MACD: 0.81 | ATR: 0.93
  📊 Filled: 0 | Pending: 0
  🕐 Outside session (07:56 CT) — no entries
  💰 Daily P&L: $+0.00

[2026-08-28 07:57] O:7749.75 H:7750.50 L:7749.25 C:7750.25 V:258.0
  📈 Trend: strong_bullish | 🌍 Regime: ranging
  🗺️  Grid: 0.080% | 🔺 7750.25 🔻 7749.75
  📡 RSI: 57.7 | MACD: 0.79 | ATR: 0.96
  📊 Filled: 0 | Pending: 0
  🕐 Outside session (07:57 CT) — no entries
  💰 Daily P&L: $+0.00

[2026-08-28 07:58] O:7750.00 H:7751.00 L:7750.00 C:7750.50 V:146.0
  📈 Trend: strong_bullish | 🌍 Regime: ranging
  🗺️  Grid: 0.080% | 🔺 7750.50 🔻 7749.25
  📡 RSI: 54.2 | MACD: 0.79 | ATR: 0.96
  📊 Filled: 0 | Pending: 0
  🕐 Outside session (07:58 CT) — no entries
  💰 Daily P&L: $+0.00

[2026-08-28 07:59] O:7750.75 H:7750.75 L:7749.75 C:7749.75 V:210.0
  📈 Trend: strong_bullish | 🌍 Regime: trending_bullish
  🗺️  Grid: 0.080% | 🔺 7751.00 🔻 7750.00
  📡 RSI: 50.0 | MACD: 0.72 | ATR: 0.96
  📊 Filled: 0 | Pending: 0
  🕐 Outside session (07:59 CT) — no entries
  💰 Daily P&L: $+0.00

[2026-08-28 08:00] O:7749.75 H:7750.00 L:7748.75 C:7749.50 V:687.0
  📈 Trend: strong_bullish | 🌍 Regime: trending_bullish
  🗺️  Grid: 0.080% | 🔺 7750.75 🔻 7749.75
  📡 RSI: 46.2 | MACD: 0.63 | ATR: 1.00
  📊 Filled: 0 | Pending: 0
  🕐 Outside session (08:00 CT) — no entries
  💰 Daily P&L: $+0.00

[2026-08-28 08:01] O:7749.50 H:7753.50 L:7749.50 C:7752.75 V:1119.0
  📈 Trend: strong_bullish | 🌍 Regime: trending_bullish
  🗺️  Grid: 0.080% | 🔺 7750.00 🔻 7748.75
  📡 RSI: 67.6 | MACD: 0.82 | ATR: 1.20
  📊 Filled: 0 | Pending: 0
  🕐 Outside session (08:01 CT) — no entries
  💰 Daily P&L: $+0.00

[2026-08-28 08:02] O:7753.00 H:7755.00 L:7752.25 C:7754.25 V:1660.0
  📈 Trend: strong_bullish | 🌍 Regime: trending_bullish
  🗺️  Grid: 0.080% | 🔺 7753.50 🔻 7749.50
  📡 RSI: 68.4 | MACD: 1.07 | ATR: 1.29
  📊 Filled: 0 | Pending: 0
  🕐 Outside session (08:02 CT) — no entries
  💰 Daily P&L: $+0.00

[2026-08-28 08:03] O:7754.25 H:7754.25 L:7751.50 C:7752.25 V:448.0
  📈 Trend: strong_bullish | 🌍 Regime: trending_bullish
  🗺️  Grid: 0.080% | 🔺 7755.00 🔻 7752.25
  📡 RSI: 59.1 | MACD: 1.10 | ATR: 1.43
  📊 Filled: 0 | Pending: 0
  🕐 Outside session (08:03 CT) — no entries
  💰 Daily P&L: $+0.00

[2026-08-28 08:04] O:7752.00 H:7752.50 L:7751.75 C:7752.00 V:212.0
  📈 Trend: strong_bullish | 🌍 Regime: trending_bullish
  🗺️  Grid: 0.080% | 🔺 7754.25 🔻 7751.50
  📡 RSI: 54.8 | MACD: 1.09 | ATR: 1.41
  📊 Filled: 0 | Pending: 0
  🕐 Outside session (08:04 CT) — no entries
  💰 Daily P&L: $+0.00

[2026-08-28 08:05] O:7752.00 H:7752.75 L:7751.50 C:7751.50 V:357.0
  📈 Trend: strong_bullish | 🌍 Regime: trending_bullish
  🗺️  Grid: 0.080% | 🔺 7752.50 🔻 7751.75
  📡 RSI: 53.5 | MACD: 1.03 | ATR: 1.41
  📊 Filled: 0 | Pending: 0
  🕐 Outside session (08:05 CT) — no entries
  💰 Daily P&L: $+0.00

[2026-08-28 08:06] O:7751.75 H:7751.75 L:7750.75 C:7750.75 V:310.0
  📈 Trend: strong_bullish | 🌍 Regime: trending_bullish
  🗺️  Grid: 0.080% | 🔺 7752.75 🔻 7751.50
  📡 RSI: 53.5 | MACD: 0.92 | ATR: 1.43
  📊 Filled: 0 | Pending: 0
  🕐 Outside session (08:06 CT) — no entries
  💰 Daily P&L: $+0.00

[2026-08-28 08:07] O:7751.00 H:7752.75 L:7751.00 C:7752.50 V:286.0
  📈 Trend: strong_bullish | 🌍 Regime: trending_bullish
  🗺️  Grid: 0.080% | 🔺 7751.75 🔻 7750.75
  📡 RSI: 61.2 | MACD: 0.95 | ATR: 1.52
  📊 Filled: 0 | Pending: 0
  🕐 Outside session (08:07 CT) — no entries
  💰 Daily P&L: $+0.00

[2026-08-28 08:08] O:7752.25 H:7752.50 L:7750.75 C:7751.25 V:491.0
  📈 Trend: strong_bullish | 🌍 Regime: trending_bullish
  🗺️  Grid: 0.080% | 🔺 7752.75 🔻 7751.00
  📡 RSI: 54.7 | MACD: 0.87 | ATR: 1.59
  📊 Filled: 0 | Pending: 0
  🕐 Outside session (08:08 CT) — no entries
  💰 Daily P&L: $+0.00

[2026-08-28 08:09] O:7751.25 H:7752.00 L:7750.50 C:7751.00 V:437.0
  📈 Trend: strong_bullish (raw: moderate_bullish) | 🌍 Regime: trending_bullish
  🗺️  Grid: 0.080% | 🔺 7752.50 🔻 7750.75
  📡 RSI: 54.7 | MACD: 0.78 | ATR: 1.62
  📊 Filled: 0 | Pending: 0
  🕐 Outside session (08:09 CT) — no entries
  💰 Daily P&L: $+0.00

[2026-08-28 08:10] O:7751.00 H:7752.00 L:7751.00 C:7752.00 V:470.0
  📈 Trend: strong_bullish | 🌍 Regime: trending_bullish
  🗺️  Grid: 0.080% | 🔺 7752.00 🔻 7750.50
  📡 RSI: 57.9 | MACD: 0.77 | ATR: 1.66
  📊 Filled: 0 | Pending: 0
  🕐 Outside session (08:10 CT) — no entries
  💰 Daily P&L: $+0.00

[2026-08-28 08:11] O:7752.00 H:7752.50 L:7751.00 C:7751.00 V:585.0
  📈 Trend: strong_bullish | 🌍 Regime: trending_bullish
  🗺️  Grid: 0.080% | 🔺 7752.00 🔻 7751.00
  📡 RSI: 52.5 | MACD: 0.68 | ATR: 1.68
  📊 Filled: 0 | Pending: 0
  🕐 Outside session (08:11 CT) — no entries
  💰 Daily P&L: $+0.00

[2026-08-28 08:12] O:7751.00 H:7751.25 L:7749.50 C:7750.25 V:630.0
  📈 Trend: strong_bullish | 🌍 Regime: trending_bullish
  🗺️  Grid: 0.080% | 🔺 7752.50 🔻 7751.00
  📡 RSI: 49.2 | MACD: 0.54 | ATR: 1.73
  📊 Filled: 0 | Pending: 0
  🕐 Outside session (08:12 CT) — no entries
  💰 Daily P&L: $+0.00

[2026-08-28 08:13] O:7750.00 H:7750.00 L:7749.00 C:7749.00 V:502.0
  📈 Trend: strong_bullish (raw: moderate_bullish) | 🌍 Regime: trending_bullish
  🗺️  Grid: 0.080% | 🔺 7751.25 🔻 7749.50
  📡 RSI: 47.6 | MACD: 0.33 | ATR: 1.75
  📊 Filled: 0 | Pending: 0
  🕐 Outside session (08:13 CT) — no entries
  💰 Daily P&L: $+0.00

[2026-08-28 08:14] O:7749.00 H:7750.00 L:7749.00 C:7749.75 V:353.0
  📈 Trend: moderate_bullish | 🌍 Regime: trending_bullish
  🗺️  Grid: 0.080% | 🔺 7750.00 🔻 7749.00
  📡 RSI: 50.8 | MACD: 0.22 | ATR: 1.73
  📊 Filled: 0 | Pending: 0
  🕐 Outside session (08:14 CT) — no entries
  💰 Daily P&L: $+0.00

[2026-08-28 08:15] O:7749.75 H:7750.50 L:7749.00 C:7749.00 V:339.0
  📈 Trend: moderate_bullish | 🌍 Regime: trending_bullish
  🗺️  Grid: 0.080% | 🔺 7750.00 🔻 7749.00
  📡 RSI: 36.4 | MACD: 0.07 | ATR: 1.55
  📊 Filled: 0 | Pending: 0
  🕐 Outside session (08:15 CT) — no entries
  💰 Daily P&L: $+0.00

[2026-08-28 08:16] O:7749.00 H:7750.25 L:7748.75 C:7750.25 V:227.0
  📈 Trend: moderate_bullish | 🌍 Regime: trending_bullish
  🗺️  Grid: 0.080% | 🔺 7750.50 🔻 7749.00
  📡 RSI: 35.2 | MACD: 0.05 | ATR: 1.46
  📊 Filled: 0 | Pending: 0
  🕐 Outside session (08:16 CT) — no entries
  💰 Daily P&L: $+0.00

[2026-08-28 08:17] O:7750.00 H:7750.00 L:7749.00 C:7749.25 V:392.0
  📈 Trend: moderate_bullish | 🌍 Regime: trending_bullish
  🗺️  Grid: 0.080% | 🔺 7750.25 🔻 7748.75
  📡 RSI: 38.0 | MACD: -0.05 | ATR: 1.36
  📊 Filled: 0 | Pending: 0
  🕐 Outside session (08:17 CT) — no entries
  💰 Daily P&L: $+0.00

[2026-08-28 08:18] O:7749.25 H:7749.75 L:7749.00 C:7749.50 V:203.0
  📈 Trend: moderate_bullish | 🌍 Regime: trending_bullish
  🗺️  Grid: 0.080% | 🔺 7750.00 🔻 7749.00
  📡 RSI: 40.0 | MACD: -0.10 | ATR: 1.36
  📊 Filled: 0 | Pending: 0
  🕐 Outside session (08:18 CT) — no entries
  💰 Daily P&L: $+0.00

[2026-08-28 08:19] O:7749.50 H:7749.50 L:7748.50 C:7748.50 V:279.0
  📈 Trend: moderate_bullish | 🌍 Regime: trending_bullish
  🗺️  Grid: 0.080% | 🔺 7749.75 🔻 7749.00
  📡 RSI: 38.5 | MACD: -0.22 | ATR: 1.34
  📊 Filled: 0 | Pending: 0
  🕐 Outside session (08:19 CT) — no entries
  💰 Daily P&L: $+0.00

[2026-08-28 08:20] O:7748.50 H:7749.00 L:7748.00 C:7748.50 V:536.0
  📈 Trend: moderate_bullish | 🌍 Regime: trending_bullish
  🗺️  Grid: 0.080% | 🔺 7749.50 🔻 7748.50
  📡 RSI: 40.8 | MACD: -0.31 | ATR: 1.34
  📊 Filled: 0 | Pending: 0
  🕐 Outside session (08:20 CT) — no entries
  💰 Daily P&L: $+0.00

[2026-08-28 08:21] O:7748.25 H:7748.50 L:7748.25 C:7748.50 V:166.0
  📈 Trend: moderate_bullish | 🌍 Regime: trending_bullish
  🗺️  Grid: 0.080% | 🔺 7749.00 🔻 7748.00
  📡 RSI: 31.0 | MACD: -0.38 | ATR: 1.21
  📊 Filled: 0 | Pending: 0
  🕐 Outside session (08:21 CT) — no entries
  💰 Daily P&L: $+0.00

[2026-08-28 08:22] O:7748.25 H:7748.25 L:7747.00 C:7748.00 V:437.0
  📈 Trend: moderate_bullish | 🌍 Regime: trending_bullish
  🗺️  Grid: 0.080% | 🔺 7748.50 🔻 7748.25
  📡 RSI: 33.3 | MACD: -0.47 | ATR: 1.20
  📊 Filled: 0 | Pending: 0
  🕐 Outside session (08:22 CT) — no entries
  💰 Daily P&L: $+0.00

[2026-08-28 08:23] O:7747.75 H:7748.25 L:7747.50 C:7747.75 V:278.0
  📈 Trend: moderate_bullish | 🌍 Regime: trending_bullish
  🗺️  Grid: 0.080% | 🔺 7748.25 🔻 7747.00
  📡 RSI: 33.3 | MACD: -0.56 | ATR: 1.14
  📊 Filled: 0 | Pending: 0
  🕐 Outside session (08:23 CT) — no entries
  💰 Daily P&L: $+0.00

[2026-08-28 08:24] O:7747.75 H:7748.25 L:7747.75 C:7748.00 V:223.0
  📈 Trend: moderate_bullish | 🌍 Regime: trending_bullish
  🗺️  Grid: 0.080% | 🔺 7748.25 🔻 7747.50
  📡 RSI: 27.8 | MACD: -0.60 | ATR: 1.11
  📊 Filled: 0 | Pending: 0
  🕐 Outside session (08:24 CT) — no entries
  💰 Daily P&L: $+0.00

[2026-08-28 08:25] O:7748.00 H:7748.00 L:7744.50 C:7744.75 V:1430.0
  📈 Trend: moderate_bullish (raw: strong_bearish) | 🌍 Regime: ranging
  🗺️  Grid: 0.080% | 🔺 7748.25 🔻 7747.75
  📡 RSI: 22.2 | MACD: -0.88 | ATR: 1.25
  📊 Filled: 0 | Pending: 0
  🕐 Outside session (08:25 CT) — no entries
  💰 Daily P&L: $+0.00

[2026-08-28 08:26] O:7744.75 H:7744.75 L:7743.50 C:7744.25 V:682.0
  📈 Trend: strong_bearish | 🌍 Regime: ranging
  🗺️  Grid: 0.080% | 🔺 7748.00 🔻 7744.50
  📡 RSI: 22.7 | MACD: -1.13 | ATR: 1.21
  📊 Filled: 0 | Pending: 0
  🕐 Outside session (08:26 CT) — no entries
  💰 Daily P&L: $+0.00

[2026-08-28 08:27] O:7744.25 H:7745.00 L:7742.75 C:7743.25 V:1005.0
  📈 Trend: strong_bearish | 🌍 Regime: ranging
  🗺️  Grid: 0.080% | 🔺 7744.75 🔻 7743.50
  📡 RSI: 23.3 | MACD: -1.40 | ATR: 1.29
  📊 Filled: 0 | Pending: 0
  🕐 Outside session (08:27 CT) — no entries
  💰 Daily P&L: $+0.00

[2026-08-28 08:28] O:7743.50 H:7747.50 L:7743.50 C:7747.25 V:1307.0
  📈 Trend: strong_bearish | 🌍 Regime: trending_bearish
  🗺️  Grid: 0.080% | 🔺 7745.00 🔻 7742.75
  📡 RSI: 41.1 | MACD: -1.27 | ATR: 1.52
  📊 Filled: 0 | Pending: 0
  🕐 Outside session (08:28 CT) — no entries
  💰 Daily P&L: $+0.00

[2026-08-28 08:29] O:7747.25 H:7748.25 L:7746.00 C:7746.25 V:1472.0
  📈 Trend: strong_bearish | 🌍 Regime: trending_bearish
  🗺️  Grid: 0.080% | 🔺 7747.50 🔻 7743.50
  📡 RSI: 40.4 | MACD: -1.23 | ATR: 1.57
  📊 Filled: 0 | Pending: 0
  🕐 Outside session (08:29 CT) — no entries
  💰 Daily P&L: $+0.00

[2026-08-28 08:30] O:7746.25 H:7750.00 L:7743.75 C:7747.50 V:9640.0
  📈 Trend: strong_bearish | 🌍 Regime: trending_bearish
  🗺️  Grid: 0.080% | 🔺 7748.25 🔻 7746.00
  📡 RSI: 40.4 | MACD: -1.09 | ATR: 1.91
  📊 Filled: 0 | Pending: 0
  🕐 Outside session (08:30 CT) — no entries
  💰 Daily P&L: $+0.00

[2026-08-28 08:31] O:7747.50 H:7749.00 L:7745.25 C:7746.25 V:4562.0
  📈 Trend: strong_bearish | 🌍 Regime: trending_bearish
  🗺️  Grid: 0.080% | 🔺 7750.00 🔻 7743.75
  📡 RSI: 39.7 | MACD: -1.07 | ATR: 2.09
  📊 Filled: 0 | Pending: 0
  🕐 Outside session (08:31 CT) — no entries
  💰 Daily P&L: $+0.00

[2026-08-28 08:32] O:7746.25 H:7748.25 L:7744.75 C:7747.25 V:3130.0
  📈 Trend: strong_bearish (raw: moderate_bearish) | 🌍 Regime: trending_bearish
  🗺️  Grid: 0.080% | 🔺 7749.00 🔻 7745.25
  📡 RSI: 42.6 | MACD: -0.96 | ATR: 2.29
  📊 Filled: 0 | Pending: 0
  🕐 Outside session (08:32 CT) — no entries
  💰 Daily P&L: $+0.00

[2026-08-28 08:33] O:7747.50 H:7747.75 L:7744.00 C:7746.25 V:2574.0
  📈 Trend: moderate_bearish | 🌍 Regime: trending_bearish
  🗺️  Grid: 0.080% | 🔺 7748.25 🔻 7744.75
  📡 RSI: 42.6 | MACD: -0.94 | ATR: 2.48
  📊 Filled: 0 | Pending: 0
  🕐 Outside session (08:33 CT) — no entries
  💰 Daily P&L: $+0.00

[2026-08-28 08:34] O:7746.25 H:7749.25 L:7746.00 C:7749.25 V:3381.0
  📈 Trend: moderate_bearish (raw: moderate_bullish) | 🌍 Regime: trending_bullish
  🗺️  Grid: 0.080% | 🔺 7747.75 🔻 7744.00
  📡 RSI: 52.1 | MACD: -0.68 | ATR: 2.64
  📊 Filled: 0 | Pending: 0
  🕐 Outside session (08:34 CT) — no entries
  💰 Daily P&L: $+0.00

[2026-08-28 08:35] O:7749.25 H:7750.00 L:7746.50 C:7748.00 V:3691.0
  📈 Trend: moderate_bearish | 🌍 Regime: ranging
  🗺️  Grid: 0.080% | 🔺 7749.25 🔻 7746.00
  📡 RSI: 48.7 | MACD: -0.56 | ATR: 2.88
  📊 Filled: 0 | Pending: 0
  🕐 Outside session (08:35 CT) — no entries
  💰 Daily P&L: $+0.00

[2026-08-28 08:36] O:7747.75 H:7751.00 L:7747.75 C:7750.25 V:3626.0
  📈 Trend: moderate_bearish (raw: moderate_bullish) | 🌍 Regime: ranging
  🗺️  Grid: 0.080% | 🔺 7750.00 🔻 7746.50
  📡 RSI: 55.3 | MACD: -0.29 | ATR: 3.00
  📊 Filled: 0 | Pending: 0
  🕐 Outside session (08:36 CT) — no entries
  💰 Daily P&L: $+0.00

[2026-08-28 08:37] O:7750.25 H:7753.50 L:7750.00 C:7750.00 V:3331.0
  📈 Trend: moderate_bullish | 🌍 Regime: ranging
  🗺️  Grid: 0.080% | 🔺 7751.00 🔻 7747.75
  📡 RSI: 55.3 | MACD: -0.09 | ATR: 3.20
  📊 Filled: 0 | Pending: 0
  🕐 Outside session (08:37 CT) — no entries
  💰 Daily P&L: $+0.00

[2026-08-28 08:38] O:7750.25 H:7751.50 L:7749.50 C:7749.50 V:2268.0
  📈 Trend: moderate_bullish (raw: strong_bullish) | 🌍 Regime: ranging
  🗺️  Grid: 0.080% | 🔺 7753.50 🔻 7750.00
  📡 RSI: 53.5 | MACD: 0.03 | ATR: 3.30
  📊 Filled: 0 | Pending: 0
  🕐 Outside session (08:38 CT) — no entries
  💰 Daily P&L: $+0.00

[2026-08-28 08:39] O:7749.75 H:7752.50 L:7749.50 C:7751.50 V:1936.0
  📈 Trend: strong_bullish | 🌍 Regime: ranging
  🗺️  Grid: 0.080% | 🔺 7751.50 🔻 7749.50
  📡 RSI: 66.7 | MACD: 0.28 | ATR: 3.27
  📊 Filled: 0 | Pending: 0
  🕐 Outside session (08:39 CT) — no entries
  💰 Daily P&L: $+0.00

[2026-08-28 08:40] O:7751.50 H:7756.00 L:7750.50 C:7755.50 V:3912.0
  📈 Trend: strong_bullish | 🌍 Regime: ranging
  🗺️  Grid: 0.080% | 🔺 7752.50 🔻 7749.50
  📡 RSI: 73.7 | MACD: 0.79 | ATR: 3.57
  📊 Filled: 0 | Pending: 0
  🕐 Outside session (08:40 CT) — no entries
  💰 Daily P&L: $+0.00

[2026-08-28 08:41] O:7755.75 H:7757.50 L:7755.25 C:7757.50 V:2584.0
  📈 Trend: strong_bullish | 🌍 Regime: ranging
  🗺️  Grid: 0.080% | 🔺 7756.00 🔻 7750.50
  📡 RSI: 78.8 | MACD: 1.34 | ATR: 3.57
  📊 Filled: 0 | Pending: 0
  🕐 Outside session (08:41 CT) — no entries
  💰 Daily P&L: $+0.00

[2026-08-28 08:42] O:7757.50 H:7757.50 L:7754.50 C:7756.00 V:2491.0
  📈 Trend: strong_bullish | 🌍 Regime: ranging
  🗺️  Grid: 0.080% | 🔺 7757.50 🔻 7755.25
  📡 RSI: 69.7 | MACD: 1.64 | ATR: 3.48
  📊 Filled: 0 | Pending: 0
  🕐 Outside session (08:42 CT) — no entries
  💰 Daily P&L: $+0.00

[2026-08-28 08:43] O:7756.25 H:7756.50 L:7755.00 C:7756.00 V:1890.0
  📈 Trend: strong_bullish | 🌍 Regime: ranging
  🗺️  Grid: 0.080% | 🔺 7757.50 🔻 7754.50
  📡 RSI: 72.9 | MACD: 1.86 | ATR: 3.43
  📊 Filled: 0 | Pending: 0
  🕐 Outside session (08:43 CT) — no entries
  💰 Daily P&L: $+0.00

[2026-08-28 08:44] O:7756.00 H:7756.00 L:7754.00 C:7755.00 V:2659.0
  📈 Trend: strong_bullish | 🌍 Regime: ranging
  🗺️  Grid: 0.080% | 🔺 7756.50 🔻 7755.00
  📡 RSI: 67.9 | MACD: 1.92 | ATR: 3.12
  📊 Filled: 0 | Pending: 0
  🕐 Outside session (08:44 CT) — no entries
  💰 Daily P&L: $+0.00

[2026-08-28 08:45] O:7755.00 H:7755.50 L:7751.25 C:7752.75 V:3710.0
  📈 Trend: strong_bullish | 🌍 Regime: ranging
  🗺️  Grid: 0.080% | 🔺 7756.00 🔻 7754.00
  📡 RSI: 64.8 | MACD: 1.78 | ATR: 3.16
  📊 Filled: 0 | Pending: 0
  🔲 Regime: RANGING | Range pos: 68% | RSI: 64.8
  💰 Daily P&L: $+0.00

[2026-08-28 08:46] O:7752.75 H:7753.50 L:7752.00 C:7753.25 V:2050.0
  📈 Trend: strong_bullish | 🌍 Regime: ranging
  🗺️  Grid: 0.080% | 🔺 7755.50 🔻 7751.25
  📡 RSI: 64.0 | MACD: 1.68 | ATR: 3.02
  📊 Filled: 0 | Pending: 0
  🔲 Regime: RANGING | Range pos: 71% | RSI: 64.0
  💰 Daily P&L: $+0.00

[2026-08-28 08:47] O:7753.25 H:7754.75 L:7750.75 C:7754.50 V:2274.0
  📈 Trend: strong_bullish | 🌍 Regime: ranging
  🗺️  Grid: 0.080% | 🔺 7753.50 🔻 7752.00
  📡 RSI: 69.0 | MACD: 1.68 | ATR: 3.04
  📊 Filled: 0 | Pending: 0
  🔲 Regime: RANGING | Range pos: 80% | RSI: 69.0
  💰 Daily P&L: $+0.00

[2026-08-28 08:48] O:7754.75 H:7758.00 L:7754.75 C:7756.50 V:2914.0
  📈 Trend: strong_bullish | 🌍 Regime: ranging
  🗺️  Grid: 0.080% | 🔺 7754.75 🔻 7750.75
  📡 RSI: 67.5 | MACD: 1.83 | ATR: 3.05
  📊 Filled: 0 | Pending: 0
  🔲 Regime: RANGING | Range pos: 90% | RSI: 67.5
  💰 Daily P&L: $+0.00

[2026-08-28 08:49] O:7756.75 H:7757.00 L:7749.00 C:7750.50 V:5918.0
  📈 Trend: strong_bullish | 🌍 Regime: ranging
  🗺️  Grid: 0.080% | 🔺 7758.00 🔻 7754.75
  📡 RSI: 54.9 | MACD: 1.44 | ATR: 3.38
  📊 Filled: 0 | Pending: 0
  🔲 Regime: RANGING | Range pos: 51% | RSI: 54.9
  💰 Daily P&L: $+0.00

[2026-08-28 08:50] O:7750.50 H:7751.00 L:7747.75 C:7747.75 V:3560.0
  📈 Trend: strong_bullish | 🌍 Regime: ranging
  🗺️  Grid: 0.080% | 🔺 7757.00 🔻 7749.00
  📡 RSI: 45.2 | MACD: 0.90 | ATR: 3.38
  📊 Filled: 0 | Pending: 0
  🔲 Regime: RANGING | Range pos: 33% | RSI: 45.2
  💰 Daily P&L: $+0.00

[2026-08-28 08:51] O:7747.75 H:7748.50 L:7745.50 C:7747.00 V:2965.0
  📈 Trend: strong_bullish (raw: moderate_bullish) | 🌍 Regime: ranging
  🗺️  Grid: 0.080% | 🔺 7751.00 🔻 7747.75
  📡 RSI: 44.3 | MACD: 0.41 | ATR: 3.34
  📊 Filled: 0 | Pending: 0
  🔲 Regime: RANGING | Range pos: 28% | RSI: 44.3
  💰 Daily P&L: $+0.00

[2026-08-28 08:52] O:7747.00 H:7749.00 L:7746.50 C:7748.00 V:1922.0
  📈 Trend: strong_bullish | 🌍 Regime: ranging
  🗺️  Grid: 0.080% | 🔺 7748.50 🔻 7745.50
  📡 RSI: 47.2 | MACD: 0.10 | ATR: 3.38
  📊 Filled: 0 | Pending: 0
  🔲 Regime: RANGING | Range pos: 34% | RSI: 47.2
  💰 Daily P&L: $+0.00

[2026-08-28 08:53] O:7748.00 H:7748.75 L:7747.00 C:7748.00 V:1862.0
  📈 Trend: strong_bullish (raw: moderate_bullish) | 🌍 Regime: ranging
  🗺️  Grid: 0.080% | 🔺 7749.00 🔻 7746.50
  📡 RSI: 43.0 | MACD: -0.15 | ATR: 3.29
  📊 Filled: 0 | Pending: 0
  🔲 Regime: RANGING | Range pos: 34% | RSI: 43.0
  💰 Daily P&L: $+0.00

[2026-08-28 08:54] O:7747.75 H:7749.25 L:7746.00 C:7746.00 V:1789.0
  📈 Trend: moderate_bullish | 🌍 Regime: ranging
  🗺️  Grid: 0.080% | 🔺 7748.75 🔻 7747.00
  📡 RSI: 29.3 | MACD: -0.49 | ATR: 3.12
  📊 Filled: 0 | Pending: 0
  🔲 Regime: RANGING | Range pos: 21% | RSI: 29.3
  📤 Limit BUY 10 @ 7746.00 submitted (ID: 712)
  📋 Order 712 status: Submitted
  ⬆️ LONG ORDER @ 7746.00 | Size: 1.00 | SL: 7739.75 | TP: 7755.50 [10cts]
     Reason: Grid Long (sideways, RSI: 29.3)
  🔬 SHADOW [long ranging]: 🟥 ROBUST WOULD BLOCK (1 filter)
       MACD=BLOCK (-0.49 vs -0.15, Δ-0.35) | 5m=N/A (ranging)
     ⏳ Order 712 PENDING - awaiting fill confirmation
  💰 Daily P&L: $+0.00
  ✅ Fill: BOT 1.0 @ 7746.0
  📋 Order 712 status: Submitted
  ✅ Fill: BOT 8.0 @ 7746.0
  📋 Order 712 status: Submitted
  ✅ Fill: BOT 1.0 @ 7746.0
  📋 Order 712 status: Filled
  📤 Stop-Market SELL 10 @ 7738.00 submitted (ID: 713) [OCA:exit_712_1787925365]
  📋 Order 713 status: PreSubmitted
  📤 Limit SELL 10 @ 7755.50 submitted (ID: 714) [OCA:exit_712_1787925365]
  📋 Order 714 status: PreSubmitted
  ✅ FILL CONFIRMED: LONG @ 7746.00 (order 712)
     📊 Bracket placed: SL #713 @ 7738.00 | TP #714 @ 7755.50
     Trail activates @ +7.5 pts

[2026-08-28 08:55] O:7746.00 H:7747.50 L:7745.75 C:7746.50 V:1699.0
  📈 Trend: moderate_bullish | 🌍 Regime: ranging
  🗺️  Grid: 0.080% | 🔺 7749.25 🔻 7746.00
  📡 RSI: 24.4 | MACD: -0.72 | ATR: 3.09
  📊 Filled: 1 | Pending: 0
  📍 LONG @ 7746.00 | SL: 7738.00 | TP: 7755.50 | P&L: $+250.00 | +7.5 to trail
  💰 Daily P&L: $+0.00
  📋 Order 714 status: Submitted

[2026-08-28 08:56] O:7746.50 H:7750.25 L:7746.25 C:7749.50 V:1874.0
  📈 Trend: moderate_bullish | 🌍 Regime: ranging
  🗺️  Grid: 0.080% | 🔺 7747.50 🔻 7745.75
  📡 RSI: 35.9 | MACD: -0.65 | ATR: 3.16
  📊 Filled: 1 | Pending: 0
  📍 LONG @ 7746.00 | SL: 7738.00 | TP: 7755.50 | P&L: $+1,750.00 | +6.0 to trail
  💰 Daily P&L: $+0.00

[2026-08-28 08:57] O:7749.25 H:7750.25 L:7748.00 C:7749.50 V:1921.0
  📈 Trend: moderate_bullish | 🌍 Regime: trending_bullish
  🗺️  Grid: 0.080% | 🔺 7750.25 🔻 7746.25
  📡 RSI: 35.9 | MACD: -0.59 | ATR: 3.21
  📊 Filled: 1 | Pending: 0
  📍 LONG @ 7746.00 | SL: 7738.00 | TP: 7755.50 | P&L: $+1,750.00 | +3.2 to trail
  💰 Daily P&L: $+0.00

[2026-08-28 08:58] O:7749.75 H:7750.50 L:7748.25 C:7750.00 V:1428.0
  📈 Trend: moderate_bullish | 🌍 Regime: trending_bullish
  🗺️  Grid: 0.080% | 🔺 7750.25 🔻 7748.00
  📡 RSI: 38.9 | MACD: -0.50 | ATR: 3.23
  📊 Filled: 1 | Pending: 0
  📍 LONG @ 7746.00 | SL: 7738.00 | TP: 7755.50 | P&L: $+2,000.00 | +3.2 to trail
  💰 Daily P&L: $+0.00

[2026-08-28 08:59] O:7750.00 H:7752.75 L:7745.50 C:7746.25 V:2900.0
  📈 Trend: moderate_bullish | 🌍 Regime: trending_bullish
  🗺️  Grid: 0.080% | 🔺 7750.50 🔻 7748.25
  📡 RSI: 36.5 | MACD: -0.72 | ATR: 3.45
  📊 Filled: 1 | Pending: 0
  📍 LONG @ 7746.00 | SL: 7738.00 | TP: 7755.50 | P&L: $+125.00 | +3.0 to trail
  💰 Daily P&L: $+0.00
  📋 Order 713 status: Cancelled
  ✅ Fill: SLD 8.0 @ 7755.5
  📋 Order 714 status: Submitted
  ✅ Fill: SLD 1.0 @ 7755.5
  📋 Order 714 status: Submitted
  ✅ Fill: SLD 1.0 @ 7755.5
  📋 Order 714 status: Filled

[2026-08-28 09:00] O:7746.25 H:7760.50 L:7740.75 C:7757.00 V:8587.0
  📈 Trend: moderate_bullish | 🌍 Regime: trending_bullish
  🗺️  Grid: 0.080% | 🔺 7752.75 🔻 7745.50
  📡 RSI: 55.5 | MACD: -0.02 | ATR: 4.75
  📊 Filled: 1 | Pending: 0
  📍 LONG @ 7746.00 | SL: 7738.00 | TP: 7755.50 | P&L: $+5,500.00 | +0.8 to trail
  ✅ EXIT LONG @ 7755.50 | Take Profit
     P&L: +9.50 pts ($+4,750.00) | Daily: $+4,750.00
  ⏸️ Cooldown: 2 bar(s) remaining after exit
  💰 Daily P&L: $+4,750.00

[2026-08-28 09:01] O:7757.00 H:7757.75 L:7748.25 C:7749.00 V:5611.0
  📈 Trend: moderate_bullish | 🌍 Regime: trending_bullish
  🗺️  Grid: 0.080% | 🔺 7760.50 🔻 7740.75
  📡 RSI: 43.3 | MACD: -0.12 | ATR: 5.14
  📊 Filled: 0 | Pending: 0
  ⏸️ Cooldown: 1 bar(s) remaining after exit
  💰 Daily P&L: $+4,750.00

[2026-08-28 09:02] O:7749.00 H:7752.25 L:7745.50 C:7750.25 V:6014.0
  📈 Trend: moderate_bullish | 🌍 Regime: trending_bullish
  🗺️  Grid: 0.083% | 🔺 7757.75 🔻 7748.25
  📡 RSI: 42.2 | MACD: -0.09 | ATR: 5.38
  📊 Filled: 0 | Pending: 0
  💰 Daily P&L: $+4,750.00

[2026-08-28 09:03] O:7750.25 H:7751.25 L:7743.00 C:7743.25 V:7232.0
  📈 Trend: moderate_bullish | 🌍 Regime: trending_bullish
  🗺️  Grid: 0.084% | 🔺 7752.25 🔻 7745.50
  📡 RSI: 41.2 | MACD: -0.63 | ATR: 5.39
  📊 Filled: 0 | Pending: 0
  💰 Daily P&L: $+4,750.00

[2026-08-28 09:04] O:7743.25 H:7746.75 L:7741.00 C:7746.00 V:6977.0
  📈 Trend: moderate_bullish | 🌍 Regime: trending_bullish
  🗺️  Grid: 0.086% | 🔺 7751.25 🔻 7743.00
  📡 RSI: 47.9 | MACD: -0.82 | ATR: 5.57
  📊 Filled: 0 | Pending: 0
  💰 Daily P&L: $+4,750.00

[2026-08-28 09:05] O:7746.00 H:7746.75 L:7739.50 C:7740.00 V:5811.0
  📈 Trend: moderate_bullish (raw: strong_bearish) | 🌍 Regime: trending_bearish
  🗺️  Grid: 0.091% | 🔺 7746.75 🔻 7741.00
  📡 RSI: 42.5 | MACD: -1.44 | ATR: 5.88
  📊 Filled: 0 | Pending: 0
  💰 Daily P&L: $+4,750.00

[2026-08-28 09:06] O:7739.75 H:7741.00 L:7735.25 C:7738.25 V:7080.0
  📈 Trend: strong_bearish | 🌍 Regime: trending_bearish
  🗺️  Grid: 0.095% | 🔺 7746.75 🔻 7739.50
  📡 RSI: 39.7 | MACD: -2.05 | ATR: 6.11
  📊 Filled: 0 | Pending: 0
  💰 Daily P&L: $+4,750.00

[2026-08-28 09:07] O:7738.25 H:7739.50 L:7735.00 C:7737.75 V:8329.0
  📈 Trend: strong_bearish | 🌍 Regime: trending_bearish
  🗺️  Grid: 0.098% | 🔺 7741.00 🔻 7735.25
  📡 RSI: 39.3 | MACD: -2.54 | ATR: 6.30
  📊 Filled: 0 | Pending: 0
  💰 Daily P&L: $+4,750.00

[2026-08-28 09:08] O:7737.75 H:7742.50 L:7735.50 C:7742.50 V:6714.0
  📈 Trend: strong_bearish | 🌍 Regime: trending_bearish
  🗺️  Grid: 0.102% | 🔺 7739.50 🔻 7735.00
  📡 RSI: 46.5 | MACD: -2.52 | ATR: 6.57
  📊 Filled: 0 | Pending: 0
  💰 Daily P&L: $+4,750.00

[2026-08-28 09:09] O:7742.50 H:7744.25 L:7738.50 C:7738.75 V:5057.0
  📈 Trend: strong_bearish | 🌍 Regime: trending_bearish
  🗺️  Grid: 0.106% | 🔺 7742.50 🔻 7735.50
  📡 RSI: 42.8 | MACD: -2.78 | ATR: 6.86
  📊 Filled: 0 | Pending: 0
  💰 Daily P&L: $+4,750.00

[2026-08-28 09:10] O:7738.75 H:7739.75 L:7735.50 C:7735.50 V:5893.0
  📈 Trend: strong_bearish | 🌍 Regime: trending_bearish
  🗺️  Grid: 0.107% | 🔺 7744.25 🔻 7738.50
  📡 RSI: 37.0 | MACD: -3.20 | ATR: 6.88
  📊 Filled: 0 | Pending: 0
  💰 Daily P&L: $+4,750.00

[2026-08-28 09:11] O:7735.75 H:7737.25 L:7732.25 C:7734.75 V:7162.0
  📈 Trend: strong_bearish | 🌍 Regime: trending_bearish
  🗺️  Grid: 0.110% | 🔺 7739.75 🔻 7735.50
  📡 RSI: 36.5 | MACD: -3.56 | ATR: 7.07
  📊 Filled: 0 | Pending: 0
  💰 Daily P&L: $+4,750.00

[2026-08-28 09:12] O:7734.75 H:7735.75 L:7732.00 C:7735.25 V:5751.0
  📈 Trend: strong_bearish | 🌍 Regime: trending_bearish
  🗺️  Grid: 0.111% | 🔺 7737.25 🔻 7732.25
  📡 RSI: 36.5 | MACD: -3.76 | ATR: 7.18
  📊 Filled: 0 | Pending: 0
  💰 Daily P&L: $+4,750.00

[2026-08-28 09:13] O:7735.00 H:7735.25 L:7726.50 C:7729.00 V:9835.0
  📈 Trend: strong_bearish | 🌍 Regime: trending_bearish
  🗺️  Grid: 0.113% | 🔺 7735.75 🔻 7732.00
  📡 RSI: 34.9 | MACD: -4.37 | ATR: 7.29
  📊 Filled: 0 | Pending: 0
  💰 Daily P&L: $+4,750.00

[2026-08-28 09:14] O:7729.25 H:7732.50 L:7727.75 C:7731.25 V:8176.0
  📈 Trend: strong_bearish | 🌍 Regime: trending_bearish
  🗺️  Grid: 0.096% | 🔺 7735.25 🔻 7726.50
  📡 RSI: 23.6 | MACD: -4.62 | ATR: 6.21
  📊 Filled: 0 | Pending: 0
  💰 Daily P&L: $+4,750.00

[2026-08-28 09:15] O:7731.00 H:7734.50 L:7730.25 C:7733.50 V:5675.0
  📈 Trend: strong_bearish | 🌍 Regime: trending_bearish
  🗺️  Grid: 0.091% | 🔺 7732.50 🔻 7727.75
  📡 RSI: 32.0 | MACD: -4.59 | ATR: 5.84
  📊 Filled: 0 | Pending: 0
  💰 Daily P&L: $+4,750.00

[2026-08-28 09:16] O:7733.50 H:7736.25 L:7731.50 C:7735.50 V:5040.0
  📈 Trend: strong_bearish | 🌍 Regime: trending_bearish
  🗺️  Grid: 0.088% | 🔺 7734.50 🔻 7730.25
  📡 RSI: 33.1 | MACD: -4.35 | ATR: 5.70
  📊 Filled: 0 | Pending: 0
  💰 Daily P&L: $+4,750.00

[2026-08-28 09:17] O:7735.50 H:7740.50 L:7735.00 C:7740.50 V:6217.0
  📈 Trend: strong_bearish (raw: moderate_bearish) | 🌍 Regime: trending_bearish
  🗺️  Grid: 0.085% | 🔺 7736.25 🔻 7731.50
  📡 RSI: 46.7 | MACD: -3.71 | ATR: 5.50
  📊 Filled: 0 | Pending: 0
  💰 Daily P&L: $+4,750.00

[2026-08-28 09:18] O:7740.50 H:7743.75 L:7739.75 C:7742.25 V:5736.0
  📈 Trend: moderate_bearish | 🌍 Regime: trending_bearish
  🗺️  Grid: 0.083% | 🔺 7740.50 🔻 7735.00
  📡 RSI: 45.4 | MACD: -3.03 | ATR: 5.38
  📊 Filled: 0 | Pending: 0
  💰 Daily P&L: $+4,750.00

[2026-08-28 09:19] O:7742.25 H:7746.25 L:7741.75 C:7743.00 V:4769.0
  📈 Trend: moderate_bearish | 🌍 Regime: trending_bearish
  🗺️  Grid: 0.080% | 🔺 7743.75 🔻 7739.75
  📡 RSI: 54.2 | MACD: -2.40 | ATR: 5.18
  📊 Filled: 0 | Pending: 0
  💰 Daily P&L: $+4,750.00

[2026-08-28 09:20] O:7743.00 H:7748.25 L:7743.00 C:7745.25 V:5411.0
  📈 Trend: moderate_bearish | 🌍 Regime: trending_bearish
  🗺️  Grid: 0.080% | 🔺 7746.25 🔻 7741.75
  📡 RSI: 59.7 | MACD: -1.70 | ATR: 5.14
  📊 Filled: 0 | Pending: 0
  💰 Daily P&L: $+4,750.00

[2026-08-28 09:21] O:7745.25 H:7749.00 L:7745.00 C:7748.00 V:4281.0
  📈 Trend: moderate_bearish | 🌍 Regime: trending_bearish
  🗺️  Grid: 0.080% | 🔺 7748.25 🔻 7743.00
  📡 RSI: 63.4 | MACD: -0.92 | ATR: 5.11
  📊 Filled: 0 | Pending: 0
  💰 Daily P&L: $+4,750.00

[2026-08-28 09:22] O:7748.00 H:7751.50 L:7746.50 C:7750.00 V:5112.0
  📈 Trend: moderate_bearish (raw: moderate_bullish) | 🌍 Regime: trending_bullish
  🗺️  Grid: 0.080% | 🔺 7749.00 🔻 7745.00
  📡 RSI: 60.6 | MACD: -0.13 | ATR: 4.96
  📊 Filled: 0 | Pending: 0
  💰 Daily P&L: $+4,750.00

[2026-08-28 09:23] O:7750.00 H:7750.25 L:7743.25 C:7744.50 V:5975.0
  📈 Trend: moderate_bullish | 🌍 Regime: trending_bullish
  🗺️  Grid: 0.080% | 🔺 7751.50 🔻 7746.50
  📡 RSI: 57.7 | MACD: 0.05 | ATR: 5.05
  📊 Filled: 0 | Pending: 0
  💰 Daily P&L: $+4,750.00

[2026-08-28 09:24] O:7744.50 H:7745.00 L:7738.75 C:7744.75 V:6540.0
  📈 Trend: moderate_bullish (raw: strong_bullish) | 🌍 Regime: trending_bullish
  🗺️  Grid: 0.081% | 🔺 7750.25 🔻 7743.25
  📡 RSI: 63.5 | MACD: 0.21 | ATR: 5.20
  📊 Filled: 0 | Pending: 0
  💰 Daily P&L: $+4,750.00

[2026-08-28 09:25] O:7744.75 H:7745.75 L:7741.25 C:7741.25 V:4776.0
  📈 Trend: strong_bullish | 🌍 Regime: trending_bullish
  🗺️  Grid: 0.080% | 🔺 7745.00 🔻 7738.75
  📡 RSI: 58.8 | MACD: 0.05 | ATR: 5.16
  📊 Filled: 0 | Pending: 0
  💰 Daily P&L: $+4,750.00

[2026-08-28 09:26] O:7741.00 H:7742.50 L:7738.00 C:7742.25 V:6108.0
  📈 Trend: strong_bullish | 🌍 Regime: trending_bullish
  🗺️  Grid: 0.081% | 🔺 7745.75 🔻 7741.25
  📡 RSI: 59.3 | MACD: 0.00 | ATR: 5.21
  📊 Filled: 0 | Pending: 0
  💰 Daily P&L: $+4,750.00

[2026-08-28 09:27] O:7742.25 H:7742.75 L:7734.50 C:7735.50 V:6188.0
  📈 Trend: strong_bullish (raw: moderate_bearish) | 🌍 Regime: ranging
  🗺️  Grid: 0.080% | 🔺 7742.50 🔻 7738.00
  📡 RSI: 58.6 | MACD: -0.57 | ATR: 5.18
  📊 Filled: 0 | Pending: 0
  🔲 Regime: RANGING | Range pos: 26% | RSI: 58.6
  💰 Daily P&L: $+4,750.00

[2026-08-28 09:28] O:7735.50 H:7739.50 L:7735.25 C:7738.25 V:5346.0
  📈 Trend: strong_bullish (raw: strong_bearish) | 🌍 Regime: ranging
  🗺️  Grid: 0.080% | 🔺 7742.75 🔻 7734.50
  📡 RSI: 59.1 | MACD: -0.79 | ATR: 5.14
  📊 Filled: 0 | Pending: 0
  🔲 Regime: RANGING | Range pos: 35% | RSI: 59.1
  💰 Daily P&L: $+4,750.00

[2026-08-28 09:29] O:7738.00 H:7742.00 L:7736.75 C:7742.00 V:5426.0
  📈 Trend: strong_bullish (raw: moderate_bearish) | 🌍 Regime: ranging
  🗺️  Grid: 0.081% | 🔺 7739.50 🔻 7735.25
  📡 RSI: 60.6 | MACD: -0.66 | ATR: 5.21
  📊 Filled: 0 | Pending: 0
  🔲 Regime: RANGING | Range pos: 46% | RSI: 60.6
  💰 Daily P&L: $+4,750.00

[2026-08-28 09:30] O:7742.00 H:7743.25 L:7738.50 C:7740.00 V:6762.0
  📈 Trend: moderate_bearish | 🌍 Regime: ranging
  🗺️  Grid: 0.081% | 🔺 7742.00 🔻 7736.75
  📡 RSI: 55.6 | MACD: -0.70 | ATR: 5.21
  📊 Filled: 0 | Pending: 0
  🔲 Regime: RANGING | Range pos: 40% | RSI: 55.6
  💰 Daily P&L: $+4,750.00

[2026-08-28 09:31] O:7740.00 H:7744.00 L:7738.00 C:7741.50 V:4935.0
  📈 Trend: moderate_bearish | 🌍 Regime: ranging
  🗺️  Grid: 0.081% | 🔺 7743.25 🔻 7738.50
  📡 RSI: 51.4 | MACD: -0.61 | ATR: 5.25
  📊 Filled: 0 | Pending: 0
  🔲 Regime: RANGING | Range pos: 44% | RSI: 51.4
  💰 Daily P&L: $+4,750.00

[2026-08-28 09:32] O:7741.75 H:7745.00 L:7740.50 C:7743.25 V:4602.0
  📈 Trend: moderate_bearish | 🌍 Regime: ranging
  🗺️  Grid: 0.082% | 🔺 7744.00 🔻 7738.00
  📡 RSI: 51.4 | MACD: -0.40 | ATR: 5.29
  📊 Filled: 0 | Pending: 0
  🔲 Regime: RANGING | Range pos: 49% | RSI: 51.4
  💰 Daily P&L: $+4,750.00

[2026-08-28 09:33] O:7743.25 H:7748.00 L:7742.25 C:7748.00 V:4153.0
  📈 Trend: moderate_bearish (raw: moderate_bullish) | 🌍 Regime: ranging
  🗺️  Grid: 0.083% | 🔺 7745.00 🔻 7740.50
  📡 RSI: 56.2 | MACD: 0.16 | ATR: 5.38
  📊 Filled: 0 | Pending: 0
  🔲 Regime: RANGING | Range pos: 63% | RSI: 56.2
  💰 Daily P&L: $+4,750.00

[2026-08-28 09:34] O:7748.00 H:7750.75 L:7748.00 C:7750.75 V:4612.0
  📈 Trend: moderate_bullish | 🌍 Regime: ranging
  🗺️  Grid: 0.080% | 🔺 7748.00 🔻 7742.25
  📡 RSI: 56.7 | MACD: 0.81 | ATR: 5.20
  📊 Filled: 0 | Pending: 0
  🔲 Regime: RANGING | Range pos: 71% | RSI: 56.7
  💰 Daily P&L: $+4,750.00

[2026-08-28 09:35] O:7750.50 H:7751.75 L:7749.00 C:7751.75 V:4452.0
  📈 Trend: moderate_bullish | 🌍 Regime: ranging
  🗺️  Grid: 0.080% | 🔺 7750.75 🔻 7748.00
  📡 RSI: 54.8 | MACD: 1.39 | ATR: 5.11
  📊 Filled: 0 | Pending: 0
  🔲 Regime: RANGING | Range pos: 74% | RSI: 54.8
  💰 Daily P&L: $+4,750.00

[2026-08-28 09:36] O:7751.75 H:7754.00 L:7749.75 C:7752.00 V:5284.0
  📈 Trend: moderate_bullish (raw: strong_bullish) | 🌍 Regime: ranging
  🗺️  Grid: 0.080% | 🔺 7751.75 🔻 7749.00
  📡 RSI: 52.7 | MACD: 1.85 | ATR: 5.05
  📊 Filled: 0 | Pending: 0
  🔲 Regime: RANGING | Range pos: 75% | RSI: 52.7
  💰 Daily P&L: $+4,750.00

[2026-08-28 09:37] O:7751.75 H:7754.00 L:7751.25 C:7752.75 V:3205.0
  📈 Trend: strong_bullish | 🌍 Regime: ranging
  🗺️  Grid: 0.080% | 🔺 7754.00 🔻 7749.75
  📡 RSI: 62.6 | MACD: 2.25 | ATR: 4.75
  📊 Filled: 0 | Pending: 0
  🔲 Regime: RANGING | Range pos: 77% | RSI: 62.6
  💰 Daily P&L: $+4,750.00

[2026-08-28 09:38] O:7753.00 H:7756.50 L:7752.25 C:7755.25 V:4870.0
  📈 Trend: strong_bullish | 🌍 Regime: ranging
  🗺️  Grid: 0.080% | 🔺 7754.00 🔻 7751.25
  📡 RSI: 65.0 | MACD: 2.73 | ATR: 4.61
  📊 Filled: 0 | Pending: 0
  🔲 Regime: RANGING | Range pos: 85% | RSI: 65.0
  💰 Daily P&L: $+4,750.00

[2026-08-28 09:39] O:7755.00 H:7755.25 L:7752.25 C:7752.50 V:3336.0
  📈 Trend: strong_bullish | 🌍 Regime: ranging
  🗺️  Grid: 0.080% | 🔺 7756.50 🔻 7752.25
  📡 RSI: 66.4 | MACD: 2.86 | ATR: 4.50
  📊 Filled: 0 | Pending: 0
  🔲 Regime: RANGING | Range pos: 76% | RSI: 66.4
  💰 Daily P&L: $+4,750.00

[2026-08-28 09:40] O:7752.50 H:7757.50 L:7752.25 C:7757.25 V:3770.0
  📈 Trend: strong_bullish | 🌍 Regime: ranging
  🗺️  Grid: 0.080% | 🔺 7755.25 🔻 7752.25
  📡 RSI: 69.7 | MACD: 3.31 | ATR: 4.55
  📊 Filled: 0 | Pending: 0
  🔲 Regime: RANGING | Range pos: 90% | RSI: 69.7
  💰 Daily P&L: $+4,750.00

[2026-08-28 09:41] O:7757.25 H:7758.25 L:7755.50 C:7756.00 V:4248.0
  📈 Trend: strong_bullish | 🌍 Regime: ranging
  🗺️  Grid: 0.080% | 🔺 7757.50 🔻 7752.25
  📡 RSI: 81.5 | MACD: 3.53 | ATR: 4.16
  📊 Filled: 0 | Pending: 0
  🔲 Regime: RANGING | Range pos: 87% | RSI: 81.5
  📤 Limit SELL 10 @ 7756.00 submitted (ID: 715)
  📋 Order 715 status: Submitted
  ⬇️ SHORT ORDER @ 7756.00 | Size: 1.00 | SL: 7764.25 | TP: 7743.50 [10cts]
     Reason: Grid Short (sideways, RSI: 81.5)
  🔬 SHADOW [short ranging]: 🟥 ROBUST WOULD BLOCK (1 filter)
       MACD=BLOCK (+3.53 vs +3.31, Δ+0.21) | 5m=N/A (ranging)
     ⏳ Order 715 PENDING - awaiting fill confirmation
  💰 Daily P&L: $+4,750.00
  ✅ Fill: SLD 1.0 @ 7756.0
  📋 Order 715 status: Submitted
  ✅ Fill: SLD 9.0 @ 7756.0
  📋 Order 715 status: Filled
  📤 Stop-Market BUY 10 @ 7764.25 submitted (ID: 716) [OCA:exit_715_1787928185]
  📋 Order 716 status: PreSubmitted
  📤 Limit BUY 10 @ 7743.50 submitted (ID: 717) [OCA:exit_715_1787928185]
  📋 Order 717 status: PreSubmitted
  ✅ FILL CONFIRMED: SHORT @ 7756.00 (order 715)
     📊 Bracket placed: SL #716 @ 7764.25 | TP #717 @ 7743.50
     Trail activates @ +7.5 pts

[2026-08-28 09:42] O:7756.00 H:7759.50 L:7755.25 C:7758.50 V:3233.0
  📈 Trend: strong_bullish | 🌍 Regime: ranging
  🗺️  Grid: 0.080% | 🔺 7758.25 🔻 7755.50
  📡 RSI: 81.4 | MACD: 3.85 | ATR: 4.16
  📊 Filled: 1 | Pending: 0
  📍 SHORT @ 7756.00 | SL: 7764.25 | TP: 7743.50 | P&L: $-1,250.00 | +7.5 to trail
  💰 Daily P&L: $+4,750.00
  📋 Order 717 status: Submitted

[2026-08-28 09:43] O:7758.50 H:7760.25 L:7757.75 C:7760.00 V:3310.0
  📈 Trend: strong_bullish | 🌍 Regime: ranging
  🗺️  Grid: 0.080% | 🔺 7759.50 🔻 7755.25
  📡 RSI: 80.0 | MACD: 4.19 | ATR: 3.96
  📊 Filled: 1 | Pending: 0
  📍 SHORT @ 7756.00 | SL: 7764.25 | TP: 7743.50 | P&L: $-2,000.00 | +6.8 to trail
  💰 Daily P&L: $+4,750.00
  📋 Order 717 status: PreSubmitted
  📋 Order 717 status: PendingCancel
  ✅ Fill: BOT 10.0 @ 7764.25
  📋 Order 716 status: Filled
  📋 Order 717 status: Cancelled

[2026-08-28 09:44] O:7760.25 H:7764.75 L:7760.00 C:7763.25 V:5959.0
  📈 Trend: strong_bullish | 🌍 Regime: ranging
  🗺️  Grid: 0.080% | 🔺 7760.25 🔻 7757.75
  📡 RSI: 87.2 | MACD: 4.66 | ATR: 3.96
  📊 Filled: 1 | Pending: 0
  📍 SHORT @ 7756.00 | SL: 7764.25 | TP: 7743.50 | P&L: $-3,625.00 | +6.8 to trail
  ❌ EXIT SHORT @ 7764.25 | Stop Loss
     P&L: -8.25 pts ($-4,125.00) | Daily: $+625.00
  ⏸️ Cooldown: 2 bar(s) remaining after exit
  💰 Daily P&L: $+625.00

[2026-08-28 09:45] O:7763.25 H:7765.00 L:7761.25 C:7761.25 V:5056.0
  📈 Trend: strong_bullish | 🌍 Regime: ranging
  🗺️  Grid: 0.080% | 🔺 7764.75 🔻 7760.00
  📡 RSI: 81.1 | MACD: 4.81 | ATR: 3.80
  📊 Filled: 0 | Pending: 0
  ⏸️ Cooldown: 1 bar(s) remaining after exit
  💰 Daily P&L: $+625.00

[2026-08-28 09:46] O:7761.25 H:7765.75 L:7761.00 C:7764.25 V:5316.0
  📈 Trend: strong_bullish | 🌍 Regime: ranging
  🗺️  Grid: 0.080% | 🔺 7765.00 🔻 7761.25
  📡 RSI: 81.8 | MACD: 5.12 | ATR: 3.82
  📊 Filled: 0 | Pending: 0
  🔲 Regime: RANGING | Range pos: 96% | RSI: 81.8
  📤 Limit SELL 10 @ 7764.25 submitted (ID: 718)
  📋 Order 718 status: PreSubmitted
  ✅ Fill: SLD 10.0 @ 7764.25
  📋 Order 718 status: Filled
  ⬇️ SHORT ORDER @ 7764.25 | Size: 1.00 | SL: 7772.00 | TP: 7752.75 [10cts]
     Reason: Grid Short (sideways, RSI: 81.8)
  🔬 SHADOW [short ranging]: 🟥 ROBUST WOULD BLOCK (1 filter)
       MACD=BLOCK (+5.12 vs +4.81, Δ+0.31) | 5m=N/A (ranging)
     ⏳ Order 718 PENDING - awaiting fill confirmation
  💰 Daily P&L: $+625.00
  📤 Stop-Market BUY 10 @ 7772.25 submitted (ID: 719) [OCA:exit_718_1787928486]
  📋 Order 719 status: PreSubmitted
  📤 Limit BUY 10 @ 7752.75 submitted (ID: 720) [OCA:exit_718_1787928486]
  📋 Order 720 status: PreSubmitted
  ✅ FILL CONFIRMED: SHORT @ 7764.25 (order 718)
     📊 Bracket placed: SL #719 @ 7772.25 | TP #720 @ 7752.75
     Trail activates @ +7.5 pts

[2026-08-28 09:47] O:7764.25 H:7766.75 L:7763.25 C:7764.50 V:3653.0
  📈 Trend: strong_bullish | 🌍 Regime: trending_bullish
  🗺️  Grid: 0.080% | 🔺 7765.75 🔻 7761.00
  📡 RSI: 78.9 | MACD: 5.32 | ATR: 3.66
  📊 Filled: 1 | Pending: 0
  📍 SHORT @ 7764.25 | SL: 7772.25 | TP: 7752.75 | P&L: $-125.00 | +7.5 to trail
  💰 Daily P&L: $+625.00
  📋 Order 720 status: Submitted

[2026-08-28 09:48] O:7764.50 H:7767.25 L:7764.00 C:7765.75 V:3284.0
  📈 Trend: strong_bullish | 🌍 Regime: trending_bullish
  🗺️  Grid: 0.080% | 🔺 7766.75 🔻 7763.25
  📡 RSI: 77.8 | MACD: 5.52 | ATR: 3.70
  📊 Filled: 1 | Pending: 0
  📍 SHORT @ 7764.25 | SL: 7772.25 | TP: 7752.75 | P&L: $-750.00 | +6.5 to trail
  💰 Daily P&L: $+625.00

[2026-08-28 09:49] O:7765.75 H:7768.00 L:7765.50 C:7768.00 V:3223.0
  📈 Trend: strong_bullish | 🌍 Regime: trending_bullish
  🗺️  Grid: 0.080% | 🔺 7767.25 🔻 7764.00
  📡 RSI: 78.8 | MACD: 5.79 | ATR: 3.68
  📊 Filled: 1 | Pending: 0
  📍 SHORT @ 7764.25 | SL: 7772.25 | TP: 7752.75 | P&L: $-1,875.00 | +6.5 to trail
  💰 Daily P&L: $+625.00

[2026-08-28 09:50] O:7768.00 H:7771.25 L:7767.00 C:7769.75 V:4832.0
  📈 Trend: strong_bullish | 🌍 Regime: trending_bullish
  🗺️  Grid: 0.080% | 🔺 7768.00 🔻 7765.50
  📡 RSI: 79.8 | MACD: 6.08 | ATR: 3.68
  📊 Filled: 1 | Pending: 0
  📍 SHORT @ 7764.25 | SL: 7772.25 | TP: 7752.75 | P&L: $-2,750.00 | +6.5 to trail
  💰 Daily P&L: $+625.00

[2026-08-28 09:51] O:7769.50 H:7770.25 L:7767.50 C:7769.25 V:3905.0
  📈 Trend: strong_bullish | 🌍 Regime: trending_bullish
  🗺️  Grid: 0.080% | 🔺 7771.25 🔻 7767.00
  📡 RSI: 78.0 | MACD: 6.19 | ATR: 3.68
  📊 Filled: 1 | Pending: 0
  📍 SHORT @ 7764.25 | SL: 7772.25 | TP: 7752.75 | P&L: $-2,500.00 | +6.5 to trail
  💰 Daily P&L: $+625.00

[2026-08-28 09:52] O:7769.25 H:7772.00 L:7769.25 C:7771.50 V:4469.0
  📈 Trend: strong_bullish | 🌍 Regime: trending_bullish
  🗺️  Grid: 0.080% | 🔺 7770.25 🔻 7767.50
  📡 RSI: 77.8 | MACD: 6.39 | ATR: 3.57
  📊 Filled: 1 | Pending: 0
  📍 SHORT @ 7764.25 | SL: 7772.25 | TP: 7752.75 | P&L: $-3,625.00 | +6.5 to trail
  💰 Daily P&L: $+625.00
  📋 Order 720 status: PreSubmitted
  📋 Order 720 status: PendingCancel
  ✅ Fill: BOT 10.0 @ 7772.25
  📋 Order 719 status: Filled
  📋 Order 720 status: Cancelled

[2026-08-28 09:53] O:7771.75 H:7775.00 L:7770.25 C:7774.75 V:4129.0
  📈 Trend: strong_bullish | 🌍 Regime: trending_bullish
  🗺️  Grid: 0.080% | 🔺 7772.00 🔻 7769.25
  📡 RSI: 87.4 | MACD: 6.73 | ATR: 3.70
  📊 Filled: 1 | Pending: 0
  📍 SHORT @ 7764.25 | SL: 7772.25 | TP: 7752.75 | P&L: $-5,250.00 | +6.5 to trail
  ❌ EXIT SHORT @ 7772.25 | Stop Loss
     P&L: -8.00 pts ($-4,000.00) | Daily: $-3,375.00
  ⏸️ Cooldown: 2 bar(s) remaining after exit
  💰 Daily P&L: $-3,375.00

[2026-08-28 09:54] O:7774.75 H:7776.50 L:7774.50 C:7774.50 V:5374.0
  📈 Trend: strong_bullish | 🌍 Regime: trending_bullish
  🗺️  Grid: 0.080% | 🔺 7775.00 🔻 7770.25
  📡 RSI: 84.2 | MACD: 6.91 | ATR: 3.46
  📊 Filled: 0 | Pending: 0
  ⏸️ Cooldown: 1 bar(s) remaining after exit
  💰 Daily P&L: $-3,375.00

[2026-08-28 09:55] O:7774.50 H:7776.75 L:7774.00 C:7776.25 V:4638.0
  📈 Trend: strong_bullish | 🌍 Regime: trending_bullish
  🗺️  Grid: 0.080% | 🔺 7776.50 🔻 7774.50
  📡 RSI: 89.3 | MACD: 7.10 | ATR: 3.46
  📊 Filled: 0 | Pending: 0
  💰 Daily P&L: $-3,375.00

[2026-08-28 09:56] O:7776.25 H:7777.75 L:7775.75 C:7776.75 V:4199.0
  📈 Trend: strong_bullish | 🌍 Regime: trending_bullish
  🗺️  Grid: 0.080% | 🔺 7776.75 🔻 7774.00
  📡 RSI: 88.4 | MACD: 7.21 | ATR: 3.30
  📊 Filled: 0 | Pending: 0
  💰 Daily P&L: $-3,375.00

[2026-08-28 09:57] O:7776.75 H:7778.25 L:7776.25 C:7777.50 V:4187.0
  📈 Trend: strong_bullish | 🌍 Regime: trending_bullish
  🗺️  Grid: 0.080% | 🔺 7777.75 🔻 7775.75
  📡 RSI: 88.0 | MACD: 7.28 | ATR: 3.27
  📊 Filled: 0 | Pending: 0
  💰 Daily P&L: $-3,375.00

[2026-08-28 09:58] O:7777.75 H:7778.75 L:7777.00 C:7778.50 V:3773.0
  📈 Trend: strong_bullish | 🌍 Regime: trending_bullish
  🗺️  Grid: 0.080% | 🔺 7778.25 🔻 7776.25
  📡 RSI: 86.7 | MACD: 7.33 | ATR: 3.05
  📊 Filled: 0 | Pending: 0
  💰 Daily P&L: $-3,375.00

[2026-08-28 09:59] O:7778.50 H:7780.00 L:7777.50 C:7779.25 V:4145.0
  📈 Trend: strong_bullish | 🌍 Regime: trending_bullish
  🗺️  Grid: 0.080% | 🔺 7778.75 🔻 7777.00
  📡 RSI: 96.2 | MACD: 7.34 | ATR: 2.96
  📊 Filled: 0 | Pending: 0
  💰 Daily P&L: $-3,375.00

[2026-08-28 10:00] O:7779.25 H:7782.25 L:7778.00 C:7781.75 V:5412.0
  📈 Trend: strong_bullish | 🌍 Regime: trending_bullish
  🗺️  Grid: 0.080% | 🔺 7780.00 🔻 7777.50
  📡 RSI: 96.1 | MACD: 7.47 | ATR: 2.93
  📊 Filled: 0 | Pending: 0
  💰 Daily P&L: $-3,375.00

[2026-08-28 10:01] O:7781.75 H:7782.50 L:7780.00 C:7780.25 V:6208.0
  📈 Trend: strong_bullish | 🌍 Regime: trending_bullish
  🗺️  Grid: 0.080% | 🔺 7782.25 🔻 7778.00
  📡 RSI: 88.9 | MACD: 7.36 | ATR: 2.86
  📊 Filled: 0 | Pending: 0
  💰 Daily P&L: $-3,375.00

[2026-08-28 10:02] O:7780.00 H:7781.00 L:7778.25 C:7779.50 V:5512.0
  📈 Trend: strong_bullish | 🌍 Regime: trending_bullish
  🗺️  Grid: 0.080% | 🔺 7782.50 🔻 7780.00
  📡 RSI: 84.8 | MACD: 7.14 | ATR: 2.82
  📊 Filled: 0 | Pending: 0
  💰 Daily P&L: $-3,375.00

[2026-08-28 10:03] O:7779.50 H:7779.75 L:7777.00 C:7778.75 V:4098.0
  📈 Trend: strong_bullish | 🌍 Regime: trending_bullish
  🗺️  Grid: 0.080% | 🔺 7781.00 🔻 7778.25
  📡 RSI: 79.5 | MACD: 6.82 | ATR: 2.84
  📊 Filled: 0 | Pending: 0
  💰 Daily P&L: $-3,375.00

[2026-08-28 10:04] O:7779.00 H:7780.50 L:7777.25 C:7778.25 V:3469.0
  📈 Trend: strong_bullish | 🌍 Regime: trending_bullish
  🗺️  Grid: 0.080% | 🔺 7779.75 🔻 7777.00
  📡 RSI: 75.0 | MACD: 6.45 | ATR: 2.77
  📊 Filled: 0 | Pending: 0
  💰 Daily P&L: $-3,375.00

[2026-08-28 10:05] O:7778.25 H:7779.75 L:7776.75 C:7778.00 V:3182.0
  📈 Trend: strong_bullish | 🌍 Regime: trending_bullish
  🗺️  Grid: 0.080% | 🔺 7780.50 🔻 7777.25
  📡 RSI: 76.1 | MACD: 6.07 | ATR: 2.79
  📊 Filled: 0 | Pending: 0
  💰 Daily P&L: $-3,375.00

[2026-08-28 10:06] O:7778.25 H:7779.25 L:7776.75 C:7777.50 V:2829.0
  📈 Trend: strong_bullish | 🌍 Regime: trending_bullish
  🗺️  Grid: 0.080% | 🔺 7779.75 🔻 7776.75
  📡 RSI: 70.0 | MACD: 5.66 | ATR: 2.77
  📊 Filled: 0 | Pending: 0
  💰 Daily P&L: $-3,375.00

[2026-08-28 10:07] O:7777.50 H:7778.00 L:7775.25 C:7777.25 V:3252.0
  📈 Trend: strong_bullish | 🌍 Regime: trending_bullish
  🗺️  Grid: 0.080% | 🔺 7779.25 🔻 7776.75
  📡 RSI: 60.4 | MACD: 5.26 | ATR: 2.62
  📊 Filled: 0 | Pending: 0
  💰 Daily P&L: $-3,375.00

[2026-08-28 10:08] O:7777.50 H:7777.50 L:7772.50 C:7773.00 V:3890.0
  📈 Trend: strong_bullish | 🌍 Regime: trending_bullish
  🗺️  Grid: 0.080% | 🔺 7778.00 🔻 7775.25
  📡 RSI: 45.3 | MACD: 4.54 | ATR: 2.84
  📊 Filled: 0 | Pending: 0
  💰 Daily P&L: $-3,375.00

[2026-08-28 10:09] O:7772.75 H:7773.50 L:7770.25 C:7771.75 V:3919.0
  📈 Trend: strong_bullish | 🌍 Regime: trending_bullish
  🗺️  Grid: 0.080% | 🔺 7777.50 🔻 7772.50
  📡 RSI: 35.5 | MACD: 3.83 | ATR: 2.88
  📊 Filled: 0 | Pending: 0
  💰 Daily P&L: $-3,375.00

[2026-08-28 10:10] O:7771.75 H:7773.50 L:7771.25 C:7772.00 V:3312.0
  📈 Trend: strong_bullish | 🌍 Regime: trending_bullish
  🗺️  Grid: 0.080% | 🔺 7773.50 🔻 7770.25
  📡 RSI: 34.4 | MACD: 3.25 | ATR: 2.89
  📊 Filled: 0 | Pending: 0
  💰 Daily P&L: $-3,375.00

[2026-08-28 10:11] O:7772.00 H:7772.00 L:7769.25 C:7771.00 V:4489.0
  📈 Trend: strong_bullish (raw: moderate_bullish) | 🌍 Regime: trending_bullish
  🗺️  Grid: 0.080% | 🔺 7773.50 🔻 7771.25
  📡 RSI: 29.0 | MACD: 2.68 | ATR: 2.95
  📊 Filled: 0 | Pending: 0
  💰 Daily P&L: $-3,375.00

[2026-08-28 10:12] O:7771.00 H:7771.25 L:7767.25 C:7770.25 V:4461.0
  📈 Trend: moderate_bullish | 🌍 Regime: trending_bullish
  🗺️  Grid: 0.080% | 🔺 7772.00 🔻 7769.25
  📡 RSI: 23.0 | MACD: 2.14 | ATR: 3.11
  📊 Filled: 0 | Pending: 0
  💰 Daily P&L: $-3,375.00

[2026-08-28 10:13] O:7770.25 H:7771.75 L:7768.75 C:7771.50 V:3700.0
  📈 Trend: moderate_bullish | 🌍 Regime: trending_bullish
  🗺️  Grid: 0.080% | 🔺 7771.25 🔻 7767.25
  📡 RSI: 25.4 | MACD: 1.79 | ATR: 3.14
  📊 Filled: 0 | Pending: 0
  📤 Limit BUY 10 @ 7771.50 submitted (ID: 721)
  📋 Order 721 status: Submitted
  ⬆️ LONG ORDER @ 7771.50 | Size: 1.00 | SL: 7765.25 | TP: 7781.00 [10cts]
     Reason: Grid Long (moderate_bullish, RSI: 25.4)
  🔬 SHADOW [long trending]: 🟥 ROBUST WOULD BLOCK (1 filter)
       MACD=BLOCK (+1.79 vs +2.14, Δ-0.35) | 5m=PASS (1m=moderate_bullish, 5m=sideways)
     ⏳ Order 721 PENDING - awaiting fill confirmation
  💰 Daily P&L: $-3,375.00
  ✅ Fill: BOT 1.0 @ 7771.5
  📋 Order 721 status: Submitted
  ✅ Fill: BOT 9.0 @ 7771.5
  📋 Order 721 status: Filled
  📤 Stop-Market SELL 10 @ 7763.50 submitted (ID: 722) [OCA:exit_721_1787930105]
  📋 Order 722 status: PreSubmitted
  📤 Limit SELL 10 @ 7781.00 submitted (ID: 723) [OCA:exit_721_1787930105]
  ✅ FILL CONFIRMED: LONG @ 7771.50 (order 721)
     📊 Bracket placed: SL #722 @ 7763.50 | TP #723 @ 7781.00
     Trail activates @ +7.5 pts

[2026-08-28 10:14] O:7771.25 H:7773.75 L:7770.00 C:7771.25 V:4441.0
  📈 Trend: moderate_bullish | 🌍 Regime: trending_bullish
  🗺️  Grid: 0.080% | 🔺 7771.75 🔻 7768.75
  📡 RSI: 11.1 | MACD: 1.48 | ATR: 3.11
  📊 Filled: 1 | Pending: 0
  📍 LONG @ 7771.50 | SL: 7763.50 | TP: 7781.00 | P&L: $-125.00 | +7.5 to trail
  💰 Daily P&L: $-3,375.00
  📋 Order 723 status: PreSubmitted
  📋 Order 723 status: Submitted

[2026-08-28 10:15] O:7771.25 H:7775.75 L:7771.00 C:7773.25 V:4093.0
  📈 Trend: moderate_bullish | 🌍 Regime: trending_bullish
  🗺️  Grid: 0.080% | 🔺 7773.75 🔻 7770.00
  📡 RSI: 25.0 | MACD: 1.38 | ATR: 3.27
  📊 Filled: 1 | Pending: 0
  📍 LONG @ 7771.50 | SL: 7763.50 | TP: 7781.00 | P&L: $+875.00 | +5.2 to trail
  💰 Daily P&L: $-3,375.00

[2026-08-28 10:16] O:7773.25 H:7776.00 L:7772.75 C:7774.00 V:3175.0
  📈 Trend: moderate_bullish | 🌍 Regime: trending_bullish
  🗺️  Grid: 0.080% | 🔺 7775.75 🔻 7771.00
  📡 RSI: 30.4 | MACD: 1.34 | ATR: 3.30
  📊 Filled: 1 | Pending: 0
  📍 LONG @ 7771.50 | SL: 7763.50 | TP: 7781.00 | P&L: $+1,250.00 | +3.2 to trail
  💰 Daily P&L: $-3,375.00

[2026-08-28 10:17] O:7774.00 H:7774.50 L:7772.50 C:7774.25 V:2830.0
  📈 Trend: moderate_bullish | 🌍 Regime: trending_bullish
  🗺️  Grid: 0.080% | 🔺 7776.00 🔻 7772.75
  📡 RSI: 33.3 | MACD: 1.32 | ATR: 3.25
  📊 Filled: 1 | Pending: 0
  📍 LONG @ 7771.50 | SL: 7763.50 | TP: 7781.00 | P&L: $+1,375.00 | +3.0 to trail
  💰 Daily P&L: $-3,375.00

[2026-08-28 10:18] O:7774.50 H:7775.00 L:7771.25 C:7771.75 V:2744.0
  📈 Trend: moderate_bullish | 🌍 Regime: trending_bullish
  🗺️  Grid: 0.080% | 🔺 7774.50 🔻 7772.50
  📡 RSI: 29.0 | MACD: 1.09 | ATR: 3.29
  📊 Filled: 1 | Pending: 0
  📍 LONG @ 7771.50 | SL: 7763.50 | TP: 7781.00 | P&L: $+125.00 | +3.0 to trail
  💰 Daily P&L: $-3,375.00

[2026-08-28 10:19] O:7772.00 H:7774.00 L:7771.50 C:7772.25 V:2943.0
  📈 Trend: moderate_bullish | 🌍 Regime: trending_bullish
  🗺️  Grid: 0.080% | 🔺 7775.00 🔻 7771.25
  📡 RSI: 31.7 | MACD: 0.93 | ATR: 3.25
  📊 Filled: 1 | Pending: 0
  📍 LONG @ 7771.50 | SL: 7763.50 | TP: 7781.00 | P&L: $+375.00 | +3.0 to trail
  💰 Daily P&L: $-3,375.00

[2026-08-28 10:20] O:7772.50 H:7777.25 L:7772.25 C:7776.75 V:3839.0
  📈 Trend: moderate_bullish | 🌍 Regime: trending_bullish
  🗺️  Grid: 0.080% | 🔺 7774.00 🔻 7771.50
  📡 RSI: 48.1 | MACD: 1.16 | ATR: 3.43
  📊 Filled: 1 | Pending: 0
  📍 LONG @ 7771.50 | SL: 7763.50 | TP: 7781.00 | P&L: $+2,625.00 | +3.0 to trail
  💰 Daily P&L: $-3,375.00

[2026-08-28 10:21] O:7777.00 H:7777.00 L:7772.50 C:7774.25 V:2711.0
  📈 Trend: moderate_bullish | 🌍 Regime: trending_bullish
  🗺️  Grid: 0.080% | 🔺 7777.25 🔻 7772.25
  📡 RSI: 43.2 | MACD: 1.12 | ATR: 3.55
  📊 Filled: 1 | Pending: 0
  📍 LONG @ 7771.50 | SL: 7763.50 | TP: 7781.00 | P&L: $+1,375.00 | +1.8 to trail
  💰 Daily P&L: $-3,375.00

[2026-08-28 10:22] O:7774.25 H:7774.50 L:7772.75 C:7773.75 V:2334.0
  📈 Trend: moderate_bullish | 🌍 Regime: trending_bullish
  🗺️  Grid: 0.080% | 🔺 7777.00 🔻 7772.50
  📡 RSI: 52.1 | MACD: 1.04 | ATR: 3.32
  📊 Filled: 1 | Pending: 0
  📍 LONG @ 7771.50 | SL: 7763.50 | TP: 7781.00 | P&L: $+1,125.00 | +1.8 to trail
  💰 Daily P&L: $-3,375.00

[2026-08-28 10:23] O:7774.00 H:7777.75 L:7773.50 C:7777.50 V:2514.0
  📈 Trend: moderate_bullish | 🌍 Regime: trending_bullish
  🗺️  Grid: 0.080% | 🔺 7774.50 🔻 7772.75
  📡 RSI: 63.9 | MACD: 1.27 | ATR: 3.39
  📊 Filled: 1 | Pending: 0
  📍 LONG @ 7771.50 | SL: 7763.50 | TP: 7781.00 | P&L: $+3,000.00 | +1.8 to trail
  💰 Daily P&L: $-3,375.00

[2026-08-28 10:24] O:7777.25 H:7778.25 L:7777.00 C:7777.50 V:2072.0
  📈 Trend: moderate_bullish | 🌍 Regime: trending_bullish
  🗺️  Grid: 0.080% | 🔺 7777.75 🔻 7773.50
  📡 RSI: 63.4 | MACD: 1.43 | ATR: 3.32
  📊 Filled: 1 | Pending: 0
  📍 LONG @ 7771.50 | SL: 7763.50 | TP: 7781.00 | P&L: $+3,000.00 | +1.2 to trail
  💰 Daily P&L: $-3,375.00

[2026-08-28 10:25] O:7777.75 H:7780.00 L:7777.25 C:7779.75 V:1896.0
  📈 Trend: moderate_bullish (raw: strong_bullish) | 🌍 Regime: trending_bullish
  🗺️  Grid: 0.080% | 🔺 7778.25 🔻 7777.00
  📡 RSI: 70.1 | MACD: 1.72 | ATR: 3.32
  📊 Filled: 1 | Pending: 0
  📍 LONG @ 7771.50 | SL: 7763.50 | TP: 7781.00 | P&L: $+4,125.00 | +0.8 to trail
  ✏️ Stop order 722 modified → 7778.50 [confirmed]
  🔄 TRAILING ACTIVATED @ +8.50pts | Stop: 7763.50 → 7778.50
  💰 Daily P&L: $-3,375.00
  📋 Order 722 status: Cancelled
  ✅ Fill: SLD 10.0 @ 7781.0
  📋 Order 723 status: Filled

[2026-08-28 10:26] O:7779.75 H:7781.50 L:7779.25 C:7779.75 V:3311.0
  📈 Trend: strong_bullish | 🌍 Regime: trending_bullish
  🗺️  Grid: 0.080% | 🔺 7780.00 🔻 7777.25
  📡 RSI: 72.6 | MACD: 1.93 | ATR: 3.20
  📊 Filled: 1 | Pending: 0
  📍 LONG @ 7771.50 | Trail: 7778.50 | TP: 7781.00 | P&L: $+4,125.00 | 🔒 Trailing
  ✅ EXIT LONG @ 7781.00 | Take Profit
     P&L: +9.50 pts ($+4,750.00) | Daily: $+1,375.00
  ⏸️ Cooldown: 2 bar(s) remaining after exit
  💰 Daily P&L: $+1,375.00

[2026-08-28 10:27] O:7779.75 H:7780.00 L:7777.50 C:7778.50 V:2576.0
  📈 Trend: strong_bullish | 🌍 Regime: trending_bullish
  🗺️  Grid: 0.080% | 🔺 7781.50 🔻 7779.25
  📡 RSI: 66.7 | MACD: 1.97 | ATR: 3.16
  📊 Filled: 0 | Pending: 0
  ⏸️ Cooldown: 1 bar(s) remaining after exit
  💰 Daily P&L: $+1,375.00

[2026-08-28 10:28] O:7778.75 H:7779.75 L:7776.75 C:7779.50 V:2344.0
  📈 Trend: strong_bullish | 🌍 Regime: trending_bullish
  🗺️  Grid: 0.080% | 🔺 7780.00 🔻 7777.50
  📡 RSI: 69.0 | MACD: 2.06 | ATR: 3.11
  📊 Filled: 0 | Pending: 0
  💰 Daily P&L: $+1,375.00

[2026-08-28 10:29] O:7779.50 H:7779.50 L:7777.25 C:7779.00 V:2208.0
  📈 Trend: strong_bullish | 🌍 Regime: trending_bullish
  🗺️  Grid: 0.080% | 🔺 7779.75 🔻 7776.75
  📡 RSI: 64.2 | MACD: 2.06 | ATR: 2.93
  📊 Filled: 0 | Pending: 0
  💰 Daily P&L: $+1,375.00

[2026-08-28 10:30] O:7779.25 H:7779.50 L:7777.25 C:7777.50 V:2815.0
  📈 Trend: strong_bullish | 🌍 Regime: ranging
  🗺️  Grid: 0.080% | 🔺 7779.50 🔻 7777.25
  📡 RSI: 58.3 | MACD: 1.93 | ATR: 2.86
  📊 Filled: 0 | Pending: 0
  🔲 Regime: RANGING | Range pos: 91% | RSI: 58.3
  💰 Daily P&L: $+1,375.00

[2026-08-28 10:31] O:7777.50 H:7777.75 L:7775.25 C:7776.25 V:2733.0
  📈 Trend: strong_bullish | 🌍 Regime: ranging
  🗺️  Grid: 0.080% | 🔺 7779.50 🔻 7777.25
  📡 RSI: 54.5 | MACD: 1.70 | ATR: 2.89
  📊 Filled: 0 | Pending: 0
  🔲 Regime: RANGING | Range pos: 89% | RSI: 54.5
  💰 Daily P&L: $+1,375.00

[2026-08-28 10:32] O:7776.50 H:7777.50 L:7775.75 C:7777.00 V:2106.0
  📈 Trend: strong_bullish | 🌍 Regime: ranging
  🗺️  Grid: 0.080% | 🔺 7777.75 🔻 7775.25
  📡 RSI: 63.0 | MACD: 1.56 | ATR: 2.75
  📊 Filled: 0 | Pending: 0
  🔲 Regime: RANGING | Range pos: 90% | RSI: 63.0
  💰 Daily P&L: $+1,375.00

[2026-08-28 10:33] O:7777.25 H:7778.50 L:7776.75 C:7777.00 V:2551.0
  📈 Trend: strong_bullish | 🌍 Regime: ranging
  🗺️  Grid: 0.080% | 🔺 7777.50 🔻 7775.75
  📡 RSI: 62.0 | MACD: 1.43 | ATR: 2.70
  📊 Filled: 0 | Pending: 0
  🔲 Regime: RANGING | Range pos: 90% | RSI: 62.0
  💰 Daily P&L: $+1,375.00

[2026-08-28 10:34] O:7777.25 H:7777.50 L:7773.50 C:7773.75 V:3140.0
  📈 Trend: strong_bullish | 🌍 Regime: ranging
  🗺️  Grid: 0.080% | 🔺 7778.50 🔻 7776.75
  📡 RSI: 41.9 | MACD: 1.05 | ATR: 2.62
  📊 Filled: 0 | Pending: 0
  🔲 Regime: RANGING | Range pos: 84% | RSI: 41.9
  💰 Daily P&L: $+1,375.00

[2026-08-28 10:35] O:7773.75 H:7775.50 L:7773.50 C:7774.00 V:2532.0
  📈 Trend: strong_bullish (raw: moderate_bullish) | 🌍 Regime: ranging
  🗺️  Grid: 0.080% | 🔺 7777.50 🔻 7773.50
  📡 RSI: 49.2 | MACD: 0.77 | ATR: 2.45
  📊 Filled: 0 | Pending: 0
  🔲 Regime: RANGING | Range pos: 85% | RSI: 49.2
  💰 Daily P&L: $+1,375.00

[2026-08-28 10:36] O:7774.25 H:7775.25 L:7772.75 C:7773.25 V:2067.0
  📈 Trend: moderate_bullish | 🌍 Regime: ranging
  🗺️  Grid: 0.080% | 🔺 7775.50 🔻 7773.50
  📡 RSI: 48.5 | MACD: 0.48 | ATR: 2.50
  📊 Filled: 0 | Pending: 0
  🔲 Regime: RANGING | Range pos: 83% | RSI: 48.5
  💰 Daily P&L: $+1,375.00

[2026-08-28 10:37] O:7773.50 H:7773.50 L:7771.25 C:7771.25 V:3025.0
  📈 Trend: moderate_bullish | 🌍 Regime: ranging
  🗺️  Grid: 0.080% | 🔺 7775.25 🔻 7772.75
  📡 RSI: 28.8 | MACD: 0.08 | ATR: 2.36
  📊 Filled: 0 | Pending: 0
  🔲 Regime: RANGING | Range pos: 80% | RSI: 28.8
  💰 Daily P&L: $+1,375.00

[2026-08-28 10:38] O:7771.25 H:7771.25 L:7767.50 C:7767.50 V:3666.0
  📈 Trend: moderate_bullish | 🌍 Regime: ranging
  🗺️  Grid: 0.080% | 🔺 7773.50 🔻 7771.25
  📡 RSI: 23.0 | MACD: -0.53 | ATR: 2.54
  📊 Filled: 0 | Pending: 0
  🔲 Regime: RANGING | Range pos: 73% | RSI: 23.0
  💰 Daily P&L: $+1,375.00

[2026-08-28 10:39] O:7767.75 H:7768.00 L:7764.75 C:7765.75 V:4836.0
  📈 Trend: moderate_bullish | 🌍 Regime: ranging
  🗺️  Grid: 0.080% | 🔺 7771.25 🔻 7767.50
  📡 RSI: 11.1 | MACD: -1.14 | ATR: 2.57
  📊 Filled: 0 | Pending: 0
  🔲 Regime: RANGING | Range pos: 70% | RSI: 11.1
  💰 Daily P&L: $+1,375.00

[2026-08-28 10:40] O:7765.75 H:7766.00 L:7757.50 C:7758.00 V:8854.0
  📈 Trend: moderate_bullish (raw: strong_bearish) | 🌍 Regime: ranging
  🗺️  Grid: 0.080% | 🔺 7768.00 🔻 7764.75
  📡 RSI: 7.8 | MACD: -2.22 | ATR: 3.02
  📊 Filled: 0 | Pending: 0
  🔲 Regime: RANGING | Range pos: 56% | RSI: 7.8
  💰 Daily P&L: $+1,375.00

[2026-08-28 10:41] O:7758.00 H:7762.00 L:7755.50 C:7761.50 V:9212.0
  📈 Trend: strong_bearish | 🌍 Regime: ranging
  🗺️  Grid: 0.080% | 🔺 7766.00 🔻 7757.50
  📡 RSI: 19.6 | MACD: -2.77 | ATR: 3.30
  📊 Filled: 0 | Pending: 0
  🔲 Regime: RANGING | Range pos: 62% | RSI: 19.6
  💰 Daily P&L: $+1,375.00

[2026-08-28 10:42] O:7761.25 H:7762.00 L:7758.25 C:7759.00 V:6422.0
  📈 Trend: strong_bearish | 🌍 Regime: ranging
  🗺️  Grid: 0.080% | 🔺 7762.00 🔻 7755.50
  📡 RSI: 15.3 | MACD: -3.36 | ATR: 3.36
  📊 Filled: 0 | Pending: 0
  🔲 Regime: RANGING | Range pos: 58% | RSI: 15.3
  💰 Daily P&L: $+1,375.00

[2026-08-28 10:43] O:7759.00 H:7761.75 L:7757.50 C:7760.25 V:4893.0
  📈 Trend: strong_bearish | 🌍 Regime: trending_bearish
  🗺️  Grid: 0.080% | 🔺 7762.00 🔻 7758.25
  📡 RSI: 19.0 | MACD: -3.69 | ATR: 3.50
  📊 Filled: 0 | Pending: 0
  💰 Daily P&L: $+1,375.00

[2026-08-28 10:44] O:7760.25 H:7760.50 L:7756.00 C:7757.50 V:4930.0
  📈 Trend: strong_bearish | 🌍 Regime: trending_bearish
  🗺️  Grid: 0.080% | 🔺 7761.75 🔻 7757.50
  📡 RSI: 18.3 | MACD: -4.12 | ATR: 3.66
  📊 Filled: 0 | Pending: 0
  💰 Daily P&L: $+1,375.00

[2026-08-28 10:45] O:7757.50 H:7759.50 L:7755.50 C:7758.25 V:7259.0
  📈 Trend: strong_bearish | 🌍 Regime: trending_bearish
  🗺️  Grid: 0.080% | 🔺 7760.50 🔻 7756.00
  📡 RSI: 21.0 | MACD: -4.36 | ATR: 3.77
  📊 Filled: 0 | Pending: 0
  💰 Daily P&L: $+1,375.00

[2026-08-28 10:46] O:7758.25 H:7758.50 L:7755.75 C:7756.75 V:4359.0
  📈 Trend: strong_bearish | 🌍 Regime: trending_bearish
  🗺️  Grid: 0.080% | 🔺 7759.50 🔻 7755.50
  📡 RSI: 18.1 | MACD: -4.61 | ATR: 3.84
  📊 Filled: 0 | Pending: 0
  💰 Daily P&L: $+1,375.00

[2026-08-28 10:47] O:7757.00 H:7759.00 L:7753.75 C:7754.25 V:5491.0
  📈 Trend: strong_bearish | 🌍 Regime: trending_bearish
  🗺️  Grid: 0.080% | 🔺 7758.50 🔻 7755.75
  📡 RSI: 16.8 | MACD: -4.95 | ATR: 4.09
  📊 Filled: 0 | Pending: 0
  💰 Daily P&L: $+1,375.00

[2026-08-28 10:48] O:7754.50 H:7754.75 L:7751.00 C:7753.25 V:5621.0
  📈 Trend: strong_bearish | 🌍 Regime: trending_bearish
  🗺️  Grid: 0.080% | 🔺 7759.00 🔻 7753.75
  📡 RSI: 18.0 | MACD: -5.25 | ATR: 4.07
  📊 Filled: 0 | Pending: 0
  💰 Daily P&L: $+1,375.00

[2026-08-28 10:49] O:7753.50 H:7753.50 L:7750.75 C:7752.00 V:4686.0
  📈 Trend: strong_bearish | 🌍 Regime: trending_bearish
  🗺️  Grid: 0.080% | 🔺 7754.75 🔻 7751.00
  📡 RSI: 16.7 | MACD: -5.52 | ATR: 4.12
  📊 Filled: 0 | Pending: 0
  💰 Daily P&L: $+1,375.00

[2026-08-28 10:50] O:7752.00 H:7754.00 L:7750.50 C:7750.75 V:5758.0
  📈 Trend: strong_bearish | 🌍 Regime: trending_bearish
  🗺️  Grid: 0.080% | 🔺 7753.50 🔻 7750.75
  📡 RSI: 16.4 | MACD: -5.77 | ATR: 4.20
  📊 Filled: 0 | Pending: 0
  💰 Daily P&L: $+1,375.00

[2026-08-28 10:51] O:7750.75 H:7752.00 L:7746.50 C:7746.50 V:6718.0
  📈 Trend: strong_bearish | 🌍 Regime: trending_bearish
  🗺️  Grid: 0.080% | 🔺 7754.00 🔻 7750.50
  📡 RSI: 15.4 | MACD: -6.23 | ATR: 4.43
  📊 Filled: 0 | Pending: 0
  💰 Daily P&L: $+1,375.00

[2026-08-28 10:52] O:7746.50 H:7747.00 L:7743.50 C:7744.50 V:6471.0
  📈 Trend: strong_bearish | 🌍 Regime: trending_bearish
  🗺️  Grid: 0.080% | 🔺 7752.00 🔻 7746.50
  📡 RSI: 16.2 | MACD: -6.69 | ATR: 4.41
  📊 Filled: 0 | Pending: 0
  💰 Daily P&L: $+1,375.00

[2026-08-28 10:53] O:7744.75 H:7748.50 L:7744.00 C:7745.25 V:5102.0
  📈 Trend: strong_bearish | 🌍 Regime: trending_bearish
  🗺️  Grid: 0.080% | 🔺 7747.00 🔻 7743.50
  📡 RSI: 18.9 | MACD: -6.91 | ATR: 4.50
  📊 Filled: 0 | Pending: 0
  💰 Daily P&L: $+1,375.00

[2026-08-28 10:54] O:7745.50 H:7750.25 L:7743.75 C:7750.00 V:5731.0
  📈 Trend: strong_bearish | 🌍 Regime: trending_bearish
  🗺️  Grid: 0.080% | 🔺 7748.50 🔻 7744.00
  📡 RSI: 36.7 | MACD: -6.62 | ATR: 4.36
  📊 Filled: 0 | Pending: 0
  💰 Daily P&L: $+1,375.00

[2026-08-28 10:55] O:7750.00 H:7750.50 L:7744.50 C:7744.50 V:4965.0
  📈 Trend: strong_bearish | 🌍 Regime: trending_bearish
  🗺️  Grid: 0.080% | 🔺 7750.25 🔻 7743.75
  📡 RSI: 23.4 | MACD: -6.76 | ATR: 4.32
  📊 Filled: 0 | Pending: 0
  💰 Daily P&L: $+1,375.00

[2026-08-28 10:56] O:7744.50 H:7745.00 L:7738.75 C:7739.50 V:7250.0
  📈 Trend: strong_bearish | 🌍 Regime: trending_bearish
  🗺️  Grid: 0.080% | 🔺 7750.50 🔻 7744.50
  📡 RSI: 21.7 | MACD: -7.20 | ATR: 4.50
  📊 Filled: 0 | Pending: 0
  💰 Daily P&L: $+1,375.00

[2026-08-28 10:57] O:7739.50 H:7740.50 L:7737.25 C:7739.00 V:6989.0
  📈 Trend: strong_bearish | 🌍 Regime: trending_bearish
  🗺️  Grid: 0.080% | 🔺 7745.00 🔻 7738.75
  📡 RSI: 18.5 | MACD: -7.49 | ATR: 4.43
  📊 Filled: 0 | Pending: 0
  💰 Daily P&L: $+1,375.00

[2026-08-28 10:58] O:7738.75 H:7742.00 L:7738.25 C:7741.00 V:5728.0
  📈 Trend: strong_bearish | 🌍 Regime: trending_bearish
  🗺️  Grid: 0.080% | 🔺 7740.50 🔻 7737.25
  📡 RSI: 25.0 | MACD: -7.48 | ATR: 4.38
  📊 Filled: 0 | Pending: 0
  💰 Daily P&L: $+1,375.00

[2026-08-28 10:59] O:7741.00 H:7741.50 L:7738.00 C:7739.75 V:4743.0
  📈 Trend: strong_bearish | 🌍 Regime: trending_bearish
  🗺️  Grid: 0.080% | 🔺 7742.00 🔻 7738.25
  📡 RSI: 22.4 | MACD: -7.48 | ATR: 4.34
  📊 Filled: 0 | Pending: 0
  💰 Daily P&L: $+1,375.00

[2026-08-28 11:00] O:7739.75 H:7741.50 L:7738.75 C:7738.75 V:6002.0
  📈 Trend: strong_bearish | 🌍 Regime: trending_bearish
  🗺️  Grid: 0.080% | 🔺 7741.50 🔻 7738.00
  📡 RSI: 22.7 | MACD: -7.48 | ATR: 4.34
  📊 Filled: 0 | Pending: 0
  💰 Daily P&L: $+1,375.00

[2026-08-28 11:01] O:7738.75 H:7738.75 L:7733.75 C:7736.75 V:7453.0
  📈 Trend: strong_bearish | 🌍 Regime: trending_bearish
  🗺️  Grid: 0.080% | 🔺 7741.50 🔻 7738.75
  📡 RSI: 23.1 | MACD: -7.55 | ATR: 4.32
  📊 Filled: 0 | Pending: 0
  💰 Daily P&L: $+1,375.00

[2026-08-28 11:02] O:7736.50 H:7739.25 L:7735.25 C:7739.25 V:5110.0
  📈 Trend: strong_bearish | 🌍 Regime: trending_bearish
  🗺️  Grid: 0.080% | 🔺 7738.75 🔻 7733.75
  📡 RSI: 29.4 | MACD: -7.32 | ATR: 4.34
  📊 Filled: 0 | Pending: 0
  💰 Daily P&L: $+1,375.00

[2026-08-28 11:03] O:7739.00 H:7741.25 L:7738.00 C:7740.00 V:5115.0
  📈 Trend: strong_bearish (raw: moderate_bearish) | 🌍 Regime: trending_bearish
  🗺️  Grid: 0.080% | 🔺 7739.25 🔻 7735.25
  📡 RSI: 32.1 | MACD: -7.00 | ATR: 4.38
  📊 Filled: 0 | Pending: 0
  💰 Daily P&L: $+1,375.00

[2026-08-28 11:04] O:7740.00 H:7741.50 L:7736.25 C:7737.25 V:3777.0
  📈 Trend: moderate_bearish | 🌍 Regime: trending_bearish
  🗺️  Grid: 0.080% | 🔺 7741.25 🔻 7738.00
  📡 RSI: 30.7 | MACD: -6.89 | ATR: 4.50
  📊 Filled: 0 | Pending: 0
  💰 Daily P&L: $+1,375.00

[2026-08-28 11:05] O:7737.00 H:7740.25 L:7736.50 C:7740.00 V:3499.0
  📈 Trend: moderate_bearish | 🌍 Regime: trending_bearish
  🗺️  Grid: 0.080% | 🔺 7741.50 🔻 7736.25
  📡 RSI: 40.3 | MACD: -6.50 | ATR: 4.38
  📊 Filled: 0 | Pending: 0
  💰 Daily P&L: $+1,375.00

[2026-08-28 11:06] O:7740.00 H:7741.25 L:7737.25 C:7740.50 V:4225.0
  📈 Trend: moderate_bearish | 🌍 Regime: trending_bearish
  🗺️  Grid: 0.080% | 🔺 7740.25 🔻 7736.50
  📡 RSI: 43.8 | MACD: -6.09 | ATR: 4.41
  📊 Filled: 0 | Pending: 0
  💰 Daily P&L: $+1,375.00

[2026-08-28 11:07] O:7740.25 H:7744.00 L:7740.25 C:7743.50 V:4471.0
  📈 Trend: moderate_bearish | 🌍 Regime: trending_bearish
  🗺️  Grid: 0.080% | 🔺 7741.25 🔻 7737.25
  📡 RSI: 47.4 | MACD: -5.45 | ATR: 4.36
  📊 Filled: 0 | Pending: 0
  💰 Daily P&L: $+1,375.00

[2026-08-28 11:08] O:7743.50 H:7743.75 L:7741.25 C:7743.25 V:3032.0
  📈 Trend: moderate_bearish | 🌍 Regime: trending_bearish
  🗺️  Grid: 0.080% | 🔺 7744.00 🔻 7740.25
  📡 RSI: 38.7 | MACD: -4.91 | ATR: 4.07
  📊 Filled: 0 | Pending: 0
  💰 Daily P&L: $+1,375.00

[2026-08-28 11:09] O:7743.25 H:7745.25 L:7743.00 C:7744.50 V:3386.0
  📈 Trend: moderate_bearish | 🌍 Regime: trending_bearish
  🗺️  Grid: 0.080% | 🔺 7743.75 🔻 7741.25
  📡 RSI: 50.0 | MACD: -4.33 | ATR: 3.80
  📊 Filled: 0 | Pending: 0
  💰 Daily P&L: $+1,375.00

[2026-08-28 11:10] O:7744.25 H:7744.75 L:7742.50 C:7744.75 V:3790.0
  📈 Trend: moderate_bearish | 🌍 Regime: trending_bearish
  🗺️  Grid: 0.080% | 🔺 7745.25 🔻 7743.00
  📡 RSI: 62.7 | MACD: -3.81 | ATR: 3.52
  📊 Filled: 0 | Pending: 0
  💰 Daily P&L: $+1,375.00

[2026-08-28 11:11] O:7744.75 H:7744.75 L:7740.00 C:7740.00 V:4919.0
  📈 Trend: moderate_bearish | 🌍 Regime: trending_bearish
  🗺️  Grid: 0.080% | 🔺 7744.75 🔻 7742.50
  📡 RSI: 52.0 | MACD: -3.74 | ATR: 3.62
  📊 Filled: 0 | Pending: 0
  💰 Daily P&L: $+1,375.00

[2026-08-28 11:12] O:7740.00 H:7741.75 L:7739.25 C:7740.50 V:3134.0
  📈 Trend: moderate_bearish | 🌍 Regime: trending_bearish
  🗺️  Grid: 0.080% | 🔺 7744.75 🔻 7740.00
  📡 RSI: 48.9 | MACD: -3.60 | ATR: 3.54
  📊 Filled: 0 | Pending: 0
  💰 Daily P&L: $+1,375.00

[2026-08-28 11:13] O:7740.50 H:7741.00 L:7738.75 C:7740.00 V:2530.0
  📈 Trend: moderate_bearish | 🌍 Regime: ranging
  🗺️  Grid: 0.080% | 🔺 7741.75 🔻 7739.25
  📡 RSI: 50.5 | MACD: -3.48 | ATR: 3.45
  📊 Filled: 0 | Pending: 0
  🔲 Regime: RANGING | Range pos: 24% | RSI: 50.5
  💰 Daily P&L: $+1,375.00

[2026-08-28 11:14] O:7740.00 H:7741.25 L:7738.25 C:7738.75 V:2816.0
  📈 Trend: moderate_bearish | 🌍 Regime: ranging
  🗺️  Grid: 0.080% | 🔺 7741.00 🔻 7738.75
  📡 RSI: 50.0 | MACD: -3.46 | ATR: 3.46
  📊 Filled: 0 | Pending: 0
  🔲 Regime: RANGING | Range pos: 22% | RSI: 50.0
  💰 Daily P&L: $+1,375.00

[2026-08-28 11:15] O:7738.75 H:7741.50 L:7734.50 C:7734.75 V:4131.0
  📈 Trend: moderate_bearish (raw: strong_bearish) | 🌍 Regime: trending_bearish
  🗺️  Grid: 0.080% | 🔺 7741.25 🔻 7738.25
  📡 RSI: 46.0 | MACD: -3.72 | ATR: 3.61
  📊 Filled: 0 | Pending: 0
  💰 Daily P&L: $+1,375.00

[2026-08-28 11:16] O:7734.75 H:7734.75 L:7732.50 C:7733.75 V:4056.0
  📈 Trend: strong_bearish | 🌍 Regime: ranging
  🗺️  Grid: 0.080% | 🔺 7741.50 🔻 7734.50
  📡 RSI: 38.3 | MACD: -3.96 | ATR: 3.48
  📊 Filled: 0 | Pending: 0
  🔲 Regime: RANGING | Range pos: 13% | RSI: 38.3
  💰 Daily P&L: $+1,375.00

[2026-08-28 11:17] O:7733.75 H:7734.75 L:7732.25 C:7732.75 V:3284.0
  📈 Trend: strong_bearish | 🌍 Regime: ranging
  🗺️  Grid: 0.080% | 🔺 7734.75 🔻 7732.50
  📡 RSI: 34.7 | MACD: -4.18 | ATR: 3.43
  📊 Filled: 0 | Pending: 0
  🔲 Regime: RANGING | Range pos: 11% | RSI: 34.7
  📤 Limit BUY 10 @ 7732.75 submitted (ID: 724)
  📋 Order 724 status: PreSubmitted
  ✅ Fill: BOT 10.0 @ 7732.25
  📋 Order 724 status: Filled
  ⬆️ LONG ORDER @ 7732.75 | Size: 1.00 | SL: 7726.00 | TP: 7743.00 [10cts]
     Reason: Grid Long (sideways, RSI: 34.7)
  🔬 SHADOW [long ranging]: 🟥 ROBUST WOULD BLOCK (1 filter)
       MACD=BLOCK (-4.18 vs -3.96, Δ-0.22) | 5m=N/A (ranging)
     ⏳ Order 724 PENDING - awaiting fill confirmation
  💰 Daily P&L: $+1,375.00
  📤 Stop-Market SELL 10 @ 7724.25 submitted (ID: 725) [OCA:exit_724_1787933945]
  📋 Order 725 status: PreSubmitted
  📤 Limit SELL 10 @ 7742.50 submitted (ID: 726) [OCA:exit_724_1787933945]
  📋 Order 726 status: PreSubmitted
  ✅ FILL CONFIRMED: LONG @ 7732.25 (order 724)
     📊 Bracket placed: SL #725 @ 7724.25 | TP #726 @ 7742.50
     Trail activates @ +7.5 pts

[2026-08-28 11:18] O:7732.75 H:7733.25 L:7726.25 C:7727.75 V:6644.0
  📈 Trend: strong_bearish | 🌍 Regime: trending_bearish
  🗺️  Grid: 0.080% | 🔺 7734.75 🔻 7732.25
  📡 RSI: 31.7 | MACD: -4.70 | ATR: 3.55
  📊 Filled: 1 | Pending: 0
  📍 LONG @ 7732.25 | SL: 7724.25 | TP: 7742.50 | P&L: $-2,250.00 | +7.5 to trail
  💰 Daily P&L: $+1,375.00
  📋 Order 726 status: Submitted

[2026-08-28 11:19] O:7727.50 H:7732.00 L:7727.25 C:7730.75 V:4689.0
  📈 Trend: strong_bearish | 🌍 Regime: trending_bearish
  🗺️  Grid: 0.080% | 🔺 7733.25 🔻 7726.25
  📡 RSI: 32.4 | MACD: -4.82 | ATR: 3.62
  📊 Filled: 1 | Pending: 0
  📍 LONG @ 7732.25 | SL: 7724.25 | TP: 7742.50 | P&L: $-750.00 | +6.5 to trail
  💰 Daily P&L: $+1,375.00

[2026-08-28 11:20] O:7730.75 H:7732.50 L:7727.25 C:7728.25 V:5132.0
  📈 Trend: strong_bearish | 🌍 Regime: trending_bearish
  🗺️  Grid: 0.080% | 🔺 7732.00 🔻 7727.25
  📡 RSI: 28.3 | MACD: -5.06 | ATR: 3.71
  📊 Filled: 1 | Pending: 0
  📍 LONG @ 7732.25 | SL: 7724.25 | TP: 7742.50 | P&L: $-2,000.00 | +6.5 to trail
  💰 Daily P&L: $+1,375.00

[2026-08-28 11:21] O:7728.00 H:7729.25 L:7724.50 C:7728.75 V:5108.0
  📈 Trend: strong_bearish | 🌍 Regime: trending_bearish
  🗺️  Grid: 0.080% | 🔺 7732.50 🔻 7727.25
  📡 RSI: 21.4 | MACD: -5.15 | ATR: 3.79
  📊 Filled: 1 | Pending: 0
  📍 LONG @ 7732.25 | SL: 7724.25 | TP: 7742.50 | P&L: $-1,750.00 | +6.5 to trail
  💰 Daily P&L: $+1,375.00

[2026-08-28 11:22] O:7728.75 H:7728.75 L:7725.00 C:7726.50 V:5834.0
  📈 Trend: strong_bearish | 🌍 Regime: trending_bearish
  🗺️  Grid: 0.080% | 🔺 7729.25 🔻 7724.50
  📡 RSI: 19.8 | MACD: -5.34 | ATR: 3.88
  📊 Filled: 1 | Pending: 0
  📍 LONG @ 7732.25 | SL: 7724.25 | TP: 7742.50 | P&L: $-2,875.00 | +6.5 to trail
  💰 Daily P&L: $+1,375.00
  📋 Order 726 status: PreSubmitted
  📋 Order 726 status: PendingCancel
  ✅ Fill: SLD 10.0 @ 7724.25
  📋 Order 725 status: Filled
  📋 Order 726 status: Cancelled

[2026-08-28 11:23] O:7726.50 H:7727.00 L:7724.50 C:7726.25 V:4725.0
  📈 Trend: strong_bearish | 🌍 Regime: trending_bearish
  🗺️  Grid: 0.080% | 🔺 7728.75 🔻 7725.00
  📡 RSI: 15.9 | MACD: -5.45 | ATR: 3.89
  📊 Filled: 1 | Pending: 0
  📍 LONG @ 7732.25 | SL: 7724.25 | TP: 7742.50 | P&L: $-3,000.00 | +6.5 to trail
  ❌ EXIT LONG @ 7724.25 | Stop Loss
     P&L: -8.00 pts ($-4,000.00) | Daily: $-2,625.00
  ⏸️ Cooldown: 2 bar(s) remaining after exit
  💰 Daily P&L: $-2,625.00

[2026-08-28 11:24] O:7726.25 H:7726.50 L:7720.00 C:7724.00 V:7537.0
  📈 Trend: strong_bearish | 🌍 Regime: trending_bearish
  🗺️  Grid: 0.080% | 🔺 7727.00 🔻 7724.50
  📡 RSI: 13.9 | MACD: -5.65 | ATR: 4.20
  📊 Filled: 0 | Pending: 0
  ⏸️ Cooldown: 1 bar(s) remaining after exit
  💰 Daily P&L: $-2,625.00

[2026-08-28 11:25] O:7723.75 H:7725.50 L:7722.00 C:7725.25 V:3940.0
  📈 Trend: strong_bearish | 🌍 Regime: trending_bearish
  🗺️  Grid: 0.080% | 🔺 7726.50 🔻 7720.00
  📡 RSI: 20.8 | MACD: -5.64 | ATR: 4.11
  📊 Filled: 0 | Pending: 0
  💰 Daily P&L: $-2,625.00

[2026-08-28 11:26] O:7725.00 H:7727.25 L:7723.75 C:7725.25 V:3492.0
  📈 Trend: strong_bearish | 🌍 Regime: trending_bearish
  🗺️  Grid: 0.080% | 🔺 7725.50 🔻 7722.00
  📡 RSI: 19.2 | MACD: -5.58 | ATR: 4.18
  📊 Filled: 0 | Pending: 0
  💰 Daily P&L: $-2,625.00

[2026-08-28 11:27] O:7725.25 H:7726.75 L:7724.25 C:7726.50 V:2687.0
  📈 Trend: strong_bearish | 🌍 Regime: trending_bearish
  🗺️  Grid: 0.080% | 🔺 7727.25 🔻 7723.75
  📡 RSI: 23.5 | MACD: -5.36 | ATR: 4.20
  📊 Filled: 0 | Pending: 0
  💰 Daily P&L: $-2,625.00

[2026-08-28 11:28] O:7726.50 H:7727.75 L:7724.50 C:7724.75 V:3087.0
  📈 Trend: strong_bearish | 🌍 Regime: trending_bearish
  🗺️  Grid: 0.080% | 🔺 7726.75 🔻 7724.25
  📡 RSI: 23.1 | MACD: -5.27 | ATR: 4.21
  📊 Filled: 0 | Pending: 0
  💰 Daily P&L: $-2,625.00

[2026-08-28 11:29] O:7724.75 H:7726.25 L:7724.00 C:7725.25 V:2189.0
  📈 Trend: strong_bearish | 🌍 Regime: trending_bearish
  🗺️  Grid: 0.080% | 🔺 7727.75 🔻 7724.50
  📡 RSI: 28.9 | MACD: -5.09 | ATR: 3.88
  📊 Filled: 0 | Pending: 0
  💰 Daily P&L: $-2,625.00

[2026-08-28 11:30] O:7725.00 H:7729.75 L:7724.50 C:7729.25 V:4562.0
  📈 Trend: strong_bearish | 🌍 Regime: trending_bearish
  🗺️  Grid: 0.080% | 🔺 7726.25 🔻 7724.00
  📡 RSI: 41.2 | MACD: -4.58 | ATR: 4.09
  📊 Filled: 0 | Pending: 0
  💰 Daily P&L: $-2,625.00

[2026-08-28 11:31] O:7729.25 H:7731.50 L:7727.75 C:7730.50 V:3798.0
  📈 Trend: strong_bearish | 🌍 Regime: trending_bearish
  🗺️  Grid: 0.080% | 🔺 7729.75 🔻 7724.50
  📡 RSI: 45.6 | MACD: -4.03 | ATR: 4.18
  📊 Filled: 0 | Pending: 0
  💰 Daily P&L: $-2,625.00

[2026-08-28 11:32] O:7730.75 H:7734.25 L:7729.25 C:7733.00 V:3711.0
  📈 Trend: strong_bearish | 🌍 Regime: trending_bearish
  🗺️  Grid: 0.080% | 🔺 7731.50 🔻 7727.75
  📡 RSI: 61.3 | MACD: -3.35 | ATR: 4.04
  📊 Filled: 0 | Pending: 0
  💰 Daily P&L: $-2,625.00

[2026-08-28 11:33] O:7733.00 H:7733.50 L:7729.25 C:7731.00 V:2591.0
  📈 Trend: strong_bearish | 🌍 Regime: trending_bearish
  🗺️  Grid: 0.080% | 🔺 7734.25 🔻 7729.25
  📡 RSI: 50.6 | MACD: -2.94 | ATR: 4.00
  📊 Filled: 0 | Pending: 0
  💰 Daily P&L: $-2,625.00

[2026-08-28 11:34] O:7730.75 H:7730.75 L:7725.25 C:7725.50 V:2660.0
  📈 Trend: strong_bearish | 🌍 Regime: trending_bearish
  🗺️  Grid: 0.080% | 🔺 7733.50 🔻 7729.25
  📡 RSI: 44.6 | MACD: -3.03 | ATR: 4.04
  📊 Filled: 0 | Pending: 0
  💰 Daily P&L: $-2,625.00

[2026-08-28 11:35] O:7725.25 H:7731.25 L:7725.25 C:7731.25 V:3149.0
  📈 Trend: strong_bearish | 🌍 Regime: trending_bearish
  🗺️  Grid: 0.080% | 🔺 7730.75 🔻 7725.25
  📡 RSI: 54.1 | MACD: -2.60 | ATR: 4.12
  📊 Filled: 0 | Pending: 0
  💰 Daily P&L: $-2,625.00

[2026-08-28 11:36] O:7731.25 H:7733.75 L:7730.25 C:7732.25 V:2508.0
  📈 Trend: strong_bearish | 🌍 Regime: trending_bearish
  🗺️  Grid: 0.080% | 🔺 7731.25 🔻 7725.25
  📡 RSI: 59.8 | MACD: -2.15 | ATR: 4.11
  📊 Filled: 0 | Pending: 0
  💰 Daily P&L: $-2,625.00

[2026-08-28 11:37] O:7732.25 H:7735.00 L:7730.75 C:7734.25 V:3581.0
  📈 Trend: strong_bearish (raw: moderate_bearish) | 🌍 Regime: trending_bearish
  🗺️  Grid: 0.080% | 🔺 7733.75 🔻 7730.25
  📡 RSI: 62.9 | MACD: -1.62 | ATR: 4.23
  📊 Filled: 0 | Pending: 0
  💰 Daily P&L: $-2,625.00

[2026-08-28 11:38] O:7734.00 H:7735.25 L:7733.00 C:7733.75 V:2422.0
  📈 Trend: moderate_bearish | 🌍 Regime: trending_bearish
  🗺️  Grid: 0.080% | 🔺 7735.00 🔻 7730.75
  📡 RSI: 66.7 | MACD: -1.23 | ATR: 3.93
  📊 Filled: 0 | Pending: 0
  💰 Daily P&L: $-2,625.00

[2026-08-28 11:39] O:7733.75 H:7734.00 L:7729.75 C:7732.50 V:2654.0
  📈 Trend: moderate_bearish | 🌍 Regime: trending_bearish
  🗺️  Grid: 0.080% | 🔺 7735.25 🔻 7733.00
  📡 RSI: 62.4 | MACD: -1.00 | ATR: 3.98
  📊 Filled: 0 | Pending: 0
  📤 Limit SELL 10 @ 7732.50 submitted (ID: 727)
  ⬇️ SHORT ORDER @ 7732.50 | Size: 1.00 | SL: 7740.50 | TP: 7720.50 [10cts]
     Reason: Grid Short (moderate_bearish, RSI: 62.4)
  🔬 SHADOW [short trending]: 🟥 ROBUST WOULD BLOCK (1 filter)
       MACD=BLOCK (-1.00 vs -1.23, Δ+0.22) | 5m=PASS (1m=moderate_bearish, 5m=sideways)
     ⏳ Order 727 PENDING - awaiting fill confirmation
  💰 Daily P&L: $-2,625.00
  📋 Order 727 status: Submitted
  ✅ Fill: SLD 2.0 @ 7732.5
  📋 Order 727 status: Submitted
  ✅ Fill: SLD 2.0 @ 7732.5
  📋 Order 727 status: Submitted
  ✅ Fill: SLD 1.0 @ 7732.5
  📋 Order 727 status: Submitted
  ✅ Fill: SLD 5.0 @ 7732.5
  📋 Order 727 status: Filled
  📤 Stop-Market BUY 10 @ 7740.50 submitted (ID: 728) [OCA:exit_727_1787935265]
  📤 Limit BUY 10 @ 7720.50 submitted (ID: 729) [OCA:exit_727_1787935265]
  📋 Order 728 status: PreSubmitted
  ✅ FILL CONFIRMED: SHORT @ 7732.50 (order 727)
     📊 Bracket placed: SL #728 @ 7740.50 | TP #729 @ 7720.50
     Trail activates @ +7.5 pts

[2026-08-28 11:40] O:7732.25 H:7732.50 L:7726.50 C:7728.00 V:3549.0
  📈 Trend: moderate_bearish (raw: strong_bearish) | 🌍 Regime: trending_bearish
  🗺️  Grid: 0.080% | 🔺 7734.00 🔻 7729.75
  📡 RSI: 54.1 | MACD: -1.17 | ATR: 4.16
  📊 Filled: 1 | Pending: 0
  📍 SHORT @ 7732.50 | SL: 7740.50 | TP: 7720.50 | P&L: $+2,250.00 | +7.5 to trail
  💰 Daily P&L: $-2,625.00
  📋 Order 729 status: PreSubmitted
  📋 Order 729 status: Submitted

[2026-08-28 11:41] O:7727.75 H:7729.00 L:7725.75 C:7726.75 V:3688.0
  📈 Trend: moderate_bearish | 🌍 Regime: trending_bearish
  🗺️  Grid: 0.080% | 🔺 7732.50 🔻 7726.50
  📡 RSI: 50.4 | MACD: -1.39 | ATR: 4.21
  📊 Filled: 1 | Pending: 0
  📍 SHORT @ 7732.50 | SL: 7740.50 | TP: 7720.50 | P&L: $+2,875.00 | +1.5 to trail
  💰 Daily P&L: $-2,625.00

[2026-08-28 11:42] O:7726.75 H:7728.75 L:7725.50 C:7726.75 V:2401.0
  📈 Trend: moderate_bearish | 🌍 Regime: trending_bearish
  🗺️  Grid: 0.080% | 🔺 7729.00 🔻 7725.75
  📡 RSI: 53.1 | MACD: -1.55 | ATR: 4.21
  📊 Filled: 1 | Pending: 0
  📍 SHORT @ 7732.50 | SL: 7740.50 | TP: 7720.50 | P&L: $+2,875.00 | +0.8 to trail
  💰 Daily P&L: $-2,625.00

[2026-08-28 11:43] O:7726.50 H:7726.75 L:7724.50 C:7725.50 V:2912.0
  📈 Trend: moderate_bearish | 🌍 Regime: trending_bearish
  🗺️  Grid: 0.080% | 🔺 7728.75 🔻 7725.50
  📡 RSI: 50.4 | MACD: -1.76 | ATR: 4.21
  📊 Filled: 1 | Pending: 0
  📍 SHORT @ 7732.50 | SL: 7740.50 | TP: 7720.50 | P&L: $+3,500.00 | +0.5 to trail
  ✏️ Stop order 728 modified → 7726.00 [confirmed]
  🔄 TRAILING ACTIVATED @ +8.00pts | Stop: 7740.50 → 7726.00
  💰 Daily P&L: $-2,625.00
  📋 Order 729 status: PreSubmitted
  📋 Order 729 status: PendingCancel
  ✅ Fill: BOT 10.0 @ 7726.25
  📋 Order 728 status: Filled
  📋 Order 729 status: Cancelled

[2026-08-28 11:44] O:7725.50 H:7725.75 L:7724.25 C:7725.50 V:1927.0
  📈 Trend: moderate_bearish (raw: strong_bearish) | 🌍 Regime: trending_bearish
  🗺️  Grid: 0.080% | 🔺 7726.75 🔻 7724.50
  📡 RSI: 43.5 | MACD: -1.90 | ATR: 3.95
  📊 Filled: 1 | Pending: 0
  📍 SHORT @ 7732.50 | Trail: 7726.00 | TP: 7720.50 | P&L: $+3,500.00 | 🔒 Trailing
  ✅ EXIT SHORT @ 7726.25 | Trailing Stop
     P&L: +6.25 pts ($+3,125.00) | Daily: $+500.00
  ⏸️ Cooldown: 2 bar(s) remaining after exit
  💰 Daily P&L: $+500.00

[2026-08-28 11:45] O:7725.50 H:7733.00 L:7725.25 C:7732.75 V:4386.0
  📈 Trend: moderate_bearish | 🌍 Regime: trending_bearish
  🗺️  Grid: 0.080% | 🔺 7725.75 🔻 7724.25
  📡 RSI: 53.2 | MACD: -1.41 | ATR: 4.23
  📊 Filled: 0 | Pending: 0
  ⏸️ Cooldown: 1 bar(s) remaining after exit
  💰 Daily P&L: $+500.00

[2026-08-28 11:46] O:7732.75 H:7734.50 L:7731.75 C:7732.25 V:2694.0
  📈 Trend: moderate_bearish | 🌍 Regime: trending_bearish
  🗺️  Grid: 0.080% | 🔺 7733.00 🔻 7725.25
  📡 RSI: 48.9 | MACD: -1.05 | ATR: 4.07
  📊 Filled: 0 | Pending: 0
  💰 Daily P&L: $+500.00

[2026-08-28 11:47] O:7732.25 H:7734.50 L:7731.50 C:7733.00 V:1930.0
  📈 Trend: moderate_bearish | 🌍 Regime: trending_bearish
  🗺️  Grid: 0.080% | 🔺 7734.50 🔻 7731.75
  📡 RSI: 53.2 | MACD: -0.69 | ATR: 3.98
  📊 Filled: 0 | Pending: 0
  💰 Daily P&L: $+500.00

[2026-08-28 11:48] O:7733.25 H:7734.50 L:7731.75 C:7734.00 V:1718.0
  📈 Trend: moderate_bearish | 🌍 Regime: trending_bearish
  🗺️  Grid: 0.080% | 🔺 7734.50 🔻 7731.50
  📡 RSI: 65.7 | MACD: -0.33 | ATR: 3.77
  📊 Filled: 0 | Pending: 0
  💰 Daily P&L: $+500.00

[2026-08-28 11:49] O:7734.00 H:7735.00 L:7731.50 C:7733.00 V:2096.0
  📈 Trend: moderate_bearish | 🌍 Regime: trending_bearish
  🗺️  Grid: 0.080% | 🔺 7734.50 🔻 7731.75
  📡 RSI: 53.9 | MACD: -0.12 | ATR: 3.59
  📊 Filled: 0 | Pending: 0
  💰 Daily P&L: $+500.00

[2026-08-28 11:50] O:7733.00 H:7733.75 L:7730.00 C:7731.50 V:2181.0
  📈 Trend: moderate_bearish | 🌍 Regime: trending_bearish
  🗺️  Grid: 0.080% | 🔺 7735.00 🔻 7731.50
  📡 RSI: 48.4 | MACD: -0.07 | ATR: 3.61
  📊 Filled: 0 | Pending: 0
  💰 Daily P&L: $+500.00

[2026-08-28 11:51] O:7731.50 H:7734.50 L:7731.00 C:7733.75 V:1803.0
  📈 Trend: moderate_bearish (raw: moderate_bullish) | 🌍 Regime: ranging
  🗺️  Grid: 0.080% | 🔺 7733.75 🔻 7730.00
  📡 RSI: 48.9 | MACD: 0.14 | ATR: 3.55
  📊 Filled: 0 | Pending: 0
  🔲 Regime: RANGING | Range pos: 22% | RSI: 48.9
  💰 Daily P&L: $+500.00

[2026-08-28 11:52] O:7734.00 H:7736.00 L:7732.75 C:7736.00 V:1665.0
  📈 Trend: moderate_bullish | 🌍 Regime: ranging
  🗺️  Grid: 0.080% | 🔺 7734.50 🔻 7731.00
  📡 RSI: 54.5 | MACD: 0.49 | ATR: 3.62
  📊 Filled: 0 | Pending: 0
  🔲 Regime: RANGING | Range pos: 26% | RSI: 54.5
  💰 Daily P&L: $+500.00

[2026-08-28 11:53] O:7735.75 H:7736.00 L:7730.75 C:7731.00 V:1977.0
  📈 Trend: moderate_bullish | 🌍 Regime: ranging
  🗺️  Grid: 0.080% | 🔺 7736.00 🔻 7732.75
  📡 RSI: 47.4 | MACD: 0.36 | ATR: 3.70
  📊 Filled: 0 | Pending: 0
  🔲 Regime: RANGING | Range pos: 18% | RSI: 47.4
  💰 Daily P&L: $+500.00

[2026-08-28 11:54] O:7731.00 H:7733.50 L:7727.00 C:7728.50 V:2790.0
  📈 Trend: moderate_bullish (raw: strong_bearish) | 🌍 Regime: ranging
  🗺️  Grid: 0.080% | 🔺 7736.00 🔻 7730.75
  📡 RSI: 50.9 | MACD: 0.05 | ATR: 3.73
  📊 Filled: 0 | Pending: 0
  🔲 Regime: RANGING | Range pos: 14% | RSI: 50.9
  💰 Daily P&L: $+500.00

[2026-08-28 11:55] O:7728.25 H:7729.75 L:7727.75 C:7729.00 V:1990.0
  📈 Trend: strong_bearish | 🌍 Regime: ranging
  🗺️  Grid: 0.080% | 🔺 7733.50 🔻 7727.00
  📡 RSI: 54.4 | MACD: -0.15 | ATR: 3.64
  📊 Filled: 0 | Pending: 0
  🔲 Regime: RANGING | Range pos: 14% | RSI: 54.4
  💰 Daily P&L: $+500.00

[2026-08-28 11:56] O:7729.00 H:7729.00 L:7726.25 C:7727.50 V:2389.0
  📈 Trend: strong_bearish | 🌍 Regime: ranging
  🗺️  Grid: 0.080% | 🔺 7729.75 🔻 7727.75
  📡 RSI: 51.4 | MACD: -0.43 | ATR: 3.61
  📊 Filled: 0 | Pending: 0
  🔲 Regime: RANGING | Range pos: 12% | RSI: 51.4
  💰 Daily P&L: $+500.00

[2026-08-28 11:57] O:7727.50 H:7729.25 L:7727.00 C:7729.25 V:2229.0
  📈 Trend: strong_bearish | 🌍 Regime: ranging
  🗺️  Grid: 0.080% | 🔺 7729.00 🔻 7726.25
  📡 RSI: 56.8 | MACD: -0.50 | ATR: 3.61
  📊 Filled: 0 | Pending: 0
  🔲 Regime: RANGING | Range pos: 15% | RSI: 56.8
  💰 Daily P&L: $+500.00

[2026-08-28 11:58] O:7729.25 H:7730.25 L:7728.00 C:7728.50 V:2082.0
  📈 Trend: strong_bearish | 🌍 Regime: ranging
  🗺️  Grid: 0.080% | 🔺 7729.25 🔻 7727.00
  📡 RSI: 55.3 | MACD: -0.61 | ATR: 3.66
  📊 Filled: 0 | Pending: 0
  🔲 Regime: RANGING | Range pos: 14% | RSI: 55.3
  💰 Daily P&L: $+500.00

[2026-08-28 11:59] O:7728.25 H:7728.50 L:7725.75 C:7725.75 V:1654.0
  📈 Trend: strong_bearish | 🌍 Regime: ranging
  🗺️  Grid: 0.080% | 🔺 7730.25 🔻 7728.00
  📡 RSI: 35.4 | MACD: -0.91 | ATR: 3.30
  📊 Filled: 0 | Pending: 0
  🔲 Regime: RANGING | Range pos: 9% | RSI: 35.4
  💰 Daily P&L: $+500.00

[2026-08-28 12:00] O:7725.75 H:7726.25 L:7717.00 C:7718.00 V:6538.0
  📈 Trend: strong_bearish | 🌍 Regime: ranging
  🗺️  Grid: 0.080% | 🔺 7728.50 🔻 7725.75
  📡 RSI: 27.2 | MACD: -1.75 | ATR: 3.77
  📊 Filled: 0 | Pending: 0
  🔲 Regime: RANGING | Range pos: 2% | RSI: 27.2
  📤 Limit BUY 10 @ 7718.00 submitted (ID: 730)
  📋 Order 730 status: PreSubmitted
  ✅ Fill: BOT 10.0 @ 7717.5
  📋 Order 730 status: Filled
  ⬆️ LONG ORDER @ 7718.00 | Size: 1.00 | SL: 7710.50 | TP: 7729.25 [10cts]
     Reason: Grid Long (sideways, RSI: 27.2)
  🔬 SHADOW [long ranging]: 🟥 ROBUST WOULD BLOCK (1 filter)
       MACD=BLOCK (-1.75 vs -0.91, Δ-0.84) | 5m=N/A (ranging)
     ⏳ Order 730 PENDING - awaiting fill confirmation
  💰 Daily P&L: $+500.00
  📤 Stop-Market SELL 10 @ 7709.50 submitted (ID: 731) [OCA:exit_730_1787936525]
  📋 Order 731 status: PreSubmitted
  📤 Limit SELL 10 @ 7728.75 submitted (ID: 732) [OCA:exit_730_1787936525]
  📋 Order 732 status: PreSubmitted
  ✅ FILL CONFIRMED: LONG @ 7717.50 (order 730)
     📊 Bracket placed: SL #731 @ 7709.50 | TP #732 @ 7728.75
     Trail activates @ +7.5 pts

[2026-08-28 12:01] O:7718.00 H:7719.00 L:7716.25 C:7717.00 V:4147.0
  📈 Trend: strong_bearish | 🌍 Regime: ranging
  🗺️  Grid: 0.080% | 🔺 7726.25 🔻 7717.00
  📡 RSI: 24.6 | MACD: -2.47 | ATR: 3.75
  📊 Filled: 1 | Pending: 0
  📍 LONG @ 7717.50 | SL: 7709.50 | TP: 7728.75 | P&L: $-250.00 | +7.5 to trail
  💰 Daily P&L: $+500.00
  📋 Order 732 status: Submitted

[2026-08-28 12:02] O:7717.00 H:7720.00 L:7715.25 C:7719.25 V:3645.0
  📈 Trend: strong_bearish | 🌍 Regime: ranging
  🗺️  Grid: 0.080% | 🔺 7719.00 🔻 7716.25
  📡 RSI: 27.5 | MACD: -2.82 | ATR: 3.89
  📊 Filled: 1 | Pending: 0
  📍 LONG @ 7717.50 | SL: 7709.50 | TP: 7728.75 | P&L: $+875.00 | +6.0 to trail
  💰 Daily P&L: $+500.00

[2026-08-28 12:03] O:7719.25 H:7721.25 L:7718.00 C:7721.00 V:3847.0
  📈 Trend: strong_bearish | 🌍 Regime: trending_bearish
  🗺️  Grid: 0.080% | 🔺 7720.00 🔻 7715.25
  📡 RSI: 32.1 | MACD: -2.93 | ATR: 3.88
  📊 Filled: 1 | Pending: 0
  📍 LONG @ 7717.50 | SL: 7709.50 | TP: 7728.75 | P&L: $+1,750.00 | +5.0 to trail
  💰 Daily P&L: $+500.00

[2026-08-28 12:04] O:7720.75 H:7723.50 L:7718.75 C:7718.75 V:2571.0
  📈 Trend: strong_bearish | 🌍 Regime: trending_bearish
  🗺️  Grid: 0.080% | 🔺 7721.25 🔻 7718.00
  📡 RSI: 31.4 | MACD: -3.16 | ATR: 3.95
  📊 Filled: 1 | Pending: 0
  📍 LONG @ 7717.50 | SL: 7709.50 | TP: 7728.75 | P&L: $+625.00 | +3.8 to trail
  💰 Daily P&L: $+500.00

[2026-08-28 12:05] O:7719.00 H:7719.00 L:7716.75 C:7717.50 V:2446.0
  📈 Trend: strong_bearish | 🌍 Regime: trending_bearish
  🗺️  Grid: 0.080% | 🔺 7723.50 🔻 7718.75
  📡 RSI: 25.6 | MACD: -3.41 | ATR: 3.86
  📊 Filled: 1 | Pending: 0
  📍 LONG @ 7717.50 | SL: 7709.50 | TP: 7728.75 | P&L: $+0.00 | +1.5 to trail
  💰 Daily P&L: $+500.00

[2026-08-28 12:06] O:7717.50 H:7718.00 L:7714.25 C:7714.75 V:2748.0
  📈 Trend: strong_bearish | 🌍 Regime: trending_bearish
  🗺️  Grid: 0.080% | 🔺 7719.00 🔻 7716.75
  📡 RSI: 18.5 | MACD: -3.78 | ATR: 3.89
  📊 Filled: 1 | Pending: 0
  📍 LONG @ 7717.50 | SL: 7709.50 | TP: 7728.75 | P&L: $-1,375.00 | +1.5 to trail
  💰 Daily P&L: $+500.00

[2026-08-28 12:07] O:7714.75 H:7716.50 L:7713.25 C:7715.50 V:3566.0
  📈 Trend: strong_bearish | 🌍 Regime: trending_bearish
  🗺️  Grid: 0.080% | 🔺 7718.00 🔻 7714.25
  📡 RSI: 23.7 | MACD: -3.97 | ATR: 3.75
  📊 Filled: 1 | Pending: 0
  📍 LONG @ 7717.50 | SL: 7709.50 | TP: 7728.75 | P&L: $-1,000.00 | +1.5 to trail
  💰 Daily P&L: $+500.00

[2026-08-28 12:08] O:7715.50 H:7717.25 L:7714.75 C:7717.00 V:2287.0
  📈 Trend: strong_bearish | 🌍 Regime: ranging
  🗺️  Grid: 0.080% | 🔺 7716.50 🔻 7713.25
  📡 RSI: 29.8 | MACD: -3.95 | ATR: 3.46
  📊 Filled: 1 | Pending: 0
  📍 LONG @ 7717.50 | SL: 7709.50 | TP: 7728.75 | P&L: $-250.00 | +1.5 to trail
  💰 Daily P&L: $+500.00

[2026-08-28 12:09] O:7717.00 H:7717.25 L:7713.50 C:7713.75 V:1971.0
  📈 Trend: strong_bearish | 🌍 Regime: trending_bearish
  🗺️  Grid: 0.080% | 🔺 7717.25 🔻 7714.75
  📡 RSI: 25.6 | MACD: -4.15 | ATR: 3.59
  📊 Filled: 1 | Pending: 0
  📍 LONG @ 7717.50 | SL: 7709.50 | TP: 7728.75 | P&L: $-1,875.00 | +1.5 to trail
  💰 Daily P&L: $+500.00

[2026-08-28 12:10] O:7713.50 H:7714.75 L:7711.75 C:7714.50 V:3542.0
  📈 Trend: strong_bearish | 🌍 Regime: trending_bearish
  🗺️  Grid: 0.080% | 🔺 7717.25 🔻 7713.50
  📡 RSI: 28.7 | MACD: -4.20 | ATR: 3.61
  📊 Filled: 1 | Pending: 0
  📍 LONG @ 7717.50 | SL: 7709.50 | TP: 7728.75 | P&L: $-1,500.00 | +1.5 to trail
  💰 Daily P&L: $+500.00

[2026-08-28 12:11] O:7714.50 H:7717.50 L:7714.25 C:7717.25 V:3154.0
  📈 Trend: strong_bearish | 🌍 Regime: trending_bearish
  🗺️  Grid: 0.080% | 🔺 7714.75 🔻 7711.75
  📡 RSI: 31.0 | MACD: -3.97 | ATR: 3.68
  📊 Filled: 1 | Pending: 0
  📍 LONG @ 7717.50 | SL: 7709.50 | TP: 7728.75 | P&L: $-125.00 | +1.5 to trail
  💰 Daily P&L: $+500.00

[2026-08-28 12:12] O:7717.25 H:7720.25 L:7717.25 C:7718.75 V:4256.0
  📈 Trend: strong_bearish | 🌍 Regime: trending_bearish
  🗺️  Grid: 0.080% | 🔺 7717.50 🔻 7714.25
  📡 RSI: 34.9 | MACD: -3.63 | ATR: 3.73
  📊 Filled: 1 | Pending: 0
  📍 LONG @ 7717.50 | SL: 7709.50 | TP: 7728.75 | P&L: $+625.00 | +1.5 to trail
  💰 Daily P&L: $+500.00

[2026-08-28 12:13] O:7719.00 H:7720.75 L:7717.75 C:7720.50 V:3291.0
  📈 Trend: strong_bearish | 🌍 Regime: trending_bearish
  🗺️  Grid: 0.080% | 🔺 7720.25 🔻 7717.25
  📡 RSI: 41.6 | MACD: -3.18 | ATR: 3.75
  📊 Filled: 1 | Pending: 0
  📍 LONG @ 7717.50 | SL: 7709.50 | TP: 7728.75 | P&L: $+1,500.00 | +1.5 to trail
  💰 Daily P&L: $+500.00

[2026-08-28 12:14] O:7720.25 H:7722.75 L:7719.25 C:7722.50 V:3618.0
  📈 Trend: strong_bearish | 🌍 Regime: trending_bearish
  🗺️  Grid: 0.080% | 🔺 7720.75 🔻 7717.75
  📡 RSI: 58.8 | MACD: -2.63 | ATR: 3.34
  📊 Filled: 1 | Pending: 0
  📍 LONG @ 7717.50 | SL: 7709.50 | TP: 7728.75 | P&L: $+2,500.00 | +1.5 to trail
  💰 Daily P&L: $+500.00

[2026-08-28 12:15] O:7722.50 H:7723.25 L:7718.25 C:7720.25 V:2535.0
  📈 Trend: strong_bearish | 🌍 Regime: trending_bearish
  🗺️  Grid: 0.080% | 🔺 7722.75 🔻 7719.25
  📡 RSI: 56.1 | MACD: -2.35 | ATR: 3.50
  📊 Filled: 1 | Pending: 0
  📍 LONG @ 7717.50 | SL: 7709.50 | TP: 7728.75 | P&L: $+1,375.00 | +1.5 to trail
  💰 Daily P&L: $+500.00

[2026-08-28 12:16] O:7720.25 H:7720.50 L:7718.25 C:7719.50 V:2103.0
  📈 Trend: strong_bearish | 🌍 Regime: trending_bearish
  🗺️  Grid: 0.080% | 🔺 7723.25 🔻 7718.25
  📡 RSI: 50.5 | MACD: -2.16 | ATR: 3.32
  📊 Filled: 1 | Pending: 0
  📍 LONG @ 7717.50 | SL: 7709.50 | TP: 7728.75 | P&L: $+1,000.00 | +1.5 to trail
  💰 Daily P&L: $+500.00

[2026-08-28 12:17] O:7719.50 H:7722.50 L:7718.25 C:7722.50 V:1834.0
  📈 Trend: strong_bearish | 🌍 Regime: trending_bearish
  🗺️  Grid: 0.080% | 🔺 7720.50 🔻 7718.25
  📡 RSI: 52.8 | MACD: -1.75 | ATR: 3.39
  📊 Filled: 1 | Pending: 0
  📍 LONG @ 7717.50 | SL: 7709.50 | TP: 7728.75 | P&L: $+2,500.00 | +1.5 to trail
  💰 Daily P&L: $+500.00

[2026-08-28 12:18] O:7722.50 H:7722.50 L:7719.25 C:7719.50 V:1901.0
  📈 Trend: strong_bearish | 🌍 Regime: trending_bearish
  🗺️  Grid: 0.080% | 🔺 7722.50 🔻 7718.25
  📡 RSI: 51.4 | MACD: -1.65 | ATR: 3.29
  📊 Filled: 1 | Pending: 0
  📍 LONG @ 7717.50 | SL: 7709.50 | TP: 7728.75 | P&L: $+1,000.00 | +1.5 to trail
  💰 Daily P&L: $+500.00

[2026-08-28 12:19] O:7719.50 H:7722.00 L:7719.50 C:7720.00 V:1764.0
  📈 Trend: strong_bearish (raw: moderate_bearish) | 🌍 Regime: trending_bearish
  🗺️  Grid: 0.080% | 🔺 7722.50 🔻 7719.25
  📡 RSI: 54.7 | MACD: -1.51 | ATR: 3.30
  📊 Filled: 1 | Pending: 0
  📍 LONG @ 7717.50 | SL: 7709.50 | TP: 7728.75 | P&L: $+1,250.00 | +1.5 to trail
  💰 Daily P&L: $+500.00

[2026-08-28 12:20] O:7720.00 H:7721.00 L:7717.75 C:7717.75 V:2232.0
  📈 Trend: moderate_bearish | 🌍 Regime: trending_bearish
  🗺️  Grid: 0.080% | 🔺 7722.00 🔻 7719.50
  📡 RSI: 55.8 | MACD: -1.57 | ATR: 3.27
  📊 Filled: 1 | Pending: 0
  📍 LONG @ 7717.50 | SL: 7709.50 | TP: 7728.75 | P&L: $+125.00 | +1.5 to trail
  💰 Daily P&L: $+500.00

[2026-08-28 12:21] O:7718.00 H:7718.25 L:7715.75 C:7717.75 V:1952.0
  📈 Trend: moderate_bearish (raw: strong_bearish) | 🌍 Regime: trending_bearish
  🗺️  Grid: 0.080% | 🔺 7721.00 🔻 7717.75
  📡 RSI: 54.5 | MACD: -1.59 | ATR: 3.21
  📊 Filled: 1 | Pending: 0
  📍 LONG @ 7717.50 | SL: 7709.50 | TP: 7728.75 | P&L: $+125.00 | +1.5 to trail
  💰 Daily P&L: $+500.00

[2026-08-28 12:22] O:7718.00 H:7718.50 L:7714.50 C:7715.00 V:2295.0
  📈 Trend: strong_bearish | 🌍 Regime: trending_bearish
  🗺️  Grid: 0.080% | 🔺 7718.25 🔻 7715.75
  📡 RSI: 46.2 | MACD: -1.81 | ATR: 3.32
  📊 Filled: 1 | Pending: 0
  📍 LONG @ 7717.50 | SL: 7709.50 | TP: 7728.75 | P&L: $-1,250.00 | +1.5 to trail
  💰 Daily P&L: $+500.00

[2026-08-28 12:23] O:7715.00 H:7718.75 L:7714.50 C:7715.00 V:2774.0
  📈 Trend: strong_bearish | 🌍 Regime: trending_bearish
  🗺️  Grid: 0.080% | 🔺 7718.50 🔻 7714.50
  📡 RSI: 52.7 | MACD: -1.96 | ATR: 3.36
  📊 Filled: 1 | Pending: 0
  📍 LONG @ 7717.50 | SL: 7709.50 | TP: 7728.75 | P&L: $-1,250.00 | +1.5 to trail
  💰 Daily P&L: $+500.00

[2026-08-28 12:24] O:7715.25 H:7718.50 L:7715.00 C:7718.50 V:2035.0
  📈 Trend: strong_bearish (raw: moderate_bearish) | 🌍 Regime: trending_bearish
  🗺️  Grid: 0.080% | 🔺 7718.75 🔻 7714.50
  📡 RSI: 57.7 | MACD: -1.78 | ATR: 3.39
  📊 Filled: 1 | Pending: 0
  📍 LONG @ 7717.50 | SL: 7709.50 | TP: 7728.75 | P&L: $+500.00 | +1.5 to trail
  💰 Daily P&L: $+500.00

[2026-08-28 12:25] O:7718.50 H:7719.50 L:7716.25 C:7717.25 V:1471.0
  📈 Trend: moderate_bearish | 🌍 Regime: trending_bearish
  🗺️  Grid: 0.080% | 🔺 7718.50 🔻 7715.00
  📡 RSI: 50.0 | MACD: -1.72 | ATR: 3.39
  📊 Filled: 1 | Pending: 0
  📍 LONG @ 7717.50 | SL: 7709.50 | TP: 7728.75 | P&L: $-125.00 | +1.5 to trail
  💰 Daily P&L: $+500.00

[2026-08-28 12:26] O:7717.50 H:7719.00 L:7716.75 C:7717.75 V:1471.0
  📈 Trend: moderate_bearish | 🌍 Regime: trending_bearish
  🗺️  Grid: 0.080% | 🔺 7719.50 🔻 7716.25
  📡 RSI: 47.9 | MACD: -1.61 | ATR: 3.34
  📊 Filled: 1 | Pending: 0
  📍 LONG @ 7717.50 | SL: 7709.50 | TP: 7728.75 | P&L: $+125.00 | +1.5 to trail
  💰 Daily P&L: $+500.00

[2026-08-28 12:27] O:7717.75 H:7719.50 L:7717.25 C:7718.50 V:1494.0
  📈 Trend: moderate_bearish | 🌍 Regime: trending_bearish
  🗺️  Grid: 0.080% | 🔺 7719.00 🔻 7716.75
  📡 RSI: 45.6 | MACD: -1.44 | ATR: 3.29
  📊 Filled: 1 | Pending: 0
  📍 LONG @ 7717.50 | SL: 7709.50 | TP: 7728.75 | P&L: $+500.00 | +1.5 to trail
  💰 Daily P&L: $+500.00

[2026-08-28 12:28] O:7718.75 H:7722.25 L:7718.75 C:7720.75 V:1779.0
  📈 Trend: moderate_bearish | 🌍 Regime: trending_bearish
  🗺️  Grid: 0.080% | 🔺 7719.50 🔻 7717.25
  📡 RSI: 46.2 | MACD: -1.12 | ATR: 3.30
  📊 Filled: 1 | Pending: 0
  📍 LONG @ 7717.50 | SL: 7709.50 | TP: 7728.75 | P&L: $+1,625.00 | +1.5 to trail
  💰 Daily P&L: $+500.00

[2026-08-28 12:29] O:7720.75 H:7721.75 L:7716.75 C:7717.00 V:2166.0
  📈 Trend: moderate_bearish | 🌍 Regime: trending_bearish
  🗺️  Grid: 0.080% | 🔺 7722.25 🔻 7718.75
  📡 RSI: 43.3 | MACD: -1.15 | ATR: 3.30
  📊 Filled: 1 | Pending: 0
  📍 LONG @ 7717.50 | SL: 7709.50 | TP: 7728.75 | P&L: $-250.00 | +1.5 to trail
  💰 Daily P&L: $+500.00

[2026-08-28 12:30] O:7717.25 H:7718.50 L:7716.00 C:7717.50 V:2220.0
  📈 Trend: moderate_bearish | 🌍 Regime: ranging
  🗺️  Grid: 0.080% | 🔺 7721.75 🔻 7716.75
  📡 RSI: 45.8 | MACD: -1.12 | ATR: 3.32
  📊 Filled: 1 | Pending: 0
  📍 LONG @ 7717.50 | SL: 7709.50 | TP: 7728.75 | P&L: $+0.00 | +1.5 to trail
  💰 Daily P&L: $+500.00

[2026-08-28 12:31] O:7717.50 H:7719.50 L:7717.00 C:7719.50 V:1608.0
  📈 Trend: moderate_bearish | 🌍 Regime: ranging
  🗺️  Grid: 0.080% | 🔺 7718.50 🔻 7716.00
  📡 RSI: 43.5 | MACD: -0.93 | ATR: 3.20
  📊 Filled: 1 | Pending: 0
  📍 LONG @ 7717.50 | SL: 7709.50 | TP: 7728.75 | P&L: $+1,000.00 | +1.5 to trail
  💰 Daily P&L: $+500.00

[2026-08-28 12:32] O:7719.50 H:7721.75 L:7718.50 C:7721.50 V:1876.0
  📈 Trend: moderate_bearish | 🌍 Regime: ranging
  🗺️  Grid: 0.080% | 🔺 7719.50 🔻 7717.00
  📡 RSI: 54.5 | MACD: -0.61 | ATR: 3.20
  📊 Filled: 1 | Pending: 0
  📍 LONG @ 7717.50 | SL: 7709.50 | TP: 7728.75 | P&L: $+2,000.00 | +1.5 to trail
  💰 Daily P&L: $+500.00

[2026-08-28 12:33] O:7721.50 H:7723.50 L:7721.25 C:7722.75 V:1617.0
  📈 Trend: moderate_bearish | 🌍 Regime: ranging
  🗺️  Grid: 0.080% | 🔺 7721.75 🔻 7718.50
  📡 RSI: 56.0 | MACD: -0.25 | ATR: 3.18
  📊 Filled: 1 | Pending: 0
  📍 LONG @ 7717.50 | SL: 7709.50 | TP: 7728.75 | P&L: $+2,625.00 | +1.5 to trail
  💰 Daily P&L: $+500.00

[2026-08-28 12:34] O:7722.75 H:7723.00 L:7721.50 C:7722.00 V:1177.0
  📈 Trend: moderate_bearish | 🌍 Regime: ranging
  🗺️  Grid: 0.080% | 🔺 7723.50 🔻 7721.25
  📡 RSI: 60.0 | MACD: -0.02 | ATR: 3.05
  📊 Filled: 1 | Pending: 0
  📍 LONG @ 7717.50 | SL: 7709.50 | TP: 7728.75 | P&L: $+2,250.00 | +1.5 to trail
  💰 Daily P&L: $+500.00

[2026-08-28 12:35] O:7722.25 H:7724.00 L:7722.00 C:7723.25 V:1624.0
  📈 Trend: moderate_bearish (raw: moderate_bullish) | 🌍 Regime: ranging
  🗺️  Grid: 0.080% | 🔺 7723.00 🔻 7721.50
  📡 RSI: 62.2 | MACD: 0.25 | ATR: 3.02
  📊 Filled: 1 | Pending: 0
  📍 LONG @ 7717.50 | SL: 7709.50 | TP: 7728.75 | P&L: $+2,875.00 | +1.5 to trail
  💰 Daily P&L: $+500.00

[2026-08-28 12:36] O:7723.25 H:7723.50 L:7722.00 C:7723.00 V:1483.0
  📈 Trend: moderate_bullish | 🌍 Regime: ranging
  🗺️  Grid: 0.080% | 🔺 7724.00 🔻 7722.00
  📡 RSI: 70.0 | MACD: 0.44 | ATR: 2.84
  📊 Filled: 1 | Pending: 0
  📍 LONG @ 7717.50 | SL: 7709.50 | TP: 7728.75 | P&L: $+2,750.00 | +1.0 to trail
  💰 Daily P&L: $+500.00

[2026-08-28 12:37] O:7723.25 H:7724.00 L:7719.50 C:7721.25 V:2114.0
  📈 Trend: moderate_bullish | 🌍 Regime: ranging
  🗺️  Grid: 0.080% | 🔺 7723.50 🔻 7722.00
  📡 RSI: 64.4 | MACD: 0.45 | ATR: 2.86
  📊 Filled: 1 | Pending: 0
  📍 LONG @ 7717.50 | SL: 7709.50 | TP: 7728.75 | P&L: $+1,875.00 | +1.0 to trail
  💰 Daily P&L: $+500.00

[2026-08-28 12:38] O:7721.50 H:7721.75 L:7719.50 C:7720.00 V:1378.0
  📈 Trend: moderate_bullish (raw: strong_bearish) | 🌍 Regime: ranging
  🗺️  Grid: 0.080% | 🔺 7724.00 🔻 7719.50
  📡 RSI: 53.8 | MACD: 0.35 | ATR: 2.77
  📊 Filled: 1 | Pending: 0
  📍 LONG @ 7717.50 | SL: 7709.50 | TP: 7728.75 | P&L: $+1,250.00 | +1.0 to trail
  💰 Daily P&L: $+500.00

[2026-08-28 12:39] O:7720.00 H:7720.25 L:7714.75 C:7715.25 V:3530.0
  📈 Trend: strong_bearish | 🌍 Regime: ranging
  🗺️  Grid: 0.080% | 🔺 7721.75 🔻 7719.50
  📡 RSI: 45.7 | MACD: -0.11 | ATR: 2.93
  📊 Filled: 1 | Pending: 0
  📍 LONG @ 7717.50 | SL: 7709.50 | TP: 7728.75 | P&L: $-1,125.00 | +1.0 to trail
  💰 Daily P&L: $+500.00

[2026-08-28 12:40] O:7715.25 H:7718.50 L:7715.25 C:7717.50 V:2213.0
  📈 Trend: strong_bearish | 🌍 Regime: ranging
  🗺️  Grid: 0.080% | 🔺 7720.25 🔻 7714.75
  📡 RSI: 49.5 | MACD: -0.29 | ATR: 3.00
  📊 Filled: 1 | Pending: 0
  📍 LONG @ 7717.50 | SL: 7709.50 | TP: 7728.75 | P&L: $+0.00 | +1.0 to trail
  💰 Daily P&L: $+500.00

[2026-08-28 12:41] O:7717.50 H:7718.75 L:7717.00 C:7718.00 V:1530.0
  📈 Trend: strong_bearish | 🌍 Regime: ranging
  🗺️  Grid: 0.080% | 🔺 7718.50 🔻 7715.25
  📡 RSI: 49.0 | MACD: -0.39 | ATR: 2.96
  📊 Filled: 1 | Pending: 0
  📍 LONG @ 7717.50 | SL: 7709.50 | TP: 7728.75 | P&L: $+250.00 | +1.0 to trail
  💰 Daily P&L: $+500.00

[2026-08-28 12:42] O:7718.00 H:7720.50 L:7717.50 C:7719.50 V:2088.0
  📈 Trend: strong_bearish | 🌍 Regime: ranging
  🗺️  Grid: 0.080% | 🔺 7718.75 🔻 7717.00
  📡 RSI: 47.4 | MACD: -0.34 | ATR: 2.91
  📊 Filled: 1 | Pending: 0
  📍 LONG @ 7717.50 | SL: 7709.50 | TP: 7728.75 | P&L: $+1,000.00 | +1.0 to trail
  💰 Daily P&L: $+500.00

[2026-08-28 12:43] O:7719.50 H:7720.50 L:7718.00 C:7719.00 V:1674.0
  📈 Trend: strong_bearish | 🌍 Regime: ranging
  🗺️  Grid: 0.080% | 🔺 7720.50 🔻 7717.50
  📡 RSI: 54.9 | MACD: -0.34 | ATR: 2.73
  📊 Filled: 1 | Pending: 0
  📍 LONG @ 7717.50 | SL: 7709.50 | TP: 7728.75 | P&L: $+750.00 | +1.0 to trail
  💰 Daily P&L: $+500.00

[2026-08-28 12:44] O:7719.25 H:7719.75 L:7717.25 C:7719.50 V:1218.0
  📈 Trend: strong_bearish | 🌍 Regime: ranging
  🗺️  Grid: 0.080% | 🔺 7720.50 🔻 7718.00
  📡 RSI: 54.9 | MACD: -0.30 | ATR: 2.73
  📊 Filled: 1 | Pending: 0
  📍 LONG @ 7717.50 | SL: 7709.50 | TP: 7728.75 | P&L: $+1,000.00 | +1.0 to trail
  💰 Daily P&L: $+500.00

[2026-08-28 12:45] O:7719.50 H:7720.75 L:7717.75 C:7720.50 V:1113.0
  📈 Trend: strong_bearish (raw: moderate_bullish) | 🌍 Regime: ranging
  🗺️  Grid: 0.080% | 🔺 7719.75 🔻 7717.25
  📡 RSI: 52.6 | MACD: -0.18 | ATR: 2.77
  📊 Filled: 1 | Pending: 0
  📍 LONG @ 7717.50 | SL: 7709.50 | TP: 7728.75 | P&L: $+1,500.00 | +1.0 to trail
  💰 Daily P&L: $+500.00

[2026-08-28 12:46] O:7720.25 H:7724.50 L:7720.25 C:7723.25 V:2699.0
  📈 Trend: strong_bearish (raw: strong_bullish) | 🌍 Regime: ranging
  🗺️  Grid: 0.080% | 🔺 7720.75 🔻 7717.75
  📡 RSI: 54.3 | MACD: 0.14 | ATR: 2.84
  📊 Filled: 1 | Pending: 0
  📍 LONG @ 7717.50 | SL: 7709.50 | TP: 7728.75 | P&L: $+2,875.00 | +1.0 to trail
  💰 Daily P&L: $+500.00

[2026-08-28 12:47] O:7723.50 H:7723.75 L:7721.75 C:7722.00 V:1293.0
  📈 Trend: strong_bullish | 🌍 Regime: ranging
  🗺️  Grid: 0.080% | 🔺 7724.50 🔻 7720.25
  📡 RSI: 48.1 | MACD: 0.28 | ATR: 2.82
  📊 Filled: 1 | Pending: 0
  📍 LONG @ 7717.50 | SL: 7709.50 | TP: 7728.75 | P&L: $+2,250.00 | +0.5 to trail
  💰 Daily P&L: $+500.00

[2026-08-28 12:48] O:7722.00 H:7724.50 L:7721.75 C:7724.25 V:1220.0
  📈 Trend: strong_bullish | 🌍 Regime: ranging
  🗺️  Grid: 0.080% | 🔺 7723.75 🔻 7721.75
  📡 RSI: 55.2 | MACD: 0.57 | ATR: 2.91
  📊 Filled: 1 | Pending: 0
  📍 LONG @ 7717.50 | SL: 7709.50 | TP: 7728.75 | P&L: $+3,375.00 | +0.5 to trail
  💰 Daily P&L: $+500.00

[2026-08-28 12:49] O:7724.25 H:7726.25 L:7724.00 C:7725.50 V:2212.0
  📈 Trend: strong_bullish | 🌍 Regime: ranging
  🗺️  Grid: 0.080% | 🔺 7724.50 🔻 7721.75
  📡 RSI: 55.2 | MACD: 0.89 | ATR: 2.93
  📊 Filled: 1 | Pending: 0
  📍 LONG @ 7717.50 | SL: 7709.50 | TP: 7728.75 | P&L: $+4,000.00 | +0.5 to trail
  ✏️ Stop order 731 modified → 7724.75 [confirmed]
  🔄 TRAILING ACTIVATED @ +8.75pts | Stop: 7709.50 → 7724.75
  💰 Daily P&L: $+500.00
  📋 Order 732 status: PreSubmitted
  📋 Order 732 status: PendingCancel
  ✅ Fill: SLD 10.0 @ 7724.5
  📋 Order 731 status: Filled
  📋 Order 732 status: Cancelled

[2026-08-28 12:50] O:7725.50 H:7725.50 L:7723.75 C:7723.75 V:1111.0
  📈 Trend: strong_bullish | 🌍 Regime: ranging
  🗺️  Grid: 0.080% | 🔺 7726.25 🔻 7724.00
  📡 RSI: 51.6 | MACD: 0.99 | ATR: 2.95
  📊 Filled: 1 | Pending: 0
  📍 LONG @ 7717.50 | Trail: 7724.75 | TP: 7728.75 | P&L: $+3,125.00 | 🔒 Trailing
  ✅ EXIT LONG @ 7724.50 | Trailing Stop
     P&L: +7.00 pts ($+3,500.00) | Daily: $+4,000.00
  ⏸️ Cooldown: 2 bar(s) remaining after exit
  💰 Daily P&L: $+4,000.00
→ Real-time bars cancelled
✓ Disconnected from IBKR
