2026-04-02 11:14:11 | INFO     | Connecting to 127.0.0.1:7497 with clientId 10...
2026-04-02 11:14:11 | INFO     | Connected
2026-04-02 11:14:12 | DEBUG    | <<< 176,20260402 11:14:11 EST
2026-04-02 11:14:12 | DEBUG    | >>> 71,2,10,
2026-04-02 11:14:12 | INFO     | Logged on to server version 176
2026-04-02 11:14:12 | DEBUG    | <<< 9,1,397
2026-04-02 11:14:12 | DEBUG    | <<< 15,1,DUO559526
2026-04-02 11:14:12 | INFO     | API connection ready
2026-04-02 11:14:12 | DEBUG    | >>> 61,1
2026-04-02 11:14:12 | DEBUG    | >>> 5,1
2026-04-02 11:14:12 | DEBUG    | >>> 99,0
2026-04-02 11:14:12 | DEBUG    | >>> 6,2,1,DUO559526
2026-04-02 11:14:12 | DEBUG    | >>> 76,1,397,DUO559526,,0
2026-04-02 11:14:12 | DEBUG    | <<< 4,2,-1,2104,Market data farm connection is OK:hfarm,
2026-04-02 11:14:12 | INFO     | Warning 2104, reqId -1: Market data farm connection is OK:hfarm
2026-04-02 11:14:12 | DEBUG    | <<< 4,2,-1,2104,Market data farm connection is OK:usfarm.nj,
2026-04-02 11:14:12 | INFO     | Warning 2104, reqId -1: Market data farm connection is OK:usfarm.nj
2026-04-02 11:14:12 | DEBUG    | <<< 61,3,DUO559526,770561194,MES,FUT,20260618,0.0,,5,,USD,MESM6,MES,4,33070.62
2026-04-02 11:14:12 | INFO     | position: Position(account='DUO559526', contract=Future(conId=770561194, symbol='MES', lastTradeDateOrContractMonth='20260618', multiplier='5', currency='USD', localSymbol='MESM6', tradingClass='MES'), position=4.0, avgCost=33070.62)
2026-04-02 11:14:12 | DEBUG    | <<< 4,2,-1,2104,Market data farm connection is OK:jfarm,
2026-04-02 11:14:12 | INFO     | Warning 2104, reqId -1: Market data farm connection is OK:jfarm
2026-04-02 11:14:12 | DEBUG    | <<< 62,1
2026-04-02 11:14:12 | DEBUG    | <<< 4,2,-1,2104,Market data farm connection is OK:usfuture,
2026-04-02 11:14:12 | INFO     | Warning 2104, reqId -1: Market data farm connection is OK:usfuture
2026-04-02 11:14:12 | DEBUG    | <<< 4,2,-1,2104,Market data farm connection is OK:cashfarm,
2026-04-02 11:14:12 | INFO     | Warning 2104, reqId -1: Market data farm connection is OK:cashfarm
2026-04-02 11:14:12 | DEBUG    | <<< 4,2,-1,2104,Market data farm connection is OK:eufarmnj,
2026-04-02 11:14:12 | INFO     | Warning 2104, reqId -1: Market data farm connection is OK:eufarmnj
2026-04-02 11:14:12 | DEBUG    | <<< 4,2,-1,2104,Market data farm connection is OK:usfarm,
2026-04-02 11:14:12 | INFO     | Warning 2104, reqId -1: Market data farm connection is OK:usfarm
2026-04-02 11:14:12 | DEBUG    | <<< 4,2,-1,2106,HMDS data farm connection is OK:euhmds,
2026-04-02 11:14:12 | INFO     | Warning 2106, reqId -1: HMDS data farm connection is OK:euhmds
2026-04-02 11:14:12 | DEBUG    | <<< 4,2,-1,2106,HMDS data farm connection is OK:fundfarm,
2026-04-02 11:14:12 | INFO     | Warning 2106, reqId -1: HMDS data farm connection is OK:fundfarm
2026-04-02 11:14:12 | DEBUG    | <<< 4,2,-1,2106,HMDS data farm connection is OK:ushmds,
2026-04-02 11:14:12 | INFO     | Warning 2106, reqId -1: HMDS data farm connection is OK:ushmds
2026-04-02 11:14:12 | DEBUG    | <<< 4,2,-1,2158,Sec-def data farm connection is OK:secdefnj,
2026-04-02 11:14:12 | INFO     | Warning 2158, reqId -1: Sec-def data farm connection is OK:secdefnj
2026-04-02 11:14:12 | DEBUG    | <<< 53,1
2026-04-02 11:14:12 | DEBUG    | <<< 102
2026-04-02 11:14:12 | DEBUG    | <<< 6,2,AccountCode,DUO559526,,DUO559526
2026-04-02 11:14:12 | DEBUG    | <<< 6,2,AccountOrGroup,DUO559526,BASE,DUO559526
2026-04-02 11:14:12 | DEBUG    | <<< 6,2,AccountOrGroup,DUO559526,USD,DUO559526
2026-04-02 11:14:12 | DEBUG    | <<< 6,2,AccountReady,true,,DUO559526
2026-04-02 11:14:12 | DEBUG    | <<< 6,2,AccountType,INDIVIDUAL,,DUO559526
2026-04-02 11:14:12 | DEBUG    | <<< 6,2,AccruedCash,1739.02,BASE,DUO559526
2026-04-02 11:14:12 | DEBUG    | <<< 6,2,AccruedCash,1739.02,USD,DUO559526
2026-04-02 11:14:12 | DEBUG    | <<< 6,2,AccruedCash-C,0.00,USD,DUO559526
2026-04-02 11:14:12 | DEBUG    | <<< 6,2,AccruedCash-P,0.00,USD,DUO559526
2026-04-02 11:14:12 | DEBUG    | <<< 6,2,AccruedCash-S,1739.02,USD,DUO559526
2026-04-02 11:14:12 | DEBUG    | <<< 6,2,AccruedDividend,0.00,USD,DUO559526
2026-04-02 11:14:12 | DEBUG    | <<< 6,2,AccruedDividend-C,0.00,USD,DUO559526
2026-04-02 11:14:12 | DEBUG    | <<< 6,2,AccruedDividend-P,0.00,USD,DUO559526
2026-04-02 11:14:12 | DEBUG    | <<< 6,2,AccruedDividend-S,0.00,USD,DUO559526
2026-04-02 11:14:12 | DEBUG    | <<< 6,2,AvailableFunds,1028802.32,USD,DUO559526
2026-04-02 11:14:12 | DEBUG    | <<< 6,2,AvailableFunds-C,375462.35,USD,DUO559526
2026-04-02 11:14:12 | DEBUG    | <<< 6,2,AvailableFunds-P,0.00,USD,DUO559526
2026-04-02 11:14:12 | DEBUG    | <<< 6,2,AvailableFunds-S,653339.97,USD,DUO559526
2026-04-02 11:14:12 | DEBUG    | <<< 6,2,Billable,0.00,USD,DUO559526
2026-04-02 11:14:12 | DEBUG    | <<< 6,2,Billable-C,0.00,USD,DUO559526
2026-04-02 11:14:12 | DEBUG    | <<< 6,2,Billable-P,0.00,USD,DUO559526
2026-04-02 11:14:12 | DEBUG    | <<< 6,2,Billable-S,0.00,USD,DUO559526
2026-04-02 11:14:12 | DEBUG    | <<< 6,2,BuyingPower,4121111.67,USD,DUO559526
2026-04-02 11:14:12 | DEBUG    | <<< 6,2,CashBalance,1037139.71,BASE,DUO559526
2026-04-02 11:14:12 | DEBUG    | <<< 6,2,CashBalance,1037139.71,USD,DUO559526
2026-04-02 11:14:12 | DEBUG    | <<< 6,2,ColumnPrio-C,2,,DUO559526
2026-04-02 11:14:12 | DEBUG    | <<< 6,2,ColumnPrio-P,5,,DUO559526
2026-04-02 11:14:12 | DEBUG    | <<< 6,2,ColumnPrio-S,1,,DUO559526
2026-04-02 11:14:12 | DEBUG    | <<< 6,2,CorporateBondValue,0.00,BASE,DUO559526
2026-04-02 11:14:12 | DEBUG    | <<< 6,2,CorporateBondValue,0.00,USD,DUO559526
2026-04-02 11:14:12 | DEBUG    | <<< 6,2,Cryptocurrency,0.00,BASE,DUO559526
2026-04-02 11:14:12 | DEBUG    | <<< 6,2,Cryptocurrency,0.00,USD,DUO559526
2026-04-02 11:14:12 | DEBUG    | <<< 6,2,Currency,BASE,BASE,DUO559526
2026-04-02 11:14:12 | DEBUG    | <<< 6,2,Currency,USD,USD,DUO559526
2026-04-02 11:14:12 | DEBUG    | <<< 6,2,Cushion,0.991721,,DUO559526
2026-04-02 11:14:12 | DEBUG    | <<< 6,2,DayTradesRemaining,-1,,DUO559526
2026-04-02 11:14:12 | DEBUG    | <<< 6,2,DayTradesRemainingT+1,-1,,DUO559526
2026-04-02 11:14:12 | DEBUG    | <<< 6,2,DayTradesRemainingT+2,-1,,DUO559526
2026-04-02 11:14:12 | DEBUG    | <<< 6,2,DayTradesRemainingT+3,-1,,DUO559526
2026-04-02 11:14:12 | DEBUG    | <<< 6,2,DayTradesRemainingT+4,-1,,DUO559526
2026-04-02 11:14:12 | DEBUG    | <<< 6,2,DayTradingStatus-S,::false:1030277.92::false,,DUO559526
2026-04-02 11:14:12 | DEBUG    | <<< 6,2,EquityWithLoanValue,1030277.92,USD,DUO559526
2026-04-02 11:14:12 | DEBUG    | <<< 6,2,EquityWithLoanValue-C,376937.95,USD,DUO559526
2026-04-02 11:14:12 | DEBUG    | <<< 6,2,EquityWithLoanValue-P,0.00,USD,DUO559526
2026-04-02 11:14:12 | DEBUG    | <<< 6,2,EquityWithLoanValue-S,653339.97,USD,DUO559526
2026-04-02 11:14:12 | DEBUG    | <<< 6,2,ExcessLiquidity,1030277.92,USD,DUO559526
2026-04-02 11:14:12 | DEBUG    | <<< 6,2,ExcessLiquidity-C,376937.95,USD,DUO559526
2026-04-02 11:14:12 | DEBUG    | <<< 6,2,ExcessLiquidity-P,0.00,USD,DUO559526
2026-04-02 11:14:12 | DEBUG    | <<< 6,2,ExcessLiquidity-S,653339.97,USD,DUO559526
2026-04-02 11:14:12 | DEBUG    | <<< 6,2,ExchangeRate,1.00,BASE,DUO559526
2026-04-02 11:14:12 | DEBUG    | <<< 6,2,ExchangeRate,1.00,USD,DUO559526
2026-04-02 11:14:12 | DEBUG    | <<< 6,2,FullAvailableFunds,1025229.16,USD,DUO559526
2026-04-02 11:14:12 | DEBUG    | <<< 6,2,FullAvailableFunds-C,371889.19,USD,DUO559526
2026-04-02 11:14:12 | DEBUG    | <<< 6,2,FullAvailableFunds-P,0.00,USD,DUO559526
2026-04-02 11:14:12 | DEBUG    | <<< 6,2,FullAvailableFunds-S,653339.97,USD,DUO559526
2026-04-02 11:14:12 | DEBUG    | <<< 6,2,FullExcessLiquidity,1027337.15,USD,DUO559526
2026-04-02 11:14:12 | DEBUG    | <<< 6,2,FullExcessLiquidity-C,373997.18,USD,DUO559526
2026-04-02 11:14:12 | DEBUG    | <<< 6,2,FullExcessLiquidity-P,0.00,USD,DUO559526
2026-04-02 11:14:12 | DEBUG    | <<< 6,2,FullExcessLiquidity-S,653339.97,USD,DUO559526
2026-04-02 11:14:12 | DEBUG    | <<< 6,2,FullInitMarginReq,11910.55,USD,DUO559526
2026-04-02 11:14:12 | DEBUG    | <<< 6,2,FullInitMarginReq-C,11910.55,USD,DUO559526
2026-04-02 11:14:12 | DEBUG    | <<< 6,2,FullInitMarginReq-P,0.00,USD,DUO559526
2026-04-02 11:14:12 | DEBUG    | <<< 6,2,FullInitMarginReq-S,0.00,USD,DUO559526
2026-04-02 11:14:12 | DEBUG    | <<< 6,2,FullMaintMarginReq,9802.56,USD,DUO559526
2026-04-02 11:14:12 | DEBUG    | <<< 6,2,FullMaintMarginReq-C,9802.56,USD,DUO559526
2026-04-02 11:14:12 | DEBUG    | <<< 6,2,FullMaintMarginReq-P,0.00,USD,DUO559526
2026-04-02 11:14:12 | DEBUG    | <<< 6,2,FullMaintMarginReq-S,0.00,USD,DUO559526
2026-04-02 11:14:12 | DEBUG    | <<< 6,2,FundValue,0.00,BASE,DUO559526
2026-04-02 11:14:12 | DEBUG    | <<< 6,2,FundValue,0.00,USD,DUO559526
2026-04-02 11:14:12 | DEBUG    | <<< 6,2,FutureOptionValue,0.00,BASE,DUO559526
2026-04-02 11:14:12 | DEBUG    | <<< 6,2,FutureOptionValue,0.00,USD,DUO559526
2026-04-02 11:14:12 | DEBUG    | <<< 6,2,FuturesPNL,35.00,BASE,DUO559526
2026-04-02 11:14:12 | DEBUG    | <<< 6,2,FuturesPNL,35.00,USD,DUO559526
2026-04-02 11:14:12 | DEBUG    | <<< 6,2,FxCashBalance,0.00,BASE,DUO559526
2026-04-02 11:14:12 | DEBUG    | <<< 6,2,FxCashBalance,0.00,USD,DUO559526
2026-04-02 11:14:12 | DEBUG    | <<< 6,2,GrossPositionValue,0.00,USD,DUO559526
2026-04-02 11:14:12 | DEBUG    | <<< 6,2,GrossPositionValue-S,0.00,USD,DUO559526
2026-04-02 11:14:12 | DEBUG    | <<< 6,2,Guarantee,0.00,USD,DUO559526
2026-04-02 11:14:12 | DEBUG    | <<< 6,2,Guarantee-C,0.00,USD,DUO559526
2026-04-02 11:14:12 | DEBUG    | <<< 6,2,Guarantee-P,0.00,USD,DUO559526
2026-04-02 11:14:12 | DEBUG    | <<< 6,2,Guarantee-S,0.00,USD,DUO559526
2026-04-02 11:14:12 | DEBUG    | <<< 6,2,IncentiveCoupons,0.00,USD,DUO559526
2026-04-02 11:14:12 | DEBUG    | <<< 6,2,IncentiveCoupons-C,0.00,USD,DUO559526
2026-04-02 11:14:12 | DEBUG    | <<< 6,2,IncentiveCoupons-P,0.00,USD,DUO559526
2026-04-02 11:14:12 | DEBUG    | <<< 6,2,IncentiveCoupons-S,0.00,USD,DUO559526
2026-04-02 11:14:12 | DEBUG    | <<< 6,2,IndianStockHaircut,0.00,USD,DUO559526
2026-04-02 11:14:12 | DEBUG    | <<< 6,2,IndianStockHaircut-C,0.00,USD,DUO559526
2026-04-02 11:14:12 | DEBUG    | <<< 6,2,IndianStockHaircut-P,0.00,USD,DUO559526
2026-04-02 11:14:12 | DEBUG    | <<< 6,2,IndianStockHaircut-S,0.00,USD,DUO559526
2026-04-02 11:14:12 | DEBUG    | <<< 6,2,InitMarginReq,8337.39,USD,DUO559526
2026-04-02 11:14:12 | DEBUG    | <<< 6,2,InitMarginReq-C,8337.39,USD,DUO559526
2026-04-02 11:14:12 | DEBUG    | <<< 6,2,InitMarginReq-P,0.00,USD,DUO559526
2026-04-02 11:14:12 | DEBUG    | <<< 6,2,InitMarginReq-S,0.00,USD,DUO559526
2026-04-02 11:14:12 | DEBUG    | <<< 6,2,IssuerOptionValue,0.00,BASE,DUO559526
2026-04-02 11:14:12 | DEBUG    | <<< 6,2,IssuerOptionValue,0.00,USD,DUO559526
2026-04-02 11:14:12 | DEBUG    | <<< 6,2,Leverage-S,0.00,,DUO559526
2026-04-02 11:14:12 | DEBUG    | <<< 6,2,LookAheadAvailableFunds,1025229.16,USD,DUO559526
2026-04-02 11:14:12 | DEBUG    | <<< 6,2,LookAheadAvailableFunds-C,371889.19,USD,DUO559526
2026-04-02 11:14:12 | DEBUG    | <<< 6,2,LookAheadAvailableFunds-P,0.00,USD,DUO559526
2026-04-02 11:14:12 | DEBUG    | <<< 6,2,LookAheadAvailableFunds-S,653339.97,USD,DUO559526
2026-04-02 11:14:12 | DEBUG    | <<< 6,2,LookAheadExcessLiquidity,1027337.15,USD,DUO559526
2026-04-02 11:14:12 | DEBUG    | <<< 6,2,LookAheadExcessLiquidity-C,373997.18,USD,DUO559526
2026-04-02 11:14:12 | DEBUG    | <<< 6,2,LookAheadExcessLiquidity-P,0.00,USD,DUO559526
2026-04-02 11:14:12 | DEBUG    | <<< 6,2,LookAheadExcessLiquidity-S,653339.97,USD,DUO559526
2026-04-02 11:14:12 | DEBUG    | <<< 6,2,LookAheadInitMarginReq,11910.55,USD,DUO559526
2026-04-02 11:14:12 | DEBUG    | <<< 6,2,LookAheadInitMarginReq-C,11910.55,USD,DUO559526
2026-04-02 11:14:12 | DEBUG    | <<< 6,2,LookAheadInitMarginReq-P,0.00,USD,DUO559526
2026-04-02 11:14:12 | DEBUG    | <<< 6,2,LookAheadInitMarginReq-S,0.00,USD,DUO559526
2026-04-02 11:14:12 | DEBUG    | <<< 6,2,LookAheadMaintMarginReq,9802.56,USD,DUO559526
2026-04-02 11:14:12 | DEBUG    | <<< 6,2,LookAheadMaintMarginReq-C,9802.56,USD,DUO559526
2026-04-02 11:14:12 | DEBUG    | <<< 6,2,LookAheadMaintMarginReq-P,0.00,USD,DUO559526
2026-04-02 11:14:12 | DEBUG    | <<< 6,2,LookAheadMaintMarginReq-S,0.00,USD,DUO559526
2026-04-02 11:14:12 | DEBUG    | <<< 6,2,LookAheadNextChange,1775160000,,DUO559526
2026-04-02 11:14:12 | DEBUG    | <<< 6,2,MaintMarginReq,6861.79,USD,DUO559526
2026-04-02 11:14:12 | DEBUG    | <<< 6,2,MaintMarginReq-C,6861.79,USD,DUO559526
2026-04-02 11:14:12 | DEBUG    | <<< 6,2,MaintMarginReq-P,0.00,USD,DUO559526
2026-04-02 11:14:12 | DEBUG    | <<< 6,2,MaintMarginReq-S,0.00,USD,DUO559526
2026-04-02 11:14:12 | DEBUG    | <<< 6,2,MoneyMarketFundValue,0.00,BASE,DUO559526
2026-04-02 11:14:12 | DEBUG    | <<< 6,2,MoneyMarketFundValue,0.00,USD,DUO559526
2026-04-02 11:14:12 | DEBUG    | <<< 6,2,MutualFundValue,0.00,BASE,DUO559526
2026-04-02 11:14:12 | DEBUG    | <<< 6,2,MutualFundValue,0.00,USD,DUO559526
2026-04-02 11:14:12 | DEBUG    | <<< 6,2,NLVAndMarginInReview,false,,DUO559526
2026-04-02 11:14:12 | DEBUG    | <<< 6,2,NetDividend,0.00,BASE,DUO559526
2026-04-02 11:14:12 | DEBUG    | <<< 6,2,NetDividend,0.00,USD,DUO559526
2026-04-02 11:14:12 | DEBUG    | <<< 6,2,NetLiquidation,1038878.73,USD,DUO559526
2026-04-02 11:14:12 | DEBUG    | <<< 6,2,NetLiquidation-C,383799.74,USD,DUO559526
2026-04-02 11:14:12 | DEBUG    | <<< 6,2,NetLiquidation-P,0.00,USD,DUO559526
2026-04-02 11:14:12 | DEBUG    | <<< 6,2,NetLiquidation-S,655078.99,USD,DUO559526
2026-04-02 11:14:12 | DEBUG    | <<< 6,2,NetLiquidationByCurrency,1038878.73,BASE,DUO559526
2026-04-02 11:14:12 | DEBUG    | <<< 6,2,NetLiquidationByCurrency,1038878.73,USD,DUO559526
2026-04-02 11:14:12 | DEBUG    | <<< 6,2,NetLiquidationUncertainty,0.00,USD,DUO559526
2026-04-02 11:14:12 | DEBUG    | <<< 6,2,OptionMarketValue,0.00,BASE,DUO559526
2026-04-02 11:14:12 | DEBUG    | <<< 6,2,OptionMarketValue,0.00,USD,DUO559526
2026-04-02 11:14:12 | DEBUG    | <<< 6,2,PASharesValue,0.00,USD,DUO559526
2026-04-02 11:14:12 | DEBUG    | <<< 6,2,PASharesValue-C,0.00,USD,DUO559526
2026-04-02 11:14:12 | DEBUG    | <<< 6,2,PASharesValue-P,0.00,USD,DUO559526
2026-04-02 11:14:12 | DEBUG    | <<< 6,2,PASharesValue-S,0.00,USD,DUO559526
2026-04-02 11:14:12 | DEBUG    | <<< 6,2,PhysicalCertificateValue,0.00,USD,DUO559526
2026-04-02 11:14:12 | DEBUG    | <<< 6,2,PhysicalCertificateValue-C,0.00,USD,DUO559526
2026-04-02 11:14:12 | DEBUG    | <<< 6,2,PhysicalCertificateValue-P,0.00,USD,DUO559526
2026-04-02 11:14:12 | DEBUG    | <<< 6,2,PhysicalCertificateValue-S,0.00,USD,DUO559526
2026-04-02 11:14:12 | DEBUG    | <<< 6,2,PostExpirationExcess,0.00,USD,DUO559526
2026-04-02 11:14:12 | DEBUG    | <<< 6,2,PostExpirationExcess-C,0.00,USD,DUO559526
2026-04-02 11:14:12 | DEBUG    | <<< 6,2,PostExpirationExcess-P,0.00,USD,DUO559526
2026-04-02 11:14:12 | DEBUG    | <<< 6,2,PostExpirationExcess-S,0.00,USD,DUO559526
2026-04-02 11:14:12 | DEBUG    | <<< 6,2,PostExpirationMargin,0.00,USD,DUO559526
2026-04-02 11:14:12 | DEBUG    | <<< 6,2,PostExpirationMargin-C,0.00,USD,DUO559526
2026-04-02 11:14:12 | DEBUG    | <<< 6,2,PostExpirationMargin-P,0.00,USD,DUO559526
2026-04-02 11:14:12 | DEBUG    | <<< 6,2,PostExpirationMargin-S,0.00,USD,DUO559526
2026-04-02 11:14:12 | DEBUG    | <<< 6,2,PreviousDayEquityWithLoanValue,653339.97,USD,DUO559526
2026-04-02 11:14:12 | DEBUG    | <<< 6,2,PreviousDayEquityWithLoanValue-S,653339.97,USD,DUO559526
2026-04-02 11:14:12 | DEBUG    | <<< 6,2,RealCurrency,BASE,BASE,DUO559526
2026-04-02 11:14:12 | DEBUG    | <<< 6,2,RealCurrency,USD,USD,DUO559526
2026-04-02 11:14:12 | DEBUG    | <<< 6,2,RealizedPnL,0.00,BASE,DUO559526
2026-04-02 11:14:12 | DEBUG    | <<< 6,2,RealizedPnL,0.00,USD,DUO559526
2026-04-02 11:14:12 | DEBUG    | <<< 6,2,RegTEquity,655078.99,USD,DUO559526
2026-04-02 11:14:12 | DEBUG    | <<< 6,2,RegTEquity-S,655078.99,USD,DUO559526
2026-04-02 11:14:12 | DEBUG    | <<< 6,2,RegTMargin,0.00,USD,DUO559526
2026-04-02 11:14:12 | DEBUG    | <<< 6,2,RegTMargin-S,0.00,USD,DUO559526
2026-04-02 11:14:12 | DEBUG    | <<< 6,2,SMA,655078.99,USD,DUO559526
2026-04-02 11:14:12 | DEBUG    | <<< 6,2,SMA-S,655078.99,USD,DUO559526
2026-04-02 11:14:12 | DEBUG    | <<< 6,2,SegmentTitle-C,US Commodities,,DUO559526
2026-04-02 11:14:12 | DEBUG    | <<< 6,2,SegmentTitle-P,Crypto at Paxos,,DUO559526
2026-04-02 11:14:12 | DEBUG    | <<< 6,2,SegmentTitle-S,US Securities,,DUO559526
2026-04-02 11:14:12 | DEBUG    | <<< 6,2,SettledCashByDate,20260402:1037104.71;20260403:1037139.71000001,,DUO559526
2026-04-02 11:14:12 | DEBUG    | <<< 6,2,SettledCashByDate-C,20260402:383764.74;20260403:383799.74000001,,DUO559526
2026-04-02 11:14:12 | DEBUG    | <<< 6,2,SettledCashByDate-P,20260402:0,,DUO559526
2026-04-02 11:14:12 | DEBUG    | <<< 6,2,SettledCashByDate-S,20260402:653339.97,,DUO559526
2026-04-02 11:14:12 | DEBUG    | <<< 6,2,StockMarketValue,0.00,BASE,DUO559526
2026-04-02 11:14:12 | DEBUG    | <<< 6,2,StockMarketValue,0.00,USD,DUO559526
2026-04-02 11:14:12 | DEBUG    | <<< 6,2,TBillValue,0.00,BASE,DUO559526
2026-04-02 11:14:12 | DEBUG    | <<< 6,2,TBillValue,0.00,USD,DUO559526
2026-04-02 11:14:12 | DEBUG    | <<< 6,2,TBondValue,0.00,BASE,DUO559526
2026-04-02 11:14:12 | DEBUG    | <<< 6,2,TBondValue,0.00,USD,DUO559526
2026-04-02 11:14:12 | DEBUG    | <<< 6,2,TotalCashBalance,1037139.71,BASE,DUO559526
2026-04-02 11:14:12 | DEBUG    | <<< 6,2,TotalCashBalance,1037139.71,USD,DUO559526
2026-04-02 11:14:12 | DEBUG    | <<< 6,2,TotalCashValue,1037139.71,USD,DUO559526
2026-04-02 11:14:12 | DEBUG    | <<< 6,2,TotalCashValue-C,383799.74,USD,DUO559526
2026-04-02 11:14:12 | DEBUG    | <<< 6,2,TotalCashValue-P,0.00,USD,DUO559526
2026-04-02 11:14:12 | DEBUG    | <<< 6,2,TotalCashValue-S,653339.97,USD,DUO559526
2026-04-02 11:14:12 | DEBUG    | <<< 6,2,TotalDebitCardPendingCharges,0.00,USD,DUO559526
2026-04-02 11:14:12 | DEBUG    | <<< 6,2,TotalDebitCardPendingCharges-C,0.00,USD,DUO559526
2026-04-02 11:14:12 | DEBUG    | <<< 6,2,TotalDebitCardPendingCharges-P,0.00,USD,DUO559526
2026-04-02 11:14:12 | DEBUG    | <<< 6,2,TotalDebitCardPendingCharges-S,0.00,USD,DUO559526
2026-04-02 11:14:12 | DEBUG    | <<< 6,2,TradingType-S,STKNOPT,,DUO559526
2026-04-02 11:14:12 | DEBUG    | <<< 6,2,UnrealizedPnL,107.52,BASE,DUO559526
2026-04-02 11:14:12 | DEBUG    | <<< 6,2,UnrealizedPnL,107.52,USD,DUO559526
2026-04-02 11:14:12 | DEBUG    | <<< 6,2,WarrantValue,0.00,BASE,DUO559526
2026-04-02 11:14:12 | DEBUG    | <<< 6,2,WarrantValue,0.00,USD,DUO559526
2026-04-02 11:14:12 | DEBUG    | <<< 6,2,WhatIfPMEnabled,true,,DUO559526
2026-04-02 11:14:12 | DEBUG    | <<< 7,8,770561194,MES,FUT,20260618,0,0,5,CME,USD,MESM6,MES,4,6619.5,132390.0,33070.62,107.52,0.0,DUO559526
2026-04-02 11:14:12 | INFO     | updatePortfolio: PortfolioItem(contract=Future(conId=770561194, symbol='MES', lastTradeDateOrContractMonth='20260618', right='0', multiplier='5', primaryExchange='CME', currency='USD', localSymbol='MESM6', tradingClass='MES'), position=4.0, marketPrice=6619.5, marketValue=132390.0, averageCost=33070.62, unrealizedPNL=107.52, realizedPNL=0.0, account='DUO559526')
2026-04-02 11:14:12 | DEBUG    | <<< 8,1,11:14
2026-04-02 11:14:12 | DEBUG    | <<< 8,1,11:14
2026-04-02 11:14:12 | DEBUG    | <<< 54,1,DUO559526
2026-04-02 11:14:12 | DEBUG    | <<< 73,1,397,DUO559526,,AccountCode,DUO559526,
2026-04-02 11:14:12 | DEBUG    | <<< 73,1,397,DUO559526,,AccountReady,true,
2026-04-02 11:14:12 | DEBUG    | <<< 73,1,397,DUO559526,,AccountType,INDIVIDUAL,
2026-04-02 11:14:12 | DEBUG    | <<< 73,1,397,DUO559526,,AccruedCash,1739.02,USD
2026-04-02 11:14:12 | DEBUG    | <<< 73,1,397,DUO559526,,AccruedCash-C,0.00,USD
2026-04-02 11:14:12 | DEBUG    | <<< 73,1,397,DUO559526,,AccruedCash-P,0.00,USD
2026-04-02 11:14:12 | DEBUG    | <<< 73,1,397,DUO559526,,AccruedCash-S,1739.02,USD
2026-04-02 11:14:12 | DEBUG    | <<< 73,1,397,DUO559526,,AccruedDividend,0.00,USD
2026-04-02 11:14:12 | DEBUG    | <<< 73,1,397,DUO559526,,AccruedDividend-C,0.00,USD
2026-04-02 11:14:12 | DEBUG    | <<< 73,1,397,DUO559526,,AccruedDividend-P,0.00,USD
2026-04-02 11:14:12 | DEBUG    | <<< 73,1,397,DUO559526,,AccruedDividend-S,0.00,USD
2026-04-02 11:14:12 | DEBUG    | <<< 73,1,397,DUO559526,,AvailableFunds,1028802.32,USD
2026-04-02 11:14:12 | DEBUG    | <<< 73,1,397,DUO559526,,AvailableFunds-C,375462.35,USD
2026-04-02 11:14:12 | DEBUG    | <<< 73,1,397,DUO559526,,AvailableFunds-P,0.00,USD
2026-04-02 11:14:12 | DEBUG    | <<< 73,1,397,DUO559526,,AvailableFunds-S,653339.97,USD
2026-04-02 11:14:12 | DEBUG    | <<< 73,1,397,DUO559526,,Billable,0.00,USD
2026-04-02 11:14:12 | DEBUG    | <<< 73,1,397,DUO559526,,Billable-C,0.00,USD
2026-04-02 11:14:12 | DEBUG    | <<< 73,1,397,DUO559526,,Billable-P,0.00,USD
2026-04-02 11:14:12 | DEBUG    | <<< 73,1,397,DUO559526,,Billable-S,0.00,USD
2026-04-02 11:14:12 | DEBUG    | <<< 73,1,397,DUO559526,,BuyingPower,4121111.67,USD
2026-04-02 11:14:12 | DEBUG    | <<< 73,1,397,DUO559526,,ColumnPrio-C,2,
2026-04-02 11:14:12 | DEBUG    | <<< 73,1,397,DUO559526,,ColumnPrio-P,5,
2026-04-02 11:14:12 | DEBUG    | <<< 73,1,397,DUO559526,,ColumnPrio-S,1,
2026-04-02 11:14:12 | DEBUG    | <<< 73,1,397,DUO559526,,Cushion,0.991721,
2026-04-02 11:14:12 | DEBUG    | <<< 73,1,397,DUO559526,,DayTradesRemaining,-1,
2026-04-02 11:14:12 | DEBUG    | <<< 73,1,397,DUO559526,,DayTradesRemainingT+1,-1,
2026-04-02 11:14:12 | DEBUG    | <<< 73,1,397,DUO559526,,DayTradesRemainingT+2,-1,
2026-04-02 11:14:12 | DEBUG    | <<< 73,1,397,DUO559526,,DayTradesRemainingT+3,-1,
2026-04-02 11:14:12 | DEBUG    | <<< 73,1,397,DUO559526,,DayTradesRemainingT+4,-1,
2026-04-02 11:14:12 | DEBUG    | <<< 73,1,397,DUO559526,,DayTradingStatus-S,::false:1030277.92::false,
2026-04-02 11:14:12 | DEBUG    | <<< 73,1,397,DUO559526,,EquityWithLoanValue,1030277.92,USD
2026-04-02 11:14:12 | DEBUG    | <<< 73,1,397,DUO559526,,EquityWithLoanValue-C,376937.95,USD
2026-04-02 11:14:12 | DEBUG    | <<< 73,1,397,DUO559526,,EquityWithLoanValue-P,0.00,USD
2026-04-02 11:14:12 | DEBUG    | <<< 73,1,397,DUO559526,,EquityWithLoanValue-S,653339.97,USD
2026-04-02 11:14:12 | DEBUG    | <<< 73,1,397,DUO559526,,ExcessLiquidity,1030277.92,USD
2026-04-02 11:14:12 | DEBUG    | <<< 73,1,397,DUO559526,,ExcessLiquidity-C,376937.95,USD
2026-04-02 11:14:12 | DEBUG    | <<< 73,1,397,DUO559526,,ExcessLiquidity-P,0.00,USD
2026-04-02 11:14:12 | DEBUG    | <<< 73,1,397,DUO559526,,ExcessLiquidity-S,653339.97,USD
2026-04-02 11:14:12 | DEBUG    | <<< 73,1,397,DUO559526,,FullAvailableFunds,1025229.16,USD
2026-04-02 11:14:12 | DEBUG    | <<< 73,1,397,DUO559526,,FullAvailableFunds-C,371889.19,USD
2026-04-02 11:14:12 | DEBUG    | <<< 73,1,397,DUO559526,,FullAvailableFunds-P,0.00,USD
2026-04-02 11:14:12 | DEBUG    | <<< 73,1,397,DUO559526,,FullAvailableFunds-S,653339.97,USD
2026-04-02 11:14:12 | DEBUG    | <<< 73,1,397,DUO559526,,FullExcessLiquidity,1027337.15,USD
2026-04-02 11:14:12 | DEBUG    | <<< 73,1,397,DUO559526,,FullExcessLiquidity-C,373997.18,USD
2026-04-02 11:14:12 | DEBUG    | <<< 73,1,397,DUO559526,,FullExcessLiquidity-P,0.00,USD
2026-04-02 11:14:12 | DEBUG    | <<< 73,1,397,DUO559526,,FullExcessLiquidity-S,653339.97,USD
2026-04-02 11:14:12 | DEBUG    | <<< 73,1,397,DUO559526,,FullInitMarginReq,11910.55,USD
2026-04-02 11:14:12 | DEBUG    | <<< 73,1,397,DUO559526,,FullInitMarginReq-C,11910.55,USD
2026-04-02 11:14:12 | DEBUG    | <<< 73,1,397,DUO559526,,FullInitMarginReq-P,0.00,USD
2026-04-02 11:14:12 | DEBUG    | <<< 73,1,397,DUO559526,,FullInitMarginReq-S,0.00,USD
2026-04-02 11:14:12 | DEBUG    | <<< 73,1,397,DUO559526,,FullMaintMarginReq,9802.56,USD
2026-04-02 11:14:12 | DEBUG    | <<< 73,1,397,DUO559526,,FullMaintMarginReq-C,9802.56,USD
2026-04-02 11:14:12 | DEBUG    | <<< 73,1,397,DUO559526,,FullMaintMarginReq-P,0.00,USD
2026-04-02 11:14:12 | DEBUG    | <<< 73,1,397,DUO559526,,FullMaintMarginReq-S,0.00,USD
2026-04-02 11:14:12 | DEBUG    | <<< 73,1,397,DUO559526,,GrossPositionValue,0.00,USD
2026-04-02 11:14:12 | DEBUG    | <<< 73,1,397,DUO559526,,GrossPositionValue-S,0.00,USD
2026-04-02 11:14:12 | DEBUG    | <<< 73,1,397,DUO559526,,Guarantee,0.00,USD
2026-04-02 11:14:12 | DEBUG    | <<< 73,1,397,DUO559526,,Guarantee-C,0.00,USD
2026-04-02 11:14:12 | DEBUG    | <<< 73,1,397,DUO559526,,Guarantee-P,0.00,USD
2026-04-02 11:14:12 | DEBUG    | <<< 73,1,397,DUO559526,,Guarantee-S,0.00,USD
2026-04-02 11:14:12 | DEBUG    | <<< 73,1,397,DUO559526,,IncentiveCoupons,0.00,USD
2026-04-02 11:14:12 | DEBUG    | <<< 73,1,397,DUO559526,,IncentiveCoupons-C,0.00,USD
2026-04-02 11:14:12 | DEBUG    | <<< 73,1,397,DUO559526,,IncentiveCoupons-P,0.00,USD
2026-04-02 11:14:12 | DEBUG    | <<< 73,1,397,DUO559526,,IncentiveCoupons-S,0.00,USD
2026-04-02 11:14:12 | DEBUG    | <<< 73,1,397,DUO559526,,IndianStockHaircut,0.00,USD
2026-04-02 11:14:12 | DEBUG    | <<< 73,1,397,DUO559526,,IndianStockHaircut-C,0.00,USD
2026-04-02 11:14:12 | DEBUG    | <<< 73,1,397,DUO559526,,IndianStockHaircut-P,0.00,USD
2026-04-02 11:14:12 | DEBUG    | <<< 73,1,397,DUO559526,,IndianStockHaircut-S,0.00,USD
2026-04-02 11:14:12 | DEBUG    | <<< 73,1,397,DUO559526,,InitMarginReq,8337.39,USD
2026-04-02 11:14:12 | DEBUG    | <<< 73,1,397,DUO559526,,InitMarginReq-C,8337.39,USD
2026-04-02 11:14:12 | DEBUG    | <<< 73,1,397,DUO559526,,InitMarginReq-P,0.00,USD
2026-04-02 11:14:12 | DEBUG    | <<< 73,1,397,DUO559526,,InitMarginReq-S,0.00,USD
2026-04-02 11:14:12 | DEBUG    | <<< 73,1,397,DUO559526,,Leverage-S,0.00,
2026-04-02 11:14:12 | DEBUG    | <<< 73,1,397,DUO559526,,LookAheadAvailableFunds,1025229.16,USD
2026-04-02 11:14:12 | DEBUG    | <<< 73,1,397,DUO559526,,LookAheadAvailableFunds-C,371889.19,USD
2026-04-02 11:14:12 | DEBUG    | <<< 73,1,397,DUO559526,,LookAheadAvailableFunds-P,0.00,USD
2026-04-02 11:14:12 | DEBUG    | <<< 73,1,397,DUO559526,,LookAheadAvailableFunds-S,653339.97,USD
2026-04-02 11:14:12 | DEBUG    | <<< 73,1,397,DUO559526,,LookAheadExcessLiquidity,1027337.15,USD
2026-04-02 11:14:12 | DEBUG    | <<< 73,1,397,DUO559526,,LookAheadExcessLiquidity-C,373997.18,USD
2026-04-02 11:14:12 | DEBUG    | <<< 73,1,397,DUO559526,,LookAheadExcessLiquidity-P,0.00,USD
2026-04-02 11:14:12 | DEBUG    | <<< 73,1,397,DUO559526,,LookAheadExcessLiquidity-S,653339.97,USD
2026-04-02 11:14:12 | DEBUG    | <<< 73,1,397,DUO559526,,LookAheadInitMarginReq,11910.55,USD
2026-04-02 11:14:12 | DEBUG    | <<< 73,1,397,DUO559526,,LookAheadInitMarginReq-C,11910.55,USD
2026-04-02 11:14:12 | DEBUG    | <<< 73,1,397,DUO559526,,LookAheadInitMarginReq-P,0.00,USD
2026-04-02 11:14:12 | DEBUG    | <<< 73,1,397,DUO559526,,LookAheadInitMarginReq-S,0.00,USD
2026-04-02 11:14:12 | DEBUG    | <<< 73,1,397,DUO559526,,LookAheadMaintMarginReq,9802.56,USD
2026-04-02 11:14:12 | DEBUG    | <<< 73,1,397,DUO559526,,LookAheadMaintMarginReq-C,9802.56,USD
2026-04-02 11:14:12 | DEBUG    | <<< 73,1,397,DUO559526,,LookAheadMaintMarginReq-P,0.00,USD
2026-04-02 11:14:12 | DEBUG    | <<< 73,1,397,DUO559526,,LookAheadMaintMarginReq-S,0.00,USD
2026-04-02 11:14:12 | DEBUG    | <<< 73,1,397,DUO559526,,LookAheadNextChange,1775160000,
2026-04-02 11:14:12 | DEBUG    | <<< 73,1,397,DUO559526,,MaintMarginReq,6861.79,USD
2026-04-02 11:14:12 | DEBUG    | <<< 73,1,397,DUO559526,,MaintMarginReq-C,6861.79,USD
2026-04-02 11:14:12 | DEBUG    | <<< 73,1,397,DUO559526,,MaintMarginReq-P,0.00,USD
2026-04-02 11:14:12 | DEBUG    | <<< 73,1,397,DUO559526,,MaintMarginReq-S,0.00,USD
2026-04-02 11:14:12 | DEBUG    | <<< 73,1,397,DUO559526,,NLVAndMarginInReview,false,
2026-04-02 11:14:12 | DEBUG    | <<< 73,1,397,DUO559526,,NetLiquidation,1038878.73,USD
2026-04-02 11:14:12 | DEBUG    | <<< 73,1,397,DUO559526,,NetLiquidation-C,383799.74,USD
2026-04-02 11:14:12 | DEBUG    | <<< 73,1,397,DUO559526,,NetLiquidation-P,0.00,USD
2026-04-02 11:14:12 | DEBUG    | <<< 73,1,397,DUO559526,,NetLiquidation-S,655078.99,USD
2026-04-02 11:14:12 | DEBUG    | <<< 73,1,397,DUO559526,,NetLiquidationUncertainty,0.00,USD
2026-04-02 11:14:12 | DEBUG    | <<< 73,1,397,DUO559526,,PASharesValue,0.00,USD
2026-04-02 11:14:12 | DEBUG    | <<< 73,1,397,DUO559526,,PASharesValue-C,0.00,USD
2026-04-02 11:14:12 | DEBUG    | <<< 73,1,397,DUO559526,,PASharesValue-P,0.00,USD
2026-04-02 11:14:12 | DEBUG    | <<< 73,1,397,DUO559526,,PASharesValue-S,0.00,USD
2026-04-02 11:14:12 | DEBUG    | <<< 73,1,397,DUO559526,,PhysicalCertificateValue,0.00,USD
2026-04-02 11:14:12 | DEBUG    | <<< 73,1,397,DUO559526,,PhysicalCertificateValue-C,0.00,USD
2026-04-02 11:14:12 | DEBUG    | <<< 73,1,397,DUO559526,,PhysicalCertificateValue-P,0.00,USD
2026-04-02 11:14:12 | DEBUG    | <<< 73,1,397,DUO559526,,PhysicalCertificateValue-S,0.00,USD
2026-04-02 11:14:12 | DEBUG    | <<< 73,1,397,DUO559526,,PostExpirationExcess,0.00,USD
2026-04-02 11:14:12 | DEBUG    | <<< 73,1,397,DUO559526,,PostExpirationExcess-C,0.00,USD
2026-04-02 11:14:12 | DEBUG    | <<< 73,1,397,DUO559526,,PostExpirationExcess-P,0.00,USD
2026-04-02 11:14:12 | DEBUG    | <<< 73,1,397,DUO559526,,PostExpirationExcess-S,0.00,USD
2026-04-02 11:14:12 | DEBUG    | <<< 73,1,397,DUO559526,,PostExpirationMargin,0.00,USD
2026-04-02 11:14:12 | DEBUG    | <<< 73,1,397,DUO559526,,PostExpirationMargin-C,0.00,USD
2026-04-02 11:14:12 | DEBUG    | <<< 73,1,397,DUO559526,,PostExpirationMargin-P,0.00,USD
2026-04-02 11:14:12 | DEBUG    | <<< 73,1,397,DUO559526,,PostExpirationMargin-S,0.00,USD
2026-04-02 11:14:12 | DEBUG    | <<< 73,1,397,DUO559526,,PreviousDayEquityWithLoanValue,653339.97,USD
2026-04-02 11:14:12 | DEBUG    | <<< 73,1,397,DUO559526,,PreviousDayEquityWithLoanValue-S,653339.97,USD
2026-04-02 11:14:12 | DEBUG    | <<< 73,1,397,DUO559526,,RegTEquity,655078.99,USD
2026-04-02 11:14:12 | DEBUG    | <<< 73,1,397,DUO559526,,RegTEquity-S,655078.99,USD
2026-04-02 11:14:12 | DEBUG    | <<< 73,1,397,DUO559526,,RegTMargin,0.00,USD
2026-04-02 11:14:12 | DEBUG    | <<< 73,1,397,DUO559526,,RegTMargin-S,0.00,USD
2026-04-02 11:14:12 | DEBUG    | <<< 73,1,397,DUO559526,,SMA,655078.99,USD
2026-04-02 11:14:12 | DEBUG    | <<< 73,1,397,DUO559526,,SMA-S,655078.99,USD
2026-04-02 11:14:12 | DEBUG    | <<< 73,1,397,DUO559526,,SegmentTitle-C,US Commodities,
2026-04-02 11:14:12 | DEBUG    | <<< 73,1,397,DUO559526,,SegmentTitle-P,Crypto at Paxos,
2026-04-02 11:14:12 | DEBUG    | <<< 73,1,397,DUO559526,,SegmentTitle-S,US Securities,
2026-04-02 11:14:12 | DEBUG    | <<< 73,1,397,DUO559526,,SettledCashByDate,20260402:1037104.71;20260403:1037139.71000001,
2026-04-02 11:14:12 | DEBUG    | <<< 73,1,397,DUO559526,,SettledCashByDate-C,20260402:383764.74;20260403:383799.74000001,
2026-04-02 11:14:12 | DEBUG    | <<< 73,1,397,DUO559526,,SettledCashByDate-P,20260402:0,
2026-04-02 11:14:12 | DEBUG    | <<< 73,1,397,DUO559526,,SettledCashByDate-S,20260402:653339.97,
2026-04-02 11:14:12 | DEBUG    | <<< 73,1,397,DUO559526,,TotalCashValue,1037139.71,USD
2026-04-02 11:14:12 | DEBUG    | <<< 73,1,397,DUO559526,,TotalCashValue-C,383799.74,USD
2026-04-02 11:14:12 | DEBUG    | <<< 73,1,397,DUO559526,,TotalCashValue-P,0.00,USD
2026-04-02 11:14:12 | DEBUG    | <<< 73,1,397,DUO559526,,TotalCashValue-S,653339.97,USD
2026-04-02 11:14:12 | DEBUG    | <<< 73,1,397,DUO559526,,TotalDebitCardPendingCharges,0.00,USD
2026-04-02 11:14:12 | DEBUG    | <<< 73,1,397,DUO559526,,TotalDebitCardPendingCharges-C,0.00,USD
2026-04-02 11:14:12 | DEBUG    | <<< 73,1,397,DUO559526,,TotalDebitCardPendingCharges-P,0.00,USD
2026-04-02 11:14:12 | DEBUG    | <<< 73,1,397,DUO559526,,TotalDebitCardPendingCharges-S,0.00,USD
2026-04-02 11:14:12 | DEBUG    | <<< 73,1,397,DUO559526,,TradingType-S,STKNOPT,
2026-04-02 11:14:12 | DEBUG    | <<< 73,1,397,DUO559526,,WhatIfPMEnabled,true,
2026-04-02 11:14:12 | DEBUG    | <<< 73,1,397,DUO559526,,Currency,USD,USD
2026-04-02 11:14:12 | DEBUG    | <<< 73,1,397,DUO559526,,CashBalance,1037139.71,USD
2026-04-02 11:14:12 | DEBUG    | <<< 73,1,397,DUO559526,,TotalCashBalance,1037139.71,USD
2026-04-02 11:14:12 | DEBUG    | <<< 73,1,397,DUO559526,,AccruedCash,1739.02,USD
2026-04-02 11:14:12 | DEBUG    | <<< 73,1,397,DUO559526,,StockMarketValue,0.00,USD
2026-04-02 11:14:12 | DEBUG    | <<< 73,1,397,DUO559526,,OptionMarketValue,0.00,USD
2026-04-02 11:14:12 | DEBUG    | <<< 73,1,397,DUO559526,,FutureOptionValue,0.00,USD
2026-04-02 11:14:12 | DEBUG    | <<< 73,1,397,DUO559526,,FuturesPNL,35.00,USD
2026-04-02 11:14:12 | DEBUG    | <<< 73,1,397,DUO559526,,NetLiquidationByCurrency,1038878.73,USD
2026-04-02 11:14:12 | DEBUG    | <<< 73,1,397,DUO559526,,UnrealizedPnL,107.52,USD
2026-04-02 11:14:12 | DEBUG    | <<< 73,1,397,DUO559526,,RealizedPnL,0.00,USD
2026-04-02 11:14:12 | DEBUG    | <<< 73,1,397,DUO559526,,ExchangeRate,1.00,USD
2026-04-02 11:14:12 | DEBUG    | <<< 73,1,397,DUO559526,,FundValue,0.00,USD
2026-04-02 11:14:12 | DEBUG    | <<< 73,1,397,DUO559526,,NetDividend,0.00,USD
2026-04-02 11:14:12 | DEBUG    | <<< 73,1,397,DUO559526,,MutualFundValue,0.00,USD
2026-04-02 11:14:12 | DEBUG    | <<< 73,1,397,DUO559526,,MoneyMarketFundValue,0.00,USD
2026-04-02 11:14:12 | DEBUG    | <<< 73,1,397,DUO559526,,CorporateBondValue,0.00,USD
2026-04-02 11:14:12 | DEBUG    | <<< 73,1,397,DUO559526,,TBondValue,0.00,USD
2026-04-02 11:14:12 | DEBUG    | <<< 73,1,397,DUO559526,,TBillValue,0.00,USD
2026-04-02 11:14:12 | DEBUG    | <<< 73,1,397,DUO559526,,WarrantValue,0.00,USD
2026-04-02 11:14:12 | DEBUG    | <<< 73,1,397,DUO559526,,FxCashBalance,0.00,USD
2026-04-02 11:14:12 | DEBUG    | <<< 73,1,397,DUO559526,,AccountOrGroup,DUO559526,USD
2026-04-02 11:14:12 | DEBUG    | <<< 73,1,397,DUO559526,,RealCurrency,USD,USD
2026-04-02 11:14:12 | DEBUG    | <<< 73,1,397,DUO559526,,IssuerOptionValue,0.00,USD
2026-04-02 11:14:12 | DEBUG    | <<< 73,1,397,DUO559526,,Cryptocurrency,0.00,USD
2026-04-02 11:14:12 | DEBUG    | <<< 73,1,397,DUO559526,,Currency,BASE,BASE
2026-04-02 11:14:12 | DEBUG    | <<< 73,1,397,DUO559526,,CashBalance,1037139.71,BASE
2026-04-02 11:14:12 | DEBUG    | <<< 73,1,397,DUO559526,,TotalCashBalance,1037139.71,BASE
2026-04-02 11:14:12 | DEBUG    | <<< 73,1,397,DUO559526,,AccruedCash,1739.02,BASE
2026-04-02 11:14:12 | DEBUG    | <<< 73,1,397,DUO559526,,StockMarketValue,0.00,BASE
2026-04-02 11:14:12 | DEBUG    | <<< 73,1,397,DUO559526,,OptionMarketValue,0.00,BASE
2026-04-02 11:14:12 | DEBUG    | <<< 73,1,397,DUO559526,,FutureOptionValue,0.00,BASE
2026-04-02 11:14:12 | DEBUG    | <<< 73,1,397,DUO559526,,FuturesPNL,35.00,BASE
2026-04-02 11:14:12 | DEBUG    | <<< 73,1,397,DUO559526,,NetLiquidationByCurrency,1038878.73,BASE
2026-04-02 11:14:12 | DEBUG    | <<< 73,1,397,DUO559526,,UnrealizedPnL,107.52,BASE
2026-04-02 11:14:12 | DEBUG    | <<< 73,1,397,DUO559526,,RealizedPnL,0.00,BASE
2026-04-02 11:14:12 | DEBUG    | <<< 73,1,397,DUO559526,,ExchangeRate,1.00,BASE
2026-04-02 11:14:12 | DEBUG    | <<< 73,1,397,DUO559526,,FundValue,0.00,BASE
2026-04-02 11:14:12 | DEBUG    | <<< 73,1,397,DUO559526,,NetDividend,0.00,BASE
2026-04-02 11:14:12 | DEBUG    | <<< 73,1,397,DUO559526,,MutualFundValue,0.00,BASE
2026-04-02 11:14:12 | DEBUG    | <<< 73,1,397,DUO559526,,MoneyMarketFundValue,0.00,BASE
2026-04-02 11:14:12 | DEBUG    | <<< 73,1,397,DUO559526,,CorporateBondValue,0.00,BASE
2026-04-02 11:14:12 | DEBUG    | <<< 73,1,397,DUO559526,,TBondValue,0.00,BASE
2026-04-02 11:14:12 | DEBUG    | <<< 73,1,397,DUO559526,,TBillValue,0.00,BASE
2026-04-02 11:14:12 | DEBUG    | <<< 73,1,397,DUO559526,,WarrantValue,0.00,BASE
2026-04-02 11:14:12 | DEBUG    | <<< 73,1,397,DUO559526,,FxCashBalance,0.00,BASE
2026-04-02 11:14:12 | DEBUG    | <<< 73,1,397,DUO559526,,AccountOrGroup,DUO559526,BASE
2026-04-02 11:14:12 | DEBUG    | <<< 73,1,397,DUO559526,,RealCurrency,USD,BASE
2026-04-02 11:14:12 | DEBUG    | <<< 73,1,397,DUO559526,,IssuerOptionValue,0.00,BASE
2026-04-02 11:14:12 | DEBUG    | <<< 73,1,397,DUO559526,,Cryptocurrency,0.00,BASE
2026-04-02 11:14:12 | DEBUG    | <<< 74,1,397
2026-04-02 11:14:12 | DEBUG    | >>> 7,3,398,0,,,,,,
2026-04-02 11:14:12 | DEBUG    | <<< 55,1,398
2026-04-02 11:14:12 | INFO     | Synchronization complete
2026-04-02 11:14:12 | DEBUG    | >>> 9,8,399,0,ES,FUT,,0.0,,,CME,,USD,,,0,,,
2026-04-02 11:14:13 | DEBUG    | <<< 10,399,ES,FUT,20261218 08:30:00 US/Central,0,,CME,USD,ESZ6,ES,ES,515416632,0.25,50,ACTIVETIM,AD,ADJUST,ALERT,ALGO,ALLOC,AVGCOST,BASKET,BENCHPX,COND,CONDORDER,DAY,DEACT,DEACTDIS,DEACTEOD,GAT,GTC,GTD,GTT,HID,ICE,IOC,LIT,LMT,LTH,MIT,MKT,MTL,NGCOMB,NONALGO,OCA,PEGBENCH,SCALE,SCALERST,SNAPMID,SNAPMKT,SNAPREL,STP,STPLMT,TRAIL,TRAILLIT,TRAILLMT,TRAILMIT,WHATIF,CME,QBALGO,1,11004968,E-mini S&P 500,,202612,,,,US/Central,20260401:1700-20260402:1600;20260402:1700-20260403:0815;20260404:CLOSED;20260405:1700-20260406:1600;20260406:1700-20260407:1600;20260407:1700-20260408:1600,20260402:0830-20260402:1600;20260402:1700-20260403:0815;20260404:CLOSED;20260405:CLOSED;20260406:0830-20260406:1600;20260407:0830-20260407:1600;20260407:1700-20260408:1600,,,0,2147483647,ES,IND,67,67,20261218,,1,1,1
2026-04-02 11:14:13 | DEBUG    | <<< 10,399,ES,FUT,20271217 08:30:00 US/Central,0,,CME,USD,ESZ7,ES,ES,586139767,0.25,50,ACTIVETIM,AD,ADJUST,ALERT,ALGO,ALLOC,AVGCOST,BASKET,BENCHPX,COND,CONDORDER,DAY,DEACT,DEACTDIS,DEACTEOD,GAT,GTC,GTD,GTT,HID,ICE,IOC,LIT,LMT,LTH,MIT,MKT,MTL,NGCOMB,NONALGO,OCA,PEGBENCH,SCALE,SCALERST,SNAPMID,SNAPMKT,SNAPREL,STP,STPLMT,TRAIL,TRAILLIT,TRAILLMT,TRAILMIT,WHATIF,CME,QBALGO,1,11004968,E-mini S&P 500,,202712,,,,US/Central,20260401:1700-20260402:1600;20260402:1700-20260403:0815;20260404:CLOSED;20260405:1700-20260406:1600;20260406:1700-20260407:1600;20260407:1700-20260408:1600,20260402:0830-20260402:1600;20260402:1700-20260403:0815;20260404:CLOSED;20260405:CLOSED;20260406:0830-20260406:1600;20260407:0830-20260407:1600;20260407:1700-20260408:1600,,,0,2147483647,ES,IND,67,67,20271217,,1,1,1
2026-04-02 11:14:13 | DEBUG    | <<< 10,399,ES,FUT,20270617 08:30:00 US/Central,0,,CME,USD,ESM7,ES,ES,649180661,0.25,50,ACTIVETIM,AD,ADJUST,ALERT,ALGO,ALLOC,AVGCOST,BASKET,BENCHPX,COND,CONDORDER,DAY,DEACT,DEACTDIS,DEACTEOD,GAT,GTC,GTD,GTT,HID,ICE,IOC,LIT,LMT,LTH,MIT,MKT,MTL,NGCOMB,NONALGO,OCA,PEGBENCH,SCALE,SCALERST,SNAPMID,SNAPMKT,SNAPREL,STP,STPLMT,TRAIL,TRAILLIT,TRAILLMT,TRAILMIT,WHATIF,CME,QBALGO,1,11004968,E-mini S&P 500,,202706,,,,US/Central,20260401:1700-20260402:1600;20260402:1700-20260403:0815;20260404:CLOSED;20260405:1700-20260406:1600;20260406:1700-20260407:1600;20260407:1700-20260408:1600,20260402:0830-20260402:1600;20260402:1700-20260403:0815;20260404:CLOSED;20260405:CLOSED;20260406:0830-20260406:1600;20260407:0830-20260407:1600;20260407:1700-20260408:1600,,,0,2147483647,ES,IND,67,67,20270617,,1,1,1
2026-04-02 11:14:13 | DEBUG    | <<< 10,399,ES,FUT,20280317 08:30:00 US/Central,0,,CME,USD,ESH8,ES,ES,649180666,0.25,50,ACTIVETIM,AD,ADJUST,ALERT,ALGO,ALLOC,AVGCOST,BASKET,BENCHPX,COND,CONDORDER,DAY,DEACT,DEACTDIS,DEACTEOD,GAT,GTC,GTD,GTT,HID,ICE,IOC,LIT,LMT,LTH,MIT,MKT,MTL,NGCOMB,NONALGO,OCA,PEGBENCH,SCALE,SCALERST,SNAPMID,SNAPMKT,SNAPREL,STP,STPLMT,TRAIL,TRAILLIT,TRAILLMT,TRAILMIT,WHATIF,CME,QBALGO,1,11004968,E-mini S&P 500,,202803,,,,US/Central,20260401:1700-20260402:1600;20260402:1700-20260403:0815;20260404:CLOSED;20260405:1700-20260406:1600;20260406:1700-20260407:1600;20260407:1700-20260408:1600,20260402:0830-20260402:1600;20260402:1700-20260403:0815;20260404:CLOSED;20260405:CLOSED;20260406:0830-20260406:1600;20260407:0830-20260407:1600;20260407:1700-20260408:1600,,,0,2147483647,ES,IND,67,67,20280317,,1,1,1
2026-04-02 11:14:13 | DEBUG    | <<< 10,399,ES,FUT,20260918 08:30:00 US/Central,0,,CME,USD,ESU6,ES,ES,649180671,0.25,50,ACTIVETIM,AD,ADJUST,ALERT,ALGO,ALLOC,AVGCOST,BASKET,BENCHPX,COND,CONDORDER,DAY,DEACT,DEACTDIS,DEACTEOD,GAT,GTC,GTD,GTT,HID,ICE,IOC,LIT,LMT,LTH,MIT,MKT,MTL,NGCOMB,NONALGO,OCA,PEGBENCH,SCALE,SCALERST,SNAPMID,SNAPMKT,SNAPREL,STP,STPLMT,TRAIL,TRAILLIT,TRAILLMT,TRAILMIT,WHATIF,CME,QBALGO,1,11004968,E-mini S&P 500,,202609,,,,US/Central,20260401:1700-20260402:1600;20260402:1700-20260403:0815;20260404:CLOSED;20260405:1700-20260406:1600;20260406:1700-20260407:1600;20260407:1700-20260408:1600,20260402:0830-20260402:1600;20260402:1700-20260403:0815;20260404:CLOSED;20260405:CLOSED;20260406:0830-20260406:1600;20260407:0830-20260407:1600;20260407:1700-20260408:1600,,,0,2147483647,ES,IND,67,67,20260918,,1,1,1
2026-04-02 11:14:13 | DEBUG    | <<< 10,399,ES,FUT,20260618 08:30:00 US/Central,0,,CME,USD,ESM6,ES,ES,649180678,0.25,50,ACTIVETIM,AD,ADJUST,ALERT,ALGO,ALLOC,AVGCOST,BASKET,BENCHPX,COND,CONDORDER,DAY,DEACT,DEACTDIS,DEACTEOD,GAT,GTC,GTD,GTT,HID,ICE,IOC,LIT,LMT,LTH,MIT,MKT,MTL,NGCOMB,NONALGO,OCA,PEGBENCH,SCALE,SCALERST,SNAPMID,SNAPMKT,SNAPREL,STP,STPLMT,TRAIL,TRAILLIT,TRAILLMT,TRAILMIT,WHATIF,CME,QBALGO,1,11004968,E-mini S&P 500,,202606,,,,US/Central,20260401:1700-20260402:1600;20260402:1700-20260403:0815;20260404:CLOSED;20260405:1700-20260406:1600;20260406:1700-20260407:1600;20260407:1700-20260408:1600,20260402:0830-20260402:1600;20260402:1700-20260403:0815;20260404:CLOSED;20260405:CLOSED;20260406:0830-20260406:1600;20260407:0830-20260407:1600;20260407:1700-20260408:1600,,,0,2147483647,ES,IND,67,67,20260618,,1,1,1
2026-04-02 11:14:13 | DEBUG    | <<< 10,399,ES,FUT,20280915 08:30:00 US/Central,0,,CME,USD,ESU8,ES,ES,649180675,0.25,50,ACTIVETIM,AD,ADJUST,ALERT,ALGO,ALLOC,AVGCOST,BASKET,BENCHPX,COND,CONDORDER,DAY,DEACT,DEACTDIS,DEACTEOD,GAT,GTC,GTD,GTT,HID,ICE,IOC,LIT,LMT,LTH,MIT,MKT,MTL,NGCOMB,NONALGO,OCA,PEGBENCH,SCALE,SCALERST,SNAPMID,SNAPMKT,SNAPREL,STP,STPLMT,TRAIL,TRAILLIT,TRAILLMT,TRAILMIT,WHATIF,CME,QBALGO,1,11004968,E-mini S&P 500,,202809,,,,US/Central,20260401:1700-20260402:1600;20260402:1700-20260403:0815;20260404:CLOSED;20260405:1700-20260406:1600;20260406:1700-20260407:1600;20260407:1700-20260408:1600,20260402:0830-20260402:1600;20260402:1700-20260403:0815;20260404:CLOSED;20260405:CLOSED;20260406:0830-20260406:1600;20260407:0830-20260407:1600;20260407:1700-20260408:1600,,,0,2147483647,ES,IND,67,67,20280915,,1,1,1
2026-04-02 11:14:13 | DEBUG    | <<< 10,399,ES,FUT,20270917 08:30:00 US/Central,0,,CME,USD,ESU7,ES,ES,649180681,0.25,50,ACTIVETIM,AD,ADJUST,ALERT,ALGO,ALLOC,AVGCOST,BASKET,BENCHPX,COND,CONDORDER,DAY,DEACT,DEACTDIS,DEACTEOD,GAT,GTC,GTD,GTT,HID,ICE,IOC,LIT,LMT,LTH,MIT,MKT,MTL,NGCOMB,NONALGO,OCA,PEGBENCH,SCALE,SCALERST,SNAPMID,SNAPMKT,SNAPREL,STP,STPLMT,TRAIL,TRAILLIT,TRAILLMT,TRAILMIT,WHATIF,CME,QBALGO,1,11004968,E-mini S&P 500,,202709,,,,US/Central,20260401:1700-20260402:1600;20260402:1700-20260403:0815;20260404:CLOSED;20260405:1700-20260406:1600;20260406:1700-20260407:1600;20260407:1700-20260408:1600,20260402:0830-20260402:1600;20260402:1700-20260403:0815;20260404:CLOSED;20260405:CLOSED;20260406:0830-20260406:1600;20260407:0830-20260407:1600;20260407:1700-20260408:1600,,,0,2147483647,ES,IND,67,67,20270917,,1,1,1
2026-04-02 11:14:13 | DEBUG    | <<< 10,399,ES,FUT,20270319 08:30:00 US/Central,0,,CME,USD,ESH7,ES,ES,649180684,0.25,50,ACTIVETIM,AD,ADJUST,ALERT,ALGO,ALLOC,AVGCOST,BASKET,BENCHPX,COND,CONDORDER,DAY,DEACT,DEACTDIS,DEACTEOD,GAT,GTC,GTD,GTT,HID,ICE,IOC,LIT,LMT,LTH,MIT,MKT,MTL,NGCOMB,NONALGO,OCA,PEGBENCH,SCALE,SCALERST,SNAPMID,SNAPMKT,SNAPREL,STP,STPLMT,TRAIL,TRAILLIT,TRAILLMT,TRAILMIT,WHATIF,CME,QBALGO,1,11004968,E-mini S&P 500,,202703,,,,US/Central,20260401:1700-20260402:1600;20260402:1700-20260403:0815;20260404:CLOSED;20260405:1700-20260406:1600;20260406:1700-20260407:1600;20260407:1700-20260408:1600,20260402:0830-20260402:1600;20260402:1700-20260403:0815;20260404:CLOSED;20260405:CLOSED;20260406:0830-20260406:1600;20260407:0830-20260407:1600;20260407:1700-20260408:1600,,,0,2147483647,ES,IND,67,67,20270319,,1,1,1
2026-04-02 11:14:13 | DEBUG    | <<< 10,399,ES,FUT,20280616 08:30:00 US/Central,0,,CME,USD,ESM8,ES,ES,649180690,0.25,50,ACTIVETIM,AD,ADJUST,ALERT,ALGO,ALLOC,AVGCOST,BASKET,BENCHPX,COND,CONDORDER,DAY,DEACT,DEACTDIS,DEACTEOD,GAT,GTC,GTD,GTT,HID,ICE,IOC,LIT,LMT,LTH,MIT,MKT,MTL,NGCOMB,NONALGO,OCA,PEGBENCH,SCALE,SCALERST,SNAPMID,SNAPMKT,SNAPREL,STP,STPLMT,TRAIL,TRAILLIT,TRAILLMT,TRAILMIT,WHATIF,CME,QBALGO,1,11004968,E-mini S&P 500,,202806,,,,US/Central,20260401:1700-20260402:1600;20260402:1700-20260403:0815;20260404:CLOSED;20260405:1700-20260406:1600;20260406:1700-20260407:1600;20260407:1700-20260408:1600,20260402:0830-20260402:1600;20260402:1700-20260403:0815;20260404:CLOSED;20260405:CLOSED;20260406:0830-20260406:1600;20260407:0830-20260407:1600;20260407:1700-20260408:1600,,,0,2147483647,ES,IND,67,67,20280616,,1,1,1
2026-04-02 11:14:13 | DEBUG    | <<< 10,399,ES,FUT,20281215 08:30:00 US/Central,0,,CME,USD,ESZ8,ES,ES,654503299,0.25,50,ACTIVETIM,AD,ADJUST,ALERT,ALGO,ALLOC,AVGCOST,BASKET,BENCHPX,COND,CONDORDER,DAY,DEACT,DEACTDIS,DEACTEOD,GAT,GTC,GTD,GTT,HID,ICE,IOC,LIT,LMT,LTH,MIT,MKT,MTL,NGCOMB,NONALGO,OCA,PEGBENCH,SCALE,SCALERST,SNAPMID,SNAPMKT,SNAPREL,STP,STPLMT,TRAIL,TRAILLIT,TRAILLMT,TRAILMIT,WHATIF,CME,QBALGO,1,11004968,E-mini S&P 500,,202812,,,,US/Central,20260401:1700-20260402:1600;20260402:1700-20260403:0815;20260404:CLOSED;20260405:1700-20260406:1600;20260406:1700-20260407:1600;20260407:1700-20260408:1600,20260402:0830-20260402:1600;20260402:1700-20260403:0815;20260404:CLOSED;20260405:CLOSED;20260406:0830-20260406:1600;20260407:0830-20260407:1600;20260407:1700-20260408:1600,,,0,2147483647,ES,IND,67,67,20281215,,1,1,1
2026-04-02 11:14:13 | DEBUG    | <<< 10,399,ES,FUT,20290316 08:30:00 US/Central,0,,CME,USD,ESH9,ES,ES,672387437,0.25,50,ACTIVETIM,AD,ADJUST,ALERT,ALGO,ALLOC,AVGCOST,BASKET,BENCHPX,COND,CONDORDER,DAY,DEACT,DEACTDIS,DEACTEOD,GAT,GTC,GTD,GTT,HID,ICE,IOC,LIT,LMT,LTH,MIT,MKT,MTL,NGCOMB,NONALGO,OCA,PEGBENCH,SCALE,SCALERST,SNAPMID,SNAPMKT,SNAPREL,STP,STPLMT,TRAIL,TRAILLIT,TRAILLMT,TRAILMIT,WHATIF,CME,QBALGO,1,11004968,E-mini S&P 500,,202903,,,,US/Central,20260401:1700-20260402:1600;20260402:1700-20260403:0815;20260404:CLOSED;20260405:1700-20260406:1600;20260406:1700-20260407:1600;20260407:1700-20260408:1600,20260402:0830-20260402:1600;20260402:1700-20260403:0815;20260404:CLOSED;20260405:CLOSED;20260406:0830-20260406:1600;20260407:0830-20260407:1600;20260407:1700-20260408:1600,,,0,2147483647,ES,IND,67,67,20290316,,1,1,1
2026-04-02 11:14:13 | DEBUG    | <<< 10,399,ES,FUT,20290615 08:30:00 US/Central,0,,CME,USD,ESM9,ES,ES,691171642,0.25,50,ACTIVETIM,AD,ADJUST,ALERT,ALGO,ALLOC,AVGCOST,BASKET,BENCHPX,COND,CONDORDER,DAY,DEACT,DEACTDIS,DEACTEOD,GAT,GTC,GTD,GTT,HID,ICE,IOC,LIT,LMT,LTH,MIT,MKT,MTL,NGCOMB,NONALGO,OCA,PEGBENCH,SCALE,SCALERST,SNAPMID,SNAPMKT,SNAPREL,STP,STPLMT,TRAIL,TRAILLIT,TRAILLMT,TRAILMIT,WHATIF,CME,QBALGO,1,11004968,E-mini S&P 500,,202906,,,,US/Central,20260401:1700-20260402:1600;20260402:1700-20260403:0815;20260404:CLOSED;20260405:1700-20260406:1600;20260406:1700-20260407:1600;20260407:1700-20260408:1600,20260402:0830-20260402:1600;20260402:1700-20260403:0815;20260404:CLOSED;20260405:CLOSED;20260406:0830-20260406:1600;20260407:0830-20260407:1600;20260407:1700-20260408:1600,,,0,2147483647,ES,IND,67,67,20290615,,1,1,1
2026-04-02 11:14:13 | DEBUG    | <<< 10,399,ES,FUT,20290921 08:30:00 US/Central,0,,CME,USD,ESU9,ES,ES,711280049,0.25,50,ACTIVETIM,AD,ADJUST,ALERT,ALGO,ALLOC,AVGCOST,BASKET,BENCHPX,COND,CONDORDER,DAY,DEACT,DEACTDIS,DEACTEOD,GAT,GTC,GTD,GTT,HID,ICE,IOC,LIT,LMT,LTH,MIT,MKT,MTL,NGCOMB,NONALGO,OCA,PEGBENCH,SCALE,SCALERST,SNAPMID,SNAPMKT,SNAPREL,STP,STPLMT,TRAIL,TRAILLIT,TRAILLMT,TRAILMIT,WHATIF,CME,QBALGO,1,11004968,E-mini S&P 500,,202909,,,,US/Central,20260401:1700-20260402:1600;20260402:1700-20260403:0815;20260404:CLOSED;20260405:1700-20260406:1600;20260406:1700-20260407:1600;20260407:1700-20260408:1600,20260402:0830-20260402:1600;20260402:1700-20260403:0815;20260404:CLOSED;20260405:CLOSED;20260406:0830-20260406:1600;20260407:0830-20260407:1600;20260407:1700-20260408:1600,,,0,2147483647,ES,IND,67,67,20290921,,1,1,1
2026-04-02 11:14:13 | DEBUG    | <<< 10,399,ES,FUT,20291221 08:30:00 US/Central,0,,CME,USD,ESZ9,ES,ES,730283071,0.25,50,ACTIVETIM,AD,ADJUST,ALERT,ALGO,ALLOC,AVGCOST,BASKET,BENCHPX,COND,CONDORDER,DAY,DEACT,DEACTDIS,DEACTEOD,GAT,GTC,GTD,GTT,HID,ICE,IOC,LIT,LMT,LTH,MIT,MKT,MTL,NGCOMB,NONALGO,OCA,PEGBENCH,SCALE,SCALERST,SNAPMID,SNAPMKT,SNAPREL,STP,STPLMT,TRAIL,TRAILLIT,TRAILLMT,TRAILMIT,WHATIF,CME,QBALGO,1,11004968,E-mini S&P 500,,202912,,,,US/Central,20260401:1700-20260402:1600;20260402:1700-20260403:0815;20260404:CLOSED;20260405:1700-20260406:1600;20260406:1700-20260407:1600;20260407:1700-20260408:1600,20260402:0830-20260402:1600;20260402:1700-20260403:0815;20260404:CLOSED;20260405:CLOSED;20260406:0830-20260406:1600;20260407:0830-20260407:1600;20260407:1700-20260408:1600,,,0,2147483647,ES,IND,67,67,20291221,,1,1,1
2026-04-02 11:14:13 | DEBUG    | <<< 10,399,ES,FUT,20300315 08:30:00 US/Central,0,,CME,USD,ESH0,ES,ES,750150169,0.25,50,ACTIVETIM,AD,ADJUST,ALERT,ALGO,ALLOC,AVGCOST,BASKET,BENCHPX,COND,CONDORDER,DAY,DEACT,DEACTDIS,DEACTEOD,GAT,GTC,GTD,GTT,HID,ICE,IOC,LIT,LMT,LTH,MIT,MKT,MTL,NGCOMB,NONALGO,OCA,PEGBENCH,SCALE,SCALERST,SNAPMID,SNAPMKT,SNAPREL,STP,STPLMT,TRAIL,TRAILLIT,TRAILLMT,TRAILMIT,WHATIF,CME,QBALGO,1,11004968,E-mini S&P 500,,203003,,,,US/Central,20260401:1700-20260402:1600;20260402:1700-20260403:0815;20260404:CLOSED;20260405:1700-20260406:1600;20260406:1700-20260407:1600;20260407:1700-20260408:1600,20260402:0830-20260402:1600;20260402:1700-20260403:0815;20260404:CLOSED;20260405:CLOSED;20260406:0830-20260406:1600;20260407:0830-20260407:1600;20260407:1700-20260408:1600,,,0,2147483647,ES,IND,67,67,20300315,,1,1,1
2026-04-02 11:14:13 | DEBUG    | <<< 10,399,ES,FUT,20300621 08:30:00 US/Central,0,,CME,USD,ESM0,ES,ES,770561177,0.25,50,ACTIVETIM,AD,ADJUST,ALERT,ALGO,ALLOC,AVGCOST,BASKET,BENCHPX,COND,CONDORDER,DAY,DEACT,DEACTDIS,DEACTEOD,GAT,GTC,GTD,GTT,HID,ICE,IOC,LIT,LMT,LTH,MIT,MKT,MTL,NGCOMB,NONALGO,OCA,PEGBENCH,SCALE,SCALERST,SNAPMID,SNAPMKT,SNAPREL,STP,STPLMT,TRAIL,TRAILLIT,TRAILLMT,TRAILMIT,WHATIF,CME,QBALGO,1,11004968,E-mini S&P 500,,203006,,,,US/Central,20260401:1700-20260402:1600;20260402:1700-20260403:0815;20260404:CLOSED;20260405:1700-20260406:1600;20260406:1700-20260407:1600;20260407:1700-20260408:1600,20260402:0830-20260402:1600;20260402:1700-20260403:0815;20260404:CLOSED;20260405:CLOSED;20260406:0830-20260406:1600;20260407:0830-20260407:1600;20260407:1700-20260408:1600,,,0,2147483647,ES,IND,67,67,20300621,,1,1,1
2026-04-02 11:14:13 | DEBUG    | <<< 10,399,ES,FUT,20300920 08:30:00 US/Central,0,,CME,USD,ESU0,ES,ES,793356200,0.25,50,ACTIVETIM,AD,ADJUST,ALERT,ALGO,ALLOC,AVGCOST,BASKET,BENCHPX,COND,CONDORDER,DAY,DEACT,DEACTDIS,DEACTEOD,GAT,GTC,GTD,GTT,HID,ICE,IOC,LIT,LMT,LTH,MIT,MKT,MTL,NGCOMB,NONALGO,OCA,PEGBENCH,SCALE,SCALERST,SNAPMID,SNAPMKT,SNAPREL,STP,STPLMT,TRAIL,TRAILLIT,TRAILLMT,TRAILMIT,WHATIF,CME,QBALGO,1,11004968,E-mini S&P 500,,203009,,,,US/Central,20260401:1700-20260402:1600;20260402:1700-20260403:0815;20260404:CLOSED;20260405:1700-20260406:1600;20260406:1700-20260407:1600;20260407:1700-20260408:1600,20260402:0830-20260402:1600;20260402:1700-20260403:0815;20260404:CLOSED;20260405:CLOSED;20260406:0830-20260406:1600;20260407:0830-20260407:1600;20260407:1700-20260408:1600,,,0,2147483647,ES,IND,67,67,20300920,,1,1,1
2026-04-02 11:14:13 | DEBUG    | <<< 10,399,ES,FUT,20301220 08:30:00 US/Central,0,,CME,USD,ESZ0,ES,ES,815824241,0.25,50,ACTIVETIM,AD,ADJUST,ALERT,ALGO,ALLOC,AVGCOST,BASKET,BENCHPX,COND,CONDORDER,DAY,DEACT,DEACTDIS,DEACTEOD,GAT,GTC,GTD,GTT,HID,ICE,IOC,LIT,LMT,LTH,MIT,MKT,MTL,NGCOMB,NONALGO,OCA,PEGBENCH,SCALE,SCALERST,SNAPMID,SNAPMKT,SNAPREL,STP,STPLMT,TRAIL,TRAILLIT,TRAILLMT,TRAILMIT,WHATIF,CME,QBALGO,1,11004968,E-mini S&P 500,,203012,,,,US/Central,20260401:1700-20260402:1600;20260402:1700-20260403:0815;20260404:CLOSED;20260405:1700-20260406:1600;20260406:1700-20260407:1600;20260407:1700-20260408:1600,20260402:0830-20260402:1600;20260402:1700-20260403:0815;20260404:CLOSED;20260405:CLOSED;20260406:0830-20260406:1600;20260407:0830-20260407:1600;20260407:1700-20260408:1600,,,0,2147483647,ES,IND,67,67,20301220,,1,1,1
2026-04-02 11:14:13 | DEBUG    | <<< 10,399,ES,FUT,20310321 08:30:00 US/Central,0,,CME,USD,ESH1,ES,ES,840227374,0.25,50,ACTIVETIM,AD,ADJUST,ALERT,ALGO,ALLOC,AVGCOST,BASKET,BENCHPX,COND,CONDORDER,DAY,DEACT,DEACTDIS,DEACTEOD,GAT,GTC,GTD,GTT,HID,ICE,IOC,LIT,LMT,LTH,MIT,MKT,MTL,NGCOMB,NONALGO,OCA,PEGBENCH,SCALE,SCALERST,SNAPMID,SNAPMKT,SNAPREL,STP,STPLMT,TRAIL,TRAILLIT,TRAILLMT,TRAILMIT,WHATIF,CME,QBALGO,1,11004968,E-mini S&P 500,,203103,,,,US/Central,20260401:1700-20260402:1600;20260402:1700-20260403:0815;20260404:CLOSED;20260405:1700-20260406:1600;20260406:1700-20260407:1600;20260407:1700-20260408:1600,20260402:0830-20260402:1600;20260402:1700-20260403:0815;20260404:CLOSED;20260405:CLOSED;20260406:0830-20260406:1600;20260407:0830-20260407:1600;20260407:1700-20260408:1600,,,0,2147483647,ES,IND,67,67,20310321,,1,1,1
2026-04-02 11:14:13 | DEBUG    | <<< 10,399,ES,FUT,20310620 08:30:00 US/Central,0,,CME,USD,ESM1,ES,ES,866514761,0.25,50,ACTIVETIM,AD,ADJUST,ALERT,ALGO,ALLOC,AVGCOST,BASKET,BENCHPX,COND,CONDORDER,DAY,DEACT,DEACTDIS,DEACTEOD,GAT,GTC,GTD,GTT,HID,ICE,IOC,LIT,LMT,LTH,MIT,MKT,MTL,NGCOMB,NONALGO,OCA,PEGBENCH,SCALE,SCALERST,SNAPMID,SNAPMKT,SNAPREL,STP,STPLMT,TRAIL,TRAILLIT,TRAILLMT,TRAILMIT,WHATIF,CME,QBALGO,1,11004968,E-mini S&P 500,,203106,,,,US/Central,20260401:1700-20260402:1600;20260402:1700-20260403:0815;20260404:CLOSED;20260405:1700-20260406:1600;20260406:1700-20260407:1600;20260407:1700-20260408:1600,20260402:0830-20260402:1600;20260402:1700-20260403:0815;20260404:CLOSED;20260405:CLOSED;20260406:0830-20260406:1600;20260407:0830-20260407:1600;20260407:1700-20260408:1600,,,0,2147483647,ES,IND,67,67,20310620,,1,1,1
2026-04-02 11:14:13 | DEBUG    | <<< 52,1,399
2026-04-02 11:14:13 | DEBUG    | >>> 9,8,400,649180678,ES,FUT,20260618,0.0,,50,CME,,USD,ESM6,ES,0,,,
2026-04-02 11:14:13 | DEBUG    | <<< 10,400,ES,FUT,20260618 08:30:00 US/Central,0,,CME,USD,ESM6,ES,ES,649180678,0.25,50,ACTIVETIM,AD,ADJUST,ALERT,ALGO,ALLOC,AVGCOST,BASKET,BENCHPX,COND,CONDORDER,DAY,DEACT,DEACTDIS,DEACTEOD,GAT,GTC,GTD,GTT,HID,ICE,IOC,LIT,LMT,LTH,MIT,MKT,MTL,NGCOMB,NONALGO,OCA,PEGBENCH,SCALE,SCALERST,SNAPMID,SNAPMKT,SNAPREL,STP,STPLMT,TRAIL,TRAILLIT,TRAILLMT,TRAILMIT,WHATIF,CME,QBALGO,1,11004968,E-mini S&P 500,,202606,,,,US/Central,20260401:1700-20260402:1600;20260402:1700-20260403:0815;20260404:CLOSED;20260405:1700-20260406:1600;20260406:1700-20260407:1600;20260407:1700-20260408:1600,20260402:0830-20260402:1600;20260402:1700-20260403:0815;20260404:CLOSED;20260405:CLOSED;20260406:0830-20260406:1600;20260407:0830-20260407:1600;20260407:1700-20260408:1600,,,0,2147483647,ES,IND,67,67,20260618,,1,1,1
2026-04-02 11:14:13 | DEBUG    | <<< 52,1,400
2026-04-02 11:14:13 | DEBUG    | >>> 20,401,649180678,ES,FUT,20260618,0.0,,50,CME,,USD,ESM6,ES,0,,1 min,1 D,0,TRADES,1,0,
2026-04-02 11:14:13 | DEBUG    | <<< 17,401,20260401 10:14:12 US/Central,20260402 10:14:12 US/Central,1035,20260401 17:00:00 US/Central,6618.50,6618.50,6614.50,6615.00,413,6616.425,204,20260401 17:01:00 US/Central,6615.25,6617.50,6615.00,6617.00,221,6616.525,117,20260401 17:02:00 US/Central,6616.75,6618.75,6616.50,6617.75,136,6617.75,84,20260401 17:03:00 US/Central,6617.50,6618.75,6616.75,6618.50,149,6617.75,69,20260401 17:04:00 US/Central,6618.25,6622.25,6618.00,6619.75,471,6620.275,175,20260401 17:05:00 US/Central,6620.00,6620.25,6618.25,6618.75,182,6619.05,85,20260401 17:06:00 US/Central,6618.50,6618.75,6616.50,6616.75,216,6617.65,112,20260401 17:07:00 US/Central,6617.00,6617.25,6616.50,6617.00,80,6616.875,30,20260401 17:08:00 US/Central,6616.75,6619.00,6616.75,6618.75,146,6618.3,37,20260401 17:09:00 US/Central,6618.50,6619.50,6618.00,6619.50,61,6618.85,28,20260401 17:10:00 US/Central,6619.00,6619.25,6617.25,6617.25,88,6617.975,39,20260401 17:11:00 US/Central,6617.75,6618.00,6616.00,6616.50,165,6616.575,78,20260401 17:12:00 US/Central,6616.25,6616.25,6615.50,6615.50,89,6615.9,37,20260401 17:13:00 US/Central,6616.00,6616.00,6614.00,6615.50,243,6615.2,80,20260401 17:14:00 US/Central,6615.50,6617.75,6614.75,6617.25,157,6616.2,71,20260401 17:15:00 US/Central,6617.25,6617.25,6614.50,6615.25,95,6615.775,57,20260401 17:16:00 US/Central,6615.00,6617.00,6614.75,6616.75,76,6615.875,35,20260401 17:17:00 US/Central,6617.00,6617.25,6616.25,6616.50,33,6616.625,25,20260401 17:18:00 US/Central,6616.75,6617.00,6615.50,6615.50,84,6616.15,42,20260401 17:19:00 US/Central,6615.75,6616.00,6614.50,6614.75,120,6615.3,39,20260401 17:20:00 US/Central,6615.00,6615.00,6613.25,6614.75,179,6614.175,81,20260401 17:21:00 US/Central,6614.50,6615.50,6614.50,6615.25,69,6615.025,43,20260401 17:22:00 US/Central,6615.25,6617.00,6615.00,6617.00,109,6615.85,38,20260401 17:23:00 US/Central,6617.00,6618.50,6617.00,6617.25,162,6617.85,72,20260401 17:24:00 US/Central,6617.25,6617.25,6615.75,6616.00,69,6616.425,35,20260401 17:25:00 US/Central,6615.75,6617.00,6615.75,6616.50,36,6616.5,18,20260401 17:26:00 US/Central,6616.50,6616.75,6615.75,6616.25,46,6616.375,17,20260401 17:27:00 US/Central,6616.25,6617.50,6616.25,6617.50,63,6616.875,31,20260401 17:28:00 US/Central,6617.00,6617.25,6615.50,6616.50,93,6616.175,37,20260401 17:29:00 US/Central,6616.75,6617.75,6616.50,6617.75,94,6617.225,44,20260401 17:30:00 US/Central,6617.50,6617.50,6615.75,6615.75,71,6616.625,32,20260401 17:31:00 US/Central,6616.00,6616.50,6615.75,6615.75,57,6616.275,28,20260401 17:32:00 US/Central,6615.75,6616.50,6615.75,6616.00,38,6616.05,23,20260401 17:33:00 US/Central,6615.75,6616.75,6615.50,6616.25,49,6615.9,22,20260401 17:34:00 US/Central,6616.25,6617.50,6616.00,6616.75,137,6616.925,50,20260401 17:35:00 US/Central,6616.75,6617.50,6616.25,6617.25,72,6616.7,30,20260401 17:36:00 US/Central,6617.00,6617.00,6616.25,6617.00,66,6616.75,28,20260401 17:37:00 US/Central,6617.00,6617.00,6616.25,6616.75,21,6616.525,8,20260401 17:38:00 US/Central,6616.75,6617.25,6616.75,6617.00,26,6616.925,19,20260401 17:39:00 US/Central,6617.25,6617.25,6617.00,6617.25,24,6617.125,11,20260401 17:40:00 US/Central,6617.50,6618.50,6617.50,6618.00,75,6618,36,20260401 17:41:00 US/Central,6617.50,6618.25,6617.00,6618.25,57,6617.825,31,20260401 17:42:00 US/Central,6618.50,6619.00,6617.25,6617.25,107,6618.525,70,20260401 17:43:00 US/Central,6618.00,6618.25,6617.50,6618.00,29,6617.85,20,20260401 17:44:00 US/Central,6618.25,6618.50,6617.75,6618.25,36,6618.15,19,20260401 17:45:00 US/Central,6618.00,6618.00,6616.50,6616.50,47,6617.125,26,20260401 17:46:00 US/Central,6616.75,6617.50,6616.50,6617.00,64,6617.025,27,20260401 17:47:00 US/Central,6617.00,6618.00,6615.75,6617.50,74,6616.65,37,20260401 17:48:00 US/Central,6617.50,6618.50,6617.50,6618.25,35,6618,17,20260401 17:49:00 US/Central,6618.50,6619.00,6615.75,6615.75,131,6616.9,62,20260401 17:50:00 US/Central,6615.75,6616.50,6615.75,6616.25,86,6616.1,38,20260401 17:51:00 US/Central,6616.00,6616.25,6612.25,6612.75,474,6613.85,214,20260401 17:52:00 US/Central,6612.75,6614.50,6610.50,6612.50,515,6612.225,227,20260401 17:53:00 US/Central,6612.75,6613.00,6611.25,6611.75,139,6612.125,85,20260401 17:54:00 US/Central,6611.75,6612.00,6610.50,6611.75,150,6611.35,66,20260401 17:55:00 US/Central,6612.00,6612.50,6611.25,6611.50,97,6611.775,44,20260401 17:56:00 US/Central,6611.75,6611.75,6611.00,6611.50,111,6611.55,40,20260401 17:57:00 US/Central,6611.75,6612.75,6611.75,6612.50,93,6612.2,45,20260401 17:58:00 US/Central,6612.25,6614.50,6611.25,6614.25,217,6612.725,81,20260401 17:59:00 US/Central,6614.50,6614.50,6612.50,6612.75,152,6613.075,62,20260401 18:00:00 US/Central,6612.75,6613.50,6611.50,6612.50,253,6612.675,93,20260401 18:01:00 US/Central,6612.75,6613.00,6612.00,6612.75,56,6612.6,30,20260401 18:02:00 US/Central,6612.75,6613.50,6612.75,6613.00,78,6613,39,20260401 18:03:00 US/Central,6613.00,6613.25,6612.75,6613.00,43,6612.95,17,20260401 18:04:00 US/Central,6613.00,6613.50,6612.75,6613.25,36,6613.175,19,20260401 18:05:00 US/Central,6613.25,6614.75,6613.25,6614.50,116,6614.175,35,20260401 18:06:00 US/Central,6614.50,6614.50,6613.50,6614.00,53,6614.025,25,20260401 18:07:00 US/Central,6614.00,6614.25,6613.75,6614.25,46,6614.025,22,20260401 18:08:00 US/Central,6614.25,6616.75,6614.25,6616.75,205,6615.575,63,20260401 18:09:00 US/Central,6616.50,6616.50,6615.25,6616.25,70,6615.95,44,20260401 18:10:00 US/Central,6616.25,6617.75,6616.00,6616.00,147,6616.9,66,20260401 18:11:00 US/Central,6616.00,6616.00,6615.00,6615.50,74,6615.5,39,20260401 18:12:00 US/Central,6615.75,6616.00,6614.50,6615.75,78,6615.225,35,20260401 18:13:00 US/Central,6616.00,6616.25,6615.75,6615.75,12,6616,8,20260401 18:14:00 US/Central,6616.25,6619.25,6616.25,6618.75,145,6618.075,79,20260401 18:15:00 US/Central,6618.25,6619.00,6617.50,6618.50,124,6618.175,53,20260401 18:16:00 US/Central,6618.75,6618.75,6617.75,6618.75,66,6618.175,25,20260401 18:17:00 US/Central,6618.50,6618.50,6617.75,6617.75,29,6618.1,21,20260401 18:18:00 US/Central,6618.00,6618.25,6617.75,6618.25,38,6617.95,16,20260401 18:19:00 US/Central,6618.25,6618.25,6616.75,6617.00,62,6617.525,29,20260401 18:20:00 US/Central,6617.00,6617.25,6616.00,6616.50,109,6616.375,39,20260401 18:21:00 US/Central,6616.75,6617.50,6616.50,6616.50,46,6616.95,26,20260401 18:22:00 US/Central,6617.00,6618.00,6616.75,6617.50,125,6617.5,39,20260401 18:23:00 US/Central,6617.50,6618.50,6617.25,6618.00,38,6617.75,23,20260401 18:24:00 US/Central,6618.00,6618.00,6617.50,6617.75,52,6617.675,27,20260401 18:25:00 US/Central,6617.75,6618.00,6616.75,6617.50,70,6617.575,31,20260401 18:26:00 US/Central,6617.75,6618.25,6617.75,6618.00,39,6617.85,22,20260401 18:27:00 US/Central,6618.00,6618.00,6617.25,6617.50,34,6617.625,20,20260401 18:28:00 US/Central,6617.50,6617.50,6616.75,6617.00,45,6617.05,21,20260401 18:29:00 US/Central,6617.00,6619.00,6617.00,6618.75,154,6618.075,55,20260401 18:30:00 US/Central,6618.25,6618.25,6618.00,6618.25,48,6618.15,23,20260401 18:31:00 US/Central,6618.25,6618.50,6617.25,6618.00,67,6617.8,31,20260401 18:32:00 US/Central,6617.75,6618.00,6616.50,6617.25,118,6617.05,60,20260401 18:33:00 US/Central,6617.50,6617.50,6616.75,6617.00,69,6617.15,27,20260401 18:34:00 US/Central,6616.75,6617.25,6616.75,6617.00,26,6617,16,20260401 18:35:00 US/Central,6617.00,6617.00,6615.50,6615.50,79,6616.15,32,20260401 18:36:00 US/Central,6615.50,6617.00,6615.00,6617.00,117,6616.025,37,20260401 18:37:00 US/Central,6616.75,6617.00,6616.00,6616.00,56,6616.625,26,20260401 18:38:00 US/Central,6616.25,6616.25,6615.00,6616.00,69,6615.475,29,20260401 18:39:00 US/Central,6616.00,6616.50,6615.50,6616.50,72,6616.075,21,20260401 18:40:00 US/Central,6616.00,6616.25,6615.50,6616.25,45,6615.85,22,20260401 18:41:00 US/Central,6616.25,6617.25,6616.00,6617.25,72,6616.775,35,20260401 18:42:00 US/Central,6617.00,6617.25,6615.50,6615.75,185,6616.25,52,20260401 18:43:00 US/Central,6616.00,6616.50,6615.50,6616.00,44,6615.875,21,20260401 18:44:00 US/Central,6616.00,6616.75,6615.75,6616.75,77,6616.4,37,20260401 18:45:00 US/Central,6616.75,6617.50,6616.00,6616.50,54,6616.7,34,20260401 18:46:00 US/Central,6617.00,6617.75,6616.50,6617.50,46,6617.25,31,20260401 18:47:00 US/Central,6617.50,6618.25,6616.75,6617.50,105,6617.675,39,20260401 18:48:00 US/Central,6617.25,6617.75,6617.00,6617.25,63,6617.25,24,20260401 18:49:00 US/Central,6617.25,6617.25,6616.50,6616.75,60,6616.9,24,20260401 18:50:00 US/Central,6617.00,6617.50,6612.50,6612.75,506,6614.9,134,20260401 18:51:00 US/Central,6613.00,6615.75,6610.00,6615.50,461,6612.5,187,20260401 18:52:00 US/Central,6615.75,6617.75,6613.75,6614.75,365,6615.95,153,20260401 18:53:00 US/Central,6614.75,6617.25,6614.75,6616.75,236,6616.25,92,20260401 18:54:00 US/Central,6616.75,6617.00,6616.00,6616.25,70,6616.425,34,20260401 18:55:00 US/Central,6616.25,6616.50,6614.25,6614.75,99,6615.525,50,20260401 18:56:00 US/Central,6614.75,6615.75,6614.00,6615.50,244,6614.8,85,20260401 18:57:00 US/Central,6615.25,6615.50,6613.75,6614.25,63,6614.625,33,20260401 18:58:00 US/Central,6614.50,6615.75,6614.50,6615.50,121,6615.25,55,20260401 18:59:00 US/Central,6615.25,6615.25,6614.00,6614.75,107,6614.7,46,20260401 19:00:00 US/Central,6614.75,6614.75,6611.25,6612.25,300,6612.925,141,20260401 19:01:00 US/Central,6612.25,6614.50,6611.50,6612.75,267,6612.775,114,20260401 19:02:00 US/Central,6612.50,6613.50,6609.75,6611.25,436,6611.125,170,20260401 19:03:00 US/Central,6611.00,6611.25,6609.25,6610.75,290,6610.275,124,20260401 19:04:00 US/Central,6610.75,6614.75,6610.50,6611.25,607,6612.6,172,20260401 19:05:00 US/Central,6611.25,6613.75,6610.50,6613.25,204,6611.7,95,20260401 19:06:00 US/Central,6613.00,6613.50,6611.25,6612.00,270,6612.375,121,20260401 19:07:00 US/Central,6612.25,6612.25,6609.75,6610.75,229,6610.775,117,20260401 19:08:00 US/Central,6611.00,6611.50,6609.75,6610.50,226,6610.65,106,20260401 19:09:00 US/Central,6610.25,6612.00,6610.00,6611.75,255,6611.075,112,20260401 19:10:00 US/Central,6611.75,6613.50,6611.50,6611.75,237,6612.25,112,20260401 19:11:00 US/Central,6612.00,6612.50,6609.25,6610.00,208,6610.95,114,20260401 19:12:00 US/Central,6610.25,6610.75,6608.75,6609.50,220,6609.825,114,20260401 19:13:00 US/Central,6609.75,6611.75,6609.75,6611.00,151,6610.975,68,20260401 19:14:00 US/Central,6610.75,6611.75,6609.75,6611.75,194,6610.625,95,20260401 19:15:00 US/Central,6611.50,6612.00,6609.75,6610.75,279,6610.975,119,20260401 19:16:00 US/Central,6611.00,6614.50,6610.50,6614.00,384,6612.675,153,20260401 19:17:00 US/Central,6614.00,6614.00,6611.25,6611.25,406,6613.125,180,20260401 19:18:00 US/Central,6611.00,6613.00,6611.00,6612.00,143,6612.25,91,20260401 19:19:00 US/Central,6612.00,6612.25,6610.50,6611.50,233,6611.425,112,20260401 19:20:00 US/Central,6611.50,6613.50,6611.25,6612.75,157,6612.325,83,20260401 19:21:00 US/Central,6612.75,6613.25,6610.00,6610.00,181,6611.75,75,20260401 19:22:00 US/Central,6610.00,6610.75,6608.75,6610.25,177,6609.7,97,20260401 19:23:00 US/Central,6610.25,6611.50,6610.00,6610.75,203,6610.75,86,20260401 19:24:00 US/Central,6611.00,6611.50,6609.25,6609.50,103,6610.6,56,20260401 19:25:00 US/Central,6609.75,6611.50,6609.00,6610.50,165,6610.15,96,20260401 19:26:00 US/Central,6610.75,6611.50,6608.00,6608.75,271,6609.675,116,20260401 19:27:00 US/Central,6608.75,6610.00,6608.25,6609.75,330,6609,130,20260401 19:28:00 US/Central,6609.75,6611.00,6609.50,6609.75,161,6610.125,80,20260401 19:29:00 US/Central,6609.75,6610.50,6609.25,6609.25,90,6609.975,54,20260401 19:30:00 US/Central,6609.25,6610.75,6608.75,6609.75,120,6609.775,62,20260401 19:31:00 US/Central,6610.00,6610.00,6607.25,6608.25,205,6608.65,111,20260401 19:32:00 US/Central,6608.25,6610.00,6607.75,6608.75,357,6608.725,194,20260401 19:33:00 US/Central,6609.00,6613.25,6609.00,6613.25,384,6610.925,178,20260401 19:34:00 US/Central,6613.25,6613.25,6609.50,6611.50,361,6611.15,188,20260401 19:35:00 US/Central,6611.75,6612.75,6611.00,6612.50,323,6611.85,129,20260401 19:36:00 US/Central,6612.75,6614.25,6612.00,6612.00,249,6613.125,129,20260401 19:37:00 US/Central,6612.00,6614.25,6611.75,6613.50,490,6613.35,216,20260401 19:38:00 US/Central,6613.50,6613.50,6609.50,6611.00,557,6611.4,291,20260401 19:39:00 US/Central,6611.00,6614.25,6611.00,6614.00,558,6612.8,208,20260401 19:40:00 US/Central,6614.00,6617.00,6613.00,6616.00,576,6614.85,236,20260401 19:41:00 US/Central,6616.25,6621.25,6615.75,6619.25,1821,6619.175,755,20260401 19:42:00 US/Central,6619.50,6622.50,6617.25,6622.00,998,6619.575,387,20260401 19:43:00 US/Central,6622.00,6623.75,6620.25,6623.25,603,6621.95,276,20260401 19:44:00 US/Central,6623.50,6625.75,6623.50,6625.25,740,6624.875,317,20260401 19:45:00 US/Central,6625.00,6626.00,6621.50,6622.50,563,6623.475,275,20260401 19:46:00 US/Central,6622.50,6625.25,6622.50,6624.25,333,6623.875,162,20260401 19:47:00 US/Central,6624.25,6625.50,6623.50,6623.50,265,6624.45,132,20260401 19:48:00 US/Central,6623.50,6625.00,6622.50,6623.50,431,6623.575,179,20260401 19:49:00 US/Central,6623.75,6625.25,6623.25,6624.25,302,6624.45,136,20260401 19:50:00 US/Central,6624.50,6625.25,6623.50,6624.00,308,6624.175,145,20260401 19:51:00 US/Central,6624.00,6624.75,6621.75,6622.50,360,6622.925,152,20260401 19:52:00 US/Central,6622.50,6623.50,6622.00,6622.75,331,6622.775,158,20260401 19:53:00 US/Central,6622.50,6627.00,6622.00,6626.75,543,6624.35,227,20260401 19:54:00 US/Central,6626.75,6627.00,6623.50,6625.25,1030,6625.425,393,20260401 19:55:00 US/Central,6625.25,6626.25,6623.00,6623.25,930,6624.725,360,20260401 19:56:00 US/Central,6623.25,6626.00,6623.25,6625.50,251,6624.825,131,20260401 19:57:00 US/Central,6625.75,6627.75,6625.50,6627.50,451,6626.95,246,20260401 19:58:00 US/Central,6627.50,6631.50,6627.50,6630.50,811,6629.325,384,20260401 19:59:00 US/Central,6630.50,6632.50,6627.75,6630.50,749,6630.3,369,20260401 20:00:00 US/Central,6630.50,6631.25,6618.25,6620.50,1457,6624.55,720,20260401 20:01:00 US/Central,6620.75,6623.50,6620.25,6622.75,492,6621.975,298,20260401 20:02:00 US/Central,6622.50,6624.25,6617.25,6619.75,736,6620.375,357,20260401 20:03:00 US/Central,6619.25,6621.00,6601.00,6605.00,2602,6608.775,1348,20260401 20:04:00 US/Central,6605.25,6615.50,6605.25,6610.75,1826,6611.775,971,20260401 20:05:00 US/Central,6611.00,6611.25,6594.75,6600.50,3841,6602.45,1840,20260401 20:06:00 US/Central,6600.75,6603.50,6596.50,6597.75,2048,6600,1128,20260401 20:07:00 US/Central,6598.00,6605.00,6596.00,6598.25,1673,6600.825,892,20260401 20:08:00 US/Central,6599.00,6608.75,6598.00,6606.25,1517,6604.4,766,20260401 20:09:00 US/Central,6606.75,6611.75,6605.50,6609.50,1040,6609.55,555,20260401 20:10:00 US/Central,6609.75,6621.75,6608.00,6620.75,1500,6616.725,775,20260401 20:11:00 US/Central,6620.75,6631.50,6610.25,6615.25,3662,6620.9,1794,20260401 20:12:00 US/Central,6615.25,6616.75,6603.25,6605.00,1760,6608.6,862,20260401 20:13:00 US/Central,6605.25,6611.75,6605.00,6608.00,863,6609.025,482,20260401 20:14:00 US/Central,6607.50,6611.25,6605.25,6607.50,775,6608.275,408,20260401 20:15:00 US/Central,6607.25,6608.00,6598.50,6598.75,1347,6602.75,670,20260401 20:16:00 US/Central,6598.75,6609.00,6589.75,6594.50,3123,6598.9,1433,20260401 20:17:00 US/Central,6594.75,6598.00,6580.75,6582.50,3417,6588.425,1666,20260401 20:18:00 US/Central,6582.50,6585.50,6574.25,6576.75,2957,6579.325,1497,20260401 20:19:00 US/Central,6576.25,6580.50,6572.00,6574.75,2560,6575.6,1351,20260401 20:20:00 US/Central,6575.00,6585.00,6572.50,6583.75,2745,6578.625,1540,20260401 20:21:00 US/Central,6583.75,6589.50,6573.75,6574.75,2422,6581.2,1309,20260401 20:22:00 US/Central,6575.00,6578.00,6570.75,6573.75,2092,6574.1,1216,20260401 20:23:00 US/Central,6573.75,6580.50,6571.00,6575.25,1736,6575.6,953,20260401 20:24:00 US/Central,6576.00,6578.00,6573.25,6574.75,1227,6575.825,627,20260401 20:25:00 US/Central,6575.25,6577.75,6566.25,6570.25,1773,6570.45,914,20260401 20:26:00 US/Central,6570.50,6573.00,6567.25,6570.50,1118,6570.325,553,20260401 20:27:00 US/Central,6571.00,6575.00,6568.75,6574.25,1151,6571.625,561,20260401 20:28:00 US/Central,6574.00,6575.75,6571.50,6575.00,1043,6573.975,462,20260401 20:29:00 US/Central,6575.00,6576.75,6570.50,6570.50,1051,6574.2,486,20260401 20:30:00 US/Central,6570.50,6571.75,6560.00,6562.00,3267,6565.625,1427,20260401 20:31:00 US/Central,6561.75,6563.00,6555.50,6557.50,2629,6559.875,1046,20260401 20:32:00 US/Central,6557.75,6559.75,6556.50,6558.75,1231,6557.925,609,20260401 20:33:00 US/Central,6558.75,6563.00,6555.25,6555.75,1678,6559.25,729,20260401 20:34:00 US/Central,6555.75,6563.25,6555.00,6562.75,999,6558.5,572,20260401 20:35:00 US/Central,6562.50,6566.25,6562.00,6565.50,1208,6564.325,592,20260401 20:36:00 US/Central,6565.75,6567.75,6563.75,6564.50,1460,6566.225,671,20260401 20:37:00 US/Central,6564.50,6567.75,6563.75,6564.25,891,6565.95,427,20260401 20:38:00 US/Central,6564.00,6567.25,6562.25,6563.00,724,6565.225,413,20260401 20:39:00 US/Central,6562.50,6567.00,6558.75,6566.75,1156,6562.475,562,20260401 20:40:00 US/Central,6566.75,6568.50,6563.50,6565.75,756,6566.425,418,20260401 20:41:00 US/Central,6565.75,6569.00,6564.25,6565.00,551,6566.7,288,20260401 20:42:00 US/Central,6564.75,6568.50,6562.50,6563.25,950,6565.6,473,20260401 20:43:00 US/Central,6563.50,6565.75,6561.50,6563.75,611,6563.625,317,20260401 20:44:00 US/Central,6563.75,6566.00,6561.00,6562.00,670,6563.325,302,20260401 20:45:00 US/Central,6561.75,6562.75,6557.50,6557.50,721,6560.225,363,20260401 20:46:00 US/Central,6557.50,6560.25,6557.00,6558.75,709,6558.35,340,20260401 20:47:00 US/Central,6558.50,6558.50,6553.50,6554.75,928,6555.225,423,20260401 20:48:00 US/Central,6555.25,6560.75,6553.25,6559.00,812,6557.125,397,20260401 20:49:00 US/Central,6559.00,6562.25,6557.75,6560.00,777,6560.225,351,20260401 20:50:00 US/Central,6559.50,6562.25,6558.25,6562.00,462,6560.425,286,20260401 20:51:00 US/Central,6561.75,6565.00,6561.75,6563.75,634,6563.95,300,20260401 20:52:00 US/Central,6564.00,6565.25,6562.25,6562.75,454,6563.75,251,20260401 20:53:00 US/Central,6562.75,6564.50,6560.75,6562.00,766,6562.725,327,20260401 20:54:00 US/Central,6562.00,6562.50,6557.50,6561.25,637,6559.675,332,20260401 20:55:00 US/Central,6561.50,6565.00,6559.75,6564.25,602,6562.4,300,20260401 20:56:00 US/Central,6564.50,6565.25,6559.25,6559.25,516,6561.675,287,20260401 20:57:00 US/Central,6559.50,6562.25,6557.75,6560.25,570,6559.6,281,20260401 20:58:00 US/Central,6560.00,6562.25,6559.50,6559.75,514,6560.825,226,20260401 20:59:00 US/Central,6560.00,6562.00,6559.25,6559.50,304,6560.575,181,20260401 21:00:00 US/Central,6560.00,6562.50,6558.75,6561.00,482,6560.275,239,20260401 21:01:00 US/Central,6560.75,6560.75,6558.00,6558.25,528,6558.975,287,20260401 21:02:00 US/Central,6558.50,6561.50,6557.50,6560.50,532,6559.675,290,20260401 21:03:00 US/Central,6560.25,6560.75,6558.50,6558.75,310,6559.65,156,20260401 21:04:00 US/Central,6558.50,6560.75,6558.25,6560.00,351,6559.45,156,20260401 21:05:00 US/Central,6560.00,6561.75,6557.25,6558.25,545,6559.325,269,20260401 21:06:00 US/Central,6558.50,6562.75,6558.50,6562.50,306,6560.05,173,20260401 21:07:00 US/Central,6562.25,6565.75,6561.75,6564.00,622,6563.75,298,20260401 21:08:00 US/Central,6564.00,6564.25,6554.75,6554.75,854,6558.475,352,20260401 21:09:00 US/Central,6555.00,6555.25,6551.75,6554.75,958,6553.5,413,20260401 21:10:00 US/Central,6554.50,6555.00,6552.25,6554.50,1137,6553.7,483,20260401 21:11:00 US/Central,6554.25,6555.00,6548.50,6549.00,1768,6550.525,627,20260401 21:12:00 US/Central,6549.50,6551.25,6546.50,6548.50,1487,6548.45,644,20260401 21:13:00 US/Central,6548.75,6548.75,6546.75,6547.50,504,6547.65,262,20260401 21:14:00 US/Central,6547.50,6547.75,6542.25,6545.00,1340,6544.7,551,20260401 21:15:00 US/Central,6545.00,6552.00,6544.50,6550.75,860,6549,416,20260401 21:16:00 US/Central,6550.75,6551.75,6549.25,6550.00,514,6550.725,231,20260401 21:17:00 US/Central,6550.00,6550.50,6547.25,6550.00,336,6549.25,183,20260401 21:18:00 US/Central,6550.00,6552.00,6548.50,6550.25,477,6550.5,232,20260401 21:19:00 US/Central,6550.25,6551.00,6548.00,6549.00,406,6549.125,185,20260401 21:20:00 US/Central,6549.50,6550.00,6547.25,6547.50,278,6548.35,140,20260401 21:21:00 US/Central,6547.75,6549.25,6546.25,6548.25,361,6547.5,179,20260401 21:22:00 US/Central,6548.25,6549.25,6547.00,6547.50,230,6548.2,124,20260401 21:23:00 US/Central,6548.00,6548.25,6546.00,6546.50,220,6547.275,139,20260401 21:24:00 US/Central,6546.50,6550.50,6546.50,6549.25,461,6548.55,221,20260401 21:25:00 US/Central,6549.25,6550.50,6548.50,6548.50,215,6549.425,117,20260401 21:26:00 US/Central,6548.50,6548.50,6544.25,6545.25,688,6546.15,294,20260401 21:27:00 US/Central,6545.50,6547.00,6545.00,6546.75,472,6545.8,186,20260401 21:28:00 US/Central,6546.50,6547.75,6545.00,6545.50,266,6546.325,155,20260401 21:29:00 US/Central,6545.50,6546.00,6543.00,6543.50,528,6544.425,232,20260401 21:30:00 US/Central,6543.75,6547.00,6542.75,6545.00,500,6544.95,207,20260401 21:31:00 US/Central,6545.00,6545.25,6542.50,6544.00,304,6544.075,129,20260401 21:32:00 US/Central,6544.25,6544.25,6542.00,6543.50,366,6542.875,158,20260401 21:33:00 US/Central,6543.25,6546.25,6543.00,6545.75,254,6544.525,145,20260401 21:34:00 US/Central,6545.50,6547.00,6544.50,6546.75,268,6545.925,141,20260401 21:35:00 US/Central,6546.75,6548.25,6546.00,6547.75,322,6547.325,143,20260401 21:36:00 US/Central,6547.50,6547.50,6545.50,6546.00,237,6546.65,127,20260401 21:37:00 US/Central,6546.25,6546.50,6542.75,6543.00,544,6544.8,201,20260401 21:38:00 US/Central,6543.00,6547.50,6542.75,6546.25,545,6545.575,249,20260401 21:39:00 US/Central,6546.25,6546.25,6543.75,6544.50,282,6545.175,132,20260401 21:40:00 US/Central,6544.50,6546.25,6542.75,6546.00,342,6544.325,171,20260401 21:41:00 US/Central,6546.25,6546.75,6544.50,6545.50,181,6545.65,117,20260401 21:42:00 US/Central,6545.75,6547.00,6545.00,6546.75,250,6546.15,112,20260401 21:43:00 US/Central,6546.75,6547.50,6543.50,6545.75,438,6545.55,201,20260401 21:44:00 US/Central,6545.75,6548.25,6545.50,6547.50,192,6546.95,107,20260401 21:45:00 US/Central,6547.25,6550.25,6547.00,6549.00,346,6549.1,194,20260401 21:46:00 US/Central,6548.75,6551.00,6548.25,6550.50,207,6549.775,117,20260401 21:47:00 US/Central,6550.25,6550.75,6547.50,6547.50,243,6549.15,119,20260401 21:48:00 US/Central,6547.75,6548.25,6545.75,6546.75,206,6546.825,108,20260401 21:49:00 US/Central,6546.50,6547.50,6546.00,6547.00,141,6546.75,72,20260401 21:50:00 US/Central,6547.00,6549.50,6547.00,6548.75,125,6548.225,70,20260401 21:51:00 US/Central,6549.00,6549.75,6547.75,6549.00,173,6548.95,92,20260401 21:52:00 US/Central,6548.75,6551.00,6548.75,6550.50,114,6549.975,63,20260401 21:53:00 US/Central,6550.50,6550.50,6548.00,6548.00,206,6549.1,116,20260401 21:54:00 US/Central,6548.00,6549.00,6548.00,6548.25,163,6548.4,76,20260401 21:55:00 US/Central,6548.50,6550.50,6548.50,6550.25,200,6549.425,90,20260401 21:56:00 US/Central,6550.00,6550.75,6548.00,6549.00,235,6549.4,96,20260401 21:57:00 US/Central,6548.75,6550.75,6548.75,6550.75,178,6549.925,62,20260401 21:58:00 US/Central,6550.75,6552.00,6550.00,6550.00,204,6551.2,103,20260401 21:59:00 US/Central,6549.75,6551.00,6549.75,6550.00,164,6550.35,77,20260401 22:00:00 US/Central,6550.00,6550.25,6547.75,6548.00,248,6548.55,137,20260401 22:01:00 US/Central,6548.00,6548.25,6545.50,6545.75,266,6547,141,20260401 22:02:00 US/Central,6546.00,6546.25,6543.75,6543.75,289,6544.925,145,20260401 22:03:00 US/Central,6544.25,6545.00,6542.50,6543.25,348,6543.675,136,20260401 22:04:00 US/Central,6543.25,6545.75,6543.00,6544.00,452,6544.05,200,20260401 22:05:00 US/Central,6544.00,6546.00,6543.75,6545.50,96,6544.575,60,20260401 22:06:00 US/Central,6545.00,6547.50,6544.75,6546.50,182,6546.45,96,20260401 22:07:00 US/Central,6546.25,6547.75,6546.00,6546.00,158,6546.725,85,20260401 22:08:00 US/Central,6546.00,6547.75,6545.75,6547.75,95,6546.75,59,20260401 22:09:00 US/Central,6547.50,6547.75,6546.25,6547.00,103,6546.825,61,20260401 22:10:00 US/Central,6547.00,6547.50,6545.00,6546.50,179,6546.175,77,20260401 22:11:00 US/Central,6546.50,6547.25,6546.25,6546.50,85,6546.725,49,20260401 22:12:00 US/Central,6546.75,6547.50,6545.75,6547.25,102,6546.625,59,20260401 22:13:00 US/Central,6547.50,6548.25,6547.25,6547.75,82,6547.7,48,20260401 22:14:00 US/Central,6547.50,6547.75,6547.00,6547.00,52,6547.375,33,20260401 22:15:00 US/Central,6547.25,6549.75,6547.00,6549.00,157,6548.7,84,20260401 22:16:00 US/Central,6548.75,6548.75,6547.25,6548.75,87,6547.925,43,20260401 22:17:00 US/Central,6548.50,6548.50,6546.75,6547.75,84,6547.525,44,20260401 22:18:00 US/Central,6548.00,6549.25,6547.25,6547.50,121,6548.275,59,20260401 22:19:00 US/Central,6547.25,6548.75,6547.25,6548.25,64,6548.275,38,20260401 22:20:00 US/Central,6548.50,6548.50,6546.75,6547.75,137,6547.675,56,20260401 22:21:00 US/Central,6547.75,6549.50,6547.00,6549.50,92,6548.075,41,20260401 22:22:00 US/Central,6549.25,6549.50,6548.25,6549.25,123,6548.925,58,20260401 22:23:00 US/Central,6549.25,6550.75,6549.00,6549.50,256,6549.975,105,20260401 22:24:00 US/Central,6549.75,6551.50,6549.75,6551.25,149,6550.7,55,20260401 22:25:00 US/Central,6551.50,6551.50,6550.50,6550.75,131,6551.125,60,20260401 22:26:00 US/Central,6550.75,6551.25,6550.50,6551.00,52,6550.9,36,20260401 22:27:00 US/Central,6550.75,6550.75,6547.50,6548.00,169,6548.7,85,20260401 22:28:00 US/Central,6548.00,6548.50,6547.50,6548.25,168,6547.975,63,20260401 22:29:00 US/Central,6547.75,6548.25,6547.25,6548.25,61,6547.725,32,20260401 22:30:00 US/Central,6548.25,6548.25,6546.75,6547.50,113,6547.25,60,20260401 22:31:00 US/Central,6547.50,6548.75,6546.25,6546.50,141,6547.525,84,20260401 22:32:00 US/Central,6547.00,6547.50,6545.00,6546.75,136,6545.825,67,20260401 22:33:00 US/Central,6546.25,6546.50,6544.50,6544.50,135,6545.125,75,20260401 22:34:00 US/Central,6544.75,6547.00,6544.50,6545.75,121,6545.9,84,20260401 22:35:00 US/Central,6545.75,6546.00,6545.00,6545.75,78,6545.575,57,20260401 22:36:00 US/Central,6545.75,6546.25,6544.75,6545.00,51,6545.375,36,20260401 22:37:00 US/Central,6545.50,6545.50,6542.50,6542.50,201,6543.575,89,20260401 22:38:00 US/Central,6542.50,6543.25,6540.00,6540.50,737,6540.975,295,20260401 22:39:00 US/Central,6540.50,6542.25,6540.50,6541.50,232,6541.35,104,20260401 22:40:00 US/Central,6541.25,6542.00,6539.00,6539.75,377,6540.3,182,20260401 22:41:00 US/Central,6539.50,6539.75,6538.75,6539.25,126,6539.275,84,20260401 22:42:00 US/Central,6539.25,6539.75,6537.25,6539.75,299,6538.625,139,20260401 22:43:00 US/Central,6539.25,6544.75,6539.25,6544.00,339,6542.975,185,20260401 22:44:00 US/Central,6543.75,6544.00,6541.00,6542.00,303,6542.525,123,20260401 22:45:00 US/Central,6542.00,6542.50,6540.00,6540.25,220,6541.325,98,20260401 22:46:00 US/Central,6540.25,6540.75,6538.50,6540.50,189,6539.55,90,20260401 22:47:00 US/Central,6540.50,6541.00,6539.50,6540.25,104,6540.35,68,20260401 22:48:00 US/Central,6540.25,6541.00,6539.00,6539.25,134,6539.775,65,20260401 22:49:00 US/Central,6539.00,6539.00,6536.50,6536.75,318,6537.7,155,20260401 22:50:00 US/Central,6536.75,6538.50,6535.75,6538.00,293,6536.725,137,20260401 22:51:00 US/Central,6537.75,6539.00,6536.00,6537.50,256,6537.525,108,20260401 22:52:00 US/Central,6537.25,6538.00,6536.50,6537.75,224,6537.15,103,20260401 22:53:00 US/Central,6538.00,6538.75,6537.75,6538.50,210,6538.175,85,20260401 22:54:00 US/Central,6538.50,6538.50,6536.75,6536.75,137,6537.45,70,20260401 22:55:00 US/Central,6537.25,6538.75,6537.00,6538.25,106,6537.625,58,20260401 22:56:00 US/Central,6538.00,6538.25,6536.00,6536.00,177,6536.725,74,20260401 22:57:00 US/Central,6536.25,6537.50,6535.75,6537.00,151,6536.7,75,20260401 22:58:00 US/Central,6537.00,6537.25,6536.25,6537.25,85,6536.8,45,20260401 22:59:00 US/Central,6537.00,6538.25,6537.00,6537.75,92,6537.55,57,20260401 23:00:00 US/Central,6537.25,6539.50,6537.25,6539.25,208,6538.375,97,20260401 23:01:00 US/Central,6539.00,6540.00,6539.00,6539.75,211,6539.55,106,20260401 23:02:00 US/Central,6540.00,6540.75,6538.50,6538.50,185,6539.7,89,20260401 23:03:00 US/Central,6538.75,6539.25,6537.50,6538.00,197,6538.5,90,20260401 23:04:00 US/Central,6538.25,6538.75,6537.00,6538.25,175,6537.925,80,20260401 23:05:00 US/Central,6538.00,6538.25,6532.75,6535.25,853,6535.075,294,20260401 23:06:00 US/Central,6535.25,6535.25,6533.00,6534.50,447,6534.425,150,20260401 23:07:00 US/Central,6534.25,6536.00,6533.75,6534.50,202,6534.675,102,20260401 23:08:00 US/Central,6534.50,6534.75,6533.75,6534.75,199,6534.225,108,20260401 23:09:00 US/Central,6534.50,6535.50,6534.50,6535.00,157,6535.05,81,20260401 23:10:00 US/Central,6534.75,6535.25,6533.75,6534.25,167,6534.5,84,20260401 23:11:00 US/Central,6534.50,6535.75,6533.75,6534.50,191,6534.875,84,20260401 23:12:00 US/Central,6534.50,6535.00,6533.50,6534.00,80,6534.325,58,20260401 23:13:00 US/Central,6534.00,6537.50,6534.00,6534.75,379,6536.05,175,20260401 23:14:00 US/Central,6534.75,6535.00,6534.25,6535.00,155,6534.8,67,20260401 23:15:00 US/Central,6535.00,6538.75,6535.00,6537.50,206,6537.375,109,20260401 23:16:00 US/Central,6537.25,6540.00,6537.25,6538.75,279,6538.85,94,20260401 23:17:00 US/Central,6538.75,6539.50,6538.50,6539.25,83,6539,54,20260401 23:18:00 US/Central,6539.50,6540.75,6538.50,6538.75,188,6539.675,95,20260401 23:19:00 US/Central,6538.50,6539.00,6538.00,6538.75,119,6538.45,57,20260401 23:20:00 US/Central,6538.50,6539.00,6537.00,6538.25,185,6537.725,86,20260401 23:21:00 US/Central,6538.25,6538.25,6536.75,6537.00,103,6537.375,62,20260401 23:22:00 US/Central,6537.00,6537.25,6535.50,6536.00,103,6536.525,53,20260401 23:23:00 US/Central,6536.00,6537.00,6535.50,6536.00,98,6536.25,55,20260401 23:24:00 US/Central,6536.00,6536.75,6535.50,6536.75,47,6536.225,38,20260401 23:25:00 US/Central,6536.75,6537.00,6536.25,6536.75,61,6536.7,36,20260401 23:26:00 US/Central,6536.50,6536.75,6535.75,6536.50,76,6536.35,45,20260401 23:27:00 US/Central,6536.75,6537.25,6535.50,6535.50,76,6536.35,35,20260401 23:28:00 US/Central,6535.50,6535.75,6534.25,6535.00,153,6534.925,65,20260401 23:29:00 US/Central,6535.00,6535.75,6534.25,6535.25,113,6535,50,20260401 23:30:00 US/Central,6535.25,6536.50,6534.25,6536.00,135,6535.35,75,20260401 23:31:00 US/Central,6535.25,6537.50,6535.25,6536.00,173,6536.525,75,20260401 23:32:00 US/Central,6536.00,6537.00,6535.25,6537.00,107,6536.175,40,20260401 23:33:00 US/Central,6536.75,6537.25,6535.75,6536.00,192,6536.575,73,20260401 23:34:00 US/Central,6536.00,6536.00,6535.00,6535.75,90,6535.425,46,20260401 23:35:00 US/Central,6535.75,6536.00,6535.25,6535.50,42,6535.6,27,20260401 23:36:00 US/Central,6535.50,6535.50,6533.00,6533.00,243,6533.9,106,20260401 23:37:00 US/Central,6533.25,6534.25,6533.00,6533.75,142,6533.675,65,20260401 23:38:00 US/Central,6533.50,6533.75,6532.25,6533.75,139,6532.75,75,20260401 23:39:00 US/Central,6533.75,6533.75,6532.75,6533.00,104,6533.25,55,20260401 23:40:00 US/Central,6533.00,6533.50,6532.00,6532.75,215,6532.75,88,20260401 23:41:00 US/Central,6532.50,6533.00,6531.75,6532.00,137,6532.225,59,20260401 23:42:00 US/Central,6532.00,6533.25,6531.50,6533.00,232,6532.4,75,20260401 23:43:00 US/Central,6533.00,6534.50,6532.75,6533.50,118,6533.675,49,20260401 23:44:00 US/Central,6533.75,6535.00,6533.75,6534.75,91,6534.4,52,20260401 23:45:00 US/Central,6534.75,6536.00,6534.00,6535.75,132,6534.825,69,20260401 23:46:00 US/Central,6535.50,6536.00,6534.75,6535.00,96,6535.525,53,20260401 23:47:00 US/Central,6535.00,6535.50,6533.25,6533.75,131,6534.225,67,20260401 23:48:00 US/Central,6533.75,6534.00,6533.00,6533.75,119,6533.5,36,20260401 23:49:00 US/Central,6533.75,6534.75,6533.50,6534.50,93,6533.975,50,20260401 23:50:00 US/Central,6534.50,6535.50,6534.25,6534.50,96,6534.8,55,20260401 23:51:00 US/Central,6534.75,6535.00,6533.25,6533.50,58,6534.225,41,20260401 23:52:00 US/Central,6533.50,6533.75,6532.25,6533.50,111,6532.975,62,20260401 23:53:00 US/Central,6533.50,6533.50,6532.00,6532.00,128,6532.6,67,20260401 23:54:00 US/Central,6532.25,6532.50,6531.00,6531.25,198,6531.675,124,20260401 23:55:00 US/Central,6531.50,6532.00,6531.25,6531.50,110,6531.4,67,20260401 23:56:00 US/Central,6531.50,6533.50,6531.50,6532.00,198,6532.5,69,20260401 23:57:00 US/Central,6532.50,6534.25,6532.25,6534.25,91,6533.05,40,20260401 23:58:00 US/Central,6534.00,6534.00,6533.25,6534.00,121,6533.825,51,20260401 23:59:00 US/Central,6533.75,6533.75,6533.00,6533.25,62,6533.25,40,20260402 00:00:00 US/Central,6533.50,6536.00,6533.50,6535.50,194,6534.975,108,20260402 00:01:00 US/Central,6535.25,6537.75,6535.00,6537.50,275,6536.8,94,20260402 00:02:00 US/Central,6538.00,6538.75,6535.75,6536.00,173,6537.525,105,20260402 00:03:00 US/Central,6536.00,6536.75,6535.75,6536.00,59,6536.3,48,20260402 00:04:00 US/Central,6536.00,6536.75,6535.25,6535.75,98,6536,63,20260402 00:05:00 US/Central,6535.75,6536.50,6535.00,6535.75,130,6535.85,61,20260402 00:06:00 US/Central,6535.50,6537.00,6535.50,6535.75,153,6536.5,67,20260402 00:07:00 US/Central,6535.50,6536.75,6535.00,6536.50,81,6535.975,46,20260402 00:08:00 US/Central,6536.50,6536.50,6535.00,6535.50,78,6535.8,38,20260402 00:09:00 US/Central,6535.25,6535.50,6534.00,6535.25,100,6534.75,51,20260402 00:10:00 US/Central,6535.00,6535.50,6534.50,6534.75,76,6535.05,51,20260402 00:11:00 US/Central,6535.00,6535.25,6534.00,6534.25,182,6534.325,78,20260402 00:12:00 US/Central,6534.25,6537.00,6534.25,6536.50,81,6535.4,50,20260402 00:13:00 US/Central,6536.50,6536.75,6534.50,6534.75,132,6535.275,56,20260402 00:14:00 US/Central,6534.75,6535.00,6533.50,6534.00,68,6534.125,44,20260402 00:15:00 US/Central,6534.00,6535.50,6534.00,6535.25,63,6534.9,42,20260402 00:16:00 US/Central,6535.25,6535.75,6534.25,6534.50,93,6535.125,52,20260402 00:17:00 US/Central,6534.50,6534.50,6533.00,6533.75,158,6533.625,67,20260402 00:18:00 US/Central,6533.75,6533.75,6532.00,6532.50,175,6532.975,87,20260402 00:19:00 US/Central,6532.50,6533.25,6532.50,6532.75,77,6532.75,41,20260402 00:20:00 US/Central,6532.75,6534.75,6532.75,6533.50,120,6533.825,58,20260402 00:21:00 US/Central,6533.75,6533.75,6531.75,6532.50,208,6532.35,92,20260402 00:22:00 US/Central,6533.00,6533.25,6532.25,6532.50,126,6532.7,53,20260402 00:23:00 US/Central,6532.50,6535.00,6532.50,6534.50,275,6533.9,115,20260402 00:24:00 US/Central,6534.00,6534.25,6534.00,6534.25,173,6534.125,76,20260402 00:25:00 US/Central,6534.25,6534.25,6532.25,6533.25,300,6533.45,126,20260402 00:26:00 US/Central,6533.25,6534.75,6533.25,6534.75,181,6533.975,54,20260402 00:27:00 US/Central,6534.75,6536.25,6534.50,6535.00,108,6535.725,54,20260402 00:28:00 US/Central,6535.25,6536.25,6535.25,6536.25,108,6535.9,51,20260402 00:29:00 US/Central,6536.00,6537.00,6536.00,6537.00,130,6536.475,64,20260402 00:30:00 US/Central,6537.00,6540.75,6537.00,6538.75,538,6539.2,244,20260402 00:31:00 US/Central,6538.75,6539.00,6533.50,6533.75,605,6535.875,213,20260402 00:32:00 US/Central,6533.50,6536.75,6532.75,6535.50,483,6534.35,218,20260402 00:33:00 US/Central,6535.75,6535.75,6531.50,6532.25,226,6532.95,140,20260402 00:34:00 US/Central,6532.25,6533.50,6532.00,6532.25,93,6532.6,60,20260402 00:35:00 US/Central,6532.00,6533.25,6531.50,6533.25,126,6532.5,75,20260402 00:36:00 US/Central,6533.00,6533.00,6529.25,6530.25,610,6530.4,217,20260402 00:37:00 US/Central,6530.25,6530.75,6528.75,6530.00,302,6530.05,133,20260402 00:38:00 US/Central,6530.00,6531.00,6529.25,6529.50,169,6530.1,81,20260402 00:39:00 US/Central,6530.00,6531.75,6529.75,6530.75,102,6530.95,56,20260402 00:40:00 US/Central,6530.75,6531.50,6529.25,6531.25,191,6530.125,103,20260402 00:41:00 US/Central,6531.50,6531.50,6529.50,6529.50,147,6530.325,77,20260402 00:42:00 US/Central,6529.75,6530.25,6529.00,6529.25,234,6529.65,85,20260402 00:43:00 US/Central,6529.50,6529.75,6527.25,6528.75,372,6528.1,178,20260402 00:44:00 US/Central,6528.75,6529.00,6527.75,6528.50,210,6528.2,102,20260402 00:45:00 US/Central,6529.00,6529.50,6527.00,6527.00,154,6527.675,67,20260402 00:46:00 US/Central,6527.00,6527.00,6523.75,6524.50,593,6525.45,173,20260402 00:47:00 US/Central,6524.50,6525.00,6523.75,6524.50,373,6524.4,154,20260402 00:48:00 US/Central,6524.50,6524.75,6523.50,6523.75,291,6524.15,108,20260402 00:49:00 US/Central,6524.00,6524.75,6523.00,6523.50,328,6523.475,139,20260402 00:50:00 US/Central,6523.25,6524.25,6523.00,6523.75,178,6523.55,82,20260402 00:51:00 US/Central,6523.50,6525.00,6522.75,6524.75,164,6523.925,93,20260402 00:52:00 US/Central,6524.75,6525.50,6524.25,6525.00,161,6525,83,20260402 00:53:00 US/Central,6525.00,6526.25,6525.00,6525.50,277,6525.65,113,20260402 00:54:00 US/Central,6525.25,6525.50,6523.00,6524.25,215,6523.9,108,20260402 00:55:00 US/Central,6524.25,6524.25,6522.75,6523.25,163,6523.3,87,20260402 00:56:00 US/Central,6523.25,6524.75,6523.00,6523.25,197,6523.975,83,20260402 00:57:00 US/Central,6523.25,6524.00,6522.75,6523.75,119,6523.4,77,20260402 00:58:00 US/Central,6523.50,6524.00,6522.75,6523.00,163,6523.35,85,20260402 00:59:00 US/Central,6523.25,6523.50,6522.00,6522.50,174,6522.875,91,20260402 01:00:00 US/Central,6522.75,6525.75,6522.75,6524.75,438,6524.35,220,20260402 01:01:00 US/Central,6524.75,6525.25,6523.50,6524.75,347,6524.275,167,20260402 01:02:00 US/Central,6525.00,6526.25,6524.00,6525.25,279,6525.025,173,20260402 01:03:00 US/Central,6525.50,6526.75,6525.25,6526.00,327,6526.225,191,20260402 01:04:00 US/Central,6526.00,6527.25,6525.00,6527.00,402,6526.075,175,20260402 01:05:00 US/Central,6526.75,6527.75,6526.25,6527.25,235,6527,135,20260402 01:06:00 US/Central,6527.50,6529.25,6527.25,6528.25,345,6528.2,173,20260402 01:07:00 US/Central,6528.00,6531.25,6528.00,6530.50,514,6529.95,221,20260402 01:08:00 US/Central,6530.25,6531.25,6528.50,6529.00,476,6529.775,215,20260402 01:09:00 US/Central,6529.25,6529.75,6527.00,6527.25,341,6528.475,155,20260402 01:10:00 US/Central,6527.00,6527.00,6524.75,6525.75,283,6525.7,105,20260402 01:11:00 US/Central,6526.00,6526.25,6523.25,6524.25,325,6524.475,139,20260402 01:12:00 US/Central,6524.00,6524.25,6521.75,6522.00,386,6522.725,131,20260402 01:13:00 US/Central,6522.00,6522.50,6521.25,6521.75,484,6521.9,181,20260402 01:14:00 US/Central,6521.75,6522.50,6520.50,6522.25,574,6521.275,185,20260402 01:15:00 US/Central,6522.00,6523.75,6521.50,6523.75,365,6522.325,165,20260402 01:16:00 US/Central,6523.75,6524.00,6522.00,6522.50,239,6522.725,123,20260402 01:17:00 US/Central,6522.50,6522.50,6520.00,6521.25,353,6520.95,163,20260402 01:18:00 US/Central,6521.25,6525.00,6520.75,6524.25,429,6523.3,166,20260402 01:19:00 US/Central,6524.00,6524.75,6523.00,6523.50,168,6523.925,93,20260402 01:20:00 US/Central,6523.50,6526.25,6523.50,6525.50,234,6525.05,112,20260402 01:21:00 US/Central,6525.75,6526.00,6523.75,6525.00,257,6524.6,119,20260402 01:22:00 US/Central,6525.00,6526.50,6524.25,6525.00,373,6525.475,148,20260402 01:23:00 US/Central,6524.75,6527.75,6524.50,6527.25,425,6526.125,165,20260402 01:24:00 US/Central,6527.50,6527.75,6525.50,6526.25,532,6526.65,177,20260402 01:25:00 US/Central,6526.25,6527.25,6525.50,6526.25,231,6526.375,100,20260402 01:26:00 US/Central,6526.25,6527.50,6525.25,6526.50,244,6526.45,96,20260402 01:27:00 US/Central,6526.75,6528.50,6526.75,6527.75,304,6527.7,111,20260402 01:28:00 US/Central,6527.75,6528.50,6527.25,6528.50,157,6528,74,20260402 01:29:00 US/Central,6528.25,6529.00,6526.75,6527.75,357,6528.05,158,20260402 01:30:00 US/Central,6527.75,6528.50,6526.25,6526.75,340,6527.15,142,20260402 01:31:00 US/Central,6527.25,6529.75,6527.25,6529.25,210,6528.65,85,20260402 01:32:00 US/Central,6529.25,6529.25,6526.25,6527.25,346,6527.625,150,20260402 01:33:00 US/Central,6527.50,6529.25,6527.50,6528.75,248,6528.4,109,20260402 01:34:00 US/Central,6528.75,6528.75,6527.25,6527.25,150,6528.025,67,20260402 01:35:00 US/Central,6527.25,6527.75,6525.50,6527.50,275,6526.775,119,20260402 01:36:00 US/Central,6527.25,6528.25,6526.50,6528.00,288,6527.475,121,20260402 01:37:00 US/Central,6528.00,6528.00,6525.50,6526.75,311,6526.7,114,20260402 01:38:00 US/Central,6526.50,6529.75,6526.50,6528.75,343,6528.25,110,20260402 01:39:00 US/Central,6528.75,6529.25,6528.25,6529.25,233,6528.775,100,20260402 01:40:00 US/Central,6528.75,6529.50,6528.50,6529.25,92,6529.05,57,20260402 01:41:00 US/Central,6529.25,6531.25,6527.75,6528.25,441,6529.55,178,20260402 01:42:00 US/Central,6528.25,6529.50,6528.00,6529.25,181,6528.65,78,20260402 01:43:00 US/Central,6529.50,6529.50,6526.50,6526.50,334,6528.15,128,20260402 01:44:00 US/Central,6526.50,6528.75,6526.50,6528.25,285,6527.575,100,20260402 01:45:00 US/Central,6528.25,6528.25,6526.00,6526.25,199,6526.825,97,20260402 01:46:00 US/Central,6526.50,6527.75,6525.00,6527.25,556,6526.1,182,20260402 01:47:00 US/Central,6527.00,6527.25,6526.25,6527.25,235,6526.825,85,20260402 01:48:00 US/Central,6527.25,6527.25,6525.25,6526.75,177,6526.325,74,20260402 01:49:00 US/Central,6526.50,6527.50,6526.50,6527.00,104,6527.025,52,20260402 01:50:00 US/Central,6527.25,6528.50,6526.25,6527.50,259,6527.25,114,20260402 01:51:00 US/Central,6527.25,6527.25,6526.00,6527.00,204,6526.75,82,20260402 01:52:00 US/Central,6527.00,6530.50,6526.25,6530.00,247,6528.15,103,20260402 01:53:00 US/Central,6530.00,6531.00,6529.50,6530.00,186,6530,87,20260402 01:54:00 US/Central,6529.75,6531.50,6529.25,6529.25,212,6530.45,91,20260402 01:55:00 US/Central,6529.25,6530.00,6528.25,6529.00,193,6528.975,76,20260402 01:56:00 US/Central,6529.00,6530.50,6528.75,6529.50,221,6529.525,81,20260402 01:57:00 US/Central,6529.50,6531.00,6529.25,6529.75,399,6530.2,119,20260402 01:58:00 US/Central,6529.75,6531.00,6529.25,6531.00,278,6530.25,116,20260402 01:59:00 US/Central,6530.75,6534.00,6530.75,6532.75,558,6532.675,291,20260402 02:00:00 US/Central,6532.75,6535.00,6531.75,6532.00,1315,6533.45,474,20260402 02:01:00 US/Central,6532.00,6533.50,6530.50,6531.25,644,6532.325,229,20260402 02:02:00 US/Central,6531.25,6531.75,6529.25,6531.00,729,6530.65,269,20260402 02:03:00 US/Central,6530.75,6532.25,6529.75,6531.00,585,6530.925,213,20260402 02:04:00 US/Central,6531.25,6532.50,6530.00,6532.00,616,6531.35,214,20260402 02:05:00 US/Central,6532.25,6532.25,6530.25,6532.00,467,6531.3,175,20260402 02:06:00 US/Central,6532.00,6535.50,6531.25,6534.25,803,6533.85,261,20260402 02:07:00 US/Central,6534.25,6535.25,6533.25,6533.50,755,6534.2,235,20260402 02:08:00 US/Central,6533.75,6533.75,6531.00,6531.50,521,6532.1,180,20260402 02:09:00 US/Central,6531.25,6532.25,6530.00,6531.00,361,6531.15,143,20260402 02:10:00 US/Central,6531.00,6533.25,6531.00,6532.75,438,6532.125,160,20260402 02:11:00 US/Central,6532.50,6532.75,6530.75,6531.00,328,6531.525,121,20260402 02:12:00 US/Central,6530.75,6530.75,6527.75,6529.50,408,6529,158,20260402 02:13:00 US/Central,6529.50,6531.50,6529.50,6530.50,207,6530.525,104,20260402 02:14:00 US/Central,6530.50,6533.00,6530.00,6532.00,214,6531.675,106,20260402 02:15:00 US/Central,6531.75,6537.00,6531.25,6536.00,590,6535.025,245,20260402 02:16:00 US/Central,6536.00,6536.50,6534.75,6534.75,513,6535.6,178,20260402 02:17:00 US/Central,6534.75,6537.00,6534.00,6536.00,400,6535.725,154,20260402 02:18:00 US/Central,6536.00,6536.75,6535.00,6535.75,305,6536.125,120,20260402 02:19:00 US/Central,6535.50,6536.75,6534.25,6534.50,379,6535.675,144,20260402 02:20:00 US/Central,6534.50,6535.50,6534.00,6534.75,103,6534.8,52,20260402 02:21:00 US/Central,6534.50,6535.00,6531.75,6532.00,161,6533.275,86,20260402 02:22:00 US/Central,6532.25,6532.25,6528.50,6528.75,264,6530.35,112,20260402 02:23:00 US/Central,6529.00,6532.75,6529.00,6530.00,315,6530.9,146,20260402 02:24:00 US/Central,6530.25,6531.50,6529.25,6529.50,340,6530.45,136,20260402 02:25:00 US/Central,6529.50,6532.75,6529.50,6531.75,294,6531.575,147,20260402 02:26:00 US/Central,6531.50,6532.00,6530.50,6530.75,247,6531.225,121,20260402 02:27:00 US/Central,6530.75,6535.25,6530.25,6535.00,255,6533,127,20260402 02:28:00 US/Central,6534.75,6537.25,6534.00,6535.75,495,6535.375,190,20260402 02:29:00 US/Central,6536.25,6536.50,6534.00,6535.75,321,6535,147,20260402 02:30:00 US/Central,6535.75,6537.25,6535.00,6537.25,544,6536.125,174,20260402 02:31:00 US/Central,6536.75,6537.00,6534.75,6535.00,320,6536.05,136,20260402 02:32:00 US/Central,6535.00,6538.00,6534.75,6536.25,333,6536.875,135,20260402 02:33:00 US/Central,6536.25,6538.00,6535.75,6536.75,586,6536.925,178,20260402 02:34:00 US/Central,6536.75,6537.25,6536.00,6536.75,215,6536.6,110,20260402 02:35:00 US/Central,6536.75,6537.25,6536.00,6536.50,248,6536.575,88,20260402 02:36:00 US/Central,6536.25,6539.25,6536.25,6538.00,527,6538.175,192,20260402 02:37:00 US/Central,6537.75,6539.75,6537.00,6539.25,229,6538.325,115,20260402 02:38:00 US/Central,6539.00,6540.50,6539.00,6539.25,775,6539.95,253,20260402 02:39:00 US/Central,6539.25,6541.50,6538.75,6540.00,289,6540.3,133,20260402 02:40:00 US/Central,6540.00,6541.00,6538.50,6541.00,408,6539.825,136,20260402 02:41:00 US/Central,6540.75,6542.50,6540.75,6541.75,738,6541.975,244,20260402 02:42:00 US/Central,6541.75,6542.50,6539.00,6540.00,489,6540.95,175,20260402 02:43:00 US/Central,6540.00,6540.50,6539.00,6539.25,190,6539.825,99,20260402 02:44:00 US/Central,6539.00,6540.25,6539.00,6539.75,153,6539.85,82,20260402 02:45:00 US/Central,6540.25,6542.50,6540.00,6541.75,238,6541.3,93,20260402 02:46:00 US/Central,6542.00,6543.00,6541.50,6542.25,212,6542.175,80,20260402 02:47:00 US/Central,6542.00,6543.25,6541.50,6543.00,181,6542.4,85,20260402 02:48:00 US/Central,6543.00,6544.75,6542.25,6544.50,540,6543.725,169,20260402 02:49:00 US/Central,6544.50,6544.50,6543.75,6544.25,247,6544.05,105,20260402 02:50:00 US/Central,6544.25,6544.75,6542.25,6543.75,370,6543.6,111,20260402 02:51:00 US/Central,6543.75,6544.25,6542.75,6543.25,164,6543.625,89,20260402 02:52:00 US/Central,6543.00,6544.75,6541.50,6544.00,343,6543.175,136,20260402 02:53:00 US/Central,6544.25,6545.75,6543.25,6543.50,396,6544.75,143,20260402 02:54:00 US/Central,6543.75,6545.00,6543.25,6544.50,315,6544.325,101,20260402 02:55:00 US/Central,6544.75,6545.00,6543.25,6544.25,174,6544,71,20260402 02:56:00 US/Central,6544.25,6546.75,6544.25,6546.50,216,6545.575,86,20260402 02:57:00 US/Central,6546.25,6547.25,6546.25,6546.75,179,6546.75,78,20260402 02:58:00 US/Central,6546.50,6548.50,6546.25,6548.25,333,6547.525,108,20260402 02:59:00 US/Central,6548.00,6550.00,6548.00,6549.00,436,6549,173,20260402 03:00:00 US/Central,6548.75,6550.25,6547.75,6548.25,579,6549.075,249,20260402 03:01:00 US/Central,6548.25,6548.50,6545.75,6546.25,284,6546.95,131,20260402 03:02:00 US/Central,6546.00,6546.25,6544.25,6544.75,358,6545,162,20260402 03:03:00 US/Central,6544.75,6546.50,6544.25,6544.50,279,6545.5,135,20260402 03:04:00 US/Central,6544.75,6545.00,6543.50,6544.50,368,6544.2,158,20260402 03:05:00 US/Central,6544.75,6544.75,6542.00,6542.25,502,6542.85,218,20260402 03:06:00 US/Central,6542.25,6544.75,6541.75,6543.75,304,6543.275,135,20260402 03:07:00 US/Central,6544.00,6544.75,6543.25,6544.00,196,6543.975,86,20260402 03:08:00 US/Central,6544.25,6544.75,6541.75,6543.25,479,6542.85,152,20260402 03:09:00 US/Central,6543.50,6544.00,6542.25,6543.25,311,6543.075,111,20260402 03:10:00 US/Central,6543.00,6544.50,6542.50,6543.00,333,6543.525,131,20260402 03:11:00 US/Central,6543.25,6543.50,6542.25,6542.50,421,6542.8,119,20260402 03:12:00 US/Central,6542.50,6543.25,6541.50,6543.25,222,6542.325,96,20260402 03:13:00 US/Central,6543.00,6544.25,6543.00,6543.75,195,6543.65,82,20260402 03:14:00 US/Central,6544.00,6544.00,6542.25,6542.75,235,6543.225,89,20260402 03:15:00 US/Central,6542.75,6543.00,6540.50,6541.50,312,6541.775,114,20260402 03:16:00 US/Central,6541.75,6544.75,6541.75,6544.00,330,6543.425,129,20260402 03:17:00 US/Central,6544.00,6544.50,6541.50,6542.25,391,6542.875,145,20260402 03:18:00 US/Central,6542.50,6542.50,6541.00,6541.50,277,6541.675,111,20260402 03:19:00 US/Central,6541.25,6541.25,6539.25,6540.25,349,6540.2,135,20260402 03:20:00 US/Central,6540.00,6541.25,6538.75,6540.00,486,6539.925,154,20260402 03:21:00 US/Central,6539.75,6540.25,6538.25,6538.75,577,6539.2,218,20260402 03:22:00 US/Central,6538.75,6541.25,6537.50,6540.75,703,6539.3,222,20260402 03:23:00 US/Central,6540.75,6542.25,6540.25,6540.75,442,6541.175,152,20260402 03:24:00 US/Central,6541.00,6541.75,6539.75,6540.25,486,6540.775,133,20260402 03:25:00 US/Central,6540.50,6541.50,6540.25,6541.00,237,6540.975,104,20260402 03:26:00 US/Central,6541.25,6541.25,6539.75,6540.25,178,6540.5,81,20260402 03:27:00 US/Central,6540.00,6541.00,6539.00,6539.00,239,6540.1,95,20260402 03:28:00 US/Central,6539.00,6541.25,6538.50,6540.50,393,6539.625,166,20260402 03:29:00 US/Central,6540.75,6543.25,6540.50,6542.50,387,6541.8,161,20260402 03:30:00 US/Central,6542.25,6545.50,6542.25,6545.25,411,6544.3,200,20260402 03:31:00 US/Central,6545.00,6547.75,6545.00,6547.50,396,6546.675,153,20260402 03:32:00 US/Central,6547.25,6548.00,6546.50,6547.50,421,6547.3,134,20260402 03:33:00 US/Central,6547.50,6547.50,6545.00,6546.25,229,6546.075,80,20260402 03:34:00 US/Central,6546.25,6546.25,6545.25,6546.00,165,6545.625,71,20260402 03:35:00 US/Central,6546.00,6546.25,6544.50,6545.50,228,6545.125,87,20260402 03:36:00 US/Central,6545.25,6545.75,6543.00,6543.75,258,6544.175,94,20260402 03:37:00 US/Central,6543.50,6544.75,6543.25,6544.50,157,6544.05,68,20260402 03:38:00 US/Central,6544.25,6545.50,6544.00,6545.50,160,6545.025,73,20260402 03:39:00 US/Central,6545.50,6547.75,6545.00,6546.50,297,6546.275,114,20260402 03:40:00 US/Central,6546.50,6547.00,6544.50,6545.50,170,6545.475,78,20260402 03:41:00 US/Central,6545.75,6546.75,6545.25,6546.00,187,6546.125,85,20260402 03:42:00 US/Central,6545.75,6549.00,6545.50,6548.75,258,6547.175,97,20260402 03:43:00 US/Central,6548.75,6550.00,6548.00,6548.75,275,6549.2,126,20260402 03:44:00 US/Central,6548.75,6550.75,6544.75,6545.00,774,6548.2,281,20260402 03:45:00 US/Central,6545.25,6547.25,6545.25,6546.75,363,6546.4,141,20260402 03:46:00 US/Central,6547.00,6547.25,6545.00,6545.25,325,6546.225,131,20260402 03:47:00 US/Central,6545.75,6545.75,6543.50,6545.25,416,6544.975,132,20260402 03:48:00 US/Central,6545.00,6545.75,6544.00,6544.75,301,6544.875,120,20260402 03:49:00 US/Central,6544.75,6545.75,6544.25,6544.50,167,6544.875,73,20260402 03:50:00 US/Central,6544.50,6544.75,6543.25,6544.25,152,6543.95,85,20260402 03:51:00 US/Central,6544.25,6545.75,6544.25,6544.25,120,6544.8,54,20260402 03:52:00 US/Central,6544.00,6544.25,6542.75,6543.25,205,6543.175,80,20260402 03:53:00 US/Central,6543.25,6543.25,6541.25,6542.25,388,6542.425,112,20260402 03:54:00 US/Central,6542.50,6544.50,6542.50,6544.50,154,6543.6,65,20260402 03:55:00 US/Central,6544.25,6545.25,6543.25,6545.25,200,6544.3,90,20260402 03:56:00 US/Central,6545.25,6545.50,6542.75,6543.25,184,6543.9,69,20260402 03:57:00 US/Central,6543.25,6543.75,6541.75,6542.00,192,6542.675,82,20260402 03:58:00 US/Central,6542.00,6543.25,6540.50,6543.00,289,6541.725,125,20260402 03:59:00 US/Central,6543.25,6544.00,6542.00,6542.00,141,6543.275,58,20260402 04:00:00 US/Central,6542.25,6544.00,6542.25,6543.75,163,6543.1,65,20260402 04:01:00 US/Central,6544.00,6545.00,6543.25,6544.25,214,6544.25,77,20260402 04:02:00 US/Central,6544.00,6544.50,6541.75,6542.50,356,6542.75,114,20260402 04:03:00 US/Central,6542.50,6543.25,6541.25,6542.75,136,6542.2,72,20260402 04:04:00 US/Central,6542.75,6543.50,6541.00,6543.00,286,6542.225,89,20260402 04:05:00 US/Central,6542.75,6542.75,6540.75,6541.75,144,6541.925,60,20260402 04:06:00 US/Central,6542.00,6543.00,6541.00,6543.00,282,6541.625,86,20260402 04:07:00 US/Central,6542.75,6543.50,6541.00,6541.50,222,6541.9,78,20260402 04:08:00 US/Central,6541.75,6543.25,6541.75,6542.00,129,6542.275,46,20260402 04:09:00 US/Central,6542.00,6542.00,6540.50,6540.75,153,6541.175,67,20260402 04:10:00 US/Central,6540.75,6541.00,6539.50,6540.00,225,6540.25,91,20260402 04:11:00 US/Central,6540.00,6541.00,6539.75,6540.25,215,6540.3,98,20260402 04:12:00 US/Central,6540.25,6540.25,6538.75,6539.25,358,6539.525,132,20260402 04:13:00 US/Central,6539.50,6540.50,6539.00,6539.50,381,6539.6,136,20260402 04:14:00 US/Central,6539.50,6540.00,6539.00,6539.50,191,6539.625,78,20260402 04:15:00 US/Central,6539.25,6541.00,6539.00,6540.25,273,6539.9,104,20260402 04:16:00 US/Central,6540.25,6541.00,6539.75,6540.00,236,6540.225,113,20260402 04:17:00 US/Central,6540.25,6541.25,6539.75,6540.25,112,6540.45,76,20260402 04:18:00 US/Central,6540.25,6542.75,6540.00,6542.25,299,6541.625,143,20260402 04:19:00 US/Central,6542.25,6542.50,6540.00,6540.25,224,6541.45,102,20260402 04:20:00 US/Central,6540.25,6542.25,6539.75,6542.00,168,6541.075,74,20260402 04:21:00 US/Central,6542.25,6544.50,6542.25,6544.00,213,6543.8,114,20260402 04:22:00 US/Central,6544.00,6544.50,6542.75,6542.75,246,6543.725,115,20260402 04:23:00 US/Central,6542.50,6543.25,6542.00,6542.75,167,6542.525,85,20260402 04:24:00 US/Central,6542.75,6544.25,6542.25,6544.00,155,6543.325,96,20260402 04:25:00 US/Central,6543.75,6547.00,6543.75,6546.50,403,6546.15,175,20260402 04:26:00 US/Central,6546.50,6547.50,6546.00,6546.25,318,6546.925,155,20260402 04:27:00 US/Central,6546.25,6547.00,6545.50,6546.00,324,6546.3,132,20260402 04:28:00 US/Central,6546.00,6546.00,6543.75,6545.25,181,6544.825,81,20260402 04:29:00 US/Central,6545.25,6545.75,6544.00,6545.00,124,6544.65,54,20260402 04:30:00 US/Central,6544.75,6545.00,6543.25,6543.75,144,6544.175,73,20260402 04:31:00 US/Central,6543.50,6545.25,6542.00,6542.50,247,6543.775,101,20260402 04:32:00 US/Central,6542.50,6543.50,6541.00,6541.50,285,6542.2,120,20260402 04:33:00 US/Central,6541.50,6541.75,6540.25,6541.25,153,6541.175,69,20260402 04:34:00 US/Central,6541.00,6541.50,6540.25,6540.25,89,6540.8,52,20260402 04:35:00 US/Central,6540.50,6541.50,6538.25,6539.00,426,6540.025,138,20260402 04:36:00 US/Central,6539.00,6540.00,6538.50,6539.25,195,6539.275,96,20260402 04:37:00 US/Central,6539.25,6539.50,6538.50,6538.75,184,6538.85,57,20260402 04:38:00 US/Central,6539.00,6539.75,6538.75,6539.50,318,6539.275,110,20260402 04:39:00 US/Central,6539.50,6540.50,6539.00,6539.50,154,6539.725,63,20260402 04:40:00 US/Central,6539.50,6539.75,6539.00,6539.25,101,6539.2,47,20260402 04:41:00 US/Central,6539.00,6539.50,6538.25,6539.50,126,6538.925,58,20260402 04:42:00 US/Central,6539.25,6540.25,6538.75,6540.00,263,6539.275,86,20260402 04:43:00 US/Central,6540.00,6540.25,6539.00,6540.25,228,6539.7,71,20260402 04:44:00 US/Central,6540.00,6540.00,6538.75,6539.25,216,6539.25,74,20260402 04:45:00 US/Central,6539.00,6539.75,6538.00,6538.75,437,6538.8,126,20260402 04:46:00 US/Central,6538.50,6539.75,6538.25,6539.25,177,6538.975,84,20260402 04:47:00 US/Central,6539.25,6540.25,6538.00,6538.25,285,6539.35,116,20260402 04:48:00 US/Central,6538.50,6539.75,6537.25,6539.00,163,6538.4,76,20260402 04:49:00 US/Central,6539.25,6539.25,6538.50,6539.00,107,6538.9,52,20260402 04:50:00 US/Central,6538.75,6541.00,6538.75,6540.25,227,6539.75,102,20260402 04:51:00 US/Central,6540.00,6542.25,6539.75,6540.75,350,6541.175,126,20260402 04:52:00 US/Central,6540.75,6541.25,6540.50,6540.50,241,6540.725,82,20260402 04:53:00 US/Central,6540.50,6541.50,6540.00,6541.00,143,6540.475,48,20260402 04:54:00 US/Central,6541.50,6542.50,6541.00,6541.50,148,6541.65,79,20260402 04:55:00 US/Central,6541.50,6543.25,6541.50,6542.00,394,6542.35,143,20260402 04:56:00 US/Central,6542.25,6542.75,6540.00,6540.25,218,6541.75,96,20260402 04:57:00 US/Central,6540.25,6540.50,6538.75,6539.25,251,6539.525,109,20260402 04:58:00 US/Central,6539.25,6540.25,6537.75,6538.50,257,6538.85,108,20260402 04:59:00 US/Central,6538.25,6541.50,6538.25,6541.00,221,6540.275,83,20260402 05:00:00 US/Central,6541.00,6541.50,6536.25,6537.00,453,6538.475,176,20260402 05:01:00 US/Central,6537.00,6539.75,6537.00,6538.50,292,6538.25,118,20260402 05:02:00 US/Central,6538.50,6540.00,6538.00,6538.75,190,6538.825,88,20260402 05:03:00 US/Central,6538.75,6541.75,6538.50,6541.00,272,6540.3,100,20260402 05:04:00 US/Central,6541.00,6541.00,6539.75,6540.25,169,6540.25,81,20260402 05:05:00 US/Central,6540.50,6543.25,6539.75,6541.75,170,6542.025,96,20260402 05:06:00 US/Central,6541.75,6541.75,6536.75,6536.75,176,6538.65,96,20260402 05:07:00 US/Central,6536.50,6539.50,6536.25,6538.75,317,6538.05,148,20260402 05:08:00 US/Central,6538.75,6539.00,6537.25,6537.50,168,6537.9,81,20260402 05:09:00 US/Central,6537.75,6539.00,6537.50,6537.50,183,6538.425,101,20260402 05:10:00 US/Central,6537.75,6539.00,6536.00,6536.25,194,6537.55,93,20260402 05:11:00 US/Central,6536.00,6536.50,6535.00,6535.25,186,6535.725,90,20260402 05:12:00 US/Central,6535.50,6537.50,6535.25,6536.50,384,6536.525,144,20260402 05:13:00 US/Central,6536.50,6536.75,6534.75,6535.00,275,6535.6,84,20260402 05:14:00 US/Central,6535.25,6535.25,6531.00,6531.25,833,6532.625,279,20260402 05:15:00 US/Central,6531.50,6532.50,6529.75,6530.00,854,6530.75,283,20260402 05:16:00 US/Central,6530.25,6530.50,6528.25,6529.50,860,6529.35,296,20260402 05:17:00 US/Central,6529.25,6529.50,6528.25,6529.00,314,6528.95,132,20260402 05:18:00 US/Central,6529.00,6530.75,6528.75,6530.75,405,6529.6,188,20260402 05:19:00 US/Central,6531.00,6532.50,6529.00,6529.75,566,6530.75,191,20260402 05:20:00 US/Central,6530.00,6531.25,6529.00,6529.75,468,6530.075,137,20260402 05:21:00 US/Central,6530.00,6530.50,6527.75,6528.25,215,6528.9,96,20260402 05:22:00 US/Central,6528.25,6529.75,6528.00,6529.50,265,6528.95,114,20260402 05:23:00 US/Central,6530.00,6530.00,6529.00,6529.25,183,6529.45,76,20260402 05:24:00 US/Central,6529.00,6530.00,6528.50,6529.50,282,6529.3,115,20260402 05:25:00 US/Central,6529.50,6531.75,6529.50,6530.75,178,6530.675,88,20260402 05:26:00 US/Central,6530.75,6531.25,6530.25,6530.75,114,6530.675,61,20260402 05:27:00 US/Central,6531.00,6531.25,6529.00,6530.25,422,6529.95,140,20260402 05:28:00 US/Central,6530.25,6530.25,6529.00,6529.75,222,6529.5,79,20260402 05:29:00 US/Central,6529.75,6530.00,6528.50,6528.75,242,6529.2,118,20260402 05:30:00 US/Central,6528.75,6529.50,6528.00,6529.00,307,6528.675,135,20260402 05:31:00 US/Central,6529.00,6529.25,6526.00,6528.00,625,6527.7,203,20260402 05:32:00 US/Central,6528.25,6531.75,6527.50,6531.25,334,6529.375,144,20260402 05:33:00 US/Central,6531.50,6532.50,6531.00,6531.50,296,6531.6,126,20260402 05:34:00 US/Central,6531.50,6532.50,6531.00,6532.25,292,6531.75,122,20260402 05:35:00 US/Central,6532.00,6535.25,6531.75,6534.25,484,6533.525,188,20260402 05:36:00 US/Central,6534.25,6534.75,6533.50,6533.75,279,6534.25,111,20260402 05:37:00 US/Central,6533.75,6534.25,6532.50,6534.00,254,6533.5,96,20260402 05:38:00 US/Central,6533.75,6534.50,6532.50,6532.75,217,6533.75,85,20260402 05:39:00 US/Central,6533.00,6533.25,6530.75,6531.25,214,6531.95,100,20260402 05:40:00 US/Central,6531.25,6532.50,6530.75,6532.00,224,6531.675,95,20260402 05:41:00 US/Central,6531.75,6532.50,6531.00,6531.50,169,6531.775,77,20260402 05:42:00 US/Central,6531.25,6537.00,6531.25,6536.25,905,6534.55,368,20260402 05:43:00 US/Central,6536.00,6538.00,6535.50,6537.00,431,6536.675,174,20260402 05:44:00 US/Central,6536.75,6537.25,6534.75,6535.50,328,6536.025,122,20260402 05:45:00 US/Central,6535.50,6537.75,6535.00,6537.50,413,6536.05,145,20260402 05:46:00 US/Central,6537.50,6537.75,6535.75,6536.50,467,6536.925,146,20260402 05:47:00 US/Central,6536.50,6536.75,6534.75,6535.50,390,6535.85,148,20260402 05:48:00 US/Central,6535.50,6538.00,6534.50,6536.25,322,6536.325,159,20260402 05:49:00 US/Central,6536.00,6537.25,6536.00,6536.50,169,6536.775,80,20260402 05:50:00 US/Central,6536.25,6536.50,6533.75,6534.50,513,6535.15,190,20260402 05:51:00 US/Central,6534.50,6534.75,6533.00,6533.75,210,6533.725,96,20260402 05:52:00 US/Central,6533.75,6535.75,6533.50,6535.75,249,6534.525,97,20260402 05:53:00 US/Central,6535.50,6537.25,6535.00,6535.25,319,6536.1,143,20260402 05:54:00 US/Central,6535.00,6535.25,6532.50,6533.50,456,6533.675,158,20260402 05:55:00 US/Central,6533.25,6537.00,6532.75,6536.75,551,6534.85,182,20260402 05:56:00 US/Central,6537.00,6537.00,6534.75,6535.50,242,6535.9,102,20260402 05:57:00 US/Central,6535.50,6537.50,6535.50,6537.50,281,6536.925,126,20260402 05:58:00 US/Central,6537.50,6538.75,6537.00,6537.75,277,6537.95,106,20260402 05:59:00 US/Central,6537.75,6538.25,6536.00,6536.75,396,6537.125,161,20260402 06:00:00 US/Central,6536.25,6538.00,6536.25,6536.75,719,6537.05,269,20260402 06:01:00 US/Central,6536.75,6538.25,6534.50,6535.50,411,6536.4,160,20260402 06:02:00 US/Central,6535.75,6537.75,6534.50,6537.75,329,6536.175,145,20260402 06:03:00 US/Central,6537.50,6538.00,6535.75,6536.50,298,6537.1,136,20260402 06:04:00 US/Central,6536.50,6536.75,6535.00,6535.75,301,6535.675,112,20260402 06:05:00 US/Central,6535.50,6535.75,6531.50,6531.75,562,6533.05,210,20260402 06:06:00 US/Central,6531.75,6532.50,6529.25,6529.75,478,6530.925,200,20260402 06:07:00 US/Central,6530.00,6530.00,6528.00,6529.50,342,6529.2,142,20260402 06:08:00 US/Central,6529.50,6530.50,6529.00,6529.50,389,6529.75,169,20260402 06:09:00 US/Central,6529.50,6529.75,6528.25,6529.00,469,6529.225,153,20260402 06:10:00 US/Central,6529.00,6529.25,6527.00,6527.25,517,6527.65,210,20260402 06:11:00 US/Central,6527.50,6528.00,6525.75,6527.25,921,6526.725,317,20260402 06:12:00 US/Central,6527.00,6529.25,6526.75,6528.75,396,6527.925,151,20260402 06:13:00 US/Central,6528.75,6529.25,6525.75,6526.50,438,6528.175,163,20260402 06:14:00 US/Central,6526.25,6527.25,6525.25,6525.25,337,6526.3,132,20260402 06:15:00 US/Central,6525.25,6526.25,6520.75,6524.00,1223,6523.525,428,20260402 06:16:00 US/Central,6523.75,6524.00,6520.00,6520.75,1090,6521.7,389,20260402 06:17:00 US/Central,6520.75,6523.00,6520.75,6522.25,513,6522.25,158,20260402 06:18:00 US/Central,6522.00,6522.25,6520.50,6521.25,522,6521.15,210,20260402 06:19:00 US/Central,6521.25,6523.00,6521.25,6523.00,394,6522.125,147,20260402 06:20:00 US/Central,6523.00,6523.50,6522.00,6523.50,351,6522.8,142,20260402 06:21:00 US/Central,6523.50,6525.00,6523.00,6523.25,380,6523.8,177,20260402 06:22:00 US/Central,6523.50,6523.75,6522.50,6523.50,358,6523.2,156,20260402 06:23:00 US/Central,6523.50,6524.00,6521.75,6523.25,411,6522.85,143,20260402 06:24:00 US/Central,6523.25,6524.00,6521.75,6523.00,250,6522.75,107,20260402 06:25:00 US/Central,6522.75,6523.00,6520.75,6521.25,387,6521.85,136,20260402 06:26:00 US/Central,6521.25,6521.50,6520.00,6521.00,392,6520.675,137,20260402 06:27:00 US/Central,6521.00,6521.75,6520.25,6521.00,362,6520.85,140,20260402 06:28:00 US/Central,6521.00,6521.50,6517.75,6520.00,1386,6519.725,365,20260402 06:29:00 US/Central,6520.25,6520.25,6516.75,6518.00,915,6518,271,20260402 06:30:00 US/Central,6517.50,6519.25,6515.75,6518.75,1636,6517.325,421,20260402 06:31:00 US/Central,6518.75,6522.25,6518.50,6521.75,698,6520.2,244,20260402 06:32:00 US/Central,6522.25,6523.25,6521.25,6523.00,533,6522.175,171,20260402 06:33:00 US/Central,6523.00,6524.25,6521.25,6522.00,732,6522.725,194,20260402 06:34:00 US/Central,6522.25,6522.25,6518.75,6519.50,573,6520.025,181,20260402 06:35:00 US/Central,6519.50,6520.75,6518.75,6520.00,609,6519.85,200,20260402 06:36:00 US/Central,6519.75,6520.00,6516.50,6517.50,696,6518.125,226,20260402 06:37:00 US/Central,6517.75,6518.00,6514.25,6514.50,890,6515.775,302,20260402 06:38:00 US/Central,6514.75,6516.25,6513.50,6515.50,918,6515.125,292,20260402 06:39:00 US/Central,6515.50,6515.50,6513.50,6513.75,441,6514.5,159,20260402 06:40:00 US/Central,6513.75,6514.25,6512.50,6513.00,702,6513.1,252,20260402 06:41:00 US/Central,6513.00,6513.25,6512.00,6513.00,407,6512.625,182,20260402 06:42:00 US/Central,6513.00,6513.00,6511.50,6511.75,351,6512.25,157,20260402 06:43:00 US/Central,6511.75,6514.25,6511.25,6514.25,483,6512.45,163,20260402 06:44:00 US/Central,6514.25,6515.75,6513.50,6514.00,519,6514.725,189,20260402 06:45:00 US/Central,6514.00,6515.25,6514.00,6514.00,634,6514.6,157,20260402 06:46:00 US/Central,6513.75,6515.00,6513.00,6513.00,391,6514.1,147,20260402 06:47:00 US/Central,6513.00,6514.50,6512.00,6514.00,384,6513.225,154,20260402 06:48:00 US/Central,6514.00,6516.00,6513.75,6514.00,461,6514.675,171,20260402 06:49:00 US/Central,6514.00,6515.75,6514.00,6515.50,523,6514.9,160,20260402 06:50:00 US/Central,6515.25,6516.00,6514.25,6515.75,405,6515.275,133,20260402 06:51:00 US/Central,6515.50,6518.75,6515.25,6517.75,769,6517.325,265,20260402 06:52:00 US/Central,6517.75,6518.75,6516.75,6517.75,1190,6517.775,343,20260402 06:53:00 US/Central,6517.75,6518.75,6516.50,6517.75,483,6517.825,166,20260402 06:54:00 US/Central,6517.75,6520.50,6517.75,6520.25,805,6519.375,282,20260402 06:55:00 US/Central,6520.50,6520.50,6517.75,6517.75,274,6519.1,111,20260402 06:56:00 US/Central,6517.75,6518.75,6516.00,6517.00,354,6517.275,173,20260402 06:57:00 US/Central,6517.25,6517.25,6513.75,6514.00,558,6514.975,263,20260402 06:58:00 US/Central,6514.00,6514.25,6510.75,6512.00,950,6512.3,324,20260402 06:59:00 US/Central,6511.75,6512.25,6508.00,6508.25,842,6509.875,297,20260402 07:00:00 US/Central,6508.50,6510.25,6506.25,6507.75,1295,6508,417,20260402 07:01:00 US/Central,6507.75,6509.00,6506.50,6508.00,453,6507.6,188,20260402 07:02:00 US/Central,6507.75,6508.00,6504.50,6505.75,1293,6505.925,394,20260402 07:03:00 US/Central,6506.00,6510.50,6506.00,6509.25,809,6508.25,287,20260402 07:04:00 US/Central,6509.25,6510.25,6507.75,6509.75,710,6509,210,20260402 07:05:00 US/Central,6509.50,6511.00,6508.25,6510.50,642,6509.6,216,20260402 07:06:00 US/Central,6510.50,6511.75,6509.50,6510.75,635,6510.75,242,20260402 07:07:00 US/Central,6510.75,6511.50,6510.00,6511.25,558,6510.925,185,20260402 07:08:00 US/Central,6511.00,6511.50,6507.50,6508.50,581,6510,211,20260402 07:09:00 US/Central,6508.25,6508.75,6504.75,6506.50,839,6506.25,282,20260402 07:10:00 US/Central,6506.25,6507.25,6503.75,6505.50,840,6505.2,320,20260402 07:11:00 US/Central,6505.50,6506.50,6504.75,6505.00,503,6505.7,204,20260402 07:12:00 US/Central,6505.00,6507.25,6503.75,6506.75,673,6505.55,232,20260402 07:13:00 US/Central,6506.75,6508.75,6506.25,6507.00,785,6507.55,252,20260402 07:14:00 US/Central,6507.25,6509.00,6507.00,6508.00,648,6507.625,208,20260402 07:15:00 US/Central,6508.00,6509.25,6507.25,6507.75,545,6508.15,178,20260402 07:16:00 US/Central,6507.75,6508.50,6506.50,6507.25,629,6507.55,209,20260402 07:17:00 US/Central,6507.00,6508.25,6506.75,6508.00,717,6507.575,195,20260402 07:18:00 US/Central,6508.00,6512.25,6507.75,6511.00,1456,6510.825,525,20260402 07:19:00 US/Central,6511.25,6512.25,6509.75,6512.00,718,6511.175,218,20260402 07:20:00 US/Central,6511.50,6512.75,6511.00,6511.50,625,6511.95,217,20260402 07:21:00 US/Central,6511.50,6516.25,6511.50,6515.75,1487,6514.175,440,20260402 07:22:00 US/Central,6515.75,6516.75,6514.25,6515.75,739,6515.3,277,20260402 07:23:00 US/Central,6516.00,6517.75,6516.00,6517.00,730,6516.825,286,20260402 07:24:00 US/Central,6517.25,6519.50,6517.00,6519.00,918,6518.35,305,20260402 07:25:00 US/Central,6519.00,6519.75,6516.50,6516.50,888,6518.25,271,20260402 07:26:00 US/Central,6516.50,6517.25,6513.50,6515.25,1032,6515.05,297,20260402 07:27:00 US/Central,6515.75,6517.00,6514.75,6516.00,497,6516.025,192,20260402 07:28:00 US/Central,6516.25,6518.25,6515.00,6517.25,800,6516.525,233,20260402 07:29:00 US/Central,6517.00,6517.75,6515.50,6517.50,647,6516.6,176,20260402 07:30:00 US/Central,6517.25,6518.50,6515.75,6516.25,599,6516.825,217,20260402 07:31:00 US/Central,6516.00,6518.00,6514.75,6517.25,742,6516.9,244,20260402 07:32:00 US/Central,6517.50,6518.25,6516.50,6517.00,359,6517.425,135,20260402 07:33:00 US/Central,6517.25,6520.00,6517.00,6517.75,710,6518.425,262,20260402 07:34:00 US/Central,6517.50,6519.00,6517.00,6519.00,503,6518.05,198,20260402 07:35:00 US/Central,6518.75,6520.00,6517.25,6519.00,669,6518.6,220,20260402 07:36:00 US/Central,6519.25,6520.25,6516.75,6518.25,753,6518.475,276,20260402 07:37:00 US/Central,6518.25,6519.00,6516.00,6516.50,704,6517.25,231,20260402 07:38:00 US/Central,6516.75,6519.25,6516.50,6519.25,571,6518.075,222,20260402 07:39:00 US/Central,6519.00,6520.25,6517.50,6520.00,762,6518.875,273,20260402 07:40:00 US/Central,6519.75,6521.50,6518.25,6519.50,742,6519.725,263,20260402 07:41:00 US/Central,6520.00,6520.25,6518.75,6519.25,491,6519.725,195,20260402 07:42:00 US/Central,6519.25,6519.75,6517.25,6518.25,743,6518.675,268,20260402 07:43:00 US/Central,6518.25,6521.00,6518.25,6518.50,702,6519.7,293,20260402 07:44:00 US/Central,6518.50,6520.75,6518.00,6520.00,476,6519.3,175,20260402 07:45:00 US/Central,6519.75,6520.00,6518.75,6519.25,403,6519.25,148,20260402 07:46:00 US/Central,6519.50,6523.50,6519.50,6520.25,1232,6521.75,463,20260402 07:47:00 US/Central,6520.25,6520.75,6517.25,6519.50,1386,6519.075,516,20260402 07:48:00 US/Central,6519.50,6523.25,6519.50,6522.25,948,6521.675,349,20260402 07:49:00 US/Central,6522.00,6523.75,6521.75,6523.25,860,6522.85,321,20260402 07:50:00 US/Central,6523.25,6525.00,6522.75,6523.25,1184,6523.9,382,20260402 07:51:00 US/Central,6523.25,6524.00,6521.25,6522.00,820,6522.625,316,20260402 07:52:00 US/Central,6522.00,6523.75,6521.75,6522.75,679,6522.775,261,20260402 07:53:00 US/Central,6523.25,6523.75,6521.75,6522.25,571,6522.725,241,20260402 07:54:00 US/Central,6522.25,6523.25,6520.50,6521.75,679,6521.925,276,20260402 07:55:00 US/Central,6521.50,6522.50,6520.50,6521.00,928,6521.6,386,20260402 07:56:00 US/Central,6521.00,6522.25,6520.50,6521.00,438,6521.375,191,20260402 07:57:00 US/Central,6521.00,6521.25,6518.75,6519.50,836,6520.05,314,20260402 07:58:00 US/Central,6519.00,6519.50,6517.75,6518.25,908,6518.475,406,20260402 07:59:00 US/Central,6518.50,6519.50,6516.25,6516.75,1328,6517.55,465,20260402 08:00:00 US/Central,6517.00,6519.25,6515.25,6518.75,2048,6517.35,831,20260402 08:01:00 US/Central,6518.75,6521.50,6518.25,6520.50,1270,6520,565,20260402 08:02:00 US/Central,6520.50,6521.50,6516.25,6516.50,1067,6518.875,423,20260402 08:03:00 US/Central,6516.50,6519.00,6515.00,6519.00,1152,6517.275,462,20260402 08:04:00 US/Central,6519.00,6520.50,6518.00,6519.00,892,6519.1,331,20260402 08:05:00 US/Central,6518.75,6521.50,6518.00,6520.25,853,6519.775,364,20260402 08:06:00 US/Central,6520.00,6524.50,6519.50,6520.25,1032,6521.85,433,20260402 08:07:00 US/Central,6520.50,6523.25,6520.50,6522.25,687,6522.075,292,20260402 08:08:00 US/Central,6522.25,6522.25,6519.50,6519.50,568,6521.125,291,20260402 08:09:00 US/Central,6519.75,6521.00,6519.50,6520.00,529,6520.25,237,20260402 08:10:00 US/Central,6520.00,6520.75,6517.00,6518.75,709,6518.525,305,20260402 08:11:00 US/Central,6518.75,6519.75,6517.50,6518.75,614,6518.675,298,20260402 08:12:00 US/Central,6518.75,6519.00,6516.50,6517.25,663,6517.85,265,20260402 08:13:00 US/Central,6517.00,6518.00,6515.25,6517.75,1028,6516.525,417,20260402 08:14:00 US/Central,6517.75,6518.75,6517.00,6518.50,727,6517.975,321,20260402 08:15:00 US/Central,6518.50,6522.00,6518.00,6521.25,1308,6520.1,516,20260402 08:16:00 US/Central,6521.25,6522.00,6518.75,6519.25,925,6520.625,437,20260402 08:17:00 US/Central,6519.50,6521.50,6518.75,6521.25,1011,6519.75,412,20260402 08:18:00 US/Central,6521.25,6522.00,6519.75,6520.50,827,6520.775,372,20260402 08:19:00 US/Central,6520.50,6520.50,6518.25,6520.25,714,6519.4,306,20260402 08:20:00 US/Central,6520.00,6522.25,6519.00,6521.25,949,6520.95,381,20260402 08:21:00 US/Central,6521.25,6523.75,6521.00,6522.50,955,6522.325,345,20260402 08:22:00 US/Central,6522.50,6525.75,6522.25,6523.75,975,6524.25,405,20260402 08:23:00 US/Central,6523.75,6524.00,6520.75,6521.50,1107,6522.3,419,20260402 08:24:00 US/Central,6521.50,6522.25,6520.25,6521.50,924,6521.275,349,20260402 08:25:00 US/Central,6521.25,6523.25,6520.25,6522.25,1375,6521.725,530,20260402 08:26:00 US/Central,6522.50,6524.75,6522.50,6524.25,781,6523.725,325,20260402 08:27:00 US/Central,6524.25,6527.50,6523.50,6525.50,2240,6525.8,731,20260402 08:28:00 US/Central,6525.75,6530.00,6525.75,6528.25,2012,6528.25,689,20260402 08:29:00 US/Central,6528.00,6530.00,6527.00,6527.50,2929,6528.4,895,20260402 08:30:00 US/Central,6527.75,6538.50,6527.50,6532.00,15182,6533.25,5058,20260402 08:31:00 US/Central,6532.25,6538.25,6530.25,6537.25,8088,6534.625,2860,20260402 08:32:00 US/Central,6537.00,6537.50,6529.25,6530.00,5720,6532.525,2060,20260402 08:33:00 US/Central,6530.00,6534.50,6526.25,6533.25,7422,6530.05,2371,20260402 08:34:00 US/Central,6533.25,6535.25,6532.00,6534.75,4589,6533.875,1525,20260402 08:35:00 US/Central,6534.75,6534.75,6525.00,6525.50,5985,6529.425,2182,20260402 08:36:00 US/Central,6525.50,6529.50,6523.75,6525.25,4561,6526.25,1691,20260402 08:37:00 US/Central,6525.00,6528.00,6524.00,6527.25,4371,6525.775,1453,20260402 08:38:00 US/Central,6527.00,6529.50,6522.25,6522.50,4088,6525.975,1581,20260402 08:39:00 US/Central,6522.50,6522.75,6516.50,6517.00,5424,6519.75,2072,20260402 08:40:00 US/Central,6517.00,6521.25,6514.25,6517.50,7783,6517.575,2391,20260402 08:41:00 US/Central,6517.25,6528.00,6516.25,6527.75,5159,6521.05,1821,20260402 08:42:00 US/Central,6527.50,6528.00,6518.25,6519.00,4893,6522.4,1772,20260402 08:43:00 US/Central,6519.00,6521.50,6516.50,6517.75,3569,6518.875,1281,20260402 08:44:00 US/Central,6517.75,6521.25,6517.75,6520.50,3083,6519.75,1098,20260402 08:45:00 US/Central,6520.50,6529.25,6517.50,6527.00,6064,6523.85,2237,20260402 08:46:00 US/Central,6527.25,6533.50,6527.00,6533.00,5886,6530.45,1997,20260402 08:47:00 US/Central,6533.00,6537.00,6531.50,6534.25,6178,6535.125,1965,20260402 08:48:00 US/Central,6534.25,6536.25,6531.25,6534.75,5244,6533.55,1666,20260402 08:49:00 US/Central,6534.50,6537.50,6532.75,6533.75,4773,6535.1,1465,20260402 08:50:00 US/Central,6533.75,6537.25,6532.00,6536.75,4864,6534.7,1611,20260402 08:51:00 US/Central,6536.75,6542.50,6536.00,6540.25,6901,6539.425,2278,20260402 08:52:00 US/Central,6540.00,6542.25,6538.00,6540.75,5146,6540.075,1635,20260402 08:53:00 US/Central,6540.75,6549.75,6540.50,6547.00,9037,6546,2818,20260402 08:54:00 US/Central,6547.25,6553.00,6545.50,6549.75,7899,6549.625,2391,20260402 08:55:00 US/Central,6549.75,6551.75,6548.50,6551.00,5528,6550.025,1655,20260402 08:56:00 US/Central,6551.00,6551.75,6548.75,6550.00,4880,6550.125,1471,20260402 08:57:00 US/Central,6550.00,6555.50,6547.00,6554.25,6784,6550.425,2162,20260402 08:58:00 US/Central,6554.25,6559.50,6553.25,6558.25,6596,6557.075,2086,20260402 08:59:00 US/Central,6558.25,6563.00,6557.50,6560.25,6129,6560.025,1882,20260402 09:00:00 US/Central,6560.25,6565.00,6558.50,6560.75,8333,6560.975,2784,20260402 09:01:00 US/Central,6560.50,6560.75,6556.25,6558.00,7561,6558.525,2498,20260402 09:02:00 US/Central,6557.75,6559.00,6553.50,6554.50,6321,6555.775,2252,20260402 09:03:00 US/Central,6554.50,6556.50,6551.75,6555.50,5103,6554.05,1721,20260402 09:04:00 US/Central,6555.25,6557.50,6553.25,6554.25,3298,6555.075,1192,20260402 09:05:00 US/Central,6554.25,6556.00,6549.50,6554.50,5614,6552.975,1936,20260402 09:06:00 US/Central,6554.25,6567.00,6553.25,6566.50,8671,6560.525,2935,20260402 09:07:00 US/Central,6566.25,6566.75,6560.25,6561.75,6390,6564.325,2075,20260402 09:08:00 US/Central,6561.75,6565.75,6559.00,6564.25,5056,6562.85,1729,20260402 09:09:00 US/Central,6564.25,6565.75,6561.50,6562.50,3850,6563.375,1109,20260402 09:10:00 US/Central,6562.25,6562.50,6558.25,6561.00,4629,6560.325,1513,20260402 09:11:00 US/Central,6561.00,6568.75,6560.50,6565.25,5406,6565.25,1803,20260402 09:12:00 US/Central,6565.25,6565.25,6562.00,6562.50,4474,6563.45,1473,20260402 09:13:00 US/Central,6562.25,6564.75,6559.75,6561.50,4294,6561.675,1320,20260402 09:14:00 US/Central,6561.25,6562.25,6558.75,6560.50,3674,6560.4,1096,20260402 09:15:00 US/Central,6560.25,6565.00,6559.50,6564.75,4382,6562.1,1384,20260402 09:16:00 US/Central,6564.50,6572.00,6561.75,6562.00,6783,6566.725,2479,20260402 09:17:00 US/Central,6562.00,6566.25,6560.75,6565.75,3499,6563.575,1304,20260402 09:18:00 US/Central,6565.50,6570.50,6564.00,6568.75,4225,6567.8,1389,20260402 09:19:00 US/Central,6568.75,6569.25,6566.25,6567.00,3732,6567.875,1257,20260402 09:20:00 US/Central,6567.00,6570.00,6566.25,6567.25,3660,6568.2,1215,20260402 09:21:00 US/Central,6567.25,6575.00,6567.00,6574.00,6227,6571.425,1949,20260402 09:22:00 US/Central,6573.75,6574.00,6570.25,6572.00,3753,6572.125,1271,20260402 09:23:00 US/Central,6571.75,6573.25,6570.00,6570.25,3444,6571.6,1156,20260402 09:24:00 US/Central,6570.25,6572.25,6568.25,6571.25,3943,6570.125,1233,20260402 09:25:00 US/Central,6571.25,6572.00,6564.25,6566.50,4621,6567.8,1423,20260402 09:26:00 US/Central,6566.50,6570.75,6566.25,6566.75,3714,6568.5,1224,20260402 09:27:00 US/Central,6566.75,6570.25,6565.00,6567.00,3644,6567.45,1310,20260402 09:28:00 US/Central,6567.00,6571.25,6566.50,6570.25,2869,6568.65,996,20260402 09:29:00 US/Central,6570.25,6570.75,6566.25,6567.75,3909,6568.625,1088,20260402 09:30:00 US/Central,6567.75,6570.75,6565.25,6570.25,4000,6567.775,1379,20260402 09:31:00 US/Central,6570.50,6574.50,6570.50,6572.25,3630,6572.625,1348,20260402 09:32:00 US/Central,6572.25,6579.00,6570.00,6576.25,5884,6575.3,1827,20260402 09:33:00 US/Central,6576.25,6588.50,6575.50,6587.25,13579,6583.25,4125,20260402 09:34:00 US/Central,6587.25,6587.75,6584.50,6586.75,6436,6586.025,2110,20260402 09:35:00 US/Central,6586.50,6603.75,6586.00,6601.25,13043,6593.6,4462,20260402 09:36:00 US/Central,6601.00,6634.25,6597.00,6626.25,34849,6618.075,12964,20260402 09:37:00 US/Central,6626.50,6644.50,6622.00,6636.75,23770,6635.625,9170,20260402 09:38:00 US/Central,6637.00,6637.00,6613.00,6616.00,20987,6620.175,7308,20260402 09:39:00 US/Central,6615.75,6633.75,6612.00,6629.50,16145,6620.55,5653,20260402 09:40:00 US/Central,6629.25,6631.25,6614.50,6616.75,11633,6622.1,4538,20260402 09:41:00 US/Central,6617.00,6619.00,6608.00,6610.75,11960,6611.825,4137,20260402 09:42:00 US/Central,6611.00,6619.00,6611.00,6614.50,10009,6615.225,3319,20260402 09:43:00 US/Central,6614.75,6624.50,6612.25,6620.25,11507,6619.325,3748,20260402 09:44:00 US/Central,6620.50,6626.75,6617.75,6625.50,7586,6621.8,2636,20260402 09:45:00 US/Central,6625.50,6627.75,6622.50,6624.25,6895,6625.3,2497,20260402 09:46:00 US/Central,6624.00,6624.25,6614.00,6615.00,8022,6618.6,2814,20260402 09:47:00 US/Central,6615.00,6617.75,6611.25,6615.00,9191,6614.1,3245,20260402 09:48:00 US/Central,6614.75,6616.25,6609.50,6611.25,7242,6612.5,2465,20260402 09:49:00 US/Central,6611.25,6613.25,6605.25,6606.00,7574,6609.925,2370,20260402 09:50:00 US/Central,6606.00,6607.25,6598.00,6602.75,10402,6602.875,3395,20260402 09:51:00 US/Central,6603.00,6605.00,6598.50,6600.75,7942,6601.025,2440,20260402 09:52:00 US/Central,6600.50,6610.25,6598.75,6610.00,6718,6602.55,2349,20260402 09:53:00 US/Central,6610.00,6613.50,6604.75,6606.00,6233,6608.55,2226,20260402 09:54:00 US/Central,6606.25,6614.25,6606.25,6611.50,5778,6610.225,1878,20260402 09:55:00 US/Central,6611.50,6619.75,6610.75,6618.00,6891,6616.025,2548,20260402 09:56:00 US/Central,6618.25,6622.25,6616.50,6618.50,6375,6619.375,2822,20260402 09:57:00 US/Central,6618.50,6624.25,6615.75,6622.50,6032,6619.725,2283,20260402 09:58:00 US/Central,6622.75,6625.00,6620.75,6623.00,5034,6622.55,1584,20260402 09:59:00 US/Central,6622.75,6623.00,6616.75,6618.75,6566,6619.325,1871,20260402 10:00:00 US/Central,6619.00,6619.75,6607.50,6608.75,10458,6613.75,3402,20260402 10:01:00 US/Central,6608.75,6612.00,6606.25,6607.50,6573,6608.7,2364,20260402 10:02:00 US/Central,6607.75,6608.75,6603.50,6604.00,5793,6606.425,1861,20260402 10:03:00 US/Central,6604.00,6612.00,6602.75,6611.00,6124,6607.15,2142,20260402 10:04:00 US/Central,6611.00,6617.25,6609.00,6615.00,9350,6614.225,2845,20260402 10:05:00 US/Central,6615.00,6616.50,6608.25,6610.25,6542,6611.525,2148,20260402 10:06:00 US/Central,6610.00,6613.25,6609.50,6609.75,4130,6611.2,1305,20260402 10:07:00 US/Central,6609.50,6610.25,6605.75,6606.50,4832,6608.175,1548,20260402 10:08:00 US/Central,6606.75,6612.50,6606.75,6610.75,3960,6610.075,1466,20260402 10:09:00 US/Central,6610.75,6614.25,6608.00,6613.25,3977,6610.725,1458,20260402 10:10:00 US/Central,6613.25,6619.50,6610.75,6618.25,5976,6615.525,1675,20260402 10:11:00 US/Central,6618.00,6622.00,6616.25,6618.50,6718,6619.525,1979,20260402 10:12:00 US/Central,6618.25,6624.50,6618.25,6621.75,5620,6621.2,1856,20260402 10:13:00 US/Central,6621.75,6623.00,6618.75,6619.00,2752,6620.65,1044,20260402 10:14:00 US/Central,6619.25,6619.25,6615.00,6616.75,1198,6617.025,388
2026-04-02 11:14:13 | DEBUG    | >>> 50,3,402,649180678,ES,FUT,20260618,0.0,,50,CME,,USD,ESM6,ES,5,TRADES,0,
2026-04-02 11:14:15 | DEBUG    | <<< 50,3,402,1775142850,6616.50,6617.50,6616.50,6616.75,338,6616.885355029586,104
2026-04-02 11:14:20 | DEBUG    | <<< 50,3,402,1775142855,6616.50,6617.00,6616.00,6616.50,228,6616.47149122807,86
2026-04-02 11:14:25 | DEBUG    | <<< 50,3,402,1775142860,6616.50,6616.75,6614.25,6614.50,606,6615.32797029703,182
2026-04-02 11:14:30 | DEBUG    | <<< 50,3,402,1775142865,6614.25,6615.25,6614.25,6614.75,349,6614.88323782235,139
2026-04-02 11:14:35 | DEBUG    | <<< 50,3,402,1775142870,6614.75,6616.00,6614.50,6616.00,278,6615.180755395683,90
2026-04-02 11:14:40 | DEBUG    | <<< 50,3,402,1775142875,6616.00,6617.50,6616.00,6617.00,383,6616.91318537859,130
2026-04-02 11:14:45 | DEBUG    | <<< 50,3,402,1775142880,6617.00,6617.75,6617.00,6617.50,179,6617.403631284916,61
2026-04-02 11:14:50 | DEBUG    | <<< 50,3,402,1775142885,6617.50,6618.00,6617.00,6617.75,219,6617.48401826484,77
2026-04-02 11:14:55 | DEBUG    | <<< 50,3,402,1775142890,6617.50,6618.00,6617.50,6617.75,153,6617.730392156863,63
2026-04-02 11:15:00 | DEBUG    | <<< 50,3,402,1775142895,6617.50,6618.00,6617.25,6617.50,288,6617.686631944444,99
2026-04-02 11:15:05 | DEBUG    | <<< 50,3,402,1775142900,6617.50,6619.00,6617.25,6617.50,545,6618.126605504587,180
2026-04-02 11:15:10 | DEBUG    | <<< 50,3,402,1775142905,6617.25,6618.00,6615.50,6616.25,533,6616.398686679174,162
2026-04-02 11:15:15 | DEBUG    | <<< 50,3,402,1775142910,6616.25,6617.00,6616.25,6616.75,342,6616.729532163743,100
2026-04-02 11:15:20 | DEBUG    | <<< 50,3,402,1775142915,6617.00,6617.00,6615.75,6616.75,451,6616.309312638581,142
2026-04-02 11:15:25 | DEBUG    | <<< 50,3,402,1775142920,6616.75,6617.00,6616.00,6616.75,295,6616.575423728814,92
2026-04-02 11:15:30 | DEBUG    | <<< 50,3,402,1775142925,6617.00,6618.00,6616.50,6617.50,247,6617.147773279352,92
2026-04-02 11:15:35 | DEBUG    | <<< 50,3,402,1775142930,6617.25,6617.50,6617.00,6617.50,147,6617.244897959184,61
2026-04-02 11:15:40 | DEBUG    | <<< 50,3,402,1775142935,6617.50,6618.75,6617.00,6618.25,611,6617.925941080196,162
2026-04-02 11:15:45 | DEBUG    | <<< 50,3,402,1775142940,6618.25,6618.50,6617.75,6618.25,213,6618.092723004695,61
2026-04-02 11:15:50 | DEBUG    | <<< 50,3,402,1775142945,6618.25,6618.75,6618.00,6618.00,263,6618.157794676806,81
2026-04-02 11:15:55 | DEBUG    | <<< 50,3,402,1775142950,6618.00,6618.25,6616.50,6617.00,389,6617.321979434447,109
2026-04-02 11:16:00 | DEBUG    | <<< 50,3,402,1775142955,6617.25,6618.00,6617.00,6617.50,293,6617.549488054608,85
2026-04-02 11:16:05 | DEBUG    | <<< 50,3,402,1775142960,6617.50,6618.75,6616.25,6617.75,466,6617.862124463519,140
2026-04-02 11:16:10 | DEBUG    | <<< 50,3,402,1775142965,6617.75,6618.50,6617.50,6618.00,216,6617.842592592593,68
2026-04-02 11:16:15 | DEBUG    | <<< 50,3,402,1775142970,6618.00,6618.50,6618.00,6618.25,117,6618.213675213675,45
2026-04-02 11:16:15 | DEBUG    | <<< 4,2,-1,2108,Market data farm connection is inactive but should be available upon demand.hfarm,
2026-04-02 11:16:15 | INFO     | Warning 2108, reqId -1: Market data farm connection is inactive but should be available upon demand.hfarm
2026-04-02 11:16:15 | DEBUG    | <<< 4,2,-1,2108,Market data farm connection is inactive but should be available upon demand.hfarm,
2026-04-02 11:16:15 | INFO     | Warning 2108, reqId -1: Market data farm connection is inactive but should be available upon demand.hfarm
2026-04-02 11:16:15 | DEBUG    | <<< 4,2,-1,2108,Market data farm connection is inactive but should be available upon demand.jfarm,
2026-04-02 11:16:15 | INFO     | Warning 2108, reqId -1: Market data farm connection is inactive but should be available upon demand.jfarm
2026-04-02 11:16:15 | DEBUG    | <<< 4,2,-1,2108,Market data farm connection is inactive but should be available upon demand.jfarm,
2026-04-02 11:16:15 | INFO     | Warning 2108, reqId -1: Market data farm connection is inactive but should be available upon demand.jfarm
2026-04-02 11:16:15 | DEBUG    | <<< 4,2,-1,2108,Market data farm connection is inactive but should be available upon demand.eufarmnj,
2026-04-02 11:16:15 | INFO     | Warning 2108, reqId -1: Market data farm connection is inactive but should be available upon demand.eufarmnj
2026-04-02 11:16:15 | DEBUG    | <<< 4,2,-1,2108,Market data farm connection is inactive but should be available upon demand.eufarmnj,
2026-04-02 11:16:15 | INFO     | Warning 2108, reqId -1: Market data farm connection is inactive but should be available upon demand.eufarmnj
2026-04-02 11:16:20 | DEBUG    | <<< 50,3,402,1775142975,6618.25,6620.50,6618.00,6620.00,465,6619.284946236559,155
2026-04-02 11:16:25 | DEBUG    | <<< 50,3,402,1775142980,6619.75,6619.75,6618.25,6618.50,190,6619.031578947368,64
2026-04-02 11:16:30 | DEBUG    | <<< 50,3,402,1775142985,6618.50,6619.25,6618.25,6619.00,278,6618.750899280576,90
2026-04-02 11:16:35 | DEBUG    | <<< 50,3,402,1775142990,6619.25,6619.75,6619.25,6619.75,282,6619.461879432624,110
2026-04-02 11:16:40 | DEBUG    | <<< 50,3,402,1775142995,6619.75,6619.75,6618.75,6619.25,196,6619.265306122449,72
2026-04-02 11:16:45 | DEBUG    | <<< 50,3,402,1775143000,6619.25,6619.50,6617.75,6618.50,389,6618.468508997429,103
2026-04-02 11:16:50 | DEBUG    | <<< 50,3,402,1775143005,6618.50,6620.00,6618.50,6620.00,301,6619.446843853821,89
2026-04-02 11:16:55 | DEBUG    | <<< 50,3,402,1775143010,6620.00,6621.00,6620.00,6620.50,420,6620.551785714286,122
2026-04-02 11:17:00 | DEBUG    | <<< 50,3,402,1775143015,6620.25,6620.75,6619.50,6620.50,275,6620.084545454545,77
2026-04-02 11:17:00 | DEBUG    | <<< 6,2,DayTradingStatus-S,::false:1030299.04::false,,DUO559526
2026-04-02 11:17:00 | DEBUG    | <<< 6,2,SettledCashByDate-C,20260402:383764.74;20260403:383821.53687501,,DUO559526
2026-04-02 11:17:00 | DEBUG    | <<< 6,2,SettledCashByDate,20260402:1037104.71;20260403:1037161.50687501,,DUO559526
2026-04-02 11:17:00 | DEBUG    | <<< 8,1,11:17
2026-04-02 11:17:00 | DEBUG    | <<< 8,1,11:17
2026-04-02 11:17:00 | DEBUG    | <<< 8,1,11:17
2026-04-02 11:17:00 | DEBUG    | <<< 8,1,11:17
2026-04-02 11:17:00 | DEBUG    | <<< 73,1,397,DUO559526,,DayTradingStatus-S,::false:1030299.04::false,
2026-04-02 11:17:00 | DEBUG    | <<< 73,1,397,DUO559526,,SettledCashByDate,20260402:1037104.71;20260403:1037161.50687501,
2026-04-02 11:17:00 | DEBUG    | <<< 73,1,397,DUO559526,,SettledCashByDate-C,20260402:383764.74;20260403:383821.53687501,
2026-04-02 11:17:00 | DEBUG    | <<< 8,1,11:17
2026-04-02 11:17:00 | DEBUG    | <<< 6,2,EquityWithLoanValue-C,376959.07,USD,DUO559526
2026-04-02 11:17:00 | DEBUG    | <<< 6,2,NetLiquidation-C,383821.54,USD,DUO559526
2026-04-02 11:17:00 | DEBUG    | <<< 6,2,TotalCashValue-C,383821.54,USD,DUO559526
2026-04-02 11:17:00 | DEBUG    | <<< 6,2,EquityWithLoanValue,1030299.04,USD,DUO559526
2026-04-02 11:17:00 | DEBUG    | <<< 6,2,NetLiquidation,1038900.53,USD,DUO559526
2026-04-02 11:17:00 | DEBUG    | <<< 6,2,TotalCashValue,1037161.51,USD,DUO559526
2026-04-02 11:17:00 | DEBUG    | <<< 6,2,BuyingPower,4121196.17,USD,DUO559526
2026-04-02 11:17:00 | DEBUG    | <<< 6,2,InitMarginReq-C,8344.36,USD,DUO559526
2026-04-02 11:17:00 | DEBUG    | <<< 6,2,MaintMarginReq-C,6862.47,USD,DUO559526
2026-04-02 11:17:00 | DEBUG    | <<< 6,2,AvailableFunds-C,375477.17,USD,DUO559526
2026-04-02 11:17:00 | DEBUG    | <<< 6,2,ExcessLiquidity-C,376959.07,USD,DUO559526
2026-04-02 11:17:00 | DEBUG    | <<< 6,2,InitMarginReq,8344.36,USD,DUO559526
2026-04-02 11:17:00 | DEBUG    | <<< 6,2,MaintMarginReq,6862.47,USD,DUO559526
2026-04-02 11:17:00 | DEBUG    | <<< 6,2,AvailableFunds,1028817.14,USD,DUO559526
2026-04-02 11:17:00 | DEBUG    | <<< 6,2,ExcessLiquidity,1030299.04,USD,DUO559526
2026-04-02 11:17:00 | DEBUG    | <<< 6,2,LookAheadInitMarginReq-C,11920.52,USD,DUO559526
2026-04-02 11:17:00 | DEBUG    | <<< 6,2,LookAheadMaintMarginReq-C,9803.52,USD,DUO559526
2026-04-02 11:17:00 | DEBUG    | <<< 6,2,LookAheadAvailableFunds-C,371901.02,USD,DUO559526
2026-04-02 11:17:00 | DEBUG    | <<< 6,2,LookAheadExcessLiquidity-C,374018.02,USD,DUO559526
2026-04-02 11:17:00 | DEBUG    | <<< 6,2,LookAheadInitMarginReq,11920.52,USD,DUO559526
2026-04-02 11:17:00 | DEBUG    | <<< 6,2,LookAheadMaintMarginReq,9803.52,USD,DUO559526
2026-04-02 11:17:00 | DEBUG    | <<< 6,2,LookAheadAvailableFunds,1025240.99,USD,DUO559526
2026-04-02 11:17:00 | DEBUG    | <<< 6,2,LookAheadExcessLiquidity,1027357.99,USD,DUO559526
2026-04-02 11:17:00 | DEBUG    | <<< 6,2,FullInitMarginReq-C,11920.52,USD,DUO559526
2026-04-02 11:17:00 | DEBUG    | <<< 6,2,FullMaintMarginReq-C,9803.52,USD,DUO559526
2026-04-02 11:17:00 | DEBUG    | <<< 6,2,FullAvailableFunds-C,371901.02,USD,DUO559526
2026-04-02 11:17:00 | DEBUG    | <<< 6,2,FullExcessLiquidity-C,374018.02,USD,DUO559526
2026-04-02 11:17:00 | DEBUG    | <<< 6,2,FullInitMarginReq,11920.52,USD,DUO559526
2026-04-02 11:17:00 | DEBUG    | <<< 6,2,FullMaintMarginReq,9803.52,USD,DUO559526
2026-04-02 11:17:00 | DEBUG    | <<< 6,2,FullAvailableFunds,1025240.99,USD,DUO559526
2026-04-02 11:17:00 | DEBUG    | <<< 6,2,FullExcessLiquidity,1027357.99,USD,DUO559526
2026-04-02 11:17:00 | DEBUG    | <<< 8,1,11:17
2026-04-02 11:17:00 | DEBUG    | <<< 8,1,11:17
2026-04-02 11:17:00 | DEBUG    | <<< 8,1,11:17
2026-04-02 11:17:00 | DEBUG    | <<< 8,1,11:17
2026-04-02 11:17:00 | DEBUG    | <<< 73,1,397,DUO559526,,AvailableFunds,1028817.14,USD
2026-04-02 11:17:00 | DEBUG    | <<< 73,1,397,DUO559526,,AvailableFunds-C,375477.17,USD
2026-04-02 11:17:00 | DEBUG    | <<< 73,1,397,DUO559526,,BuyingPower,4121196.17,USD
2026-04-02 11:17:00 | DEBUG    | <<< 73,1,397,DUO559526,,EquityWithLoanValue,1030299.04,USD
2026-04-02 11:17:00 | DEBUG    | <<< 73,1,397,DUO559526,,EquityWithLoanValue-C,376959.07,USD
2026-04-02 11:17:00 | DEBUG    | <<< 73,1,397,DUO559526,,ExcessLiquidity,1030299.04,USD
2026-04-02 11:17:00 | DEBUG    | <<< 73,1,397,DUO559526,,ExcessLiquidity-C,376959.07,USD
2026-04-02 11:17:00 | DEBUG    | <<< 73,1,397,DUO559526,,FullAvailableFunds,1025240.99,USD
2026-04-02 11:17:00 | DEBUG    | <<< 73,1,397,DUO559526,,FullAvailableFunds-C,371901.02,USD
2026-04-02 11:17:00 | DEBUG    | <<< 73,1,397,DUO559526,,FullExcessLiquidity,1027357.99,USD
2026-04-02 11:17:00 | DEBUG    | <<< 73,1,397,DUO559526,,FullExcessLiquidity-C,374018.02,USD
2026-04-02 11:17:00 | DEBUG    | <<< 73,1,397,DUO559526,,FullInitMarginReq,11920.52,USD
2026-04-02 11:17:00 | DEBUG    | <<< 73,1,397,DUO559526,,FullInitMarginReq-C,11920.52,USD
2026-04-02 11:17:00 | DEBUG    | <<< 73,1,397,DUO559526,,FullMaintMarginReq,9803.52,USD
2026-04-02 11:17:00 | DEBUG    | <<< 73,1,397,DUO559526,,FullMaintMarginReq-C,9803.52,USD
2026-04-02 11:17:00 | DEBUG    | <<< 73,1,397,DUO559526,,InitMarginReq,8344.36,USD
2026-04-02 11:17:00 | DEBUG    | <<< 73,1,397,DUO559526,,InitMarginReq-C,8344.36,USD
2026-04-02 11:17:00 | DEBUG    | <<< 73,1,397,DUO559526,,LookAheadAvailableFunds,1025240.99,USD
2026-04-02 11:17:00 | DEBUG    | <<< 73,1,397,DUO559526,,LookAheadAvailableFunds-C,371901.02,USD
2026-04-02 11:17:00 | DEBUG    | <<< 73,1,397,DUO559526,,LookAheadExcessLiquidity,1027357.99,USD
2026-04-02 11:17:00 | DEBUG    | <<< 73,1,397,DUO559526,,LookAheadExcessLiquidity-C,374018.02,USD
2026-04-02 11:17:00 | DEBUG    | <<< 73,1,397,DUO559526,,LookAheadInitMarginReq,11920.52,USD
2026-04-02 11:17:00 | DEBUG    | <<< 73,1,397,DUO559526,,LookAheadInitMarginReq-C,11920.52,USD
2026-04-02 11:17:00 | DEBUG    | <<< 73,1,397,DUO559526,,LookAheadMaintMarginReq,9803.52,USD
2026-04-02 11:17:00 | DEBUG    | <<< 73,1,397,DUO559526,,LookAheadMaintMarginReq-C,9803.52,USD
2026-04-02 11:17:00 | DEBUG    | <<< 73,1,397,DUO559526,,MaintMarginReq,6862.47,USD
2026-04-02 11:17:00 | DEBUG    | <<< 73,1,397,DUO559526,,MaintMarginReq-C,6862.47,USD
2026-04-02 11:17:00 | DEBUG    | <<< 73,1,397,DUO559526,,NetLiquidation,1038900.53,USD
2026-04-02 11:17:00 | DEBUG    | <<< 73,1,397,DUO559526,,NetLiquidation-C,383821.54,USD
2026-04-02 11:17:00 | DEBUG    | <<< 73,1,397,DUO559526,,TotalCashValue,1037161.51,USD
2026-04-02 11:17:00 | DEBUG    | <<< 73,1,397,DUO559526,,TotalCashValue-C,383821.54,USD
2026-04-02 11:17:00 | DEBUG    | <<< 8,1,11:17
2026-04-02 11:17:00 | DEBUG    | <<< 7,8,770561194,MES,FUT,20260618,0,0,5,CME,USD,MESM6,MES,4,6620.58984375,132411.8,33070.62,129.32,0.0,DUO559526
2026-04-02 11:17:00 | INFO     | updatePortfolio: PortfolioItem(contract=Future(conId=770561194, symbol='MES', lastTradeDateOrContractMonth='20260618', right='0', multiplier='5', primaryExchange='CME', currency='USD', localSymbol='MESM6', tradingClass='MES'), position=4.0, marketPrice=6620.58984375, marketValue=132411.8, averageCost=33070.62, unrealizedPNL=129.32, realizedPNL=0.0, account='DUO559526')
2026-04-02 11:17:00 | DEBUG    | <<< 8,1,11:17
2026-04-02 11:17:00 | DEBUG    | <<< 6,2,CashBalance,1037161.5069,USD,DUO559526
2026-04-02 11:17:00 | DEBUG    | <<< 6,2,TotalCashBalance,1037161.5069,USD,DUO559526
2026-04-02 11:17:00 | DEBUG    | <<< 6,2,FuturesPNL,56.80,USD,DUO559526
2026-04-02 11:17:00 | DEBUG    | <<< 6,2,NetLiquidationByCurrency,1038900.5269,USD,DUO559526
2026-04-02 11:17:00 | DEBUG    | <<< 6,2,UnrealizedPnL,129.32,USD,DUO559526
2026-04-02 11:17:00 | DEBUG    | <<< 8,1,11:17
2026-04-02 11:17:00 | DEBUG    | <<< 8,1,11:17
2026-04-02 11:17:00 | DEBUG    | <<< 6,2,CashBalance,1037161.5069,BASE,DUO559526
2026-04-02 11:17:00 | DEBUG    | <<< 6,2,TotalCashBalance,1037161.5069,BASE,DUO559526
2026-04-02 11:17:00 | DEBUG    | <<< 6,2,FuturesPNL,56.80,BASE,DUO559526
2026-04-02 11:17:00 | DEBUG    | <<< 6,2,NetLiquidationByCurrency,1038900.5269,BASE,DUO559526
2026-04-02 11:17:00 | DEBUG    | <<< 6,2,UnrealizedPnL,129.32,BASE,DUO559526
2026-04-02 11:17:00 | DEBUG    | <<< 8,1,11:17
2026-04-02 11:17:00 | DEBUG    | <<< 8,1,11:17
2026-04-02 11:17:00 | DEBUG    | <<< 73,1,397,DUO559526,,AccountOrGroup,DUO559526,BASE
2026-04-02 11:17:00 | DEBUG    | <<< 73,1,397,DUO559526,,AccountOrGroup,DUO559526,USD
2026-04-02 11:17:00 | DEBUG    | <<< 73,1,397,DUO559526,,AccruedCash,1739.02,BASE
2026-04-02 11:17:00 | DEBUG    | <<< 73,1,397,DUO559526,,AccruedCash,1739.02,USD
2026-04-02 11:17:00 | DEBUG    | <<< 73,1,397,DUO559526,,CashBalance,1037161.5069,BASE
2026-04-02 11:17:00 | DEBUG    | <<< 73,1,397,DUO559526,,CashBalance,1037161.5069,USD
2026-04-02 11:17:00 | DEBUG    | <<< 73,1,397,DUO559526,,CorporateBondValue,0.00,BASE
2026-04-02 11:17:00 | DEBUG    | <<< 73,1,397,DUO559526,,CorporateBondValue,0.00,USD
2026-04-02 11:17:00 | DEBUG    | <<< 73,1,397,DUO559526,,Cryptocurrency,0.00,BASE
2026-04-02 11:17:00 | DEBUG    | <<< 73,1,397,DUO559526,,Cryptocurrency,0.00,USD
2026-04-02 11:17:00 | DEBUG    | <<< 73,1,397,DUO559526,,Currency,BASE,BASE
2026-04-02 11:17:00 | DEBUG    | <<< 73,1,397,DUO559526,,Currency,USD,USD
2026-04-02 11:17:00 | DEBUG    | <<< 73,1,397,DUO559526,,ExchangeRate,1.00,BASE
2026-04-02 11:17:00 | DEBUG    | <<< 73,1,397,DUO559526,,ExchangeRate,1.00,USD
2026-04-02 11:17:00 | DEBUG    | <<< 73,1,397,DUO559526,,FundValue,0.00,BASE
2026-04-02 11:17:00 | DEBUG    | <<< 73,1,397,DUO559526,,FundValue,0.00,USD
2026-04-02 11:17:00 | DEBUG    | <<< 73,1,397,DUO559526,,FutureOptionValue,0.00,BASE
2026-04-02 11:17:00 | DEBUG    | <<< 73,1,397,DUO559526,,FutureOptionValue,0.00,USD
2026-04-02 11:17:00 | DEBUG    | <<< 73,1,397,DUO559526,,FuturesPNL,56.80,BASE
2026-04-02 11:17:00 | DEBUG    | <<< 73,1,397,DUO559526,,FuturesPNL,56.80,USD
2026-04-02 11:17:00 | DEBUG    | <<< 73,1,397,DUO559526,,FxCashBalance,0.00,BASE
2026-04-02 11:17:00 | DEBUG    | <<< 73,1,397,DUO559526,,FxCashBalance,0.00,USD
2026-04-02 11:17:00 | DEBUG    | <<< 73,1,397,DUO559526,,IssuerOptionValue,0.00,BASE
2026-04-02 11:17:00 | DEBUG    | <<< 73,1,397,DUO559526,,IssuerOptionValue,0.00,USD
2026-04-02 11:17:00 | DEBUG    | <<< 73,1,397,DUO559526,,MoneyMarketFundValue,0.00,BASE
2026-04-02 11:17:00 | DEBUG    | <<< 73,1,397,DUO559526,,MoneyMarketFundValue,0.00,USD
2026-04-02 11:17:00 | DEBUG    | <<< 73,1,397,DUO559526,,MutualFundValue,0.00,BASE
2026-04-02 11:17:00 | DEBUG    | <<< 73,1,397,DUO559526,,MutualFundValue,0.00,USD
2026-04-02 11:17:00 | DEBUG    | <<< 73,1,397,DUO559526,,NetDividend,0.00,BASE
2026-04-02 11:17:00 | DEBUG    | <<< 73,1,397,DUO559526,,NetDividend,0.00,USD
2026-04-02 11:17:00 | DEBUG    | <<< 73,1,397,DUO559526,,NetLiquidationByCurrency,1038900.5269,BASE
2026-04-02 11:17:00 | DEBUG    | <<< 73,1,397,DUO559526,,NetLiquidationByCurrency,1038900.5269,USD
2026-04-02 11:17:00 | DEBUG    | <<< 73,1,397,DUO559526,,OptionMarketValue,0.00,BASE
2026-04-02 11:17:00 | DEBUG    | <<< 73,1,397,DUO559526,,OptionMarketValue,0.00,USD
2026-04-02 11:17:00 | DEBUG    | <<< 73,1,397,DUO559526,,RealCurrency,BASE,BASE
2026-04-02 11:17:00 | DEBUG    | <<< 73,1,397,DUO559526,,RealCurrency,USD,USD
2026-04-02 11:17:00 | DEBUG    | <<< 73,1,397,DUO559526,,RealizedPnL,0.00,BASE
2026-04-02 11:17:00 | DEBUG    | <<< 73,1,397,DUO559526,,RealizedPnL,0.00,USD
2026-04-02 11:17:00 | DEBUG    | <<< 73,1,397,DUO559526,,StockMarketValue,0.00,BASE
2026-04-02 11:17:00 | DEBUG    | <<< 73,1,397,DUO559526,,StockMarketValue,0.00,USD
2026-04-02 11:17:00 | DEBUG    | <<< 73,1,397,DUO559526,,TBillValue,0.00,BASE
2026-04-02 11:17:00 | DEBUG    | <<< 73,1,397,DUO559526,,TBillValue,0.00,USD
2026-04-02 11:17:00 | DEBUG    | <<< 73,1,397,DUO559526,,TBondValue,0.00,BASE
2026-04-02 11:17:00 | DEBUG    | <<< 73,1,397,DUO559526,,TBondValue,0.00,USD
2026-04-02 11:17:00 | DEBUG    | <<< 73,1,397,DUO559526,,TotalCashBalance,1037161.5069,BASE
2026-04-02 11:17:00 | DEBUG    | <<< 73,1,397,DUO559526,,TotalCashBalance,1037161.5069,USD
2026-04-02 11:17:00 | DEBUG    | <<< 73,1,397,DUO559526,,UnrealizedPnL,129.32,BASE
2026-04-02 11:17:00 | DEBUG    | <<< 73,1,397,DUO559526,,UnrealizedPnL,129.32,USD
2026-04-02 11:17:00 | DEBUG    | <<< 73,1,397,DUO559526,,WarrantValue,0.00,BASE
2026-04-02 11:17:00 | DEBUG    | <<< 73,1,397,DUO559526,,WarrantValue,0.00,USD
2026-04-02 11:17:05 | DEBUG    | <<< 50,3,402,1775143020,6620.50,6623.00,6620.25,6621.50,658,6621.835106382979,186
2026-04-02 11:17:10 | DEBUG    | <<< 50,3,402,1775143025,6621.50,6621.50,6620.00,6620.75,372,6620.681451612903,117
2026-04-02 11:17:15 | DEBUG    | <<< 50,3,402,1775143030,6620.75,6621.50,6619.25,6619.75,608,6620.385279605263,154
2026-04-02 11:17:20 | DEBUG    | <<< 50,3,402,1775143035,6619.75,6620.00,6619.00,6619.25,196,6619.502551020408,68
2026-04-02 11:17:25 | DEBUG    | <<< 50,3,402,1775143040,6619.00,6619.50,6618.75,6618.75,264,6618.995265151515,93
2026-04-02 11:17:30 | DEBUG    | <<< 50,3,402,1775143045,6619.00,6619.50,6618.00,6618.00,450,6618.841666666667,125
2026-04-02 11:17:35 | DEBUG    | <<< 50,3,402,1775143050,6617.75,6618.25,6617.50,6617.50,286,6617.902972027972,104
2026-04-02 11:17:40 | DEBUG    | <<< 50,3,402,1775143055,6617.50,6618.00,6617.25,6617.25,220,6617.714772727273,90
2026-04-02 11:17:45 | DEBUG    | <<< 50,3,402,1775143060,6617.50,6618.75,6617.25,6617.50,373,6617.914879356568,106
2026-04-02 11:17:50 | DEBUG    | <<< 50,3,402,1775143065,6617.75,6618.25,6617.25,6617.75,254,6617.794291338583,89
2026-04-02 11:17:55 | DEBUG    | <<< 50,3,402,1775143070,6617.50,6617.50,6615.25,6616.50,615,6616.280487804878,174
2026-04-02 11:18:00 | DEBUG    | <<< 50,3,402,1775143075,6616.25,6616.75,6615.25,6615.50,740,6615.850675675676,227
2026-04-02 11:18:05 | DEBUG    | <<< 50,3,402,1775143080,6615.50,6616.00,6614.25,6615.25,1268,6615.133872239748,290
2026-04-02 11:18:10 | DEBUG    | <<< 50,3,402,1775143085,6615.00,6617.00,6615.00,6616.25,356,6616.265449438202,87
2026-04-02 11:18:15 | DEBUG    | <<< 50,3,402,1775143090,6616.50,6616.50,6613.00,6613.50,1037,6614.070154291225,307
2026-04-02 11:18:20 | DEBUG    | <<< 50,3,402,1775143095,6613.50,6613.50,6612.50,6613.25,1063,6612.932972718721,253
2026-04-02 11:18:25 | DEBUG    | <<< 50,3,402,1775143100,6613.25,6613.25,6611.75,6611.75,432,6612.30150462963,127
2026-04-02 11:18:30 | DEBUG    | <<< 50,3,402,1775143105,6611.75,6614.25,6611.75,6614.00,541,6613.076247689464,152
2026-04-02 11:18:35 | DEBUG    | <<< 50,3,402,1775143110,6614.00,6614.00,6613.00,6613.25,172,6613.456395348837,65
2026-04-02 11:18:40 | DEBUG    | <<< 50,3,402,1775143115,6613.00,6614.25,6613.00,6613.75,243,6613.662551440329,91
2026-04-02 11:18:45 | DEBUG    | <<< 50,3,402,1775143120,6613.75,6614.25,6613.00,6613.75,334,6613.600299401198,105
2026-04-02 11:18:50 | DEBUG    | <<< 50,3,402,1775143125,6613.50,6614.50,6613.25,6614.25,217,6614.004608294931,77
2026-04-02 11:18:55 | DEBUG    | <<< 50,3,402,1775143130,6614.50,6616.25,6614.50,6616.00,337,6615.385014836795,137
2026-04-02 11:19:00 | DEBUG    | <<< 50,3,402,1775143135,6615.75,6617.75,6615.75,6617.50,365,6616.811643835616,127
2026-04-02 11:19:05 | DEBUG    | <<< 50,3,402,1775143140,6617.50,6618.50,6617.25,6617.75,329,6617.75,145
2026-04-02 11:19:10 | DEBUG    | <<< 50,3,402,1775143145,6617.50,6619.00,6617.50,6618.75,341,6618.010997067449,134
2026-04-02 11:19:15 | DEBUG    | <<< 50,3,402,1775143150,6619.00,6619.50,6617.50,6618.50,548,6618.501368613139,161
2026-04-02 11:19:20 | DEBUG    | <<< 50,3,402,1775143155,6618.50,6619.25,6618.50,6618.75,255,6618.866666666667,88
2026-04-02 11:19:25 | DEBUG    | <<< 50,3,402,1775143160,6618.75,6619.00,6617.50,6618.00,217,6618.202764976959,91
2026-04-02 11:19:30 | DEBUG    | <<< 50,3,402,1775143165,6618.25,6618.75,6618.00,6618.25,200,6618.435,73
2026-04-02 11:19:35 | DEBUG    | <<< 50,3,402,1775143170,6618.25,6619.00,6618.25,6618.75,157,6618.804140127389,61
2026-04-02 11:19:40 | DEBUG    | <<< 50,3,402,1775143175,6618.75,6619.25,6617.50,6617.50,140,6618.567857142857,58
2026-04-02 11:19:45 | DEBUG    | <<< 50,3,402,1775143180,6617.50,6617.75,6616.75,6617.25,267,6617.352059925094,91
2026-04-02 11:19:50 | DEBUG    | <<< 50,3,402,1775143185,6617.50,6618.00,6617.00,6617.50,190,6617.559210526316,50
2026-04-02 11:19:55 | DEBUG    | <<< 50,3,402,1775143190,6617.75,6617.75,6616.50,6617.25,317,6617.127760252366,84
2026-04-02 11:20:00 | DEBUG    | <<< 50,3,402,1775143195,6617.25,6617.50,6616.50,6617.00,227,6617.055066079295,59
2026-04-02 11:20:00 | DEBUG    | <<< 6,2,DayTradingStatus-S,::false:1030226.99::false,,DUO559526
2026-04-02 11:20:00 | DEBUG    | <<< 6,2,SettledCashByDate-C,20260402:383764.74;20260403:383745.69703126,,DUO559526
2026-04-02 11:20:00 | DEBUG    | <<< 6,2,SettledCashByDate,20260402:1037104.71;20260403:1037085.66703126,,DUO559526
2026-04-02 11:20:00 | DEBUG    | <<< 6,2,Cushion,0.991724,,DUO559526
2026-04-02 11:20:00 | DEBUG    | <<< 8,1,11:20
2026-04-02 11:20:00 | DEBUG    | <<< 8,1,11:20
2026-04-02 11:20:00 | DEBUG    | <<< 8,1,11:20
2026-04-02 11:20:00 | DEBUG    | <<< 8,1,11:20
2026-04-02 11:20:00 | DEBUG    | <<< 73,1,397,DUO559526,,Cushion,0.991724,
2026-04-02 11:20:00 | DEBUG    | <<< 73,1,397,DUO559526,,DayTradingStatus-S,::false:1030226.99::false,
2026-04-02 11:20:00 | DEBUG    | <<< 73,1,397,DUO559526,,SettledCashByDate,20260402:1037104.71;20260403:1037085.66703126,
2026-04-02 11:20:00 | DEBUG    | <<< 73,1,397,DUO559526,,SettledCashByDate-C,20260402:383764.74;20260403:383745.69703126,
2026-04-02 11:20:00 | DEBUG    | <<< 8,1,11:20
2026-04-02 11:20:00 | DEBUG    | <<< 6,2,EquityWithLoanValue-C,376887.02,USD,DUO559526
2026-04-02 11:20:00 | DEBUG    | <<< 6,2,NetLiquidation-C,383745.70,USD,DUO559526
2026-04-02 11:20:00 | DEBUG    | <<< 6,2,TotalCashValue-C,383745.70,USD,DUO559526
2026-04-02 11:20:00 | DEBUG    | <<< 6,2,EquityWithLoanValue,1030226.99,USD,DUO559526
2026-04-02 11:20:00 | DEBUG    | <<< 6,2,NetLiquidation,1038824.69,USD,DUO559526
2026-04-02 11:20:00 | DEBUG    | <<< 6,2,TotalCashValue,1037085.67,USD,DUO559526
2026-04-02 11:20:00 | DEBUG    | <<< 6,2,BuyingPower,4120907.94,USD,DUO559526
2026-04-02 11:20:00 | DEBUG    | <<< 6,2,InitMarginReq-C,8337.77,USD,DUO559526
2026-04-02 11:20:00 | DEBUG    | <<< 6,2,MaintMarginReq-C,6858.68,USD,DUO559526
2026-04-02 11:20:00 | DEBUG    | <<< 6,2,AvailableFunds-C,375407.92,USD,DUO559526
2026-04-02 11:20:00 | DEBUG    | <<< 6,2,ExcessLiquidity-C,376887.02,USD,DUO559526
2026-04-02 11:20:00 | DEBUG    | <<< 6,2,InitMarginReq,8337.77,USD,DUO559526
2026-04-02 11:20:00 | DEBUG    | <<< 6,2,MaintMarginReq,6858.68,USD,DUO559526
2026-04-02 11:20:00 | DEBUG    | <<< 6,2,AvailableFunds,1028747.89,USD,DUO559526
2026-04-02 11:20:00 | DEBUG    | <<< 6,2,ExcessLiquidity,1030226.99,USD,DUO559526
2026-04-02 11:20:00 | DEBUG    | <<< 6,2,LookAheadInitMarginReq-C,11911.11,USD,DUO559526
2026-04-02 11:20:00 | DEBUG    | <<< 6,2,LookAheadMaintMarginReq-C,9798.12,USD,DUO559526
2026-04-02 11:20:00 | DEBUG    | <<< 6,2,LookAheadAvailableFunds-C,371834.59,USD,DUO559526
2026-04-02 11:20:00 | DEBUG    | <<< 6,2,LookAheadExcessLiquidity-C,373947.58,USD,DUO559526
2026-04-02 11:20:00 | DEBUG    | <<< 6,2,LookAheadInitMarginReq,11911.11,USD,DUO559526
2026-04-02 11:20:00 | DEBUG    | <<< 6,2,LookAheadMaintMarginReq,9798.12,USD,DUO559526
2026-04-02 11:20:00 | DEBUG    | <<< 6,2,LookAheadAvailableFunds,1025174.56,USD,DUO559526
2026-04-02 11:20:00 | DEBUG    | <<< 6,2,LookAheadExcessLiquidity,1027287.55,USD,DUO559526
2026-04-02 11:20:00 | DEBUG    | <<< 6,2,FullInitMarginReq-C,11911.11,USD,DUO559526
2026-04-02 11:20:00 | DEBUG    | <<< 6,2,FullMaintMarginReq-C,9798.12,USD,DUO559526
2026-04-02 11:20:00 | DEBUG    | <<< 6,2,FullAvailableFunds-C,371834.59,USD,DUO559526
2026-04-02 11:20:00 | DEBUG    | <<< 6,2,FullExcessLiquidity-C,373947.58,USD,DUO559526
2026-04-02 11:20:00 | DEBUG    | <<< 6,2,FullInitMarginReq,11911.11,USD,DUO559526
2026-04-02 11:20:00 | DEBUG    | <<< 6,2,FullMaintMarginReq,9798.12,USD,DUO559526
2026-04-02 11:20:00 | DEBUG    | <<< 6,2,FullAvailableFunds,1025174.56,USD,DUO559526
2026-04-02 11:20:00 | DEBUG    | <<< 6,2,FullExcessLiquidity,1027287.55,USD,DUO559526
2026-04-02 11:20:00 | DEBUG    | <<< 8,1,11:20
2026-04-02 11:20:00 | DEBUG    | <<< 8,1,11:20
2026-04-02 11:20:00 | DEBUG    | <<< 8,1,11:20
2026-04-02 11:20:00 | DEBUG    | <<< 8,1,11:20
2026-04-02 11:20:00 | DEBUG    | <<< 73,1,397,DUO559526,,AvailableFunds,1028747.89,USD
2026-04-02 11:20:00 | DEBUG    | <<< 73,1,397,DUO559526,,AvailableFunds-C,375407.92,USD
2026-04-02 11:20:00 | DEBUG    | <<< 73,1,397,DUO559526,,BuyingPower,4120907.94,USD
2026-04-02 11:20:00 | DEBUG    | <<< 73,1,397,DUO559526,,EquityWithLoanValue,1030226.99,USD
2026-04-02 11:20:00 | DEBUG    | <<< 73,1,397,DUO559526,,EquityWithLoanValue-C,376887.02,USD
2026-04-02 11:20:00 | DEBUG    | <<< 73,1,397,DUO559526,,ExcessLiquidity,1030226.99,USD
2026-04-02 11:20:00 | DEBUG    | <<< 73,1,397,DUO559526,,ExcessLiquidity-C,376887.02,USD
2026-04-02 11:20:00 | DEBUG    | <<< 73,1,397,DUO559526,,FullAvailableFunds,1025174.56,USD
2026-04-02 11:20:00 | DEBUG    | <<< 73,1,397,DUO559526,,FullAvailableFunds-C,371834.59,USD
2026-04-02 11:20:00 | DEBUG    | <<< 73,1,397,DUO559526,,FullExcessLiquidity,1027287.55,USD
2026-04-02 11:20:00 | DEBUG    | <<< 73,1,397,DUO559526,,FullExcessLiquidity-C,373947.58,USD
2026-04-02 11:20:00 | DEBUG    | <<< 73,1,397,DUO559526,,FullInitMarginReq,11911.11,USD
2026-04-02 11:20:00 | DEBUG    | <<< 73,1,397,DUO559526,,FullInitMarginReq-C,11911.11,USD
2026-04-02 11:20:00 | DEBUG    | <<< 73,1,397,DUO559526,,FullMaintMarginReq,9798.12,USD
2026-04-02 11:20:00 | DEBUG    | <<< 73,1,397,DUO559526,,FullMaintMarginReq-C,9798.12,USD
2026-04-02 11:20:00 | DEBUG    | <<< 73,1,397,DUO559526,,InitMarginReq,8337.77,USD
2026-04-02 11:20:00 | DEBUG    | <<< 73,1,397,DUO559526,,InitMarginReq-C,8337.77,USD
2026-04-02 11:20:00 | DEBUG    | <<< 73,1,397,DUO559526,,LookAheadAvailableFunds,1025174.56,USD
2026-04-02 11:20:00 | DEBUG    | <<< 73,1,397,DUO559526,,LookAheadAvailableFunds-C,371834.59,USD
2026-04-02 11:20:00 | DEBUG    | <<< 73,1,397,DUO559526,,LookAheadExcessLiquidity,1027287.55,USD
2026-04-02 11:20:00 | DEBUG    | <<< 73,1,397,DUO559526,,LookAheadExcessLiquidity-C,373947.58,USD
2026-04-02 11:20:00 | DEBUG    | <<< 73,1,397,DUO559526,,LookAheadInitMarginReq,11911.11,USD
2026-04-02 11:20:00 | DEBUG    | <<< 73,1,397,DUO559526,,LookAheadInitMarginReq-C,11911.11,USD
2026-04-02 11:20:00 | DEBUG    | <<< 73,1,397,DUO559526,,LookAheadMaintMarginReq,9798.12,USD
2026-04-02 11:20:00 | DEBUG    | <<< 73,1,397,DUO559526,,LookAheadMaintMarginReq-C,9798.12,USD
2026-04-02 11:20:00 | DEBUG    | <<< 73,1,397,DUO559526,,MaintMarginReq,6858.68,USD
2026-04-02 11:20:00 | DEBUG    | <<< 73,1,397,DUO559526,,MaintMarginReq-C,6858.68,USD
2026-04-02 11:20:00 | DEBUG    | <<< 73,1,397,DUO559526,,NetLiquidation,1038824.69,USD
2026-04-02 11:20:00 | DEBUG    | <<< 73,1,397,DUO559526,,NetLiquidation-C,383745.70,USD
2026-04-02 11:20:00 | DEBUG    | <<< 73,1,397,DUO559526,,TotalCashValue,1037085.67,USD
2026-04-02 11:20:00 | DEBUG    | <<< 73,1,397,DUO559526,,TotalCashValue-C,383745.70,USD
2026-04-02 11:20:00 | DEBUG    | <<< 8,1,11:20
2026-04-02 11:20:00 | DEBUG    | <<< 6,2,CashBalance,1037085.667,USD,DUO559526
2026-04-02 11:20:00 | DEBUG    | <<< 6,2,TotalCashBalance,1037085.667,USD,DUO559526
2026-04-02 11:20:00 | DEBUG    | <<< 6,2,FuturesPNL,-19.04,USD,DUO559526
2026-04-02 11:20:00 | DEBUG    | <<< 6,2,NetLiquidationByCurrency,1038824.687,USD,DUO559526
2026-04-02 11:20:00 | DEBUG    | <<< 6,2,UnrealizedPnL,53.48,USD,DUO559526
2026-04-02 11:20:00 | DEBUG    | <<< 8,1,11:20
2026-04-02 11:20:00 | DEBUG    | <<< 8,1,11:20
2026-04-02 11:20:00 | DEBUG    | <<< 6,2,CashBalance,1037085.667,BASE,DUO559526
2026-04-02 11:20:00 | DEBUG    | <<< 6,2,TotalCashBalance,1037085.667,BASE,DUO559526
2026-04-02 11:20:00 | DEBUG    | <<< 6,2,FuturesPNL,-19.04,BASE,DUO559526
2026-04-02 11:20:00 | DEBUG    | <<< 6,2,NetLiquidationByCurrency,1038824.687,BASE,DUO559526
2026-04-02 11:20:00 | DEBUG    | <<< 6,2,UnrealizedPnL,53.48,BASE,DUO559526
2026-04-02 11:20:00 | DEBUG    | <<< 8,1,11:20
2026-04-02 11:20:00 | DEBUG    | <<< 8,1,11:20
2026-04-02 11:20:00 | DEBUG    | <<< 73,1,397,DUO559526,,AccountOrGroup,DUO559526,BASE
2026-04-02 11:20:00 | DEBUG    | <<< 73,1,397,DUO559526,,AccountOrGroup,DUO559526,USD
2026-04-02 11:20:00 | DEBUG    | <<< 73,1,397,DUO559526,,AccruedCash,1739.02,BASE
2026-04-02 11:20:00 | DEBUG    | <<< 73,1,397,DUO559526,,AccruedCash,1739.02,USD
2026-04-02 11:20:00 | DEBUG    | <<< 73,1,397,DUO559526,,CashBalance,1037085.667,BASE
2026-04-02 11:20:00 | DEBUG    | <<< 73,1,397,DUO559526,,CashBalance,1037085.667,USD
2026-04-02 11:20:00 | DEBUG    | <<< 73,1,397,DUO559526,,CorporateBondValue,0.00,BASE
2026-04-02 11:20:00 | DEBUG    | <<< 73,1,397,DUO559526,,CorporateBondValue,0.00,USD
2026-04-02 11:20:00 | DEBUG    | <<< 73,1,397,DUO559526,,Cryptocurrency,0.00,BASE
2026-04-02 11:20:00 | DEBUG    | <<< 73,1,397,DUO559526,,Cryptocurrency,0.00,USD
2026-04-02 11:20:00 | DEBUG    | <<< 73,1,397,DUO559526,,Currency,BASE,BASE
2026-04-02 11:20:00 | DEBUG    | <<< 73,1,397,DUO559526,,Currency,USD,USD
2026-04-02 11:20:00 | DEBUG    | <<< 73,1,397,DUO559526,,ExchangeRate,1.00,BASE
2026-04-02 11:20:00 | DEBUG    | <<< 73,1,397,DUO559526,,ExchangeRate,1.00,USD
2026-04-02 11:20:00 | DEBUG    | <<< 73,1,397,DUO559526,,FundValue,0.00,BASE
2026-04-02 11:20:00 | DEBUG    | <<< 73,1,397,DUO559526,,FundValue,0.00,USD
2026-04-02 11:20:00 | DEBUG    | <<< 73,1,397,DUO559526,,FutureOptionValue,0.00,BASE
2026-04-02 11:20:00 | DEBUG    | <<< 73,1,397,DUO559526,,FutureOptionValue,0.00,USD
2026-04-02 11:20:00 | DEBUG    | <<< 73,1,397,DUO559526,,FuturesPNL,-19.04,BASE
2026-04-02 11:20:00 | DEBUG    | <<< 73,1,397,DUO559526,,FuturesPNL,-19.04,USD
2026-04-02 11:20:00 | DEBUG    | <<< 73,1,397,DUO559526,,FxCashBalance,0.00,BASE
2026-04-02 11:20:00 | DEBUG    | <<< 73,1,397,DUO559526,,FxCashBalance,0.00,USD
2026-04-02 11:20:00 | DEBUG    | <<< 73,1,397,DUO559526,,IssuerOptionValue,0.00,BASE
2026-04-02 11:20:00 | DEBUG    | <<< 73,1,397,DUO559526,,IssuerOptionValue,0.00,USD
2026-04-02 11:20:00 | DEBUG    | <<< 73,1,397,DUO559526,,MoneyMarketFundValue,0.00,BASE
2026-04-02 11:20:00 | DEBUG    | <<< 73,1,397,DUO559526,,MoneyMarketFundValue,0.00,USD
2026-04-02 11:20:00 | DEBUG    | <<< 73,1,397,DUO559526,,MutualFundValue,0.00,BASE
2026-04-02 11:20:00 | DEBUG    | <<< 73,1,397,DUO559526,,MutualFundValue,0.00,USD
2026-04-02 11:20:00 | DEBUG    | <<< 73,1,397,DUO559526,,NetDividend,0.00,BASE
2026-04-02 11:20:00 | DEBUG    | <<< 73,1,397,DUO559526,,NetDividend,0.00,USD
2026-04-02 11:20:00 | DEBUG    | <<< 73,1,397,DUO559526,,NetLiquidationByCurrency,1038824.687,BASE
2026-04-02 11:20:00 | DEBUG    | <<< 73,1,397,DUO559526,,NetLiquidationByCurrency,1038824.687,USD
2026-04-02 11:20:00 | DEBUG    | <<< 73,1,397,DUO559526,,OptionMarketValue,0.00,BASE
2026-04-02 11:20:00 | DEBUG    | <<< 73,1,397,DUO559526,,OptionMarketValue,0.00,USD
2026-04-02 11:20:00 | DEBUG    | <<< 73,1,397,DUO559526,,RealCurrency,BASE,BASE
2026-04-02 11:20:00 | DEBUG    | <<< 73,1,397,DUO559526,,RealCurrency,USD,USD
2026-04-02 11:20:00 | DEBUG    | <<< 73,1,397,DUO559526,,RealizedPnL,0.00,BASE
2026-04-02 11:20:00 | DEBUG    | <<< 73,1,397,DUO559526,,RealizedPnL,0.00,USD
2026-04-02 11:20:00 | DEBUG    | <<< 73,1,397,DUO559526,,StockMarketValue,0.00,BASE
2026-04-02 11:20:00 | DEBUG    | <<< 73,1,397,DUO559526,,StockMarketValue,0.00,USD
2026-04-02 11:20:00 | DEBUG    | <<< 73,1,397,DUO559526,,TBillValue,0.00,BASE
2026-04-02 11:20:00 | DEBUG    | <<< 73,1,397,DUO559526,,TBillValue,0.00,USD
2026-04-02 11:20:00 | DEBUG    | <<< 73,1,397,DUO559526,,TBondValue,0.00,BASE
2026-04-02 11:20:00 | DEBUG    | <<< 73,1,397,DUO559526,,TBondValue,0.00,USD
2026-04-02 11:20:00 | DEBUG    | <<< 73,1,397,DUO559526,,TotalCashBalance,1037085.667,BASE
2026-04-02 11:20:00 | DEBUG    | <<< 73,1,397,DUO559526,,TotalCashBalance,1037085.667,USD
2026-04-02 11:20:00 | DEBUG    | <<< 73,1,397,DUO559526,,UnrealizedPnL,53.48,BASE
2026-04-02 11:20:00 | DEBUG    | <<< 73,1,397,DUO559526,,UnrealizedPnL,53.48,USD
2026-04-02 11:20:00 | DEBUG    | <<< 73,1,397,DUO559526,,WarrantValue,0.00,BASE
2026-04-02 11:20:00 | DEBUG    | <<< 73,1,397,DUO559526,,WarrantValue,0.00,USD
2026-04-02 11:20:00 | DEBUG    | <<< 7,8,770561194,MES,FUT,20260618,0,0,5,CME,USD,MESM6,MES,4,6616.79785155,132335.96,33070.62,53.48,0.0,DUO559526
2026-04-02 11:20:00 | INFO     | updatePortfolio: PortfolioItem(contract=Future(conId=770561194, symbol='MES', lastTradeDateOrContractMonth='20260618', right='0', multiplier='5', primaryExchange='CME', currency='USD', localSymbol='MESM6', tradingClass='MES'), position=4.0, marketPrice=6616.79785155, marketValue=132335.96, averageCost=33070.62, unrealizedPNL=53.48, realizedPNL=0.0, account='DUO559526')
2026-04-02 11:20:00 | DEBUG    | <<< 8,1,11:20
2026-04-02 11:20:05 | DEBUG    | <<< 50,3,402,1775143200,6616.75,6617.00,6614.00,6615.75,581,6615.509466437177,191
2026-04-02 11:20:10 | DEBUG    | <<< 50,3,402,1775143205,6615.50,6615.75,6614.25,6615.00,335,6615.00447761194,92
2026-04-02 11:20:15 | DEBUG    | <<< 50,3,402,1775143210,6615.00,6615.50,6615.00,6615.25,230,6615.219565217391,69
2026-04-02 11:20:20 | DEBUG    | <<< 50,3,402,1775143215,6615.00,6615.00,6612.00,6612.50,578,6613.316176470588,190
2026-04-02 11:20:25 | DEBUG    | <<< 50,3,402,1775143220,6612.25,6612.50,6611.00,6611.50,493,6611.547160243408,178
2026-04-02 11:20:30 | DEBUG    | <<< 50,3,402,1775143225,6611.50,6612.25,6610.50,6610.75,465,6611.444086021505,148
2026-04-02 11:20:35 | DEBUG    | <<< 50,3,402,1775143230,6611.00,6611.25,6610.25,6610.75,383,6610.72454308094,115
2026-04-02 11:20:40 | DEBUG    | <<< 50,3,402,1775143235,6611.00,6611.25,6610.00,6610.00,351,6610.695868945869,122
2026-04-02 11:20:45 | DEBUG    | <<< 50,3,402,1775143240,6610.25,6610.25,6607.25,6607.75,715,6608.992657342657,216
2026-04-02 11:20:50 | DEBUG    | <<< 50,3,402,1775143245,6607.75,6608.25,6606.75,6608.25,348,6607.551005747126,122
2026-04-02 11:20:55 | DEBUG    | <<< 50,3,402,1775143250,6608.25,6610.25,6608.25,6610.00,494,6609.676619433198,185
2026-04-02 11:21:00 | DEBUG    | <<< 50,3,402,1775143255,6609.75,6609.75,6608.75,6609.50,700,6609.101428571429,161
2026-04-02 11:21:05 | DEBUG    | <<< 50,3,402,1775143260,6609.50,6611.25,6609.25,6610.25,424,6610.508254716981,146
2026-04-02 11:21:10 | DEBUG    | <<< 50,3,402,1775143265,6610.25,6610.50,6608.50,6609.25,545,6609.503669724771,143
2026-04-02 11:21:15 | DEBUG    | <<< 50,3,402,1775143270,6609.25,6609.75,6608.50,6609.25,472,6609.135593220339,133
2026-04-02 11:21:20 | DEBUG    | <<< 50,3,402,1775143275,6609.50,6609.50,6608.25,6609.25,202,6609.033415841584,78
2026-04-02 11:21:25 | DEBUG    | <<< 50,3,402,1775143280,6609.25,6609.25,6605.50,6606.00,833,6606.801920768307,229
2026-04-02 11:21:30 | DEBUG    | <<< 50,3,402,1775143285,6606.00,6606.50,6605.00,6605.25,567,6605.709435626102,188
2026-04-02 11:21:35 | DEBUG    | <<< 50,3,402,1775143290,6605.25,6605.50,6604.00,6605.25,724,6604.806629834254,215
2026-04-02 11:21:40 | DEBUG    | <<< 50,3,402,1775143295,6605.25,6606.75,6605.25,6605.50,415,6605.843373493976,141
2026-04-02 11:21:45 | DEBUG    | <<< 50,3,402,1775143300,6605.25,6607.00,6605.25,6606.50,566,6605.905477031802,146
2026-04-02 11:21:50 | DEBUG    | <<< 50,3,402,1775143305,6606.75,6606.75,6605.00,6606.00,334,6605.697604790419,105
2026-04-02 11:21:55 | DEBUG    | <<< 50,3,402,1775143310,6606.25,6608.50,6606.25,6608.00,325,6607.089230769231,110
2026-04-02 11:22:00 | DEBUG    | <<< 50,3,402,1775143315,6608.25,6609.00,6607.75,6608.50,307,6608.46335504886,116
2026-04-02 11:22:05 | DEBUG    | <<< 50,3,402,1775143320,6608.25,6610.25,6607.50,6610.25,541,6608.865064695009,187
2026-04-02 11:22:10 | DEBUG    | <<< 50,3,402,1775143325,6610.25,6611.75,6610.25,6610.50,357,6610.935574229692,148
2026-04-02 11:22:15 | DEBUG    | <<< 50,3,402,1775143330,6610.50,6610.50,6609.00,6609.25,193,6609.95725388601,83
2026-04-02 11:22:20 | DEBUG    | <<< 50,3,402,1775143335,6609.50,6610.00,6608.25,6608.75,246,6608.994918699187,79
2026-04-02 11:22:25 | DEBUG    | <<< 50,3,402,1775143340,6608.50,6608.50,6606.75,6607.25,224,6607.405133928571,86
2026-04-02 11:22:30 | DEBUG    | <<< 50,3,402,1775143345,6607.25,6607.50,6606.50,6607.50,201,6607.174129353234,81
2026-04-02 11:22:36 | DEBUG    | <<< 50,3,402,1775143350,6607.75,6607.75,6606.75,6606.75,193,6607.163212435233,79
2026-04-02 11:22:40 | DEBUG    | <<< 50,3,402,1775143355,6606.75,6608.00,6606.50,6607.75,228,6606.992324561404,63
2026-04-02 11:22:45 | DEBUG    | <<< 50,3,402,1775143360,6607.50,6607.75,6606.00,6606.00,177,6607,62
2026-04-02 11:22:50 | DEBUG    | <<< 50,3,402,1775143365,6606.50,6606.50,6604.00,6604.00,682,6605.263563049853,182
2026-04-02 11:22:55 | DEBUG    | <<< 50,3,402,1775143370,6604.00,6605.00,6604.00,6604.25,488,6604.350409836066,141
2026-04-02 11:23:00 | DEBUG    | <<< 50,3,402,1775143375,6604.25,6605.50,6604.00,6604.75,367,6604.758174386921,114
2026-04-02 11:23:00 | DEBUG    | <<< 6,2,DayTradingStatus-S,::false:1029996.67::false,,DUO559526
2026-04-02 11:23:00 | DEBUG    | <<< 6,2,SettledCashByDate-C,20260402:383764.74;20260403:383502.94312501,,DUO559526
2026-04-02 11:23:00 | DEBUG    | <<< 6,2,SettledCashByDate,20260402:1037104.71;20260403:1036842.91312501,,DUO559526
2026-04-02 11:23:00 | DEBUG    | <<< 6,2,Cushion,0.991734,,DUO559526
2026-04-02 11:23:00 | DEBUG    | <<< 8,1,11:23
2026-04-02 11:23:00 | DEBUG    | <<< 8,1,11:23
2026-04-02 11:23:00 | DEBUG    | <<< 8,1,11:23
2026-04-02 11:23:00 | DEBUG    | <<< 8,1,11:23
2026-04-02 11:23:00 | DEBUG    | <<< 73,1,397,DUO559526,,Cushion,0.991734,
2026-04-02 11:23:00 | DEBUG    | <<< 73,1,397,DUO559526,,DayTradingStatus-S,::false:1029996.67::false,
2026-04-02 11:23:00 | DEBUG    | <<< 73,1,397,DUO559526,,SettledCashByDate,20260402:1037104.71;20260403:1036842.91312501,
2026-04-02 11:23:00 | DEBUG    | <<< 73,1,397,DUO559526,,SettledCashByDate-C,20260402:383764.74;20260403:383502.94312501,
2026-04-02 11:23:00 | DEBUG    | <<< 8,1,11:23
2026-04-02 11:23:00 | DEBUG    | <<< 6,2,EquityWithLoanValue-C,376656.70,USD,DUO559526
2026-04-02 11:23:00 | DEBUG    | <<< 6,2,NetLiquidation-C,383502.94,USD,DUO559526
2026-04-02 11:23:00 | DEBUG    | <<< 6,2,TotalCashValue-C,383502.94,USD,DUO559526
2026-04-02 11:23:00 | DEBUG    | <<< 6,2,EquityWithLoanValue,1029996.67,USD,DUO559526
2026-04-02 11:23:00 | DEBUG    | <<< 6,2,NetLiquidation,1038581.93,USD,DUO559526
2026-04-02 11:23:00 | DEBUG    | <<< 6,2,TotalCashValue,1036842.91,USD,DUO559526
2026-04-02 11:23:00 | DEBUG    | <<< 6,2,BuyingPower,4119986.68,USD,DUO559526
2026-04-02 11:23:00 | DEBUG    | <<< 6,2,InitMarginReq-C,8320.73,USD,DUO559526
2026-04-02 11:23:00 | DEBUG    | <<< 6,2,MaintMarginReq-C,6846.24,USD,DUO559526
2026-04-02 11:23:00 | DEBUG    | <<< 6,2,AvailableFunds-C,375182.22,USD,DUO559526
2026-04-02 11:23:00 | DEBUG    | <<< 6,2,ExcessLiquidity-C,376656.70,USD,DUO559526
2026-04-02 11:23:00 | DEBUG    | <<< 6,2,InitMarginReq,8320.73,USD,DUO559526
2026-04-02 11:23:00 | DEBUG    | <<< 6,2,MaintMarginReq,6846.24,USD,DUO559526
2026-04-02 11:23:00 | DEBUG    | <<< 6,2,AvailableFunds,1028522.19,USD,DUO559526
2026-04-02 11:23:00 | DEBUG    | <<< 6,2,ExcessLiquidity,1029996.67,USD,DUO559526
2026-04-02 11:23:00 | DEBUG    | <<< 6,2,LookAheadInitMarginReq-C,11886.75,USD,DUO559526
2026-04-02 11:23:00 | DEBUG    | <<< 6,2,LookAheadMaintMarginReq-C,9780.35,USD,DUO559526
2026-04-02 11:23:00 | DEBUG    | <<< 6,2,LookAheadAvailableFunds-C,371616.19,USD,DUO559526
2026-04-02 11:23:00 | DEBUG    | <<< 6,2,LookAheadExcessLiquidity-C,373722.60,USD,DUO559526
2026-04-02 11:23:00 | DEBUG    | <<< 6,2,LookAheadInitMarginReq,11886.75,USD,DUO559526
2026-04-02 11:23:00 | DEBUG    | <<< 6,2,LookAheadMaintMarginReq,9780.35,USD,DUO559526
2026-04-02 11:23:00 | DEBUG    | <<< 6,2,LookAheadAvailableFunds,1024956.16,USD,DUO559526
2026-04-02 11:23:00 | DEBUG    | <<< 6,2,LookAheadExcessLiquidity,1027062.57,USD,DUO559526
2026-04-02 11:23:00 | DEBUG    | <<< 6,2,FullInitMarginReq-C,11886.75,USD,DUO559526
2026-04-02 11:23:00 | DEBUG    | <<< 6,2,FullMaintMarginReq-C,9780.35,USD,DUO559526
2026-04-02 11:23:00 | DEBUG    | <<< 6,2,FullAvailableFunds-C,371616.19,USD,DUO559526
2026-04-02 11:23:00 | DEBUG    | <<< 6,2,FullExcessLiquidity-C,373722.60,USD,DUO559526
2026-04-02 11:23:00 | DEBUG    | <<< 6,2,FullInitMarginReq,11886.75,USD,DUO559526
2026-04-02 11:23:00 | DEBUG    | <<< 6,2,FullMaintMarginReq,9780.35,USD,DUO559526
2026-04-02 11:23:00 | DEBUG    | <<< 6,2,FullAvailableFunds,1024956.16,USD,DUO559526
2026-04-02 11:23:00 | DEBUG    | <<< 6,2,FullExcessLiquidity,1027062.57,USD,DUO559526
2026-04-02 11:23:00 | DEBUG    | <<< 8,1,11:23
2026-04-02 11:23:00 | DEBUG    | <<< 8,1,11:23
2026-04-02 11:23:00 | DEBUG    | <<< 8,1,11:23
2026-04-02 11:23:00 | DEBUG    | <<< 8,1,11:23
2026-04-02 11:23:00 | DEBUG    | <<< 73,1,397,DUO559526,,AvailableFunds,1028522.19,USD
2026-04-02 11:23:00 | DEBUG    | <<< 73,1,397,DUO559526,,AvailableFunds-C,375182.22,USD
2026-04-02 11:23:00 | DEBUG    | <<< 73,1,397,DUO559526,,BuyingPower,4119986.68,USD
2026-04-02 11:23:00 | DEBUG    | <<< 73,1,397,DUO559526,,EquityWithLoanValue,1029996.67,USD
2026-04-02 11:23:00 | DEBUG    | <<< 73,1,397,DUO559526,,EquityWithLoanValue-C,376656.70,USD
2026-04-02 11:23:00 | DEBUG    | <<< 73,1,397,DUO559526,,ExcessLiquidity,1029996.67,USD
2026-04-02 11:23:00 | DEBUG    | <<< 73,1,397,DUO559526,,ExcessLiquidity-C,376656.70,USD
2026-04-02 11:23:00 | DEBUG    | <<< 73,1,397,DUO559526,,FullAvailableFunds,1024956.16,USD
2026-04-02 11:23:00 | DEBUG    | <<< 73,1,397,DUO559526,,FullAvailableFunds-C,371616.19,USD
2026-04-02 11:23:00 | DEBUG    | <<< 73,1,397,DUO559526,,FullExcessLiquidity,1027062.57,USD
2026-04-02 11:23:00 | DEBUG    | <<< 73,1,397,DUO559526,,FullExcessLiquidity-C,373722.60,USD
2026-04-02 11:23:00 | DEBUG    | <<< 73,1,397,DUO559526,,FullInitMarginReq,11886.75,USD
2026-04-02 11:23:00 | DEBUG    | <<< 73,1,397,DUO559526,,FullInitMarginReq-C,11886.75,USD
2026-04-02 11:23:00 | DEBUG    | <<< 73,1,397,DUO559526,,FullMaintMarginReq,9780.35,USD
2026-04-02 11:23:00 | DEBUG    | <<< 73,1,397,DUO559526,,FullMaintMarginReq-C,9780.35,USD
2026-04-02 11:23:00 | DEBUG    | <<< 73,1,397,DUO559526,,InitMarginReq,8320.73,USD
2026-04-02 11:23:00 | DEBUG    | <<< 73,1,397,DUO559526,,InitMarginReq-C,8320.73,USD
2026-04-02 11:23:00 | DEBUG    | <<< 73,1,397,DUO559526,,LookAheadAvailableFunds,1024956.16,USD
2026-04-02 11:23:00 | DEBUG    | <<< 73,1,397,DUO559526,,LookAheadAvailableFunds-C,371616.19,USD
2026-04-02 11:23:00 | DEBUG    | <<< 73,1,397,DUO559526,,LookAheadExcessLiquidity,1027062.57,USD
2026-04-02 11:23:00 | DEBUG    | <<< 73,1,397,DUO559526,,LookAheadExcessLiquidity-C,373722.60,USD
2026-04-02 11:23:00 | DEBUG    | <<< 73,1,397,DUO559526,,LookAheadInitMarginReq,11886.75,USD
2026-04-02 11:23:00 | DEBUG    | <<< 73,1,397,DUO559526,,LookAheadInitMarginReq-C,11886.75,USD
2026-04-02 11:23:00 | DEBUG    | <<< 73,1,397,DUO559526,,LookAheadMaintMarginReq,9780.35,USD
2026-04-02 11:23:00 | DEBUG    | <<< 73,1,397,DUO559526,,LookAheadMaintMarginReq-C,9780.35,USD
2026-04-02 11:23:00 | DEBUG    | <<< 73,1,397,DUO559526,,MaintMarginReq,6846.24,USD
2026-04-02 11:23:00 | DEBUG    | <<< 73,1,397,DUO559526,,MaintMarginReq-C,6846.24,USD
2026-04-02 11:23:00 | DEBUG    | <<< 73,1,397,DUO559526,,NetLiquidation,1038581.93,USD
2026-04-02 11:23:00 | DEBUG    | <<< 73,1,397,DUO559526,,NetLiquidation-C,383502.94,USD
2026-04-02 11:23:00 | DEBUG    | <<< 73,1,397,DUO559526,,TotalCashValue,1036842.91,USD
2026-04-02 11:23:00 | DEBUG    | <<< 73,1,397,DUO559526,,TotalCashValue-C,383502.94,USD
2026-04-02 11:23:00 | DEBUG    | <<< 8,1,11:23
2026-04-02 11:23:00 | DEBUG    | <<< 6,2,CashBalance,1036842.9131,USD,DUO559526
2026-04-02 11:23:00 | DEBUG    | <<< 6,2,TotalCashBalance,1036842.9131,USD,DUO559526
2026-04-02 11:23:00 | DEBUG    | <<< 6,2,FuturesPNL,-261.80,USD,DUO559526
2026-04-02 11:23:00 | DEBUG    | <<< 6,2,NetLiquidationByCurrency,1038581.9331,USD,DUO559526
2026-04-02 11:23:00 | DEBUG    | <<< 6,2,UnrealizedPnL,-189.28,USD,DUO559526
2026-04-02 11:23:00 | DEBUG    | <<< 8,1,11:23
2026-04-02 11:23:00 | DEBUG    | <<< 8,1,11:23
2026-04-02 11:23:00 | DEBUG    | <<< 6,2,CashBalance,1036842.9131,BASE,DUO559526
2026-04-02 11:23:00 | DEBUG    | <<< 6,2,TotalCashBalance,1036842.9131,BASE,DUO559526
2026-04-02 11:23:00 | DEBUG    | <<< 6,2,FuturesPNL,-261.80,BASE,DUO559526
2026-04-02 11:23:00 | DEBUG    | <<< 6,2,NetLiquidationByCurrency,1038581.9331,BASE,DUO559526
2026-04-02 11:23:00 | DEBUG    | <<< 6,2,UnrealizedPnL,-189.28,BASE,DUO559526
2026-04-02 11:23:00 | DEBUG    | <<< 8,1,11:23
2026-04-02 11:23:00 | DEBUG    | <<< 8,1,11:23
2026-04-02 11:23:00 | DEBUG    | <<< 73,1,397,DUO559526,,AccountOrGroup,DUO559526,BASE
2026-04-02 11:23:00 | DEBUG    | <<< 73,1,397,DUO559526,,AccountOrGroup,DUO559526,USD
2026-04-02 11:23:00 | DEBUG    | <<< 73,1,397,DUO559526,,AccruedCash,1739.02,BASE
2026-04-02 11:23:00 | DEBUG    | <<< 73,1,397,DUO559526,,AccruedCash,1739.02,USD
2026-04-02 11:23:00 | DEBUG    | <<< 73,1,397,DUO559526,,CashBalance,1036842.9131,BASE
2026-04-02 11:23:00 | DEBUG    | <<< 73,1,397,DUO559526,,CashBalance,1036842.9131,USD
2026-04-02 11:23:00 | DEBUG    | <<< 73,1,397,DUO559526,,CorporateBondValue,0.00,BASE
2026-04-02 11:23:00 | DEBUG    | <<< 73,1,397,DUO559526,,CorporateBondValue,0.00,USD
2026-04-02 11:23:00 | DEBUG    | <<< 73,1,397,DUO559526,,Cryptocurrency,0.00,BASE
2026-04-02 11:23:00 | DEBUG    | <<< 73,1,397,DUO559526,,Cryptocurrency,0.00,USD
2026-04-02 11:23:00 | DEBUG    | <<< 73,1,397,DUO559526,,Currency,BASE,BASE
2026-04-02 11:23:00 | DEBUG    | <<< 73,1,397,DUO559526,,Currency,USD,USD
2026-04-02 11:23:00 | DEBUG    | <<< 73,1,397,DUO559526,,ExchangeRate,1.00,BASE
2026-04-02 11:23:00 | DEBUG    | <<< 73,1,397,DUO559526,,ExchangeRate,1.00,USD
2026-04-02 11:23:00 | DEBUG    | <<< 73,1,397,DUO559526,,FundValue,0.00,BASE
2026-04-02 11:23:00 | DEBUG    | <<< 73,1,397,DUO559526,,FundValue,0.00,USD
2026-04-02 11:23:00 | DEBUG    | <<< 73,1,397,DUO559526,,FutureOptionValue,0.00,BASE
2026-04-02 11:23:00 | DEBUG    | <<< 73,1,397,DUO559526,,FutureOptionValue,0.00,USD
2026-04-02 11:23:00 | DEBUG    | <<< 73,1,397,DUO559526,,FuturesPNL,-261.80,BASE
2026-04-02 11:23:00 | DEBUG    | <<< 73,1,397,DUO559526,,FuturesPNL,-261.80,USD
2026-04-02 11:23:00 | DEBUG    | <<< 73,1,397,DUO559526,,FxCashBalance,0.00,BASE
2026-04-02 11:23:00 | DEBUG    | <<< 73,1,397,DUO559526,,FxCashBalance,0.00,USD
2026-04-02 11:23:00 | DEBUG    | <<< 73,1,397,DUO559526,,IssuerOptionValue,0.00,BASE
2026-04-02 11:23:00 | DEBUG    | <<< 73,1,397,DUO559526,,IssuerOptionValue,0.00,USD
2026-04-02 11:23:00 | DEBUG    | <<< 73,1,397,DUO559526,,MoneyMarketFundValue,0.00,BASE
2026-04-02 11:23:00 | DEBUG    | <<< 73,1,397,DUO559526,,MoneyMarketFundValue,0.00,USD
2026-04-02 11:23:00 | DEBUG    | <<< 73,1,397,DUO559526,,MutualFundValue,0.00,BASE
2026-04-02 11:23:00 | DEBUG    | <<< 73,1,397,DUO559526,,MutualFundValue,0.00,USD
2026-04-02 11:23:00 | DEBUG    | <<< 73,1,397,DUO559526,,NetDividend,0.00,BASE
2026-04-02 11:23:00 | DEBUG    | <<< 73,1,397,DUO559526,,NetDividend,0.00,USD
2026-04-02 11:23:00 | DEBUG    | <<< 73,1,397,DUO559526,,NetLiquidationByCurrency,1038581.9331,BASE
2026-04-02 11:23:00 | DEBUG    | <<< 73,1,397,DUO559526,,NetLiquidationByCurrency,1038581.9331,USD
2026-04-02 11:23:00 | DEBUG    | <<< 73,1,397,DUO559526,,OptionMarketValue,0.00,BASE
2026-04-02 11:23:00 | DEBUG    | <<< 73,1,397,DUO559526,,OptionMarketValue,0.00,USD
2026-04-02 11:23:00 | DEBUG    | <<< 73,1,397,DUO559526,,RealCurrency,BASE,BASE
2026-04-02 11:23:00 | DEBUG    | <<< 73,1,397,DUO559526,,RealCurrency,USD,USD
2026-04-02 11:23:00 | DEBUG    | <<< 73,1,397,DUO559526,,RealizedPnL,0.00,BASE
2026-04-02 11:23:00 | DEBUG    | <<< 73,1,397,DUO559526,,RealizedPnL,0.00,USD
2026-04-02 11:23:00 | DEBUG    | <<< 73,1,397,DUO559526,,StockMarketValue,0.00,BASE
2026-04-02 11:23:00 | DEBUG    | <<< 73,1,397,DUO559526,,StockMarketValue,0.00,USD
2026-04-02 11:23:00 | DEBUG    | <<< 73,1,397,DUO559526,,TBillValue,0.00,BASE
2026-04-02 11:23:00 | DEBUG    | <<< 73,1,397,DUO559526,,TBillValue,0.00,USD
2026-04-02 11:23:00 | DEBUG    | <<< 73,1,397,DUO559526,,TBondValue,0.00,BASE
2026-04-02 11:23:00 | DEBUG    | <<< 73,1,397,DUO559526,,TBondValue,0.00,USD
2026-04-02 11:23:00 | DEBUG    | <<< 73,1,397,DUO559526,,TotalCashBalance,1036842.9131,BASE
2026-04-02 11:23:00 | DEBUG    | <<< 73,1,397,DUO559526,,TotalCashBalance,1036842.9131,USD
2026-04-02 11:23:00 | DEBUG    | <<< 73,1,397,DUO559526,,UnrealizedPnL,-189.28,BASE
2026-04-02 11:23:00 | DEBUG    | <<< 73,1,397,DUO559526,,UnrealizedPnL,-189.28,USD
2026-04-02 11:23:00 | DEBUG    | <<< 73,1,397,DUO559526,,WarrantValue,0.00,BASE
2026-04-02 11:23:00 | DEBUG    | <<< 73,1,397,DUO559526,,WarrantValue,0.00,USD
2026-04-02 11:23:00 | DEBUG    | <<< 7,8,770561194,MES,FUT,20260618,0,0,5,CME,USD,MESM6,MES,4,6604.66015625,132093.2,33070.62,-189.28,0.0,DUO559526
2026-04-02 11:23:00 | INFO     | updatePortfolio: PortfolioItem(contract=Future(conId=770561194, symbol='MES', lastTradeDateOrContractMonth='20260618', right='0', multiplier='5', primaryExchange='CME', currency='USD', localSymbol='MESM6', tradingClass='MES'), position=4.0, marketPrice=6604.66015625, marketValue=132093.2, averageCost=33070.62, unrealizedPNL=-189.28, realizedPNL=0.0, account='DUO559526')
2026-04-02 11:23:00 | DEBUG    | <<< 8,1,11:23
2026-04-02 11:23:05 | DEBUG    | <<< 50,3,402,1775143380,6604.75,6606.25,6604.75,6605.50,295,6605.731355932203,125
2026-04-02 11:23:10 | DEBUG    | <<< 50,3,402,1775143385,6605.75,6606.50,6605.25,6606.00,278,6605.875,86
2026-04-02 11:23:15 | DEBUG    | <<< 50,3,402,1775143390,6606.25,6607.25,6606.25,6607.25,392,6606.751913265306,120
2026-04-02 11:23:20 | DEBUG    | <<< 50,3,402,1775143395,6607.25,6608.25,6607.00,6608.00,323,6607.546439628483,117
2026-04-02 11:23:25 | DEBUG    | <<< 50,3,402,1775143400,6608.00,6608.75,6607.50,6608.00,293,6608.04180887372,87
2026-04-02 11:23:30 | DEBUG    | <<< 50,3,402,1775143405,6608.00,6608.00,6606.50,6608.00,328,6607.319359756098,106
2026-04-02 11:23:35 | DEBUG    | <<< 50,3,402,1775143410,6607.75,6607.75,6607.25,6607.50,151,6607.572847682119,51
2026-04-02 11:23:40 | DEBUG    | <<< 50,3,402,1775143415,6607.50,6608.50,6607.00,6607.75,187,6607.701871657754,72
2026-04-02 11:23:45 | DEBUG    | <<< 50,3,402,1775143420,6607.75,6608.50,6605.50,6605.75,336,6606.921130952381,84
2026-04-02 11:23:50 | DEBUG    | <<< 50,3,402,1775143425,6605.50,6606.25,6605.00,6605.50,425,6605.582941176471,106
2026-04-02 11:23:55 | DEBUG    | <<< 50,3,402,1775143430,6605.50,6607.75,6605.25,6606.75,854,6606.804742388759,295
2026-04-02 11:24:00 | DEBUG    | <<< 50,3,402,1775143435,6606.75,6607.50,6606.00,6607.25,494,6606.914473684211,107
2026-04-02 11:24:05 | DEBUG    | <<< 50,3,402,1775143440,6607.00,6609.50,6607.00,6609.50,524,6608.05391221374,186
2026-04-02 11:24:10 | DEBUG    | <<< 50,3,402,1775143445,6609.25,6610.50,6609.00,6609.50,601,6609.734608985025,213
2026-04-02 11:24:15 | DEBUG    | <<< 50,3,402,1775143450,6609.50,6610.25,6609.25,6610.00,313,6609.645367412141,95
2026-04-02 11:24:20 | DEBUG    | <<< 50,3,402,1775143455,6609.75,6610.00,6609.00,6609.25,378,6609.406746031746,106
2026-04-02 11:24:25 | DEBUG    | <<< 50,3,402,1775143460,6609.25,6610.00,6609.00,6609.75,221,6609.658371040724,72
2026-04-02 11:24:30 | DEBUG    | <<< 50,3,402,1775143465,6609.50,6610.50,6609.25,6610.25,276,6610.013586956522,114
2026-04-02 11:24:35 | DEBUG    | <<< 50,3,402,1775143470,6610.00,6610.00,6609.25,6609.25,308,6609.643668831169,124
2026-04-02 11:24:40 | DEBUG    | <<< 50,3,402,1775143475,6609.50,6611.00,6609.50,6610.50,338,6610.470414201183,107
2026-04-02 11:24:45 | DEBUG    | <<< 50,3,402,1775143480,6610.50,6613.75,6610.25,6613.25,629,6612.455087440382,196
2026-04-02 11:24:50 | DEBUG    | <<< 50,3,402,1775143485,6613.25,6613.25,6610.75,6611.00,356,6611.716994382022,146
2026-04-02 11:24:55 | DEBUG    | <<< 50,3,402,1775143490,6611.25,6612.00,6610.75,6611.75,243,6611.42695473251,79
2026-04-02 11:25:00 | DEBUG    | <<< 50,3,402,1775143495,6612.00,6612.75,6611.50,6611.75,252,6612.083333333333,80
2026-04-02 11:25:05 | DEBUG    | <<< 50,3,402,1775143500,6611.75,6612.25,6610.50,6611.00,285,6611.528070175439,106
2026-04-02 11:25:05 | DEBUG    | >>> 3,403,649180678,ES,FUT,20260618,0.0,,50,CME,,USD,ESM6,ES,,,BUY,10,LMT,6611.75,,DAY,,,O,0,,1,0,0,0,0,0,0,0,,0.0,,,,,,,,0,,-1,0,,,0,,,0,0,,0,,,,,,0,,,,,0,,,,,,,,,,,0,,,0,0,,,0,,0,0,0,0,,,,,,,0,,,,,,,,,0,0,0,0,,,0,,
2026-04-02 11:25:05 | INFO     | placeOrder: New order Trade(contract=Contract(secType='FUT', conId=649180678, symbol='ES', lastTradeDateOrContractMonth='20260618', multiplier='50', exchange='CME', currency='USD', localSymbol='ESM6', tradingClass='ES'), order=Order(orderId=403, clientId=10, action='BUY', totalQuantity=10, orderType='LMT', lmtPrice=6611.75, tif='DAY'), orderStatus=OrderStatus(orderId=403, status='PendingSubmit', filled=0.0, remaining=0.0, avgFillPrice=0.0, permId=0, parentId=0, lastFillPrice=0.0, clientId=0, whyHeld='', mktCapPrice=0.0), fills=[], log=[TradeLogEntry(time=datetime.datetime(2026, 4, 2, 15, 25, 5, 310168, tzinfo=datetime.timezone.utc), status='PendingSubmit', message='', errorCode=0)], advancedError='')
2026-04-02 11:25:05 | DEBUG    | <<< 5,403,649180678,ES,FUT,20260618,0,?,50,CME,USD,ESM6,ES,BUY,10,LMT,6611.75,0.0,DAY,,DUO559526,O,0,,10,1721858117,0,0,0,,1721858117.0/DUO559526/100,,,,,,,,,,0,,-1,0,,,,,,2147483647,0,0,0,,3,0,0,,0,0,,0,None,,0,,,,?,0,0,,0,0,,,,,,0,0,0,2147483647,2147483647,,,0,,IB,0,0,,0,0,PreSubmitted,1.7976931348623157E308,1.7976931348623157E308,1.7976931348623157E308,1.7976931348623157E308,1.7976931348623157E308,1.7976931348623157E308,1.7976931348623157E308,1.7976931348623157E308,1.7976931348623157E308,,,,,,0,0,0,None,1.7976931348623157E308,6612.75,1.7976931348623157E308,1.7976931348623157E308,1.7976931348623157E308,1.7976931348623157E308,0,,,,0,1,0,0,0,,,0,,,,,
2026-04-02 11:25:05 | DEBUG    | <<< 3,403,PreSubmitted,0,10,0,1721858117,0,0,10,,0
2026-04-02 11:25:05 | INFO     | orderStatus: Trade(contract=Contract(secType='FUT', conId=649180678, symbol='ES', lastTradeDateOrContractMonth='20260618', multiplier='50', exchange='CME', currency='USD', localSymbol='ESM6', tradingClass='ES'), order=Order(orderId=403, clientId=10, permId=1721858117, action='BUY', totalQuantity=10.0, orderType='LMT', lmtPrice=6611.75, auxPrice=0.0, tif='DAY'), orderStatus=OrderStatus(orderId=403, status='PreSubmitted', filled=0.0, remaining=10.0, avgFillPrice=0.0, permId=1721858117, parentId=0, lastFillPrice=0.0, clientId=10, whyHeld='', mktCapPrice=0.0), fills=[], log=[TradeLogEntry(time=datetime.datetime(2026, 4, 2, 15, 25, 5, 310168, tzinfo=datetime.timezone.utc), status='PendingSubmit', message='', errorCode=0), TradeLogEntry(time=datetime.datetime(2026, 4, 2, 15, 25, 5, 497339, tzinfo=datetime.timezone.utc), status='PreSubmitted', message='', errorCode=0)], advancedError='')
2026-04-02 11:25:05 | DEBUG    | <<< 61,3,DUO559526,649180678,ES,FUT,20260618,0.0,,50,,USD,ESM6,ES,10,330550.0
2026-04-02 11:25:05 | INFO     | position: Position(account='DUO559526', contract=Future(conId=649180678, symbol='ES', lastTradeDateOrContractMonth='20260618', multiplier='50', currency='USD', localSymbol='ESM6', tradingClass='ES'), position=10.0, avgCost=330550.0)
2026-04-02 11:25:05 | DEBUG    | <<< 11,-1,403,649180678,ES,FUT,20260618,0.0,,50,CME,USD,ESM6,ES,0000e1a7.69d339dc.01.01,20260402-15:25:05,DUO559526,CME,BOT,10,6611.00,1721858117,10,0,10,6611.00,,,,,1
2026-04-02 11:25:05 | INFO     | execDetails Execution(execId='0000e1a7.69d339dc.01.01', time=datetime.datetime(2026, 4, 2, 19, 25, 5, tzinfo=datetime.timezone.utc), acctNumber='DUO559526', exchange='CME', side='BOT', shares=10.0, price=6611.0, permId=1721858117, clientId=10, orderId=403, liquidation=0, cumQty=10.0, avgPrice=6611.0, orderRef='', evRule='', evMultiplier=0.0, modelCode='', lastLiquidity=1)
2026-04-02 11:25:05 | INFO     | execDetails: Fill(contract=Contract(secType='FUT', conId=649180678, symbol='ES', lastTradeDateOrContractMonth='20260618', multiplier='50', exchange='CME', currency='USD', localSymbol='ESM6', tradingClass='ES'), execution=Execution(execId='0000e1a7.69d339dc.01.01', time=datetime.datetime(2026, 4, 2, 19, 25, 5, tzinfo=datetime.timezone.utc), acctNumber='DUO559526', exchange='CME', side='BOT', shares=10.0, price=6611.0, permId=1721858117, clientId=10, orderId=403, liquidation=0, cumQty=10.0, avgPrice=6611.0, orderRef='', evRule='', evMultiplier=0.0, modelCode='', lastLiquidity=1), commissionReport=CommissionReport(execId='', commission=0.0, currency='', realizedPNL=0.0, yield_=0.0, yieldRedemptionDate=0), time=datetime.datetime(2026, 4, 2, 15, 25, 5, 784569, tzinfo=datetime.timezone.utc))
2026-04-02 11:25:05 | DEBUG    | <<< 5,403,649180678,ES,FUT,20260618,0,?,50,CME,USD,ESM6,ES,BUY,10,LMT,6611.75,0.0,DAY,,DUO559526,O,0,,10,1721858117,0,0,0,,1721858117.0/DUO559526/100,,,,,,,,,,0,,-1,0,,,,,,2147483647,0,0,0,,3,0,0,,0,0,,0,None,,0,,,,?,0,0,,0,0,,,,,,0,0,0,2147483647,2147483647,,,0,,IB,0,0,,0,0,Filled,1.7976931348623157E308,1.7976931348623157E308,1.7976931348623157E308,1.7976931348623157E308,1.7976931348623157E308,1.7976931348623157E308,1.7976931348623157E308,1.7976931348623157E308,1.7976931348623157E308,,,,,,0,0,0,None,1.7976931348623157E308,6612.75,1.7976931348623157E308,1.7976931348623157E308,1.7976931348623157E308,1.7976931348623157E308,0,,,,0,1,0,0,0,,,0,,,,,
2026-04-02 11:25:05 | DEBUG    | <<< 3,403,Filled,10,0,6611.00,1721858117,0,6611.00,10,,0
2026-04-02 11:25:05 | INFO     | orderStatus: Trade(contract=Contract(secType='FUT', conId=649180678, symbol='ES', lastTradeDateOrContractMonth='20260618', multiplier='50', exchange='CME', currency='USD', localSymbol='ESM6', tradingClass='ES'), order=Order(orderId=403, clientId=10, permId=1721858117, action='BUY', totalQuantity=10.0, orderType='LMT', lmtPrice=6611.75, auxPrice=0.0, tif='DAY'), orderStatus=OrderStatus(orderId=403, status='Filled', filled=10.0, remaining=0.0, avgFillPrice=6611.0, permId=1721858117, parentId=0, lastFillPrice=6611.0, clientId=10, whyHeld='', mktCapPrice=0.0), fills=[Fill(contract=Contract(secType='FUT', conId=649180678, symbol='ES', lastTradeDateOrContractMonth='20260618', multiplier='50', exchange='CME', currency='USD', localSymbol='ESM6', tradingClass='ES'), execution=Execution(execId='0000e1a7.69d339dc.01.01', time=datetime.datetime(2026, 4, 2, 19, 25, 5, tzinfo=datetime.timezone.utc), acctNumber='DUO559526', exchange='CME', side='BOT', shares=10.0, price=6611.0, permId=1721858117, clientId=10, orderId=403, liquidation=0, cumQty=10.0, avgPrice=6611.0, orderRef='', evRule='', evMultiplier=0.0, modelCode='', lastLiquidity=1), commissionReport=CommissionReport(execId='', commission=0.0, currency='', realizedPNL=0.0, yield_=0.0, yieldRedemptionDate=0), time=datetime.datetime(2026, 4, 2, 15, 25, 5, 784569, tzinfo=datetime.timezone.utc))], log=[TradeLogEntry(time=datetime.datetime(2026, 4, 2, 15, 25, 5, 310168, tzinfo=datetime.timezone.utc), status='PendingSubmit', message='', errorCode=0), TradeLogEntry(time=datetime.datetime(2026, 4, 2, 15, 25, 5, 497339, tzinfo=datetime.timezone.utc), status='PreSubmitted', message='', errorCode=0), TradeLogEntry(time=datetime.datetime(2026, 4, 2, 15, 25, 5, 784569, tzinfo=datetime.timezone.utc), status='PreSubmitted', message='Fill 10.0@6611.0', errorCode=0), TradeLogEntry(time=datetime.datetime(2026, 4, 2, 15, 25, 5, 785717, tzinfo=datetime.timezone.utc), status='Filled', message='', errorCode=0)], advancedError='')
2026-04-02 11:25:05 | DEBUG    | <<< 5,403,649180678,ES,FUT,20260618,0,?,50,CME,USD,ESM6,ES,BUY,10,LMT,6611.75,0.0,DAY,,DUO559526,O,0,,10,1721858117,0,0,0,,1721858117.0/DUO559526/100,,,,,,,,,,0,,-1,0,,,,,,2147483647,0,0,0,,3,0,0,,0,0,,0,None,,0,,,,?,0,0,,0,0,,,,,,0,0,0,2147483647,2147483647,,,0,,IB,0,0,,0,0,Filled,1.7976931348623157E308,1.7976931348623157E308,1.7976931348623157E308,1.7976931348623157E308,1.7976931348623157E308,1.7976931348623157E308,1.7976931348623157E308,1.7976931348623157E308,1.7976931348623157E308,22.5,,,USD,,0,0,0,None,1.7976931348623157E308,6612.75,1.7976931348623157E308,1.7976931348623157E308,1.7976931348623157E308,1.7976931348623157E308,0,,,,0,1,0,0,0,,,0,,,,,
2026-04-02 11:25:05 | DEBUG    | <<< 3,403,Filled,10,0,6611.00,1721858117,0,6611.00,10,,0
2026-04-02 11:25:05 | DEBUG    | <<< 59,1,0000e1a7.69d339dc.01.01,22.5,USD,1.7976931348623157E308,1.7976931348623157E308,
2026-04-02 11:25:05 | INFO     | commissionReport: CommissionReport(execId='0000e1a7.69d339dc.01.01', commission=22.5, currency='USD', realizedPNL=0.0, yield_=0.0, yieldRedemptionDate=0)
2026-04-02 11:25:05 | DEBUG    | <<< 61,3,DUO559526,649180678,ES,FUT,20260618,0.0,,50,,USD,ESM6,ES,10,330552.25
2026-04-02 11:25:05 | INFO     | position: Position(account='DUO559526', contract=Future(conId=649180678, symbol='ES', lastTradeDateOrContractMonth='20260618', multiplier='50', currency='USD', localSymbol='ESM6', tradingClass='ES'), position=10.0, avgCost=330552.25)
2026-04-02 11:25:06 | DEBUG    | <<< 6,2,DayTradingStatus-S,::false:858781.45::false,,DUO559526
2026-04-02 11:25:06 | DEBUG    | <<< 6,2,SettledCashByDate-C,20260402:383742.24;20260403:383612.24000001,,DUO559526
2026-04-02 11:25:06 | DEBUG    | <<< 6,2,SettledCashByDate,20260402:1037082.21;20260403:1036952.21000001,,DUO559526
2026-04-02 11:25:06 | DEBUG    | <<< 6,2,Cushion,0.826792,,DUO559526
2026-04-02 11:25:06 | DEBUG    | <<< 8,1,11:25
2026-04-02 11:25:06 | DEBUG    | <<< 8,1,11:25
2026-04-02 11:25:06 | DEBUG    | <<< 8,1,11:25
2026-04-02 11:25:06 | DEBUG    | <<< 8,1,11:25
2026-04-02 11:25:06 | DEBUG    | <<< 73,1,397,DUO559526,,Cushion,0.826792,
2026-04-02 11:25:06 | DEBUG    | <<< 73,1,397,DUO559526,,DayTradingStatus-S,::false:858781.45::false,
2026-04-02 11:25:06 | DEBUG    | <<< 73,1,397,DUO559526,,SettledCashByDate,20260402:1037082.21;20260403:1036952.21000001,
2026-04-02 11:25:06 | DEBUG    | <<< 73,1,397,DUO559526,,SettledCashByDate-C,20260402:383742.24;20260403:383612.24000001,
2026-04-02 11:25:06 | DEBUG    | <<< 8,1,11:25
2026-04-02 11:25:06 | DEBUG    | <<< 6,2,EquityWithLoanValue-C,205441.48,USD,DUO559526
2026-04-02 11:25:06 | DEBUG    | <<< 6,2,NetLiquidation-C,383612.24,USD,DUO559526
2026-04-02 11:25:06 | DEBUG    | <<< 6,2,TotalCashValue-C,383612.24,USD,DUO559526
2026-04-02 11:25:06 | DEBUG    | <<< 6,2,EquityWithLoanValue,858781.45,USD,DUO559526
2026-04-02 11:25:06 | DEBUG    | <<< 6,2,NetLiquidation,1038691.23,USD,DUO559526
2026-04-02 11:25:06 | DEBUG    | <<< 6,2,TotalCashValue,1036952.21,USD,DUO559526
2026-04-02 11:25:06 | DEBUG    | <<< 6,2,BuyingPower,3435125.78,USD,DUO559526
2026-04-02 11:25:06 | DEBUG    | <<< 6,2,InitMarginReq-C,216579.86,USD,DUO559526
2026-04-02 11:25:06 | DEBUG    | <<< 6,2,MaintMarginReq-C,178170.76,USD,DUO559526
2026-04-02 11:25:06 | DEBUG    | <<< 6,2,AvailableFunds-C,167032.38,USD,DUO559526
2026-04-02 11:25:06 | DEBUG    | <<< 6,2,ExcessLiquidity-C,205441.48,USD,DUO559526
2026-04-02 11:25:06 | DEBUG    | <<< 6,2,InitMarginReq,216579.86,USD,DUO559526
2026-04-02 11:25:06 | DEBUG    | <<< 6,2,MaintMarginReq,178170.76,USD,DUO559526
2026-04-02 11:25:06 | DEBUG    | <<< 6,2,AvailableFunds,820372.35,USD,DUO559526
2026-04-02 11:25:06 | DEBUG    | <<< 6,2,ExcessLiquidity,858781.45,USD,DUO559526
2026-04-02 11:25:06 | DEBUG    | <<< 6,2,LookAheadInitMarginReq-C,309399.80,USD,DUO559526
2026-04-02 11:25:06 | DEBUG    | <<< 6,2,LookAheadMaintMarginReq-C,254529.66,USD,DUO559526
2026-04-02 11:25:06 | DEBUG    | <<< 6,2,LookAheadAvailableFunds-C,74212.44,USD,DUO559526
2026-04-02 11:25:06 | DEBUG    | <<< 6,2,LookAheadExcessLiquidity-C,129082.58,USD,DUO559526
2026-04-02 11:25:06 | DEBUG    | <<< 6,2,LookAheadInitMarginReq,309399.80,USD,DUO559526
2026-04-02 11:25:06 | DEBUG    | <<< 6,2,LookAheadMaintMarginReq,254529.66,USD,DUO559526
2026-04-02 11:25:06 | DEBUG    | <<< 6,2,LookAheadAvailableFunds,727552.41,USD,DUO559526
2026-04-02 11:25:06 | DEBUG    | <<< 6,2,LookAheadExcessLiquidity,782422.55,USD,DUO559526
2026-04-02 11:25:06 | DEBUG    | <<< 6,2,FullInitMarginReq-C,309399.80,USD,DUO559526
2026-04-02 11:25:06 | DEBUG    | <<< 6,2,FullMaintMarginReq-C,254529.66,USD,DUO559526
2026-04-02 11:25:06 | DEBUG    | <<< 6,2,FullAvailableFunds-C,74212.44,USD,DUO559526
2026-04-02 11:25:06 | DEBUG    | <<< 6,2,FullExcessLiquidity-C,129082.58,USD,DUO559526
2026-04-02 11:25:06 | DEBUG    | <<< 6,2,FullInitMarginReq,309399.80,USD,DUO559526
2026-04-02 11:25:06 | DEBUG    | <<< 6,2,FullMaintMarginReq,254529.66,USD,DUO559526
2026-04-02 11:25:06 | DEBUG    | <<< 6,2,FullAvailableFunds,727552.41,USD,DUO559526
2026-04-02 11:25:06 | DEBUG    | <<< 6,2,FullExcessLiquidity,782422.55,USD,DUO559526
2026-04-02 11:25:06 | DEBUG    | <<< 8,1,11:25
2026-04-02 11:25:06 | DEBUG    | <<< 8,1,11:25
2026-04-02 11:25:06 | DEBUG    | <<< 8,1,11:25
2026-04-02 11:25:06 | DEBUG    | <<< 8,1,11:25
2026-04-02 11:25:06 | DEBUG    | <<< 73,1,397,DUO559526,,AvailableFunds,820372.35,USD
2026-04-02 11:25:06 | DEBUG    | <<< 73,1,397,DUO559526,,AvailableFunds-C,167032.38,USD
2026-04-02 11:25:06 | DEBUG    | <<< 73,1,397,DUO559526,,BuyingPower,3435125.78,USD
2026-04-02 11:25:06 | DEBUG    | <<< 73,1,397,DUO559526,,EquityWithLoanValue,858781.45,USD
2026-04-02 11:25:06 | DEBUG    | <<< 73,1,397,DUO559526,,EquityWithLoanValue-C,205441.48,USD
2026-04-02 11:25:06 | DEBUG    | <<< 73,1,397,DUO559526,,ExcessLiquidity,858781.45,USD
2026-04-02 11:25:06 | DEBUG    | <<< 73,1,397,DUO559526,,ExcessLiquidity-C,205441.48,USD
2026-04-02 11:25:06 | DEBUG    | <<< 73,1,397,DUO559526,,FullAvailableFunds,727552.41,USD
2026-04-02 11:25:06 | DEBUG    | <<< 73,1,397,DUO559526,,FullAvailableFunds-C,74212.44,USD
2026-04-02 11:25:06 | DEBUG    | <<< 73,1,397,DUO559526,,FullExcessLiquidity,782422.55,USD
2026-04-02 11:25:06 | DEBUG    | <<< 73,1,397,DUO559526,,FullExcessLiquidity-C,129082.58,USD
2026-04-02 11:25:06 | DEBUG    | <<< 73,1,397,DUO559526,,FullInitMarginReq,309399.80,USD
2026-04-02 11:25:06 | DEBUG    | <<< 73,1,397,DUO559526,,FullInitMarginReq-C,309399.80,USD
2026-04-02 11:25:06 | DEBUG    | <<< 73,1,397,DUO559526,,FullMaintMarginReq,254529.66,USD
2026-04-02 11:25:06 | DEBUG    | <<< 73,1,397,DUO559526,,FullMaintMarginReq-C,254529.66,USD
2026-04-02 11:25:06 | DEBUG    | <<< 73,1,397,DUO559526,,InitMarginReq,216579.86,USD
2026-04-02 11:25:06 | DEBUG    | <<< 73,1,397,DUO559526,,InitMarginReq-C,216579.86,USD
2026-04-02 11:25:06 | DEBUG    | <<< 73,1,397,DUO559526,,LookAheadAvailableFunds,727552.41,USD
2026-04-02 11:25:06 | DEBUG    | <<< 73,1,397,DUO559526,,LookAheadAvailableFunds-C,74212.44,USD
2026-04-02 11:25:06 | DEBUG    | <<< 73,1,397,DUO559526,,LookAheadExcessLiquidity,782422.55,USD
2026-04-02 11:25:06 | DEBUG    | <<< 73,1,397,DUO559526,,LookAheadExcessLiquidity-C,129082.58,USD
2026-04-02 11:25:06 | DEBUG    | <<< 73,1,397,DUO559526,,LookAheadInitMarginReq,309399.80,USD
2026-04-02 11:25:06 | DEBUG    | <<< 73,1,397,DUO559526,,LookAheadInitMarginReq-C,309399.80,USD
2026-04-02 11:25:06 | DEBUG    | <<< 73,1,397,DUO559526,,LookAheadMaintMarginReq,254529.66,USD
2026-04-02 11:25:06 | DEBUG    | <<< 73,1,397,DUO559526,,LookAheadMaintMarginReq-C,254529.66,USD
2026-04-02 11:25:06 | DEBUG    | <<< 73,1,397,DUO559526,,MaintMarginReq,178170.76,USD
2026-04-02 11:25:06 | DEBUG    | <<< 73,1,397,DUO559526,,MaintMarginReq-C,178170.76,USD
2026-04-02 11:25:06 | DEBUG    | <<< 73,1,397,DUO559526,,NetLiquidation,1038691.23,USD
2026-04-02 11:25:06 | DEBUG    | <<< 73,1,397,DUO559526,,NetLiquidation-C,383612.24,USD
2026-04-02 11:25:06 | DEBUG    | <<< 73,1,397,DUO559526,,TotalCashValue,1036952.21,USD
2026-04-02 11:25:06 | DEBUG    | <<< 73,1,397,DUO559526,,TotalCashValue-C,383612.24,USD
2026-04-02 11:25:06 | DEBUG    | <<< 8,1,11:25
2026-04-02 11:25:06 | DEBUG    | <<< 6,2,CashBalance,1036952.21,USD,DUO559526
2026-04-02 11:25:06 | DEBUG    | <<< 6,2,TotalCashBalance,1036952.21,USD,DUO559526
2026-04-02 11:25:06 | DEBUG    | <<< 6,2,FuturesPNL,-130.00,USD,DUO559526
2026-04-02 11:25:06 | DEBUG    | <<< 6,2,NetLiquidationByCurrency,1038691.23,USD,DUO559526
2026-04-02 11:25:06 | DEBUG    | <<< 6,2,UnrealizedPnL,-79.98,USD,DUO559526
2026-04-02 11:25:06 | DEBUG    | <<< 8,1,11:25
2026-04-02 11:25:06 | DEBUG    | <<< 8,1,11:25
2026-04-02 11:25:06 | DEBUG    | <<< 6,2,CashBalance,1036952.21,BASE,DUO559526
2026-04-02 11:25:06 | DEBUG    | <<< 6,2,TotalCashBalance,1036952.21,BASE,DUO559526
2026-04-02 11:25:06 | DEBUG    | <<< 6,2,FuturesPNL,-130.00,BASE,DUO559526
2026-04-02 11:25:06 | DEBUG    | <<< 6,2,NetLiquidationByCurrency,1038691.23,BASE,DUO559526
2026-04-02 11:25:06 | DEBUG    | <<< 6,2,UnrealizedPnL,-79.98,BASE,DUO559526
2026-04-02 11:25:06 | DEBUG    | <<< 8,1,11:25
2026-04-02 11:25:06 | DEBUG    | <<< 8,1,11:25
2026-04-02 11:25:06 | DEBUG    | <<< 73,1,397,DUO559526,,AccountOrGroup,DUO559526,BASE
2026-04-02 11:25:06 | DEBUG    | <<< 73,1,397,DUO559526,,AccountOrGroup,DUO559526,USD
2026-04-02 11:25:06 | DEBUG    | <<< 73,1,397,DUO559526,,AccruedCash,1739.02,BASE
2026-04-02 11:25:06 | DEBUG    | <<< 73,1,397,DUO559526,,AccruedCash,1739.02,USD
2026-04-02 11:25:06 | DEBUG    | <<< 73,1,397,DUO559526,,CashBalance,1036952.21,BASE
2026-04-02 11:25:06 | DEBUG    | <<< 73,1,397,DUO559526,,CashBalance,1036952.21,USD
2026-04-02 11:25:06 | DEBUG    | <<< 73,1,397,DUO559526,,CorporateBondValue,0.00,BASE
2026-04-02 11:25:06 | DEBUG    | <<< 73,1,397,DUO559526,,CorporateBondValue,0.00,USD
2026-04-02 11:25:06 | DEBUG    | <<< 73,1,397,DUO559526,,Cryptocurrency,0.00,BASE
2026-04-02 11:25:06 | DEBUG    | <<< 73,1,397,DUO559526,,Cryptocurrency,0.00,USD
2026-04-02 11:25:06 | DEBUG    | <<< 73,1,397,DUO559526,,Currency,BASE,BASE
2026-04-02 11:25:06 | DEBUG    | <<< 73,1,397,DUO559526,,Currency,USD,USD
2026-04-02 11:25:06 | DEBUG    | <<< 73,1,397,DUO559526,,ExchangeRate,1.00,BASE
2026-04-02 11:25:06 | DEBUG    | <<< 73,1,397,DUO559526,,ExchangeRate,1.00,USD
2026-04-02 11:25:06 | DEBUG    | <<< 73,1,397,DUO559526,,FundValue,0.00,BASE
2026-04-02 11:25:06 | DEBUG    | <<< 73,1,397,DUO559526,,FundValue,0.00,USD
2026-04-02 11:25:06 | DEBUG    | <<< 73,1,397,DUO559526,,FutureOptionValue,0.00,BASE
2026-04-02 11:25:06 | DEBUG    | <<< 73,1,397,DUO559526,,FutureOptionValue,0.00,USD
2026-04-02 11:25:06 | DEBUG    | <<< 73,1,397,DUO559526,,FuturesPNL,-130.00,BASE
2026-04-02 11:25:06 | DEBUG    | <<< 73,1,397,DUO559526,,FuturesPNL,-130.00,USD
2026-04-02 11:25:06 | DEBUG    | <<< 73,1,397,DUO559526,,FxCashBalance,0.00,BASE
2026-04-02 11:25:06 | DEBUG    | <<< 73,1,397,DUO559526,,FxCashBalance,0.00,USD
2026-04-02 11:25:06 | DEBUG    | <<< 73,1,397,DUO559526,,IssuerOptionValue,0.00,BASE
2026-04-02 11:25:06 | DEBUG    | <<< 73,1,397,DUO559526,,IssuerOptionValue,0.00,USD
2026-04-02 11:25:06 | DEBUG    | <<< 73,1,397,DUO559526,,MoneyMarketFundValue,0.00,BASE
2026-04-02 11:25:06 | DEBUG    | <<< 73,1,397,DUO559526,,MoneyMarketFundValue,0.00,USD
2026-04-02 11:25:06 | DEBUG    | <<< 73,1,397,DUO559526,,MutualFundValue,0.00,BASE
2026-04-02 11:25:06 | DEBUG    | <<< 73,1,397,DUO559526,,MutualFundValue,0.00,USD
2026-04-02 11:25:06 | DEBUG    | <<< 73,1,397,DUO559526,,NetDividend,0.00,BASE
2026-04-02 11:25:06 | DEBUG    | <<< 73,1,397,DUO559526,,NetDividend,0.00,USD
2026-04-02 11:25:06 | DEBUG    | <<< 73,1,397,DUO559526,,NetLiquidationByCurrency,1038691.23,BASE
2026-04-02 11:25:06 | DEBUG    | <<< 73,1,397,DUO559526,,NetLiquidationByCurrency,1038691.23,USD
2026-04-02 11:25:06 | DEBUG    | <<< 73,1,397,DUO559526,,OptionMarketValue,0.00,BASE
2026-04-02 11:25:06 | DEBUG    | <<< 73,1,397,DUO559526,,OptionMarketValue,0.00,USD
2026-04-02 11:25:06 | DEBUG    | <<< 73,1,397,DUO559526,,RealCurrency,BASE,BASE
2026-04-02 11:25:06 | DEBUG    | <<< 73,1,397,DUO559526,,RealCurrency,USD,USD
2026-04-02 11:25:06 | DEBUG    | <<< 73,1,397,DUO559526,,RealizedPnL,0.00,BASE
2026-04-02 11:25:06 | DEBUG    | <<< 73,1,397,DUO559526,,RealizedPnL,0.00,USD
2026-04-02 11:25:06 | DEBUG    | <<< 73,1,397,DUO559526,,StockMarketValue,0.00,BASE
2026-04-02 11:25:06 | DEBUG    | <<< 73,1,397,DUO559526,,StockMarketValue,0.00,USD
2026-04-02 11:25:06 | DEBUG    | <<< 73,1,397,DUO559526,,TBillValue,0.00,BASE
2026-04-02 11:25:06 | DEBUG    | <<< 73,1,397,DUO559526,,TBillValue,0.00,USD
2026-04-02 11:25:06 | DEBUG    | <<< 73,1,397,DUO559526,,TBondValue,0.00,BASE
2026-04-02 11:25:06 | DEBUG    | <<< 73,1,397,DUO559526,,TBondValue,0.00,USD
2026-04-02 11:25:06 | DEBUG    | <<< 73,1,397,DUO559526,,TotalCashBalance,1036952.21,BASE
2026-04-02 11:25:06 | DEBUG    | <<< 73,1,397,DUO559526,,TotalCashBalance,1036952.21,USD
2026-04-02 11:25:06 | DEBUG    | <<< 73,1,397,DUO559526,,UnrealizedPnL,-79.98,BASE
2026-04-02 11:25:06 | DEBUG    | <<< 73,1,397,DUO559526,,UnrealizedPnL,-79.98,USD
2026-04-02 11:25:06 | DEBUG    | <<< 73,1,397,DUO559526,,WarrantValue,0.00,BASE
2026-04-02 11:25:06 | DEBUG    | <<< 73,1,397,DUO559526,,WarrantValue,0.00,USD
2026-04-02 11:25:06 | DEBUG    | <<< 7,8,649180678,ES,FUT,20260618,0,0,50,CME,USD,ESM6,ES,10,6611.0,3305500.0,330552.25,-22.5,0.0,DUO559526
2026-04-02 11:25:06 | INFO     | updatePortfolio: PortfolioItem(contract=Future(conId=649180678, symbol='ES', lastTradeDateOrContractMonth='20260618', right='0', multiplier='50', primaryExchange='CME', currency='USD', localSymbol='ESM6', tradingClass='ES'), position=10.0, marketPrice=6611.0, marketValue=3305500.0, averageCost=330552.25, unrealizedPNL=-22.5, realizedPNL=0.0, account='DUO559526')
2026-04-02 11:25:06 | DEBUG    | <<< 8,1,11:25
2026-04-02 11:25:06 | DEBUG    | <<< 7,8,770561194,MES,FUT,20260618,0,0,5,CME,USD,MESM6,MES,4,6611.25,132225.0,33070.62,-57.48,0.0,DUO559526
2026-04-02 11:25:06 | INFO     | updatePortfolio: PortfolioItem(contract=Future(conId=770561194, symbol='MES', lastTradeDateOrContractMonth='20260618', right='0', multiplier='5', primaryExchange='CME', currency='USD', localSymbol='MESM6', tradingClass='MES'), position=4.0, marketPrice=6611.25, marketValue=132225.0, averageCost=33070.62, unrealizedPNL=-57.48, realizedPNL=0.0, account='DUO559526')
2026-04-02 11:25:06 | DEBUG    | <<< 8,1,11:25
2026-04-02 11:25:10 | DEBUG    | <<< 50,3,402,1775143505,6610.75,6611.00,6609.25,6609.75,320,6610.20078125,108
2026-04-02 11:25:15 | DEBUG    | <<< 50,3,402,1775143510,6609.50,6609.75,6608.50,6608.75,348,6609.126436781609,113
2026-04-02 11:25:20 | DEBUG    | <<< 50,3,402,1775143515,6608.75,6608.75,6607.00,6607.00,616,6607.955357142857,128
2026-04-02 11:25:25 | DEBUG    | <<< 50,3,402,1775143520,6606.75,6607.00,6605.50,6606.00,465,6606.403225806452,160
2026-04-02 11:25:30 | DEBUG    | <<< 50,3,402,1775143525,6606.00,6606.50,6605.75,6606.25,285,6606.255263157895,89
2026-04-02 11:25:35 | DEBUG    | <<< 50,3,402,1775143530,6606.25,6606.25,6604.75,6605.00,538,6605.347583643123,132
2026-04-02 11:25:40 | DEBUG    | <<< 50,3,402,1775143535,6605.00,6606.75,6604.75,6606.25,425,6606.02,122
2026-04-02 11:25:45 | DEBUG    | <<< 50,3,402,1775143540,6606.25,6606.50,6605.50,6606.25,268,6606.015858208955,95
2026-04-02 11:25:51 | DEBUG    | <<< 50,3,402,1775143545,6606.25,6607.00,6606.00,6606.00,245,6606.591836734694,89
2026-04-02 11:25:55 | DEBUG    | <<< 50,3,402,1775143550,6606.25,6607.00,6606.00,6606.75,212,6606.73820754717,60
2026-04-02 11:26:00 | DEBUG    | <<< 50,3,402,1775143555,6606.75,6608.00,6606.75,6607.75,427,6607.532786885246,130
2026-04-02 11:26:05 | DEBUG    | <<< 50,3,402,1775143560,6607.75,6610.75,6607.25,6610.50,725,6609.108275862069,238
2026-04-02 11:26:05 | DEBUG    | >>> 3,404,649180678,ES,FUT,20260618,0.0,,50,CME,,USD,ESM6,ES,,,SELL,10,STP,,6603.0,GTC,,,O,0,,1,0,0,0,0,0,0,0,,0.0,,,,,,,,0,,-1,0,,,0,,,0,0,,0,,,,,,0,,,,,0,,,,,,,,,,,0,,,0,0,,,0,,0,0,0,0,,,,,,,0,,,,,,,,,0,0,0,0,,,0,,
2026-04-02 11:26:05 | INFO     | placeOrder: New order Trade(contract=Contract(secType='FUT', conId=649180678, symbol='ES', lastTradeDateOrContractMonth='20260618', multiplier='50', exchange='CME', currency='USD', localSymbol='ESM6', tradingClass='ES'), order=Order(orderId=404, clientId=10, action='SELL', totalQuantity=10, orderType='STP', auxPrice=6603.0, tif='GTC'), orderStatus=OrderStatus(orderId=404, status='PendingSubmit', filled=0.0, remaining=0.0, avgFillPrice=0.0, permId=0, parentId=0, lastFillPrice=0.0, clientId=0, whyHeld='', mktCapPrice=0.0), fills=[], log=[TradeLogEntry(time=datetime.datetime(2026, 4, 2, 15, 26, 5, 253878, tzinfo=datetime.timezone.utc), status='PendingSubmit', message='', errorCode=0)], advancedError='')
2026-04-02 11:26:05 | DEBUG    | <<< 5,404,649180678,ES,FUT,20260618,0,?,50,CME,USD,ESM6,ES,SELL,10,STP,6610.75,6603.0,GTC,,DUO559526,O,0,,10,1721858118,0,0,0,,1721858118.0/DUO559526/100,,,,,,,,,,0,,-1,0,,,,,,2147483647,0,0,0,,3,0,0,,0,0,,0,None,,0,,,,?,0,0,,0,0,,,,,,0,0,0,2147483647,2147483647,,,0,,IB,0,0,,0,0,PreSubmitted,1.7976931348623157E308,1.7976931348623157E308,1.7976931348623157E308,1.7976931348623157E308,1.7976931348623157E308,1.7976931348623157E308,1.7976931348623157E308,1.7976931348623157E308,1.7976931348623157E308,,,,,,0,0,0,None,1.7976931348623157E308,6603.0,1.7976931348623157E308,1.7976931348623157E308,1.7976931348623157E308,1.7976931348623157E308,0,,,,0,1,0,0,0,,,0,,,,,
2026-04-02 11:26:05 | DEBUG    | <<< 3,404,PreSubmitted,0,10,0,1721858118,0,0,10,trigger,0
2026-04-02 11:26:05 | INFO     | orderStatus: Trade(contract=Contract(secType='FUT', conId=649180678, symbol='ES', lastTradeDateOrContractMonth='20260618', multiplier='50', exchange='CME', currency='USD', localSymbol='ESM6', tradingClass='ES'), order=Order(orderId=404, clientId=10, permId=1721858118, action='SELL', totalQuantity=10.0, orderType='STP', lmtPrice=6610.75, auxPrice=6603.0, tif='GTC'), orderStatus=OrderStatus(orderId=404, status='PreSubmitted', filled=0.0, remaining=10.0, avgFillPrice=0.0, permId=1721858118, parentId=0, lastFillPrice=0.0, clientId=10, whyHeld='trigger', mktCapPrice=0.0), fills=[], log=[TradeLogEntry(time=datetime.datetime(2026, 4, 2, 15, 26, 5, 253878, tzinfo=datetime.timezone.utc), status='PendingSubmit', message='', errorCode=0), TradeLogEntry(time=datetime.datetime(2026, 4, 2, 15, 26, 5, 321712, tzinfo=datetime.timezone.utc), status='PreSubmitted', message='', errorCode=0)], advancedError='')
2026-04-02 11:26:05 | DEBUG    | >>> 3,405,649180678,ES,FUT,20260618,0.0,,50,CME,,USD,ESM6,ES,,,SELL,10,LMT,6623.0,,DAY,,,O,0,,1,0,0,0,0,0,0,0,,0.0,,,,,,,,0,,-1,0,,,0,,,0,0,,0,,,,,,0,,,,,0,,,,,,,,,,,0,,,0,0,,,0,,0,0,0,0,,,,,,,0,,,,,,,,,0,0,0,0,,,0,,
2026-04-02 11:26:05 | INFO     | placeOrder: New order Trade(contract=Contract(secType='FUT', conId=649180678, symbol='ES', lastTradeDateOrContractMonth='20260618', multiplier='50', exchange='CME', currency='USD', localSymbol='ESM6', tradingClass='ES'), order=Order(orderId=405, clientId=10, action='SELL', totalQuantity=10, orderType='LMT', lmtPrice=6623.0, tif='DAY'), orderStatus=OrderStatus(orderId=405, status='PendingSubmit', filled=0.0, remaining=0.0, avgFillPrice=0.0, permId=0, parentId=0, lastFillPrice=0.0, clientId=0, whyHeld='', mktCapPrice=0.0), fills=[], log=[TradeLogEntry(time=datetime.datetime(2026, 4, 2, 15, 26, 5, 370673, tzinfo=datetime.timezone.utc), status='PendingSubmit', message='', errorCode=0)], advancedError='')
2026-04-02 11:26:05 | DEBUG    | <<< 5,405,649180678,ES,FUT,20260618,0,?,50,CME,USD,ESM6,ES,SELL,10,LMT,6623.0,0.0,DAY,,DUO559526,O,0,,10,1721858119,0,0,0,,1721858119.0/DUO559526/100,,,,,,,,,,0,,-1,0,,,,,,2147483647,0,0,0,,3,0,0,,0,0,,0,None,,0,,,,?,0,0,,0,0,,,,,,0,0,0,2147483647,2147483647,,,0,,IB,0,0,,0,0,Submitted,1.7976931348623157E308,1.7976931348623157E308,1.7976931348623157E308,1.7976931348623157E308,1.7976931348623157E308,1.7976931348623157E308,1.7976931348623157E308,1.7976931348623157E308,1.7976931348623157E308,,,,,,0,0,0,None,1.7976931348623157E308,6622.0,1.7976931348623157E308,1.7976931348623157E308,1.7976931348623157E308,1.7976931348623157E308,0,,,,0,1,0,0,0,,,0,,,,,
2026-04-02 11:26:05 | DEBUG    | <<< 3,405,Submitted,0,10,0,1721858119,0,0,10,,0
2026-04-02 11:26:05 | INFO     | orderStatus: Trade(contract=Contract(secType='FUT', conId=649180678, symbol='ES', lastTradeDateOrContractMonth='20260618', multiplier='50', exchange='CME', currency='USD', localSymbol='ESM6', tradingClass='ES'), order=Order(orderId=405, clientId=10, permId=1721858119, action='SELL', totalQuantity=10.0, orderType='LMT', lmtPrice=6623.0, auxPrice=0.0, tif='DAY'), orderStatus=OrderStatus(orderId=405, status='Submitted', filled=0.0, remaining=10.0, avgFillPrice=0.0, permId=1721858119, parentId=0, lastFillPrice=0.0, clientId=10, whyHeld='', mktCapPrice=0.0), fills=[], log=[TradeLogEntry(time=datetime.datetime(2026, 4, 2, 15, 26, 5, 370673, tzinfo=datetime.timezone.utc), status='PendingSubmit', message='', errorCode=0), TradeLogEntry(time=datetime.datetime(2026, 4, 2, 15, 26, 5, 460627, tzinfo=datetime.timezone.utc), status='Submitted', message='', errorCode=0)], advancedError='')
2026-04-02 11:26:06 | DEBUG    | <<< 8,1,11:26
2026-04-02 11:26:06 | DEBUG    | <<< 8,1,11:26
2026-04-02 11:26:06 | DEBUG    | <<< 8,1,11:26
2026-04-02 11:26:06 | DEBUG    | <<< 8,1,11:26
2026-04-02 11:26:06 | DEBUG    | <<< 73,1,397,DUO559526,,NetLiquidation,1038691.23,USD
2026-04-02 11:26:06 | DEBUG    | <<< 8,1,11:26
2026-04-02 11:26:10 | DEBUG    | <<< 50,3,402,1775143565,6610.25,6611.25,6609.00,6609.25,305,6610.241803278689,110
2026-04-02 11:26:15 | DEBUG    | <<< 50,3,402,1775143570,6609.00,6609.25,6608.00,6608.50,169,6608.664201183432,82
2026-04-02 11:26:20 | DEBUG    | <<< 50,3,402,1775143575,6608.50,6612.25,6608.50,6612.00,438,6610.666666666667,140
2026-04-02 11:26:25 | DEBUG    | <<< 50,3,402,1775143580,6612.25,6615.00,6612.00,6614.50,682,6613.793988269795,260
2026-04-02 11:26:30 | DEBUG    | <<< 50,3,402,1775143585,6614.50,6615.25,6612.50,6612.75,547,6613.815356489945,157
2026-04-02 11:26:35 | DEBUG    | <<< 50,3,402,1775143590,6612.75,6613.00,6611.25,6613.00,363,6612.273415977961,117
2026-04-02 11:26:40 | DEBUG    | <<< 50,3,402,1775143595,6613.00,6614.75,6613.00,6614.25,449,6613.80289532294,127
2026-04-02 11:26:45 | DEBUG    | <<< 50,3,402,1775143600,6614.25,6615.00,6614.00,6614.25,355,6614.502112676056,129
2026-04-02 11:26:50 | DEBUG    | <<< 50,3,402,1775143605,6614.25,6614.75,6613.75,6614.50,243,6614.267489711934,79
2026-04-02 11:26:55 | DEBUG    | <<< 50,3,402,1775143610,6614.25,6615.50,6614.25,6615.00,485,6615.067010309278,124
2026-04-02 11:27:00 | DEBUG    | <<< 50,3,402,1775143615,6615.00,6615.50,6614.25,6615.00,462,6614.939935064935,129
2026-04-02 11:27:05 | DEBUG    | <<< 50,3,402,1775143620,6614.75,6614.75,6613.50,6614.00,286,6614.076923076923,87
2026-04-02 11:27:10 | DEBUG    | <<< 50,3,402,1775143625,6614.00,6615.25,6613.75,6614.50,310,6614.504838709677,118
2026-04-02 11:27:15 | DEBUG    | <<< 50,3,402,1775143630,6614.50,6614.50,6612.00,6613.75,696,6613.224137931034,193
2026-04-02 11:27:20 | DEBUG    | <<< 50,3,402,1775143635,6614.00,6614.75,6613.75,6614.50,145,6614.35,62
2026-04-02 11:27:25 | DEBUG    | <<< 50,3,402,1775143640,6614.50,6614.50,6613.50,6613.75,170,6613.886764705882,62
2026-04-02 11:27:30 | DEBUG    | <<< 50,3,402,1775143645,6613.75,6614.50,6613.25,6614.25,169,6614.014792899408,45
2026-04-02 11:27:35 | DEBUG    | <<< 50,3,402,1775143650,6614.50,6616.00,6614.50,6615.75,544,6615.346507352941,206
2026-04-02 11:27:40 | DEBUG    | <<< 50,3,402,1775143655,6615.75,6616.50,6615.25,6615.75,313,6615.875399361022,94
2026-04-02 11:27:45 | DEBUG    | <<< 50,3,402,1775143660,6616.00,6617.25,6615.75,6617.00,227,6616.328193832599,76
2026-04-02 11:27:50 | DEBUG    | <<< 50,3,402,1775143665,6616.75,6617.00,6615.25,6615.50,384,6616.125,125
2026-04-02 11:27:55 | DEBUG    | <<< 50,3,402,1775143670,6615.50,6616.75,6615.50,6616.75,218,6616.268348623853,72
2026-04-02 11:28:00 | DEBUG    | <<< 50,3,402,1775143675,6617.00,6618.75,6616.75,6618.75,508,6617.636811023622,144
2026-04-02 11:28:05 | DEBUG    | <<< 50,3,402,1775143680,6618.50,6620.75,6618.50,6620.50,780,6619.872115384615,256
2026-04-02 11:28:05 | DEBUG    | >>> 3,404,649180678,ES,FUT,20260618,0.0,,50,CME,,USD,ESM6,ES,,,SELL,10.0,STP,6610.75,6616.0,GTC,,,O,0,,1,0,0,0,0,0,0,0,,0.0,,,,,,,,0,,-1,0,,,0,,,0,0,,0,,,,,,0,,,,,0,,,,,,,,,,,0,,,0,0,,,0,,0,0,0,0,,,,,,,0,,,,,,,,,0,0,0,0,,,0,,
2026-04-02 11:28:05 | INFO     | placeOrder: Modify order Trade(contract=Contract(secType='FUT', conId=649180678, symbol='ES', lastTradeDateOrContractMonth='20260618', multiplier='50', exchange='CME', currency='USD', localSymbol='ESM6', tradingClass='ES'), order=Order(orderId=404, clientId=10, permId=1721858118, action='SELL', totalQuantity=10.0, orderType='STP', lmtPrice=6610.75, auxPrice=6616.0, tif='GTC'), orderStatus=OrderStatus(orderId=404, status='PreSubmitted', filled=0.0, remaining=10.0, avgFillPrice=0.0, permId=1721858118, parentId=0, lastFillPrice=0.0, clientId=10, whyHeld='trigger', mktCapPrice=0.0), fills=[], log=[TradeLogEntry(time=datetime.datetime(2026, 4, 2, 15, 26, 5, 253878, tzinfo=datetime.timezone.utc), status='PendingSubmit', message='', errorCode=0), TradeLogEntry(time=datetime.datetime(2026, 4, 2, 15, 26, 5, 321712, tzinfo=datetime.timezone.utc), status='PreSubmitted', message='', errorCode=0), TradeLogEntry(time=datetime.datetime(2026, 4, 2, 15, 28, 5, 253947, tzinfo=datetime.timezone.utc), status='PreSubmitted', message='Modify', errorCode=0)], advancedError='')
2026-04-02 11:28:05 | DEBUG    | <<< 5,404,649180678,ES,FUT,20260618,0,?,50,CME,USD,ESM6,ES,SELL,10,STP,0.0,6616.0,GTC,,DUO559526,O,0,,10,1721858118,0,0,0,,1721858118.1/DUO559526/100,,,,,,,,,,0,,-1,0,,,,,,2147483647,0,0,0,,3,0,0,,0,0,,0,None,,0,,,,?,0,0,,0,0,,,,,,0,0,0,2147483647,2147483647,,,0,,IB,0,0,,0,0,PreSubmitted,1.7976931348623157E308,1.7976931348623157E308,1.7976931348623157E308,1.7976931348623157E308,1.7976931348623157E308,1.7976931348623157E308,1.7976931348623157E308,1.7976931348623157E308,1.7976931348623157E308,,,,,,0,0,0,None,1.7976931348623157E308,6616.0,1.7976931348623157E308,1.7976931348623157E308,1.7976931348623157E308,1.7976931348623157E308,0,,,,0,1,0,0,0,,,0,,,,,
2026-04-02 11:28:05 | DEBUG    | <<< 3,404,PreSubmitted,0,10,0,1721858118,0,0,10,trigger,0
2026-04-02 11:28:06 | DEBUG    | <<< 6,2,DayTradingStatus-S,::false:864199.63::false,,DUO559526
2026-04-02 11:28:06 | DEBUG    | <<< 6,2,SettledCashByDate-C,20260402:383742.24;20260403:389326.87867189,,DUO559526
2026-04-02 11:28:06 | DEBUG    | <<< 6,2,SettledCashByDate,20260402:1037082.21;20260403:1042666.84867189,,DUO559526
2026-04-02 11:28:06 | DEBUG    | <<< 6,2,Cushion,0.827456,,DUO559526
2026-04-02 11:28:06 | DEBUG    | <<< 8,1,11:28
2026-04-02 11:28:06 | DEBUG    | <<< 8,1,11:28
2026-04-02 11:28:06 | DEBUG    | <<< 8,1,11:28
2026-04-02 11:28:06 | DEBUG    | <<< 8,1,11:28
2026-04-02 11:28:06 | DEBUG    | <<< 73,1,397,DUO559526,,Cushion,0.827456,
2026-04-02 11:28:06 | DEBUG    | <<< 73,1,397,DUO559526,,DayTradingStatus-S,::false:864199.63::false,
2026-04-02 11:28:06 | DEBUG    | <<< 73,1,397,DUO559526,,SettledCashByDate,20260402:1037082.21;20260403:1042666.84867189,
2026-04-02 11:28:06 | DEBUG    | <<< 73,1,397,DUO559526,,SettledCashByDate-C,20260402:383742.24;20260403:389326.87867189,
2026-04-02 11:28:06 | DEBUG    | <<< 8,1,11:28
2026-04-02 11:28:06 | DEBUG    | <<< 6,2,EquityWithLoanValue-C,210859.66,USD,DUO559526
2026-04-02 11:28:06 | DEBUG    | <<< 6,2,NetLiquidation-C,389326.88,USD,DUO559526
2026-04-02 11:28:06 | DEBUG    | <<< 6,2,TotalCashValue-C,389326.88,USD,DUO559526
2026-04-02 11:28:06 | DEBUG    | <<< 6,2,EquityWithLoanValue,864199.63,USD,DUO559526
2026-04-02 11:28:06 | DEBUG    | <<< 6,2,NetLiquidation,1044405.87,USD,DUO559526
2026-04-02 11:28:06 | DEBUG    | <<< 6,2,TotalCashValue,1042666.85,USD,DUO559526
2026-04-02 11:28:06 | DEBUG    | <<< 6,2,BuyingPower,3456798.51,USD,DUO559526
2026-04-02 11:28:06 | DEBUG    | <<< 6,2,InitMarginReq-C,216936.47,USD,DUO559526
2026-04-02 11:28:06 | DEBUG    | <<< 6,2,MaintMarginReq-C,178467.22,USD,DUO559526
2026-04-02 11:28:06 | DEBUG    | <<< 6,2,AvailableFunds-C,172390.41,USD,DUO559526
2026-04-02 11:28:06 | DEBUG    | <<< 6,2,ExcessLiquidity-C,210859.66,USD,DUO559526
2026-04-02 11:28:06 | DEBUG    | <<< 6,2,InitMarginReq,216936.47,USD,DUO559526
2026-04-02 11:28:06 | DEBUG    | <<< 6,2,MaintMarginReq,178467.22,USD,DUO559526
2026-04-02 11:28:06 | DEBUG    | <<< 6,2,AvailableFunds,825730.38,USD,DUO559526
2026-04-02 11:28:06 | DEBUG    | <<< 6,2,ExcessLiquidity,864199.63,USD,DUO559526
2026-04-02 11:28:06 | DEBUG    | <<< 6,2,LookAheadInitMarginReq-C,309909.24,USD,DUO559526
2026-04-02 11:28:06 | DEBUG    | <<< 6,2,LookAheadMaintMarginReq-C,254953.17,USD,DUO559526
2026-04-02 11:28:06 | DEBUG    | <<< 6,2,LookAheadAvailableFunds-C,79417.64,USD,DUO559526
2026-04-02 11:28:06 | DEBUG    | <<< 6,2,LookAheadExcessLiquidity-C,134373.71,USD,DUO559526
2026-04-02 11:28:06 | DEBUG    | <<< 6,2,LookAheadInitMarginReq,309909.24,USD,DUO559526
2026-04-02 11:28:06 | DEBUG    | <<< 6,2,LookAheadMaintMarginReq,254953.17,USD,DUO559526
2026-04-02 11:28:06 | DEBUG    | <<< 6,2,LookAheadAvailableFunds,732757.61,USD,DUO559526
2026-04-02 11:28:06 | DEBUG    | <<< 6,2,LookAheadExcessLiquidity,787713.68,USD,DUO559526
2026-04-02 11:28:06 | DEBUG    | <<< 6,2,FullInitMarginReq-C,309909.24,USD,DUO559526
2026-04-02 11:28:06 | DEBUG    | <<< 6,2,FullMaintMarginReq-C,254953.17,USD,DUO559526
2026-04-02 11:28:06 | DEBUG    | <<< 6,2,FullAvailableFunds-C,79417.64,USD,DUO559526
2026-04-02 11:28:06 | DEBUG    | <<< 6,2,FullExcessLiquidity-C,134373.71,USD,DUO559526
2026-04-02 11:28:06 | DEBUG    | <<< 6,2,FullInitMarginReq,309909.24,USD,DUO559526
2026-04-02 11:28:06 | DEBUG    | <<< 6,2,FullMaintMarginReq,254953.17,USD,DUO559526
2026-04-02 11:28:06 | DEBUG    | <<< 6,2,FullAvailableFunds,732757.61,USD,DUO559526
2026-04-02 11:28:06 | DEBUG    | <<< 6,2,FullExcessLiquidity,787713.68,USD,DUO559526
2026-04-02 11:28:06 | DEBUG    | <<< 8,1,11:28
2026-04-02 11:28:06 | DEBUG    | <<< 8,1,11:28
2026-04-02 11:28:06 | DEBUG    | <<< 8,1,11:28
2026-04-02 11:28:06 | DEBUG    | <<< 8,1,11:28
2026-04-02 11:28:06 | DEBUG    | <<< 73,1,397,DUO559526,,AvailableFunds,825730.38,USD
2026-04-02 11:28:06 | DEBUG    | <<< 73,1,397,DUO559526,,AvailableFunds-C,172390.41,USD
2026-04-02 11:28:06 | DEBUG    | <<< 73,1,397,DUO559526,,BuyingPower,3456798.51,USD
2026-04-02 11:28:06 | DEBUG    | <<< 73,1,397,DUO559526,,EquityWithLoanValue,864199.63,USD
2026-04-02 11:28:06 | DEBUG    | <<< 73,1,397,DUO559526,,EquityWithLoanValue-C,210859.66,USD
2026-04-02 11:28:06 | DEBUG    | <<< 73,1,397,DUO559526,,ExcessLiquidity,864199.63,USD
2026-04-02 11:28:06 | DEBUG    | <<< 73,1,397,DUO559526,,ExcessLiquidity-C,210859.66,USD
2026-04-02 11:28:06 | DEBUG    | <<< 73,1,397,DUO559526,,FullAvailableFunds,732757.61,USD
2026-04-02 11:28:06 | DEBUG    | <<< 73,1,397,DUO559526,,FullAvailableFunds-C,79417.64,USD
2026-04-02 11:28:06 | DEBUG    | <<< 73,1,397,DUO559526,,FullExcessLiquidity,787713.68,USD
2026-04-02 11:28:06 | DEBUG    | <<< 73,1,397,DUO559526,,FullExcessLiquidity-C,134373.71,USD
2026-04-02 11:28:06 | DEBUG    | <<< 73,1,397,DUO559526,,FullInitMarginReq,309909.24,USD
2026-04-02 11:28:06 | DEBUG    | <<< 73,1,397,DUO559526,,FullInitMarginReq-C,309909.24,USD
2026-04-02 11:28:06 | DEBUG    | <<< 73,1,397,DUO559526,,FullMaintMarginReq,254953.17,USD
2026-04-02 11:28:06 | DEBUG    | <<< 73,1,397,DUO559526,,FullMaintMarginReq-C,254953.17,USD
2026-04-02 11:28:06 | DEBUG    | <<< 73,1,397,DUO559526,,InitMarginReq,216936.47,USD
2026-04-02 11:28:06 | DEBUG    | <<< 73,1,397,DUO559526,,InitMarginReq-C,216936.47,USD
2026-04-02 11:28:06 | DEBUG    | <<< 73,1,397,DUO559526,,LookAheadAvailableFunds,732757.61,USD
2026-04-02 11:28:06 | DEBUG    | <<< 73,1,397,DUO559526,,LookAheadAvailableFunds-C,79417.64,USD
2026-04-02 11:28:06 | DEBUG    | <<< 73,1,397,DUO559526,,LookAheadExcessLiquidity,787713.68,USD
2026-04-02 11:28:06 | DEBUG    | <<< 73,1,397,DUO559526,,LookAheadExcessLiquidity-C,134373.71,USD
2026-04-02 11:28:06 | DEBUG    | <<< 73,1,397,DUO559526,,LookAheadInitMarginReq,309909.24,USD
2026-04-02 11:28:06 | DEBUG    | <<< 73,1,397,DUO559526,,LookAheadInitMarginReq-C,309909.24,USD
2026-04-02 11:28:06 | DEBUG    | <<< 73,1,397,DUO559526,,LookAheadMaintMarginReq,254953.17,USD
2026-04-02 11:28:06 | DEBUG    | <<< 73,1,397,DUO559526,,LookAheadMaintMarginReq-C,254953.17,USD
2026-04-02 11:28:06 | DEBUG    | <<< 73,1,397,DUO559526,,MaintMarginReq,178467.22,USD
2026-04-02 11:28:06 | DEBUG    | <<< 73,1,397,DUO559526,,MaintMarginReq-C,178467.22,USD
2026-04-02 11:28:06 | DEBUG    | <<< 73,1,397,DUO559526,,NetLiquidation,1044405.87,USD
2026-04-02 11:28:06 | DEBUG    | <<< 73,1,397,DUO559526,,NetLiquidation-C,389326.88,USD
2026-04-02 11:28:06 | DEBUG    | <<< 73,1,397,DUO559526,,TotalCashValue,1042666.85,USD
2026-04-02 11:28:06 | DEBUG    | <<< 73,1,397,DUO559526,,TotalCashValue-C,389326.88,USD
2026-04-02 11:28:06 | DEBUG    | <<< 8,1,11:28
2026-04-02 11:28:06 | DEBUG    | <<< 6,2,CashBalance,1042666.8487,USD,DUO559526
2026-04-02 11:28:06 | DEBUG    | <<< 6,2,TotalCashBalance,1042666.8487,USD,DUO559526
2026-04-02 11:28:06 | DEBUG    | <<< 6,2,FuturesPNL,5584.64,USD,DUO559526
2026-04-02 11:28:06 | DEBUG    | <<< 6,2,NetLiquidationByCurrency,1044405.8687,USD,DUO559526
2026-04-02 11:28:06 | DEBUG    | <<< 6,2,UnrealizedPnL,5634.66,USD,DUO559526
2026-04-02 11:28:06 | DEBUG    | <<< 8,1,11:28
2026-04-02 11:28:06 | DEBUG    | <<< 8,1,11:28
2026-04-02 11:28:06 | DEBUG    | <<< 6,2,CashBalance,1042666.8487,BASE,DUO559526
2026-04-02 11:28:06 | DEBUG    | <<< 6,2,TotalCashBalance,1042666.8487,BASE,DUO559526
2026-04-02 11:28:06 | DEBUG    | <<< 6,2,FuturesPNL,5584.64,BASE,DUO559526
2026-04-02 11:28:06 | DEBUG    | <<< 6,2,NetLiquidationByCurrency,1044405.8687,BASE,DUO559526
2026-04-02 11:28:06 | DEBUG    | <<< 6,2,UnrealizedPnL,5634.66,BASE,DUO559526
2026-04-02 11:28:06 | DEBUG    | <<< 8,1,11:28
2026-04-02 11:28:06 | DEBUG    | <<< 8,1,11:28
2026-04-02 11:28:06 | DEBUG    | <<< 73,1,397,DUO559526,,AccountOrGroup,DUO559526,BASE
2026-04-02 11:28:06 | DEBUG    | <<< 73,1,397,DUO559526,,AccountOrGroup,DUO559526,USD
2026-04-02 11:28:06 | DEBUG    | <<< 73,1,397,DUO559526,,AccruedCash,1739.02,BASE
2026-04-02 11:28:06 | DEBUG    | <<< 73,1,397,DUO559526,,AccruedCash,1739.02,USD
2026-04-02 11:28:06 | DEBUG    | <<< 73,1,397,DUO559526,,CashBalance,1042666.8487,BASE
2026-04-02 11:28:06 | DEBUG    | <<< 73,1,397,DUO559526,,CashBalance,1042666.8487,USD
2026-04-02 11:28:06 | DEBUG    | <<< 73,1,397,DUO559526,,CorporateBondValue,0.00,BASE
2026-04-02 11:28:06 | DEBUG    | <<< 73,1,397,DUO559526,,CorporateBondValue,0.00,USD
2026-04-02 11:28:06 | DEBUG    | <<< 73,1,397,DUO559526,,Cryptocurrency,0.00,BASE
2026-04-02 11:28:06 | DEBUG    | <<< 73,1,397,DUO559526,,Cryptocurrency,0.00,USD
2026-04-02 11:28:06 | DEBUG    | <<< 73,1,397,DUO559526,,Currency,BASE,BASE
2026-04-02 11:28:06 | DEBUG    | <<< 73,1,397,DUO559526,,Currency,USD,USD
2026-04-02 11:28:06 | DEBUG    | <<< 73,1,397,DUO559526,,ExchangeRate,1.00,BASE
2026-04-02 11:28:06 | DEBUG    | <<< 73,1,397,DUO559526,,ExchangeRate,1.00,USD
2026-04-02 11:28:06 | DEBUG    | <<< 73,1,397,DUO559526,,FundValue,0.00,BASE
2026-04-02 11:28:06 | DEBUG    | <<< 73,1,397,DUO559526,,FundValue,0.00,USD
2026-04-02 11:28:06 | DEBUG    | <<< 73,1,397,DUO559526,,FutureOptionValue,0.00,BASE
2026-04-02 11:28:06 | DEBUG    | <<< 73,1,397,DUO559526,,FutureOptionValue,0.00,USD
2026-04-02 11:28:06 | DEBUG    | <<< 73,1,397,DUO559526,,FuturesPNL,5584.64,BASE
2026-04-02 11:28:06 | DEBUG    | <<< 73,1,397,DUO559526,,FuturesPNL,5584.64,USD
2026-04-02 11:28:06 | DEBUG    | <<< 73,1,397,DUO559526,,FxCashBalance,0.00,BASE
2026-04-02 11:28:06 | DEBUG    | <<< 73,1,397,DUO559526,,FxCashBalance,0.00,USD
2026-04-02 11:28:06 | DEBUG    | <<< 73,1,397,DUO559526,,IssuerOptionValue,0.00,BASE
2026-04-02 11:28:06 | DEBUG    | <<< 73,1,397,DUO559526,,IssuerOptionValue,0.00,USD
2026-04-02 11:28:06 | DEBUG    | <<< 73,1,397,DUO559526,,MoneyMarketFundValue,0.00,BASE
2026-04-02 11:28:06 | DEBUG    | <<< 73,1,397,DUO559526,,MoneyMarketFundValue,0.00,USD
2026-04-02 11:28:06 | DEBUG    | <<< 73,1,397,DUO559526,,MutualFundValue,0.00,BASE
2026-04-02 11:28:06 | DEBUG    | <<< 73,1,397,DUO559526,,MutualFundValue,0.00,USD
2026-04-02 11:28:06 | DEBUG    | <<< 73,1,397,DUO559526,,NetDividend,0.00,BASE
2026-04-02 11:28:06 | DEBUG    | <<< 73,1,397,DUO559526,,NetDividend,0.00,USD
2026-04-02 11:28:06 | DEBUG    | <<< 73,1,397,DUO559526,,NetLiquidationByCurrency,1044405.8687,BASE
2026-04-02 11:28:06 | DEBUG    | <<< 73,1,397,DUO559526,,NetLiquidationByCurrency,1044405.8687,USD
2026-04-02 11:28:06 | DEBUG    | <<< 73,1,397,DUO559526,,OptionMarketValue,0.00,BASE
2026-04-02 11:28:06 | DEBUG    | <<< 73,1,397,DUO559526,,OptionMarketValue,0.00,USD
2026-04-02 11:28:06 | DEBUG    | <<< 73,1,397,DUO559526,,RealCurrency,BASE,BASE
2026-04-02 11:28:06 | DEBUG    | <<< 73,1,397,DUO559526,,RealCurrency,USD,USD
2026-04-02 11:28:06 | DEBUG    | <<< 73,1,397,DUO559526,,RealizedPnL,0.00,BASE
2026-04-02 11:28:06 | DEBUG    | <<< 73,1,397,DUO559526,,RealizedPnL,0.00,USD
2026-04-02 11:28:06 | DEBUG    | <<< 73,1,397,DUO559526,,StockMarketValue,0.00,BASE
2026-04-02 11:28:06 | DEBUG    | <<< 73,1,397,DUO559526,,StockMarketValue,0.00,USD
2026-04-02 11:28:06 | DEBUG    | <<< 73,1,397,DUO559526,,TBillValue,0.00,BASE
2026-04-02 11:28:06 | DEBUG    | <<< 73,1,397,DUO559526,,TBillValue,0.00,USD
2026-04-02 11:28:06 | DEBUG    | <<< 73,1,397,DUO559526,,TBondValue,0.00,BASE
2026-04-02 11:28:06 | DEBUG    | <<< 73,1,397,DUO559526,,TBondValue,0.00,USD
2026-04-02 11:28:06 | DEBUG    | <<< 73,1,397,DUO559526,,TotalCashBalance,1042666.8487,BASE
2026-04-02 11:28:06 | DEBUG    | <<< 73,1,397,DUO559526,,TotalCashBalance,1042666.8487,USD
2026-04-02 11:28:06 | DEBUG    | <<< 73,1,397,DUO559526,,UnrealizedPnL,5634.66,BASE
2026-04-02 11:28:06 | DEBUG    | <<< 73,1,397,DUO559526,,UnrealizedPnL,5634.66,USD
2026-04-02 11:28:06 | DEBUG    | <<< 73,1,397,DUO559526,,WarrantValue,0.00,BASE
2026-04-02 11:28:06 | DEBUG    | <<< 73,1,397,DUO559526,,WarrantValue,0.00,USD
2026-04-02 11:28:06 | DEBUG    | <<< 7,8,649180678,ES,FUT,20260618,0,0,50,CME,USD,ESM6,ES,10,6622.0,3311000.0,330552.25,5477.5,0.0,DUO559526
2026-04-02 11:28:06 | INFO     | updatePortfolio: PortfolioItem(contract=Future(conId=649180678, symbol='ES', lastTradeDateOrContractMonth='20260618', right='0', multiplier='50', primaryExchange='CME', currency='USD', localSymbol='ESM6', tradingClass='ES'), position=10.0, marketPrice=6622.0, marketValue=3311000.0, averageCost=330552.25, unrealizedPNL=5477.5, realizedPNL=0.0, account='DUO559526')
2026-04-02 11:28:06 | DEBUG    | <<< 8,1,11:28
2026-04-02 11:28:06 | DEBUG    | <<< 7,8,770561194,MES,FUT,20260618,0,0,5,CME,USD,MESM6,MES,4,6621.9819336,132439.64,33070.62,157.16,0.0,DUO559526
2026-04-02 11:28:06 | INFO     | updatePortfolio: PortfolioItem(contract=Future(conId=770561194, symbol='MES', lastTradeDateOrContractMonth='20260618', right='0', multiplier='5', primaryExchange='CME', currency='USD', localSymbol='MESM6', tradingClass='MES'), position=4.0, marketPrice=6621.9819336, marketValue=132439.64, averageCost=33070.62, unrealizedPNL=157.16, realizedPNL=0.0, account='DUO559526')
2026-04-02 11:28:06 | DEBUG    | <<< 8,1,11:28
2026-04-02 11:28:10 | DEBUG    | <<< 50,3,402,1775143685,6620.25,6622.00,6620.00,6620.00,929,6620.854413347686,375
2026-04-02 11:28:15 | DEBUG    | <<< 50,3,402,1775143690,6620.25,6621.25,6619.00,6619.00,594,6620.125,206
2026-04-02 11:28:20 | DEBUG    | <<< 50,3,402,1775143695,6619.25,6620.50,6619.25,6620.25,333,6620.078078078078,125
2026-04-02 11:28:25 | DEBUG    | <<< 50,3,402,1775143700,6620.00,6620.50,6618.75,6619.75,567,6619.486331569665,200
2026-04-02 11:28:30 | DEBUG    | <<< 50,3,402,1775143705,6619.75,6620.50,6619.75,6620.00,367,6620.231607629428,130
2026-04-02 11:28:35 | DEBUG    | <<< 50,3,402,1775143710,6620.00,6621.25,6619.50,6619.75,558,6620.465053763441,242
2026-04-02 11:28:40 | DEBUG    | <<< 50,3,402,1775143715,6619.75,6620.00,6618.75,6619.75,229,6619.435589519651,78
2026-04-02 11:28:45 | DEBUG    | <<< 50,3,402,1775143720,6619.75,6620.25,6619.25,6619.75,239,6619.864016736402,73
2026-04-02 11:28:50 | DEBUG    | <<< 50,3,402,1775143725,6619.75,6620.50,6619.50,6619.75,204,6620.063725490196,61
2026-04-02 11:28:55 | DEBUG    | <<< 50,3,402,1775143730,6619.75,6620.75,6619.75,6620.50,157,6620.353503184713,47
2026-04-02 11:29:00 | DEBUG    | <<< 50,3,402,1775143735,6620.50,6621.25,6620.50,6621.00,284,6620.831866197183,83
2026-04-02 11:29:05 | DEBUG    | <<< 50,3,402,1775143740,6621.00,6621.25,6619.00,6619.00,387,6619.963178294574,116
2026-04-02 11:29:05 | DEBUG    | >>> 3,404,649180678,ES,FUT,20260618,0.0,,50,CME,,USD,ESM6,ES,,,SELL,10.0,STP,0.0,6617.0,GTC,,,O,0,,1,0,0,0,0,0,0,0,,0.0,,,,,,,,0,,-1,0,,,0,,,0,0,,0,,,,,,0,,,,,0,,,,,,,,,,,0,,,0,0,,,0,,0,0,0,0,,,,,,,0,,,,,,,,,0,0,0,0,,,0,,
2026-04-02 11:29:05 | INFO     | placeOrder: Modify order Trade(contract=Contract(secType='FUT', conId=649180678, symbol='ES', lastTradeDateOrContractMonth='20260618', multiplier='50', exchange='CME', currency='USD', localSymbol='ESM6', tradingClass='ES'), order=Order(orderId=404, clientId=10, permId=1721858118, action='SELL', totalQuantity=10.0, orderType='STP', lmtPrice=0.0, auxPrice=6617.0, tif='GTC'), orderStatus=OrderStatus(orderId=404, status='PreSubmitted', filled=0.0, remaining=10.0, avgFillPrice=0.0, permId=1721858118, parentId=0, lastFillPrice=0.0, clientId=10, whyHeld='trigger', mktCapPrice=0.0), fills=[], log=[TradeLogEntry(time=datetime.datetime(2026, 4, 2, 15, 26, 5, 253878, tzinfo=datetime.timezone.utc), status='PendingSubmit', message='', errorCode=0), TradeLogEntry(time=datetime.datetime(2026, 4, 2, 15, 26, 5, 321712, tzinfo=datetime.timezone.utc), status='PreSubmitted', message='', errorCode=0), TradeLogEntry(time=datetime.datetime(2026, 4, 2, 15, 28, 5, 253947, tzinfo=datetime.timezone.utc), status='PreSubmitted', message='Modify', errorCode=0), TradeLogEntry(time=datetime.datetime(2026, 4, 2, 15, 29, 5, 249762, tzinfo=datetime.timezone.utc), status='PreSubmitted', message='Modify', errorCode=0)], advancedError='')
2026-04-02 11:29:05 | DEBUG    | <<< 5,404,649180678,ES,FUT,20260618,0,?,50,CME,USD,ESM6,ES,SELL,10,STP,0.0,6617.0,GTC,,DUO559526,O,0,,10,1721858118,0,0,0,,1721858118.2/DUO559526/100,,,,,,,,,,0,,-1,0,,,,,,2147483647,0,0,0,,3,0,0,,0,0,,0,None,,0,,,,?,0,0,,0,0,,,,,,0,0,0,2147483647,2147483647,,,0,,IB,0,0,,0,0,PreSubmitted,1.7976931348623157E308,1.7976931348623157E308,1.7976931348623157E308,1.7976931348623157E308,1.7976931348623157E308,1.7976931348623157E308,1.7976931348623157E308,1.7976931348623157E308,1.7976931348623157E308,,,,,,0,0,0,None,1.7976931348623157E308,6617.0,1.7976931348623157E308,1.7976931348623157E308,1.7976931348623157E308,1.7976931348623157E308,0,,,,0,1,0,0,0,,,0,,,,,
2026-04-02 11:29:05 | DEBUG    | <<< 3,404,PreSubmitted,0,10,0,1721858118,0,0,10,trigger,0
2026-04-02 11:29:05 | DEBUG    | <<< 5,404,649180678,ES,FUT,20260618,0,?,50,CME,USD,ESM6,ES,SELL,10,STP,0.0,6618.0,GTC,,DUO559526,O,0,,10,1721858118,0,0,0,,1721858118.3/DUO559526/100,,,,,,,,,,0,,-1,0,,,,,,2147483647,0,0,0,,3,0,0,,0,0,,0,None,,0,,,,?,0,0,,0,0,,,,,,0,0,0,2147483647,2147483647,,,0,,IB,0,0,,0,0,PreSubmitted,1.7976931348623157E308,1.7976931348623157E308,1.7976931348623157E308,1.7976931348623157E308,1.7976931348623157E308,1.7976931348623157E308,1.7976931348623157E308,1.7976931348623157E308,1.7976931348623157E308,,,,,,0,0,0,None,1.7976931348623157E308,6618.0,1.7976931348623157E308,1.7976931348623157E308,1.7976931348623157E308,1.7976931348623157E308,0,,,,0,1,0,0,0,,,0,,,,,
2026-04-02 11:29:05 | DEBUG    | <<< 3,404,PreSubmitted,0,10,0,1721858118,0,0,10,trigger,0
2026-04-02 11:29:05 | DEBUG    | <<< 5,404,649180678,ES,FUT,20260618,0,?,50,CME,USD,ESM6,ES,SELL,10,STP,0.0,6618.0,GTC,,DUO559526,,0,,10,1721858118,0,0,0,,1721858118.3/DUO559526/100,,,,,,,,,,0,,-1,0,,,,,,2147483647,0,0,0,,3,0,0,,0,0,,0,None,,0,,,,?,0,0,,0,0,,,,,,0,0,0,2147483647,2147483647,,,0,,IB,0,0,,0,0,PreSubmitted,1.7976931348623157E308,1.7976931348623157E308,1.7976931348623157E308,1.7976931348623157E308,1.7976931348623157E308,1.7976931348623157E308,1.7976931348623157E308,1.7976931348623157E308,1.7976931348623157E308,,,,,,0,0,0,None,1.7976931348623157E308,6618.0,1.7976931348623157E308,1.7976931348623157E308,1.7976931348623157E308,1.7976931348623157E308,0,,,,0,1,0,0,0,,,0,,,,,
2026-04-02 11:29:05 | DEBUG    | <<< 3,404,PreSubmitted,0,10,0,1721858118,0,0,10,trigger,0
2026-04-02 11:29:06 | DEBUG    | <<< 61,3,DUO559526,649180678,ES,FUT,20260618,0.0,,50,,USD,ESM6,ES,0,0.0
2026-04-02 11:29:06 | INFO     | position: Position(account='DUO559526', contract=Future(conId=649180678, symbol='ES', lastTradeDateOrContractMonth='20260618', multiplier='50', currency='USD', localSymbol='ESM6', tradingClass='ES'), position=0.0, avgCost=0.0)
2026-04-02 11:29:06 | DEBUG    | <<< 11,-1,404,649180678,ES,FUT,20260618,0.0,,50,CME,USD,ESM6,ES,0000e1a7.69d33c0a.01.01,20260402-15:29:06,DUO559526,CME,SLD,10,6618.00,1721858118,10,0,10,6618.00,,,,,1
2026-04-02 11:29:06 | INFO     | execDetails Execution(execId='0000e1a7.69d33c0a.01.01', time=datetime.datetime(2026, 4, 2, 19, 29, 6, tzinfo=datetime.timezone.utc), acctNumber='DUO559526', exchange='CME', side='SLD', shares=10.0, price=6618.0, permId=1721858118, clientId=10, orderId=404, liquidation=0, cumQty=10.0, avgPrice=6618.0, orderRef='', evRule='', evMultiplier=0.0, modelCode='', lastLiquidity=1)
2026-04-02 11:29:06 | INFO     | execDetails: Fill(contract=Contract(secType='FUT', conId=649180678, symbol='ES', lastTradeDateOrContractMonth='20260618', multiplier='50', exchange='CME', currency='USD', localSymbol='ESM6', tradingClass='ES'), execution=Execution(execId='0000e1a7.69d33c0a.01.01', time=datetime.datetime(2026, 4, 2, 19, 29, 6, tzinfo=datetime.timezone.utc), acctNumber='DUO559526', exchange='CME', side='SLD', shares=10.0, price=6618.0, permId=1721858118, clientId=10, orderId=404, liquidation=0, cumQty=10.0, avgPrice=6618.0, orderRef='', evRule='', evMultiplier=0.0, modelCode='', lastLiquidity=1), commissionReport=CommissionReport(execId='', commission=0.0, currency='', realizedPNL=0.0, yield_=0.0, yieldRedemptionDate=0), time=datetime.datetime(2026, 4, 2, 15, 29, 6, 8156, tzinfo=datetime.timezone.utc))
2026-04-02 11:29:06 | DEBUG    | <<< 5,404,649180678,ES,FUT,20260618,0,?,50,CME,USD,ESM6,ES,SELL,10,STP,0.0,6618.0,GTC,,DUO559526,,0,,10,1721858118,0,0,0,,1721858118.3/DUO559526/100,,,,,,,,,,0,,-1,0,,,,,,2147483647,0,0,0,,3,0,0,,0,0,,0,None,,0,,,,?,0,0,,0,0,,,,,,0,0,0,2147483647,2147483647,,,0,,IB,0,0,,0,0,Filled,1.7976931348623157E308,1.7976931348623157E308,1.7976931348623157E308,1.7976931348623157E308,1.7976931348623157E308,1.7976931348623157E308,1.7976931348623157E308,1.7976931348623157E308,1.7976931348623157E308,,,,,,0,0,0,None,1.7976931348623157E308,6618.0,1.7976931348623157E308,1.7976931348623157E308,1.7976931348623157E308,1.7976931348623157E308,0,,,,0,1,0,0,0,,,0,,,,,
2026-04-02 11:29:06 | DEBUG    | <<< 3,404,Filled,10,0,6618.00,1721858118,0,6618.00,10,,0
2026-04-02 11:29:06 | INFO     | orderStatus: Trade(contract=Contract(secType='FUT', conId=649180678, symbol='ES', lastTradeDateOrContractMonth='20260618', multiplier='50', exchange='CME', currency='USD', localSymbol='ESM6', tradingClass='ES'), order=Order(orderId=404, clientId=10, permId=1721858118, action='SELL', totalQuantity=10.0, orderType='STP', lmtPrice=0.0, auxPrice=6618.0, tif='GTC'), orderStatus=OrderStatus(orderId=404, status='Filled', filled=10.0, remaining=0.0, avgFillPrice=6618.0, permId=1721858118, parentId=0, lastFillPrice=6618.0, clientId=10, whyHeld='', mktCapPrice=0.0), fills=[Fill(contract=Contract(secType='FUT', conId=649180678, symbol='ES', lastTradeDateOrContractMonth='20260618', multiplier='50', exchange='CME', currency='USD', localSymbol='ESM6', tradingClass='ES'), execution=Execution(execId='0000e1a7.69d33c0a.01.01', time=datetime.datetime(2026, 4, 2, 19, 29, 6, tzinfo=datetime.timezone.utc), acctNumber='DUO559526', exchange='CME', side='SLD', shares=10.0, price=6618.0, permId=1721858118, clientId=10, orderId=404, liquidation=0, cumQty=10.0, avgPrice=6618.0, orderRef='', evRule='', evMultiplier=0.0, modelCode='', lastLiquidity=1), commissionReport=CommissionReport(execId='', commission=0.0, currency='', realizedPNL=0.0, yield_=0.0, yieldRedemptionDate=0), time=datetime.datetime(2026, 4, 2, 15, 29, 6, 8156, tzinfo=datetime.timezone.utc))], log=[TradeLogEntry(time=datetime.datetime(2026, 4, 2, 15, 26, 5, 253878, tzinfo=datetime.timezone.utc), status='PendingSubmit', message='', errorCode=0), TradeLogEntry(time=datetime.datetime(2026, 4, 2, 15, 26, 5, 321712, tzinfo=datetime.timezone.utc), status='PreSubmitted', message='', errorCode=0), TradeLogEntry(time=datetime.datetime(2026, 4, 2, 15, 28, 5, 253947, tzinfo=datetime.timezone.utc), status='PreSubmitted', message='Modify', errorCode=0), TradeLogEntry(time=datetime.datetime(2026, 4, 2, 15, 29, 5, 249762, tzinfo=datetime.timezone.utc), status='PreSubmitted', message='Modify', errorCode=0), TradeLogEntry(time=datetime.datetime(2026, 4, 2, 15, 29, 6, 8156, tzinfo=datetime.timezone.utc), status='PreSubmitted', message='Fill 10.0@6618.0', errorCode=0), TradeLogEntry(time=datetime.datetime(2026, 4, 2, 15, 29, 6, 8156, tzinfo=datetime.timezone.utc), status='Filled', message='', errorCode=0)], advancedError='')
2026-04-02 11:29:06 | DEBUG    | <<< 5,404,649180678,ES,FUT,20260618,0,?,50,CME,USD,ESM6,ES,SELL,10,STP,0.0,6618.0,GTC,,DUO559526,,0,,10,1721858118,0,0,0,,1721858118.3/DUO559526/100,,,,,,,,,,0,,-1,0,,,,,,2147483647,0,0,0,,3,0,0,,0,0,,0,None,,0,,,,?,0,0,,0,0,,,,,,0,0,0,2147483647,2147483647,,,0,,IB,0,0,,0,0,Filled,1.7976931348623157E308,1.7976931348623157E308,1.7976931348623157E308,1.7976931348623157E308,1.7976931348623157E308,1.7976931348623157E308,1.7976931348623157E308,1.7976931348623157E308,1.7976931348623157E308,22.5,,,USD,,0,0,0,None,1.7976931348623157E308,6618.0,1.7976931348623157E308,1.7976931348623157E308,1.7976931348623157E308,1.7976931348623157E308,0,,,,0,1,0,0,0,,,0,,,,,
2026-04-02 11:29:06 | DEBUG    | <<< 3,404,Filled,10,0,6618.00,1721858118,0,6618.00,10,,0
2026-04-02 11:29:06 | DEBUG    | <<< 59,1,0000e1a7.69d33c0a.01.01,22.5,USD,3455.0,1.7976931348623157E308,
2026-04-02 11:29:06 | INFO     | commissionReport: CommissionReport(execId='0000e1a7.69d33c0a.01.01', commission=22.5, currency='USD', realizedPNL=3455.0, yield_=0.0, yieldRedemptionDate=0)
2026-04-02 11:29:06 | DEBUG    | <<< 61,3,DUO559526,649180678,ES,FUT,20260618,0.0,,50,,USD,ESM6,ES,0,0.0
2026-04-02 11:29:06 | INFO     | position: Position(account='DUO559526', contract=Future(conId=649180678, symbol='ES', lastTradeDateOrContractMonth='20260618', multiplier='50', currency='USD', localSymbol='ESM6', tradingClass='ES'), position=0.0, avgCost=0.0)
2026-04-02 11:29:06 | DEBUG    | <<< 61,3,DUO559526,649180678,ES,FUT,20260618,0.0,,50,,USD,ESM6,ES,0,0.0
2026-04-02 11:29:06 | INFO     | position: Position(account='DUO559526', contract=Future(conId=649180678, symbol='ES', lastTradeDateOrContractMonth='20260618', multiplier='50', currency='USD', localSymbol='ESM6', tradingClass='ES'), position=0.0, avgCost=0.0)
2026-04-02 11:29:07 | DEBUG    | <<< 6,2,DayTradingStatus-S,::false:1033714.21::false,,DUO559526
2026-04-02 11:29:07 | DEBUG    | <<< 6,2,SettledCashByDate-C,20260402:383719.74;20260403:387234.74000001,,DUO559526
2026-04-02 11:29:07 | DEBUG    | <<< 6,2,SettledCashByDate,20260402:1037059.71;20260403:1040574.71000001,,DUO559526
2026-04-02 11:29:07 | DEBUG    | <<< 6,2,Cushion,0.99175,,DUO559526
2026-04-02 11:29:07 | DEBUG    | <<< 8,1,11:29
2026-04-02 11:29:07 | DEBUG    | <<< 8,1,11:29
2026-04-02 11:29:07 | DEBUG    | <<< 8,1,11:29
2026-04-02 11:29:07 | DEBUG    | <<< 8,1,11:29
2026-04-02 11:29:07 | DEBUG    | <<< 73,1,397,DUO559526,,Cushion,0.99175,
2026-04-02 11:29:07 | DEBUG    | <<< 73,1,397,DUO559526,,DayTradingStatus-S,::false:1033714.21::false,
2026-04-02 11:29:07 | DEBUG    | <<< 73,1,397,DUO559526,,SettledCashByDate,20260402:1037059.71;20260403:1040574.71000001,
2026-04-02 11:29:07 | DEBUG    | <<< 73,1,397,DUO559526,,SettledCashByDate-C,20260402:383719.74;20260403:387234.74000001,
2026-04-02 11:29:07 | DEBUG    | <<< 8,1,11:29
2026-04-02 11:29:07 | DEBUG    | <<< 6,2,EquityWithLoanValue-C,380374.24,USD,DUO559526
2026-04-02 11:29:07 | DEBUG    | <<< 6,2,NetLiquidation-C,387234.74,USD,DUO559526
2026-04-02 11:29:07 | DEBUG    | <<< 6,2,TotalCashValue-C,387234.74,USD,DUO559526
2026-04-02 11:29:07 | DEBUG    | <<< 6,2,EquityWithLoanValue,1033714.21,USD,DUO559526
2026-04-02 11:29:07 | DEBUG    | <<< 6,2,NetLiquidation,1042313.73,USD,DUO559526
2026-04-02 11:29:07 | DEBUG    | <<< 6,2,TotalCashValue,1040574.71,USD,DUO559526
2026-04-02 11:29:07 | DEBUG    | <<< 6,2,BuyingPower,4134856.86,USD,DUO559526
2026-04-02 11:29:07 | DEBUG    | <<< 6,2,InitMarginReq-C,8339.31,USD,DUO559526
2026-04-02 11:29:07 | DEBUG    | <<< 6,2,MaintMarginReq-C,6860.50,USD,DUO559526
2026-04-02 11:29:07 | DEBUG    | <<< 6,2,AvailableFunds-C,378895.43,USD,DUO559526
2026-04-02 11:29:07 | DEBUG    | <<< 6,2,ExcessLiquidity-C,380374.24,USD,DUO559526
2026-04-02 11:29:07 | DEBUG    | <<< 6,2,InitMarginReq,8339.31,USD,DUO559526
2026-04-02 11:29:07 | DEBUG    | <<< 6,2,MaintMarginReq,6860.50,USD,DUO559526
2026-04-02 11:29:07 | DEBUG    | <<< 6,2,AvailableFunds,1032235.40,USD,DUO559526
2026-04-02 11:29:07 | DEBUG    | <<< 6,2,ExcessLiquidity,1033714.21,USD,DUO559526
2026-04-02 11:29:07 | DEBUG    | <<< 6,2,LookAheadInitMarginReq-C,11913.30,USD,DUO559526
2026-04-02 11:29:07 | DEBUG    | <<< 6,2,LookAheadMaintMarginReq-C,9800.71,USD,DUO559526
2026-04-02 11:29:07 | DEBUG    | <<< 6,2,LookAheadAvailableFunds-C,375321.44,USD,DUO559526
2026-04-02 11:29:07 | DEBUG    | <<< 6,2,LookAheadExcessLiquidity-C,377434.03,USD,DUO559526
2026-04-02 11:29:07 | DEBUG    | <<< 6,2,LookAheadInitMarginReq,11913.30,USD,DUO559526
2026-04-02 11:29:07 | DEBUG    | <<< 6,2,LookAheadMaintMarginReq,9800.71,USD,DUO559526
2026-04-02 11:29:07 | DEBUG    | <<< 6,2,LookAheadAvailableFunds,1028661.41,USD,DUO559526
2026-04-02 11:29:07 | DEBUG    | <<< 6,2,LookAheadExcessLiquidity,1030774.00,USD,DUO559526
2026-04-02 11:29:07 | DEBUG    | <<< 6,2,FullInitMarginReq-C,11913.30,USD,DUO559526
2026-04-02 11:29:07 | DEBUG    | <<< 6,2,FullMaintMarginReq-C,9800.71,USD,DUO559526
2026-04-02 11:29:07 | DEBUG    | <<< 6,2,FullAvailableFunds-C,375321.44,USD,DUO559526
2026-04-02 11:29:07 | DEBUG    | <<< 6,2,FullExcessLiquidity-C,377434.03,USD,DUO559526
2026-04-02 11:29:07 | DEBUG    | <<< 6,2,FullInitMarginReq,11913.30,USD,DUO559526
2026-04-02 11:29:07 | DEBUG    | <<< 6,2,FullMaintMarginReq,9800.71,USD,DUO559526
2026-04-02 11:29:07 | DEBUG    | <<< 6,2,FullAvailableFunds,1028661.41,USD,DUO559526
2026-04-02 11:29:07 | DEBUG    | <<< 6,2,FullExcessLiquidity,1030774.00,USD,DUO559526
2026-04-02 11:29:07 | DEBUG    | <<< 8,1,11:29
2026-04-02 11:29:07 | DEBUG    | <<< 8,1,11:29
2026-04-02 11:29:07 | DEBUG    | <<< 8,1,11:29
2026-04-02 11:29:07 | DEBUG    | <<< 8,1,11:29
2026-04-02 11:29:07 | DEBUG    | <<< 73,1,397,DUO559526,,AvailableFunds,1032235.40,USD
2026-04-02 11:29:07 | DEBUG    | <<< 73,1,397,DUO559526,,AvailableFunds-C,378895.43,USD
2026-04-02 11:29:07 | DEBUG    | <<< 73,1,397,DUO559526,,BuyingPower,4134856.86,USD
2026-04-02 11:29:07 | DEBUG    | <<< 73,1,397,DUO559526,,EquityWithLoanValue,1033714.21,USD
2026-04-02 11:29:07 | DEBUG    | <<< 73,1,397,DUO559526,,EquityWithLoanValue-C,380374.24,USD
2026-04-02 11:29:07 | DEBUG    | <<< 73,1,397,DUO559526,,ExcessLiquidity,1033714.21,USD
2026-04-02 11:29:07 | DEBUG    | <<< 73,1,397,DUO559526,,ExcessLiquidity-C,380374.24,USD
2026-04-02 11:29:07 | DEBUG    | <<< 73,1,397,DUO559526,,FullAvailableFunds,1028661.41,USD
2026-04-02 11:29:07 | DEBUG    | <<< 73,1,397,DUO559526,,FullAvailableFunds-C,375321.44,USD
2026-04-02 11:29:07 | DEBUG    | <<< 73,1,397,DUO559526,,FullExcessLiquidity,1030774.00,USD
2026-04-02 11:29:07 | DEBUG    | <<< 73,1,397,DUO559526,,FullExcessLiquidity-C,377434.03,USD
2026-04-02 11:29:07 | DEBUG    | <<< 73,1,397,DUO559526,,FullInitMarginReq,11913.30,USD
2026-04-02 11:29:07 | DEBUG    | <<< 73,1,397,DUO559526,,FullInitMarginReq-C,11913.30,USD
2026-04-02 11:29:07 | DEBUG    | <<< 73,1,397,DUO559526,,FullMaintMarginReq,9800.71,USD
2026-04-02 11:29:07 | DEBUG    | <<< 73,1,397,DUO559526,,FullMaintMarginReq-C,9800.71,USD
2026-04-02 11:29:07 | DEBUG    | <<< 73,1,397,DUO559526,,InitMarginReq,8339.31,USD
2026-04-02 11:29:07 | DEBUG    | <<< 73,1,397,DUO559526,,InitMarginReq-C,8339.31,USD
2026-04-02 11:29:07 | DEBUG    | <<< 73,1,397,DUO559526,,LookAheadAvailableFunds,1028661.41,USD
2026-04-02 11:29:07 | DEBUG    | <<< 73,1,397,DUO559526,,LookAheadAvailableFunds-C,375321.44,USD
2026-04-02 11:29:07 | DEBUG    | <<< 73,1,397,DUO559526,,LookAheadExcessLiquidity,1030774.00,USD
2026-04-02 11:29:07 | DEBUG    | <<< 73,1,397,DUO559526,,LookAheadExcessLiquidity-C,377434.03,USD
2026-04-02 11:29:07 | DEBUG    | <<< 73,1,397,DUO559526,,LookAheadInitMarginReq,11913.30,USD
2026-04-02 11:29:07 | DEBUG    | <<< 73,1,397,DUO559526,,LookAheadInitMarginReq-C,11913.30,USD
2026-04-02 11:29:07 | DEBUG    | <<< 73,1,397,DUO559526,,LookAheadMaintMarginReq,9800.71,USD
2026-04-02 11:29:07 | DEBUG    | <<< 73,1,397,DUO559526,,LookAheadMaintMarginReq-C,9800.71,USD
2026-04-02 11:29:07 | DEBUG    | <<< 73,1,397,DUO559526,,MaintMarginReq,6860.50,USD
2026-04-02 11:29:07 | DEBUG    | <<< 73,1,397,DUO559526,,MaintMarginReq-C,6860.50,USD
2026-04-02 11:29:07 | DEBUG    | <<< 73,1,397,DUO559526,,NetLiquidation,1042313.73,USD
2026-04-02 11:29:07 | DEBUG    | <<< 73,1,397,DUO559526,,NetLiquidation-C,387234.74,USD
2026-04-02 11:29:07 | DEBUG    | <<< 73,1,397,DUO559526,,TotalCashValue,1040574.71,USD
2026-04-02 11:29:07 | DEBUG    | <<< 73,1,397,DUO559526,,TotalCashValue-C,387234.74,USD
2026-04-02 11:29:07 | DEBUG    | <<< 8,1,11:29
2026-04-02 11:29:07 | DEBUG    | <<< 6,2,CashBalance,1040574.71,USD,DUO559526
2026-04-02 11:29:07 | DEBUG    | <<< 6,2,TotalCashBalance,1040574.71,USD,DUO559526
2026-04-02 11:29:07 | DEBUG    | <<< 6,2,FuturesPNL,3515.00,USD,DUO559526
2026-04-02 11:29:07 | DEBUG    | <<< 6,2,NetLiquidationByCurrency,1042313.73,USD,DUO559526
2026-04-02 11:29:07 | DEBUG    | <<< 6,2,UnrealizedPnL,87.52,USD,DUO559526
2026-04-02 11:29:07 | DEBUG    | <<< 6,2,RealizedPnL,3455.00,USD,DUO559526
2026-04-02 11:29:07 | DEBUG    | <<< 8,1,11:29
2026-04-02 11:29:07 | DEBUG    | <<< 8,1,11:29
2026-04-02 11:29:07 | DEBUG    | <<< 6,2,CashBalance,1040574.71,BASE,DUO559526
2026-04-02 11:29:07 | DEBUG    | <<< 6,2,TotalCashBalance,1040574.71,BASE,DUO559526
2026-04-02 11:29:07 | DEBUG    | <<< 6,2,FuturesPNL,3515.00,BASE,DUO559526
2026-04-02 11:29:07 | DEBUG    | <<< 6,2,NetLiquidationByCurrency,1042313.73,BASE,DUO559526
2026-04-02 11:29:07 | DEBUG    | <<< 6,2,UnrealizedPnL,87.52,BASE,DUO559526
2026-04-02 11:29:07 | DEBUG    | <<< 6,2,RealizedPnL,3455.00,BASE,DUO559526
2026-04-02 11:29:07 | DEBUG    | <<< 8,1,11:29
2026-04-02 11:29:07 | DEBUG    | <<< 8,1,11:29
2026-04-02 11:29:07 | DEBUG    | <<< 73,1,397,DUO559526,,AccountOrGroup,DUO559526,BASE
2026-04-02 11:29:07 | DEBUG    | <<< 73,1,397,DUO559526,,AccountOrGroup,DUO559526,USD
2026-04-02 11:29:07 | DEBUG    | <<< 73,1,397,DUO559526,,AccruedCash,1739.02,BASE
2026-04-02 11:29:07 | DEBUG    | <<< 73,1,397,DUO559526,,AccruedCash,1739.02,USD
2026-04-02 11:29:07 | DEBUG    | <<< 73,1,397,DUO559526,,CashBalance,1040574.71,BASE
2026-04-02 11:29:07 | DEBUG    | <<< 73,1,397,DUO559526,,CashBalance,1040574.71,USD
2026-04-02 11:29:07 | DEBUG    | <<< 73,1,397,DUO559526,,CorporateBondValue,0.00,BASE
2026-04-02 11:29:07 | DEBUG    | <<< 73,1,397,DUO559526,,CorporateBondValue,0.00,USD
2026-04-02 11:29:07 | DEBUG    | <<< 73,1,397,DUO559526,,Cryptocurrency,0.00,BASE
2026-04-02 11:29:07 | DEBUG    | <<< 73,1,397,DUO559526,,Cryptocurrency,0.00,USD
2026-04-02 11:29:07 | DEBUG    | <<< 73,1,397,DUO559526,,Currency,BASE,BASE
2026-04-02 11:29:07 | DEBUG    | <<< 73,1,397,DUO559526,,Currency,USD,USD
2026-04-02 11:29:07 | DEBUG    | <<< 73,1,397,DUO559526,,ExchangeRate,1.00,BASE
2026-04-02 11:29:07 | DEBUG    | <<< 73,1,397,DUO559526,,ExchangeRate,1.00,USD
2026-04-02 11:29:07 | DEBUG    | <<< 73,1,397,DUO559526,,FundValue,0.00,BASE
2026-04-02 11:29:07 | DEBUG    | <<< 73,1,397,DUO559526,,FundValue,0.00,USD
2026-04-02 11:29:07 | DEBUG    | <<< 73,1,397,DUO559526,,FutureOptionValue,0.00,BASE
2026-04-02 11:29:07 | DEBUG    | <<< 73,1,397,DUO559526,,FutureOptionValue,0.00,USD
2026-04-02 11:29:07 | DEBUG    | <<< 73,1,397,DUO559526,,FuturesPNL,3515.00,BASE
2026-04-02 11:29:07 | DEBUG    | <<< 73,1,397,DUO559526,,FuturesPNL,3515.00,USD
2026-04-02 11:29:07 | DEBUG    | <<< 73,1,397,DUO559526,,FxCashBalance,0.00,BASE
2026-04-02 11:29:07 | DEBUG    | <<< 73,1,397,DUO559526,,FxCashBalance,0.00,USD
2026-04-02 11:29:07 | DEBUG    | <<< 73,1,397,DUO559526,,IssuerOptionValue,0.00,BASE
2026-04-02 11:29:07 | DEBUG    | <<< 73,1,397,DUO559526,,IssuerOptionValue,0.00,USD
2026-04-02 11:29:07 | DEBUG    | <<< 73,1,397,DUO559526,,MoneyMarketFundValue,0.00,BASE
2026-04-02 11:29:07 | DEBUG    | <<< 73,1,397,DUO559526,,MoneyMarketFundValue,0.00,USD
2026-04-02 11:29:07 | DEBUG    | <<< 73,1,397,DUO559526,,MutualFundValue,0.00,BASE
2026-04-02 11:29:07 | DEBUG    | <<< 73,1,397,DUO559526,,MutualFundValue,0.00,USD
2026-04-02 11:29:07 | DEBUG    | <<< 73,1,397,DUO559526,,NetDividend,0.00,BASE
2026-04-02 11:29:07 | DEBUG    | <<< 73,1,397,DUO559526,,NetDividend,0.00,USD
2026-04-02 11:29:07 | DEBUG    | <<< 73,1,397,DUO559526,,NetLiquidationByCurrency,1042313.73,BASE
2026-04-02 11:29:07 | DEBUG    | <<< 73,1,397,DUO559526,,NetLiquidationByCurrency,1042313.73,USD
2026-04-02 11:29:07 | DEBUG    | <<< 73,1,397,DUO559526,,OptionMarketValue,0.00,BASE
2026-04-02 11:29:07 | DEBUG    | <<< 73,1,397,DUO559526,,OptionMarketValue,0.00,USD
2026-04-02 11:29:07 | DEBUG    | <<< 73,1,397,DUO559526,,RealCurrency,BASE,BASE
2026-04-02 11:29:07 | DEBUG    | <<< 73,1,397,DUO559526,,RealCurrency,USD,USD
2026-04-02 11:29:07 | DEBUG    | <<< 73,1,397,DUO559526,,RealizedPnL,3455.00,BASE
2026-04-02 11:29:07 | DEBUG    | <<< 73,1,397,DUO559526,,RealizedPnL,3455.00,USD
2026-04-02 11:29:07 | DEBUG    | <<< 73,1,397,DUO559526,,StockMarketValue,0.00,BASE
2026-04-02 11:29:07 | DEBUG    | <<< 73,1,397,DUO559526,,StockMarketValue,0.00,USD
2026-04-02 11:29:07 | DEBUG    | <<< 73,1,397,DUO559526,,TBillValue,0.00,BASE
2026-04-02 11:29:07 | DEBUG    | <<< 73,1,397,DUO559526,,TBillValue,0.00,USD
2026-04-02 11:29:07 | DEBUG    | <<< 73,1,397,DUO559526,,TBondValue,0.00,BASE
2026-04-02 11:29:07 | DEBUG    | <<< 73,1,397,DUO559526,,TBondValue,0.00,USD
2026-04-02 11:29:07 | DEBUG    | <<< 73,1,397,DUO559526,,TotalCashBalance,1040574.71,BASE
2026-04-02 11:29:07 | DEBUG    | <<< 73,1,397,DUO559526,,TotalCashBalance,1040574.71,USD
2026-04-02 11:29:07 | DEBUG    | <<< 73,1,397,DUO559526,,UnrealizedPnL,87.52,BASE
2026-04-02 11:29:07 | DEBUG    | <<< 73,1,397,DUO559526,,UnrealizedPnL,87.52,USD
2026-04-02 11:29:07 | DEBUG    | <<< 73,1,397,DUO559526,,WarrantValue,0.00,BASE
2026-04-02 11:29:07 | DEBUG    | <<< 73,1,397,DUO559526,,WarrantValue,0.00,USD
2026-04-02 11:29:07 | DEBUG    | <<< 7,8,649180678,ES,FUT,20260618,0,0,50,CME,USD,ESM6,ES,0,6618.5,0.0,0.0,0.0,3455.0,DUO559526
2026-04-02 11:29:07 | INFO     | updatePortfolio: PortfolioItem(contract=Future(conId=649180678, symbol='ES', lastTradeDateOrContractMonth='20260618', right='0', multiplier='50', primaryExchange='CME', currency='USD', localSymbol='ESM6', tradingClass='ES'), position=0.0, marketPrice=6618.5, marketValue=0.0, averageCost=0.0, unrealizedPNL=0.0, realizedPNL=3455.0, account='DUO559526')
2026-04-02 11:29:07 | DEBUG    | <<< 8,1,11:29
2026-04-02 11:29:07 | DEBUG    | <<< 7,8,770561194,MES,FUT,20260618,0,0,5,CME,USD,MESM6,MES,4,6618.5,132370.0,33070.62,87.52,0.0,DUO559526
2026-04-02 11:29:07 | INFO     | updatePortfolio: PortfolioItem(contract=Future(conId=770561194, symbol='MES', lastTradeDateOrContractMonth='20260618', right='0', multiplier='5', primaryExchange='CME', currency='USD', localSymbol='MESM6', tradingClass='MES'), position=4.0, marketPrice=6618.5, marketValue=132370.0, averageCost=33070.62, unrealizedPNL=87.52, realizedPNL=0.0, account='DUO559526')
2026-04-02 11:29:07 | DEBUG    | <<< 8,1,11:29
2026-04-02 11:29:10 | DEBUG    | <<< 50,3,402,1775143745,6618.75,6618.75,6617.25,6617.75,284,6617.897887323944,121
2026-04-02 11:29:15 | DEBUG    | <<< 50,3,402,1775143750,6617.75,6617.75,6616.50,6616.75,278,6616.830035971223,105
2026-04-02 11:29:16 | DEBUG    | <<< 3,405,Cancelled,0,10,0,1721858119,0,0,10,,0
2026-04-02 11:29:16 | INFO     | orderStatus: Trade(contract=Contract(secType='FUT', conId=649180678, symbol='ES', lastTradeDateOrContractMonth='20260618', multiplier='50', exchange='CME', currency='USD', localSymbol='ESM6', tradingClass='ES'), order=Order(orderId=405, clientId=10, permId=1721858119, action='SELL', totalQuantity=10.0, orderType='LMT', lmtPrice=6623.0, auxPrice=0.0, tif='DAY'), orderStatus=OrderStatus(orderId=405, status='Cancelled', filled=0.0, remaining=10.0, avgFillPrice=0.0, permId=1721858119, parentId=0, lastFillPrice=0.0, clientId=10, whyHeld='', mktCapPrice=0.0), fills=[], log=[TradeLogEntry(time=datetime.datetime(2026, 4, 2, 15, 26, 5, 370673, tzinfo=datetime.timezone.utc), status='PendingSubmit', message='', errorCode=0), TradeLogEntry(time=datetime.datetime(2026, 4, 2, 15, 26, 5, 460627, tzinfo=datetime.timezone.utc), status='Submitted', message='', errorCode=0), TradeLogEntry(time=datetime.datetime(2026, 4, 2, 15, 29, 16, 285783, tzinfo=datetime.timezone.utc), status='Cancelled', message='', errorCode=0)], advancedError='')
2026-04-02 11:29:16 | DEBUG    | <<< 4,2,405,202,Order Canceled - reason:,
2026-04-02 11:29:16 | INFO     | Warning 202, reqId 405: Order Canceled - reason:
2026-04-02 11:29:17 | DEBUG    | <<< 8,1,11:29
2026-04-02 11:29:17 | DEBUG    | <<< 8,1,11:29
2026-04-02 11:29:17 | DEBUG    | <<< 8,1,11:29
2026-04-02 11:29:17 | DEBUG    | <<< 8,1,11:29
2026-04-02 11:29:17 | DEBUG    | <<< 73,1,397,DUO559526,,NetLiquidation,1042313.73,USD
2026-04-02 11:29:17 | DEBUG    | <<< 8,1,11:29
2026-04-02 11:29:20 | DEBUG    | <<< 50,3,402,1775143755,6616.75,6617.25,6616.50,6617.25,172,6616.886627906977,59
2026-04-02 11:29:25 | DEBUG    | <<< 50,3,402,1775143760,6617.25,6617.75,6616.75,6617.50,279,6617.379928315412,99
2026-04-02 11:29:30 | DEBUG    | <<< 50,3,402,1775143765,6617.75,6618.00,6617.25,6617.50,257,6617.727626459144,82
2026-04-02 11:29:35 | DEBUG    | <<< 50,3,402,1775143770,6617.50,6618.00,6617.00,6618.00,194,6617.444587628866,62
2026-04-02 11:29:40 | DEBUG    | <<< 50,3,402,1775143775,6617.75,6618.25,6616.00,6617.25,429,6617.07634032634,135
2026-04-02 11:29:45 | DEBUG    | <<< 50,3,402,1775143780,6617.25,6617.50,6616.50,6617.00,432,6617.039930555556,105
2026-04-02 11:29:47 | DEBUG    | >>> 51,1,402
2026-04-02 11:29:47 | INFO     | Disconnecting from 127.0.0.1:7497, 1.51 kB sent in 18 messages, 186 kB received in 1550 messages, session time 936 s.
2026-04-02 11:29:47 | INFO     | Disconnecting
2026-04-02 11:29:47 | INFO     | Disconnected.
