Logging to: es_bot_20260617_093640.log

============================================================
📈 MODE: SCALP
   • 10 contract(s) max
   • Grid entries only
   • Trailing stop enabled
   • SL: ~8 pts | TP: ~12 pts | Trail activates: +6 pts
   • Best for: Normal sessions, choppy/ranging opens
============================================================
✓ Connected to IBKR (paper) - clientId=10
✓ Front-month contract: ESM6 expiry=20260618

============================================================
Loading historical data for indicator warm-up...
============================================================
→ Fetching historical bars (1 D, 1 min)...
✓ Loaded 937 historical bars

Processing 937 historical bars...

Indicators ready!
  Bars loaded: 937
  Last price: 7521.25
  Trend: strong_bearish
  RSI: 34.6
  ATR: 3.38
  MACD: -1.55 / Signal: -0.97
  MA: 7525.32 / 7525.72 / 7524.20

------------------------------------------------------------
Account Value: $1,028,921.25
Buying Power: $4,105,265.35
Current Position: 0 contracts
------------------------------------------------------------

============================================================
Starting live 1-minute bar stream...
Strategy is now ACTIVE (SCALP mode)
============================================================

→ Subscribed to 5-second real-time bars (aggregating to 1 min)

[2026-06-17 08:36] O:7521.00 H:7523.00 L:7520.75 C:7523.00 V:57.0
  📈 Trend: sideways (raw: strong_bearish) | 🌍 Regime: trending_bearish
  🗺️  Grid: 0.080% | 🔺 7522.75 🔻 7519.50
  📡 RSI: 39.4 | MACD: -1.41 | ATR: 3.46
  📊 Filled: 0 | Pending: 0
  🕐 Outside session (08:36 CT) — no entries
  💰 Daily P&L: $+0.00

[2026-06-17 08:37] O:7522.50 H:7524.75 L:7520.50 C:7521.50 V:259.0
  📈 Trend: strong_bearish | 🌍 Regime: trending_bearish
  🗺️  Grid: 0.080% | 🔺 7523.00 🔻 7520.75
  📡 RSI: 38.1 | MACD: -1.41 | ATR: 3.71
  📊 Filled: 0 | Pending: 0
  🕐 Outside session (08:37 CT) — no entries
  💰 Daily P&L: $+0.00

[2026-06-17 08:38] O:7521.00 H:7522.00 L:7516.75 C:7517.50 V:291.0
  📈 Trend: strong_bearish | 🌍 Regime: trending_bearish
  🗺️  Grid: 0.080% | 🔺 7524.75 🔻 7520.50
  📡 RSI: 34.1 | MACD: -1.71 | ATR: 3.89
  📊 Filled: 0 | Pending: 0
  🕐 Outside session (08:38 CT) — no entries
  💰 Daily P&L: $+0.00

[2026-06-17 08:39] O:7517.75 H:7519.00 L:7517.25 C:7518.25 V:289.0
  📈 Trend: strong_bearish | 🌍 Regime: trending_bearish
  🗺️  Grid: 0.080% | 🔺 7522.00 🔻 7516.75
  📡 RSI: 37.7 | MACD: -1.87 | ATR: 3.89
  📊 Filled: 0 | Pending: 0
  🕐 Outside session (08:39 CT) — no entries
  💰 Daily P&L: $+0.00

[2026-06-17 08:40] O:7518.00 H:7521.25 L:7515.25 C:7520.50 V:435.0
  📈 Trend: strong_bearish | 🌍 Regime: trending_bearish
  🗺️  Grid: 0.080% | 🔺 7519.00 🔻 7517.25
  📡 RSI: 38.7 | MACD: -1.79 | ATR: 4.20
  📊 Filled: 0 | Pending: 0
  🕐 Outside session (08:40 CT) — no entries
  💰 Daily P&L: $+0.00

[2026-06-17 08:41] O:7520.75 H:7523.25 L:7520.25 C:7522.25 V:244.0
  📈 Trend: strong_bearish | 🌍 Regime: trending_bearish
  🗺️  Grid: 0.080% | 🔺 7521.25 🔻 7515.25
  📡 RSI: 45.8 | MACD: -1.57 | ATR: 4.07
  📊 Filled: 0 | Pending: 0
  🕐 Outside session (08:41 CT) — no entries
  💰 Daily P&L: $+0.00

[2026-06-17 08:42] O:7522.00 H:7525.25 L:7520.75 C:7524.50 V:244.0
  📈 Trend: strong_bearish (raw: moderate_bearish) | 🌍 Regime: trending_bearish
  🗺️  Grid: 0.080% | 🔺 7523.25 🔻 7520.25
  📡 RSI: 45.8 | MACD: -1.20 | ATR: 4.18
  📊 Filled: 0 | Pending: 0
  🕐 Outside session (08:42 CT) — no entries
  💰 Daily P&L: $+0.00

[2026-06-17 08:43] O:7524.50 H:7528.00 L:7524.50 C:7528.00 V:278.0
  📈 Trend: strong_bearish (raw: moderate_bullish) | 🌍 Regime: trending_bullish
  🗺️  Grid: 0.080% | 🔺 7525.25 🔻 7520.75
  📡 RSI: 57.5 | MACD: -0.61 | ATR: 3.96
  📊 Filled: 0 | Pending: 0
  🕐 Outside session (08:43 CT) — no entries
  💰 Daily P&L: $+0.00

[2026-06-17 08:44] O:7527.25 H:7529.50 L:7526.50 C:7529.50 V:187.0
  📈 Trend: moderate_bullish | 🌍 Regime: trending_bullish
  🗺️  Grid: 0.080% | 🔺 7528.00 🔻 7524.50
  📡 RSI: 71.4 | MACD: -0.03 | ATR: 3.73
  📊 Filled: 0 | Pending: 0
  🕐 Outside session (08:44 CT) — no entries
  💰 Daily P&L: $+0.00

[2026-06-17 08:45] O:7529.50 H:7532.00 L:7528.00 C:7528.50 V:366.0
  📈 Trend: moderate_bullish (raw: strong_bullish) | 🌍 Regime: trending_bullish
  🗺️  Grid: 0.080% | 🔺 7529.50 🔻 7526.50
  📡 RSI: 68.2 | MACD: 0.35 | ATR: 3.73
  📊 Filled: 0 | Pending: 0
  💰 Daily P&L: $+0.00

[2026-06-17 08:46] O:7528.50 H:7529.25 L:7525.75 C:7526.50 V:278.0
  📈 Trend: strong_bullish | 🌍 Regime: trending_bullish
  🗺️  Grid: 0.080% | 🔺 7532.00 🔻 7528.00
  📡 RSI: 64.0 | MACD: 0.48 | ATR: 3.75
  📊 Filled: 0 | Pending: 0
  💰 Daily P&L: $+0.00

[2026-06-17 08:47] O:7526.50 H:7529.00 L:7526.00 C:7527.00 V:212.0
  📈 Trend: strong_bullish (raw: moderate_bullish) | 🌍 Regime: ranging
  🗺️  Grid: 0.080% | 🔺 7529.25 🔻 7525.75
  📡 RSI: 61.3 | MACD: 0.62 | ATR: 3.71
  📊 Filled: 0 | Pending: 0
  🔲 Regime: RANGING | Range pos: 70% | RSI: 61.3
  💰 Daily P&L: $+0.00

[2026-06-17 08:48] O:7527.25 H:7529.00 L:7526.00 C:7528.75 V:216.0
  📈 Trend: strong_bullish | 🌍 Regime: ranging
  🗺️  Grid: 0.080% | 🔺 7529.00 🔻 7526.00
  📡 RSI: 61.0 | MACD: 0.86 | ATR: 3.61
  📊 Filled: 0 | Pending: 0
  🔲 Regime: RANGING | Range pos: 81% | RSI: 61.0
  💰 Daily P&L: $+0.00

[2026-06-17 08:49] O:7528.50 H:7529.50 L:7525.50 C:7525.50 V:219.0
  📈 Trend: strong_bullish | 🌍 Regime: ranging
  🗺️  Grid: 0.080% | 🔺 7529.00 🔻 7526.00
  📡 RSI: 57.7 | MACD: 0.78 | ATR: 3.64
  📊 Filled: 0 | Pending: 0
  🔲 Regime: RANGING | Range pos: 61% | RSI: 57.7
  💰 Daily P&L: $+0.00

[2026-06-17 08:50] O:7525.25 H:7526.75 L:7522.75 C:7524.50 V:490.0
  📈 Trend: strong_bullish | 🌍 Regime: ranging
  🗺️  Grid: 0.080% | 🔺 7529.50 🔻 7525.50
  📡 RSI: 52.8 | MACD: 0.63 | ATR: 3.77
  📊 Filled: 0 | Pending: 0
  🔲 Regime: RANGING | Range pos: 55% | RSI: 52.8
  💰 Daily P&L: $+0.00

[2026-06-17 08:51] O:7524.50 H:7529.25 L:7524.50 C:7526.75 V:299.0
  📈 Trend: strong_bullish | 🌍 Regime: ranging
  🗺️  Grid: 0.080% | 🔺 7526.75 🔻 7522.75
  📡 RSI: 59.5 | MACD: 0.68 | ATR: 3.80
  📊 Filled: 0 | Pending: 0
  🔲 Regime: RANGING | Range pos: 69% | RSI: 59.5
  💰 Daily P&L: $+0.00

[2026-06-17 08:52] O:7526.75 H:7528.75 L:7526.00 C:7527.25 V:234.0
  📈 Trend: strong_bullish | 🌍 Regime: ranging
  🗺️  Grid: 0.080% | 🔺 7529.25 🔻 7524.50
  📡 RSI: 70.1 | MACD: 0.76 | ATR: 3.62
  📊 Filled: 0 | Pending: 0
  🔲 Regime: RANGING | Range pos: 72% | RSI: 70.1
  🚫 Raw trend blocks RANGING SHORT | raw: strong_bullish
  💰 Daily P&L: $+0.00

[2026-06-17 08:53] O:7527.25 H:7527.75 L:7524.00 C:7527.75 V:244.0
  📈 Trend: strong_bullish | 🌍 Regime: ranging
  🗺️  Grid: 0.080% | 🔺 7528.75 🔻 7526.00
  📡 RSI: 69.8 | MACD: 0.84 | ATR: 3.77
  📊 Filled: 0 | Pending: 0
  🔲 Regime: RANGING | Range pos: 75% | RSI: 69.8
  💰 Daily P&L: $+0.00

[2026-06-17 08:54] O:7527.50 H:7528.00 L:7525.75 C:7527.25 V:255.0
  📈 Trend: strong_bullish | 🌍 Regime: ranging
  🗺️  Grid: 0.080% | 🔺 7527.75 🔻 7524.00
  📡 RSI: 65.2 | MACD: 0.87 | ATR: 3.50
  📊 Filled: 0 | Pending: 0
  🔲 Regime: RANGING | Range pos: 72% | RSI: 65.2
  💰 Daily P&L: $+0.00

[2026-06-17 08:55] O:7527.25 H:7527.50 L:7523.75 C:7526.00 V:197.0
  📈 Trend: strong_bullish | 🌍 Regime: ranging
  🗺️  Grid: 0.080% | 🔺 7528.00 🔻 7525.75
  📡 RSI: 58.6 | MACD: 0.77 | ATR: 3.55
  📊 Filled: 0 | Pending: 0
  🔲 Regime: RANGING | Range pos: 64% | RSI: 58.6
  💰 Daily P&L: $+0.00

[2026-06-17 08:56] O:7525.50 H:7525.50 L:7521.00 C:7521.00 V:170.0
  📈 Trend: strong_bullish (raw: moderate_bearish) | 🌍 Regime: ranging
  🗺️  Grid: 0.080% | 🔺 7527.50 🔻 7523.75
  📡 RSI: 42.9 | MACD: 0.29 | ATR: 3.59
  📊 Filled: 0 | Pending: 0
  🔲 Regime: RANGING | Range pos: 34% | RSI: 42.9
  💰 Daily P&L: $+0.00

[2026-06-17 08:57] O:7521.50 H:7521.75 L:7515.50 C:7516.50 V:440.0
  📈 Trend: strong_bullish (raw: strong_bearish) | 🌍 Regime: ranging
  🗺️  Grid: 0.080% | 🔺 7525.50 🔻 7521.00
  📡 RSI: 27.5 | MACD: -0.45 | ATR: 3.79
  📊 Filled: 0 | Pending: 0
  🔲 Regime: RANGING | Range pos: 7% | RSI: 27.5
  🚫 Raw trend blocks RANGING LONG | raw: strong_bearish
  💰 Daily P&L: $+0.00

[2026-06-17 08:58] O:7517.00 H:7518.75 L:7515.50 C:7516.00 V:296.0
  📈 Trend: strong_bearish | 🌍 Regime: ranging
  🗺️  Grid: 0.080% | 🔺 7521.75 🔻 7515.50
  📡 RSI: 22.4 | MACD: -1.06 | ATR: 3.80
  📊 Filled: 0 | Pending: 0
  🔲 Regime: RANGING | Range pos: 4% | RSI: 22.4
  🚫 Raw trend blocks RANGING LONG | raw: strong_bearish
  💰 Daily P&L: $+0.00

[2026-06-17 08:59] O:7515.75 H:7515.75 L:7512.50 C:7512.50 V:241.0
  📈 Trend: strong_bearish | 🌍 Regime: ranging
  🗺️  Grid: 0.080% | 🔺 7518.75 🔻 7515.50
  📡 RSI: 20.4 | MACD: -1.81 | ATR: 3.77
  📊 Filled: 0 | Pending: 0
  🔲 Regime: RANGING | Range pos: 0% | RSI: 20.4
  🚫 Raw trend blocks RANGING LONG | raw: strong_bearish
  💰 Daily P&L: $+0.00

[2026-06-17 09:00] O:7513.00 H:7516.50 L:7510.25 C:7516.50 V:302.0
  📈 Trend: strong_bearish | 🌍 Regime: ranging
  🗺️  Grid: 0.080% | 🔺 7515.75 🔻 7512.50
  📡 RSI: 32.8 | MACD: -2.06 | ATR: 3.96
  📊 Filled: 0 | Pending: 0
  🔲 Regime: RANGING | Range pos: 29% | RSI: 32.8
  🚫 Raw trend blocks RANGING LONG | raw: strong_bearish
  💰 Daily P&L: $+0.00

[2026-06-17 09:01] O:7516.75 H:7517.50 L:7513.00 C:7516.25 V:282.0
  📈 Trend: strong_bearish | 🌍 Regime: ranging
  🗺️  Grid: 0.080% | 🔺 7516.50 🔻 7510.25
  📡 RSI: 31.3 | MACD: -2.25 | ATR: 4.07
  📊 Filled: 0 | Pending: 0
  🔲 Regime: RANGING | Range pos: 28% | RSI: 31.3
  🚫 Raw trend blocks RANGING LONG | raw: strong_bearish
  💰 Daily P&L: $+0.00

[2026-06-17 09:02] O:7516.25 H:7516.25 L:7511.25 C:7513.00 V:286.0
  📈 Trend: strong_bearish | 🌍 Regime: ranging
  🗺️  Grid: 0.080% | 🔺 7517.50 🔻 7513.00
  📡 RSI: 24.0 | MACD: -2.63 | ATR: 4.21
  📊 Filled: 0 | Pending: 0
  🔲 Regime: RANGING | Range pos: 13% | RSI: 24.0
  🚫 Raw trend blocks RANGING LONG | raw: strong_bearish
  💰 Daily P&L: $+0.00

[2026-06-17 09:03] O:7513.25 H:7519.25 L:7513.25 C:7518.25 V:304.0
  📈 Trend: strong_bearish | 🌍 Regime: ranging
  🗺️  Grid: 0.080% | 🔺 7516.25 🔻 7511.25
  📡 RSI: 38.8 | MACD: -2.48 | ATR: 4.38
  📊 Filled: 0 | Pending: 0
  🔲 Regime: RANGING | Range pos: 37% | RSI: 38.8
  💰 Daily P&L: $+0.00

[2026-06-17 09:04] O:7518.50 H:7520.50 L:7515.50 C:7518.00 V:239.0
  📈 Trend: strong_bearish | 🌍 Regime: ranging
  🗺️  Grid: 0.080% | 🔺 7519.25 🔻 7513.25
  📡 RSI: 39.7 | MACD: -2.35 | ATR: 4.45
  📊 Filled: 0 | Pending: 0
  🔲 Regime: RANGING | Range pos: 36% | RSI: 39.7
  💰 Daily P&L: $+0.00

[2026-06-17 09:05] O:7517.75 H:7518.00 L:7513.75 C:7515.25 V:205.0
  📈 Trend: strong_bearish | 🌍 Regime: trending_bearish
  🗺️  Grid: 0.080% | 🔺 7520.50 🔻 7515.50
  📡 RSI: 32.0 | MACD: -2.45 | ATR: 4.41
  📊 Filled: 0 | Pending: 0
  💰 Daily P&L: $+0.00

[2026-06-17 09:06] O:7515.25 H:7519.75 L:7515.00 C:7517.50 V:273.0
  📈 Trend: strong_bearish | 🌍 Regime: trending_bearish
  🗺️  Grid: 0.080% | 🔺 7518.00 🔻 7513.75
  📡 RSI: 35.6 | MACD: -2.31 | ATR: 4.55
  📊 Filled: 0 | Pending: 0
  💰 Daily P&L: $+0.00

[2026-06-17 09:07] O:7517.25 H:7522.00 L:7517.25 C:7521.25 V:281.0
  📈 Trend: strong_bearish | 🌍 Regime: trending_bearish
  🗺️  Grid: 0.080% | 🔺 7519.75 🔻 7515.00
  📡 RSI: 41.2 | MACD: -1.88 | ATR: 4.62
  📊 Filled: 0 | Pending: 0
  💰 Daily P&L: $+0.00

[2026-06-17 09:08] O:7521.50 H:7524.50 L:7520.50 C:7523.00 V:194.0
  📈 Trend: strong_bearish | 🌍 Regime: trending_bearish
  🗺️  Grid: 0.080% | 🔺 7522.00 🔻 7517.25
  📡 RSI: 44.4 | MACD: -1.39 | ATR: 4.75
  📊 Filled: 0 | Pending: 0
  💰 Daily P&L: $+0.00

[2026-06-17 09:09] O:7522.75 H:7523.75 L:7517.75 C:7520.50 V:348.0
  📈 Trend: strong_bearish | 🌍 Regime: trending_bearish
  🗺️  Grid: 0.080% | 🔺 7524.50 🔻 7520.50
  📡 RSI: 43.0 | MACD: -1.18 | ATR: 4.91
  📊 Filled: 0 | Pending: 0
  💰 Daily P&L: $+0.00

[2026-06-17 09:10] O:7521.00 H:7521.50 L:7517.25 C:7518.75 V:279.0
  📈 Trend: strong_bearish | 🌍 Regime: trending_bearish
  🗺️  Grid: 0.080% | 🔺 7523.75 🔻 7517.75
  📡 RSI: 46.9 | MACD: -1.14 | ATR: 4.86
  📊 Filled: 0 | Pending: 0
  💰 Daily P&L: $+0.00

[2026-06-17 09:11] O:7518.50 H:7522.25 L:7518.25 C:7521.50 V:226.0
  📈 Trend: strong_bearish | 🌍 Regime: trending_bearish
  🗺️  Grid: 0.080% | 🔺 7521.50 🔻 7517.25
  📡 RSI: 57.2 | MACD: -0.88 | ATR: 4.70
  📊 Filled: 0 | Pending: 0
  💰 Daily P&L: $+0.00

[2026-06-17 09:12] O:7521.50 H:7525.50 L:7521.00 C:7523.50 V:193.0
  📈 Trend: strong_bearish | 🌍 Regime: trending_bearish
  🗺️  Grid: 0.080% | 🔺 7522.25 🔻 7518.25
  📡 RSI: 60.4 | MACD: -0.51 | ATR: 4.79
  📊 Filled: 0 | Pending: 0
  💰 Daily P&L: $+0.00

[2026-06-17 09:13] O:7523.50 H:7524.75 L:7522.00 C:7522.25 V:184.0
  📈 Trend: strong_bearish | 🌍 Regime: trending_bearish
  🗺️  Grid: 0.080% | 🔺 7525.50 🔻 7521.00
  📡 RSI: 64.4 | MACD: -0.31 | ATR: 4.73
  📊 Filled: 0 | Pending: 0
  💰 Daily P&L: $+0.00

[2026-06-17 09:14] O:7522.00 H:7526.50 L:7521.25 C:7526.00 V:232.0
  📈 Trend: strong_bearish | 🌍 Regime: trending_bearish
  🗺️  Grid: 0.080% | 🔺 7524.75 🔻 7522.00
  📡 RSI: 64.2 | MACD: 0.15 | ATR: 4.66
  📊 Filled: 0 | Pending: 0
  💰 Daily P&L: $+0.00

[2026-06-17 09:15] O:7526.25 H:7528.00 L:7525.50 C:7527.75 V:262.0
  📈 Trend: strong_bearish (raw: moderate_bullish) | 🌍 Regime: trending_bullish
  🗺️  Grid: 0.080% | 🔺 7526.50 🔻 7521.25
  📡 RSI: 66.4 | MACD: 0.64 | ATR: 4.52
  📊 Filled: 0 | Pending: 0
  💰 Daily P&L: $+0.00

[2026-06-17 09:16] O:7527.50 H:7529.75 L:7526.75 C:7527.50 V:224.0
  📈 Trend: moderate_bullish | 🌍 Regime: trending_bullish
  🗺️  Grid: 0.080% | 🔺 7528.00 🔻 7525.50
  📡 RSI: 72.7 | MACD: 1.01 | ATR: 4.38
  📊 Filled: 0 | Pending: 0
  💰 Daily P&L: $+0.00

[2026-06-17 09:17] O:7527.50 H:7527.50 L:7526.00 C:7527.50 V:296.0
  📈 Trend: moderate_bullish | 🌍 Regime: trending_bullish
  🗺️  Grid: 0.080% | 🔺 7529.75 🔻 7526.75
  📡 RSI: 67.3 | MACD: 1.28 | ATR: 4.04
  📊 Filled: 0 | Pending: 0
  💰 Daily P&L: $+0.00

[2026-06-17 09:18] O:7527.50 H:7529.75 L:7524.75 C:7525.25 V:216.0
  📈 Trend: moderate_bullish | 🌍 Regime: trending_bullish
  🗺️  Grid: 0.080% | 🔺 7527.50 🔻 7526.00
  📡 RSI: 62.6 | MACD: 1.30 | ATR: 4.04
  📊 Filled: 0 | Pending: 0
  💰 Daily P&L: $+0.00

[2026-06-17 09:19] O:7525.50 H:7529.00 L:7525.25 C:7527.00 V:262.0
  📈 Trend: moderate_bullish | 🌍 Regime: trending_bullish
  🗺️  Grid: 0.080% | 🔺 7529.75 🔻 7524.75
  📡 RSI: 71.2 | MACD: 1.44 | ATR: 4.00
  📊 Filled: 0 | Pending: 0
  💰 Daily P&L: $+0.00

[2026-06-17 09:20] O:7527.25 H:7528.25 L:7525.50 C:7528.00 V:199.0
  📈 Trend: moderate_bullish | 🌍 Regime: trending_bullish
  🗺️  Grid: 0.080% | 🔺 7529.00 🔻 7525.25
  📡 RSI: 69.8 | MACD: 1.61 | ATR: 3.86
  📊 Filled: 0 | Pending: 0
  💰 Daily P&L: $+0.00

[2026-06-17 09:21] O:7527.75 H:7528.00 L:7525.25 C:7526.75 V:173.0
  📈 Trend: moderate_bullish | 🌍 Regime: trending_bullish
  🗺️  Grid: 0.080% | 🔺 7528.25 🔻 7525.50
  📡 RSI: 61.5 | MACD: 1.63 | ATR: 3.71
  📊 Filled: 0 | Pending: 0
  💰 Daily P&L: $+0.00

[2026-06-17 09:22] O:7526.75 H:7529.75 L:7526.50 C:7527.50 V:417.0
  📈 Trend: moderate_bullish (raw: strong_bullish) | 🌍 Regime: trending_bullish
  🗺️  Grid: 0.080% | 🔺 7528.00 🔻 7525.25
  📡 RSI: 59.8 | MACD: 1.68 | ATR: 3.66
  📊 Filled: 0 | Pending: 0
  💰 Daily P&L: $+0.00

[2026-06-17 09:23] O:7527.75 H:7530.50 L:7527.00 C:7530.50 V:255.0
  📈 Trend: strong_bullish | 🌍 Regime: trending_bullish
  🗺️  Grid: 0.080% | 🔺 7529.75 🔻 7526.50
  📡 RSI: 71.3 | MACD: 1.95 | ATR: 3.48
  📊 Filled: 0 | Pending: 0
  💰 Daily P&L: $+0.00

[2026-06-17 09:24] O:7530.50 H:7535.50 L:7530.25 C:7535.00 V:450.0
  📈 Trend: strong_bullish | 🌍 Regime: trending_bullish
  🗺️  Grid: 0.080% | 🔺 7530.50 🔻 7527.00
  📡 RSI: 81.0 | MACD: 2.49 | ATR: 3.55
  📊 Filled: 0 | Pending: 0
  💰 Daily P&L: $+0.00

[2026-06-17 09:25] O:7535.00 H:7535.00 L:7531.75 C:7532.50 V:260.0
  📈 Trend: strong_bullish | 🌍 Regime: trending_bullish
  🗺️  Grid: 0.080% | 🔺 7535.50 🔻 7530.25
  📡 RSI: 71.2 | MACD: 2.69 | ATR: 3.50
  📊 Filled: 0 | Pending: 0
  💰 Daily P&L: $+0.00

[2026-06-17 09:26] O:7532.75 H:7533.75 L:7530.00 C:7532.25 V:175.0
  📈 Trend: strong_bullish | 🌍 Regime: trending_bullish
  🗺️  Grid: 0.080% | 🔺 7535.00 🔻 7531.75
  📡 RSI: 68.0 | MACD: 2.79 | ATR: 3.45
  📊 Filled: 0 | Pending: 0
  💰 Daily P&L: $+0.00

[2026-06-17 09:27] O:7532.50 H:7532.50 L:7528.50 C:7531.00 V:230.0
  📈 Trend: strong_bullish | 🌍 Regime: trending_bullish
  🗺️  Grid: 0.080% | 🔺 7533.75 🔻 7530.00
  📡 RSI: 68.0 | MACD: 2.74 | ATR: 3.54
  📊 Filled: 0 | Pending: 0
  💰 Daily P&L: $+0.00

[2026-06-17 09:28] O:7531.00 H:7532.00 L:7529.25 C:7529.50 V:134.0
  📈 Trend: strong_bullish | 🌍 Regime: trending_bullish
  🗺️  Grid: 0.080% | 🔺 7532.50 🔻 7528.50
  📡 RSI: 58.0 | MACD: 2.55 | ATR: 3.36
  📊 Filled: 0 | Pending: 0
  💰 Daily P&L: $+0.00

[2026-06-17 09:29] O:7529.25 H:7530.75 L:7529.00 C:7530.75 V:222.0
  📈 Trend: strong_bullish | 🌍 Regime: trending_bullish
  🗺️  Grid: 0.080% | 🔺 7532.00 🔻 7529.25
  📡 RSI: 57.0 | MACD: 2.47 | ATR: 3.30
  📊 Filled: 0 | Pending: 0
  💰 Daily P&L: $+0.00

[2026-06-17 09:30] O:7530.50 H:7531.25 L:7526.75 C:7527.75 V:191.0
  📈 Trend: strong_bullish | 🌍 Regime: trending_bullish
  🗺️  Grid: 0.080% | 🔺 7530.75 🔻 7529.00
  📡 RSI: 50.5 | MACD: 2.14 | ATR: 3.41
  📊 Filled: 0 | Pending: 0
  💰 Daily P&L: $+0.00

[2026-06-17 09:31] O:7528.00 H:7528.50 L:7523.25 C:7525.00 V:254.0
  📈 Trend: strong_bullish | 🌍 Regime: trending_bullish
  🗺️  Grid: 0.080% | 🔺 7531.25 🔻 7526.75
  📡 RSI: 45.4 | MACD: 1.64 | ATR: 3.68
  📊 Filled: 0 | Pending: 0
  💰 Daily P&L: $+0.00

[2026-06-17 09:32] O:7525.00 H:7526.00 L:7521.25 C:7521.50 V:400.0
  📈 Trend: strong_bullish (raw: moderate_bullish) | 🌍 Regime: trending_bullish
  🗺️  Grid: 0.080% | 🔺 7528.50 🔻 7523.25
  📡 RSI: 43.4 | MACD: 0.95 | ATR: 3.66
  📊 Filled: 0 | Pending: 0
  💰 Daily P&L: $+0.00

[2026-06-17 09:33] O:7521.50 H:7521.75 L:7518.50 C:7519.00 V:447.0
  📈 Trend: moderate_bullish | 🌍 Regime: trending_bullish
  🗺️  Grid: 0.080% | 🔺 7526.00 🔻 7521.25
  📡 RSI: 36.2 | MACD: 0.20 | ATR: 3.62
  📊 Filled: 0 | Pending: 0
  💰 Daily P&L: $+0.00

[2026-06-17 09:34] O:7518.75 H:7522.25 L:7517.75 C:7521.75 V:342.0
  📈 Trend: moderate_bullish | 🌍 Regime: trending_bullish
  🗺️  Grid: 0.080% | 🔺 7521.75 🔻 7518.50
  📡 RSI: 39.8 | MACD: -0.17 | ATR: 3.75
  📊 Filled: 0 | Pending: 0
  💰 Daily P&L: $+0.00

[2026-06-17 09:35] O:7521.50 H:7522.00 L:7519.00 C:7519.25 V:277.0
  📈 Trend: moderate_bullish (raw: strong_bearish) | 🌍 Regime: trending_bearish
  🗺️  Grid: 0.080% | 🔺 7522.25 🔻 7517.75
  📡 RSI: 38.3 | MACD: -0.66 | ATR: 3.77
  📊 Filled: 0 | Pending: 0
  💰 Daily P&L: $+0.00

[2026-06-17 09:36] O:7519.25 H:7519.50 L:7514.75 C:7515.00 V:289.0
  📈 Trend: strong_bearish | 🌍 Regime: trending_bearish
  🗺️  Grid: 0.080% | 🔺 7522.00 🔻 7519.00
  📡 RSI: 32.4 | MACD: -1.37 | ATR: 3.88
  📊 Filled: 0 | Pending: 0
  💰 Daily P&L: $+0.00

[2026-06-17 09:37] O:7515.25 H:7518.00 L:7514.75 C:7515.75 V:162.0
  📈 Trend: strong_bearish | 🌍 Regime: trending_bearish
  🗺️  Grid: 0.080% | 🔺 7519.50 🔻 7514.75
  📡 RSI: 27.8 | MACD: -1.86 | ATR: 3.86
  📊 Filled: 0 | Pending: 0
  💰 Daily P&L: $+0.00

[2026-06-17 09:38] O:7516.00 H:7517.25 L:7514.00 C:7514.75 V:231.0
  📈 Trend: strong_bearish | 🌍 Regime: trending_bearish
  🗺️  Grid: 0.080% | 🔺 7518.00 🔻 7514.75
  📡 RSI: 16.0 | MACD: -2.30 | ATR: 3.71
  📊 Filled: 0 | Pending: 0
  💰 Daily P&L: $+0.00

[2026-06-17 09:39] O:7515.50 H:7517.75 L:7514.00 C:7514.50 V:139.0
  📈 Trend: strong_bearish | 🌍 Regime: trending_bearish
  🗺️  Grid: 0.080% | 🔺 7517.25 🔻 7514.00
  📡 RSI: 17.3 | MACD: -2.63 | ATR: 3.75
  📊 Filled: 0 | Pending: 0
  💰 Daily P&L: $+0.00

[2026-06-17 09:40] O:7515.00 H:7515.00 L:7508.50 C:7509.50 V:570.0
  📈 Trend: strong_bearish | 🌍 Regime: trending_bearish
  🗺️  Grid: 0.080% | 🔺 7517.75 🔻 7514.00
  📡 RSI: 14.7 | MACD: -3.27 | ATR: 3.95
  📊 Filled: 0 | Pending: 0
  💰 Daily P&L: $+0.00

[2026-06-17 09:41] O:7509.25 H:7512.25 L:7505.75 C:7511.75 V:366.0
  📈 Trend: strong_bearish | 🌍 Regime: trending_bearish
  🗺️  Grid: 0.080% | 🔺 7515.00 🔻 7508.50
  📡 RSI: 21.1 | MACD: -3.54 | ATR: 4.12
  📊 Filled: 0 | Pending: 0
  💰 Daily P&L: $+0.00

[2026-06-17 09:42] O:7512.00 H:7514.75 L:7511.75 C:7514.50 V:257.0
  📈 Trend: strong_bearish | 🌍 Regime: trending_bearish
  🗺️  Grid: 0.080% | 🔺 7512.25 🔻 7505.75
  📡 RSI: 28.3 | MACD: -3.50 | ATR: 4.14
  📊 Filled: 0 | Pending: 0
  💰 Daily P&L: $+0.00

[2026-06-17 09:43] O:7514.50 H:7517.25 L:7514.25 C:7517.25 V:233.0
  📈 Trend: strong_bearish | 🌍 Regime: trending_bearish
  🗺️  Grid: 0.080% | 🔺 7514.75 🔻 7511.75
  📡 RSI: 31.2 | MACD: -3.21 | ATR: 4.23
  📊 Filled: 0 | Pending: 0
  💰 Daily P&L: $+0.00

[2026-06-17 09:44] O:7517.25 H:7517.50 L:7514.50 C:7515.50 V:136.0
  📈 Trend: strong_bearish | 🌍 Regime: trending_bearish
  🗺️  Grid: 0.080% | 🔺 7517.25 🔻 7514.25
  📡 RSI: 32.4 | MACD: -3.09 | ATR: 4.12
  📊 Filled: 0 | Pending: 0
  💰 Daily P&L: $+0.00

[2026-06-17 09:45] O:7515.75 H:7516.75 L:7513.50 C:7516.00 V:345.0
  📈 Trend: strong_bearish | 🌍 Regime: trending_bearish
  🗺️  Grid: 0.080% | 🔺 7517.50 🔻 7514.50
  📡 RSI: 36.2 | MACD: -2.91 | ATR: 3.98
  📊 Filled: 0 | Pending: 0
  💰 Daily P&L: $+0.00

[2026-06-17 09:46] O:7515.75 H:7520.25 L:7515.00 C:7518.00 V:346.0
  📈 Trend: strong_bearish | 🌍 Regime: trending_bearish
  🗺️  Grid: 0.080% | 🔺 7516.75 🔻 7513.50
  📡 RSI: 44.4 | MACD: -2.58 | ATR: 4.02
  📊 Filled: 0 | Pending: 0
  💰 Daily P&L: $+0.00

[2026-06-17 09:47] O:7518.25 H:7519.00 L:7492.50 C:7498.50 V:4350.0
  📈 Trend: strong_bearish | 🌍 Regime: trending_bearish
  🗺️  Grid: 0.091% | 🔺 7520.25 🔻 7515.00
  📡 RSI: 28.6 | MACD: -3.85 | ATR: 5.68
  📊 Filled: 0 | Pending: 0
  💰 Daily P&L: $+0.00

[2026-06-17 09:48] O:7498.75 H:7506.25 L:7498.75 C:7506.25 V:1111.0
  📈 Trend: strong_bearish | 🌍 Regime: trending_bearish
  🗺️  Grid: 0.094% | 🔺 7519.00 🔻 7492.50
  📡 RSI: 35.4 | MACD: -4.19 | ATR: 5.91
  📊 Filled: 0 | Pending: 0
  💰 Daily P&L: $+0.00

[2026-06-17 09:49] O:7506.00 H:7511.00 L:7505.00 C:7507.50 V:668.0
  📈 Trend: strong_bearish | 🌍 Regime: trending_bearish
  🗺️  Grid: 0.098% | 🔺 7506.25 🔻 7498.75
  📡 RSI: 38.6 | MACD: -4.30 | ATR: 6.12
  📊 Filled: 0 | Pending: 0
  💰 Daily P&L: $+0.00

[2026-06-17 09:50] O:7507.75 H:7509.75 L:7504.50 C:7508.00 V:530.0
  📈 Trend: strong_bearish | 🌍 Regime: trending_bearish
  🗺️  Grid: 0.098% | 🔺 7511.00 🔻 7505.00
  📡 RSI: 42.7 | MACD: -4.30 | ATR: 6.16
  📊 Filled: 0 | Pending: 0
  💰 Daily P&L: $+0.00

[2026-06-17 09:51] O:7508.00 H:7513.25 L:7507.75 C:7508.75 V:760.0
  📈 Trend: strong_bearish | 🌍 Regime: trending_bearish
  🗺️  Grid: 0.101% | 🔺 7509.75 🔻 7504.50
  📡 RSI: 42.7 | MACD: -4.19 | ATR: 6.32
  📊 Filled: 0 | Pending: 0
  💰 Daily P&L: $+0.00

[2026-06-17 09:52] O:7508.25 H:7516.00 L:7508.25 C:7515.25 V:701.0
  📈 Trend: strong_bearish | 🌍 Regime: trending_bearish
  🗺️  Grid: 0.106% | 🔺 7513.25 🔻 7507.75
  📡 RSI: 50.5 | MACD: -3.54 | ATR: 6.64
  📊 Filled: 0 | Pending: 0
  💰 Daily P&L: $+0.00

[2026-06-17 09:53] O:7515.50 H:7515.50 L:7511.50 C:7514.00 V:250.0
  📈 Trend: strong_bearish | 🌍 Regime: trending_bearish
  🗺️  Grid: 0.106% | 🔺 7516.00 🔻 7508.25
  📡 RSI: 49.5 | MACD: -3.08 | ATR: 6.66
  📊 Filled: 0 | Pending: 0
  💰 Daily P&L: $+0.00

[2026-06-17 09:54] O:7514.00 H:7515.75 L:7513.50 C:7514.50 V:242.0
  📈 Trend: strong_bearish | 🌍 Regime: trending_bearish
  🗺️  Grid: 0.102% | 🔺 7515.50 🔻 7511.50
  📡 RSI: 55.0 | MACD: -2.66 | ATR: 6.36
  📊 Filled: 0 | Pending: 0
  💰 Daily P&L: $+0.00

[2026-06-17 09:55] O:7514.00 H:7514.00 L:7510.25 C:7510.25 V:274.0
  📈 Trend: strong_bearish | 🌍 Regime: trending_bearish
  🗺️  Grid: 0.099% | 🔺 7515.75 🔻 7513.50
  📡 RSI: 48.6 | MACD: -2.63 | ATR: 6.20
  📊 Filled: 0 | Pending: 0
  💰 Daily P&L: $+0.00

[2026-06-17 09:56] O:7510.00 H:7511.75 L:7507.50 C:7508.00 V:320.0
  📈 Trend: strong_bearish | 🌍 Regime: trending_bearish
  🗺️  Grid: 0.100% | 🔺 7514.00 🔻 7510.25
  📡 RSI: 43.7 | MACD: -2.76 | ATR: 6.29
  📊 Filled: 0 | Pending: 0
  💰 Daily P&L: $+0.00

[2026-06-17 09:57] O:7507.75 H:7508.75 L:7505.50 C:7505.75 V:238.0
  📈 Trend: strong_bearish | 🌍 Regime: trending_bearish
  🗺️  Grid: 0.101% | 🔺 7511.75 🔻 7507.50
  📡 RSI: 38.7 | MACD: -3.01 | ATR: 6.30
  📊 Filled: 0 | Pending: 0
  💰 Daily P&L: $+0.00

[2026-06-17 09:58] O:7506.00 H:7508.00 L:7503.75 C:7504.25 V:221.0
  📈 Trend: strong_bearish | 🌍 Regime: trending_bearish
  🗺️  Grid: 0.102% | 🔺 7508.75 🔻 7505.50
  📡 RSI: 38.9 | MACD: -3.29 | ATR: 6.39
  📊 Filled: 0 | Pending: 0
  💰 Daily P&L: $+0.00

[2026-06-17 09:59] O:7504.50 H:7507.50 L:7503.00 C:7504.25 V:454.0
  📈 Trend: strong_bearish | 🌍 Regime: trending_bearish
  🗺️  Grid: 0.104% | 🔺 7508.00 🔻 7503.75
  📡 RSI: 38.3 | MACD: -3.47 | ATR: 6.48
  📊 Filled: 0 | Pending: 0
  💰 Daily P&L: $+0.00

[2026-06-17 10:00] O:7504.00 H:7508.75 L:7503.75 C:7504.00 V:326.0
  📈 Trend: strong_bearish | 🌍 Regime: trending_bearish
  🗺️  Grid: 0.103% | 🔺 7507.50 🔻 7503.00
  📡 RSI: 35.6 | MACD: -3.59 | ATR: 6.46
  📊 Filled: 0 | Pending: 0
  💰 Daily P&L: $+0.00

[2026-06-17 10:01] O:7504.50 H:7505.50 L:7503.00 C:7503.75 V:319.0
  📈 Trend: strong_bearish | 🌍 Regime: trending_bearish
  🗺️  Grid: 0.080% | 🔺 7508.75 🔻 7503.75
  📡 RSI: 59.0 | MACD: -3.67 | ATR: 4.75
  📊 Filled: 0 | Pending: 0
  💰 Daily P&L: $+0.00

[2026-06-17 10:02] O:7503.75 H:7506.50 L:7503.75 C:7506.00 V:246.0
  📈 Trend: strong_bearish | 🌍 Regime: trending_bearish
  🗺️  Grid: 0.080% | 🔺 7505.50 🔻 7503.00
  📡 RSI: 49.5 | MACD: -3.50 | ATR: 4.39
  📊 Filled: 0 | Pending: 0
  💰 Daily P&L: $+0.00

[2026-06-17 10:03] O:7505.75 H:7509.50 L:7505.75 C:7508.00 V:391.0
  📈 Trend: strong_bearish | 🌍 Regime: trending_bearish
  🗺️  Grid: 0.080% | 🔺 7506.50 🔻 7503.75
  📡 RSI: 51.0 | MACD: -3.18 | ATR: 4.23
  📊 Filled: 0 | Pending: 0
  💰 Daily P&L: $+0.00

[2026-06-17 10:04] O:7508.00 H:7509.00 L:7503.75 C:7506.00 V:303.0
  📈 Trend: strong_bearish | 🌍 Regime: trending_bearish
  🗺️  Grid: 0.080% | 🔺 7509.50 🔻 7505.75
  📡 RSI: 46.2 | MACD: -3.05 | ATR: 4.23
  📊 Filled: 0 | Pending: 0
  💰 Daily P&L: $+0.00

[2026-06-17 10:05] O:7506.00 H:7508.50 L:7503.00 C:7503.75 V:424.0
  📈 Trend: strong_bearish | 🌍 Regime: trending_bearish
  🗺️  Grid: 0.080% | 🔺 7509.00 🔻 7503.75
  📡 RSI: 40.9 | MACD: -3.09 | ATR: 4.23
  📊 Filled: 0 | Pending: 0
  💰 Daily P&L: $+0.00

[2026-06-17 10:06] O:7504.25 H:7508.50 L:7504.25 C:7507.00 V:155.0
  📈 Trend: strong_bearish (raw: moderate_bearish) | 🌍 Regime: trending_bearish
  🗺️  Grid: 0.080% | 🔺 7508.50 🔻 7503.00
  📡 RSI: 33.0 | MACD: -2.82 | ATR: 4.02
  📊 Filled: 0 | Pending: 0
  💰 Daily P&L: $+0.00

[2026-06-17 10:07] O:7506.50 H:7507.50 L:7504.00 C:7504.50 V:142.0
  📈 Trend: strong_bearish | 🌍 Regime: trending_bearish
  🗺️  Grid: 0.080% | 🔺 7508.50 🔻 7504.25
  📡 RSI: 31.4 | MACD: -2.79 | ATR: 3.98
  📊 Filled: 0 | Pending: 0
  💰 Daily P&L: $+0.00

[2026-06-17 10:08] O:7504.25 H:7505.75 L:7502.00 C:7502.50 V:159.0
  📈 Trend: strong_bearish | 🌍 Regime: trending_bearish
  🗺️  Grid: 0.080% | 🔺 7507.50 🔻 7504.00
  📡 RSI: 27.8 | MACD: -2.88 | ATR: 4.09
  📊 Filled: 0 | Pending: 0
  💰 Daily P&L: $+0.00

[2026-06-17 10:09] O:7502.25 H:7503.25 L:7499.75 C:7501.00 V:159.0
  📈 Trend: strong_bearish | 🌍 Regime: trending_bearish
  🗺️  Grid: 0.080% | 🔺 7505.75 🔻 7502.00
  📡 RSI: 30.9 | MACD: -3.05 | ATR: 4.04
  📊 Filled: 0 | Pending: 0
  💰 Daily P&L: $+0.00

[2026-06-17 10:10] O:7501.00 H:7504.25 L:7501.00 C:7502.75 V:271.0
  📈 Trend: strong_bearish | 🌍 Regime: trending_bearish
  🗺️  Grid: 0.080% | 🔺 7503.25 🔻 7499.75
  📡 RSI: 38.9 | MACD: -3.00 | ATR: 3.96
  📊 Filled: 0 | Pending: 0
  💰 Daily P&L: $+0.00

[2026-06-17 10:11] O:7503.00 H:7507.00 L:7503.00 C:7505.25 V:171.0
  📈 Trend: strong_bearish | 🌍 Regime: trending_bearish
  🗺️  Grid: 0.080% | 🔺 7504.25 🔻 7501.00
  📡 RSI: 49.0 | MACD: -2.73 | ATR: 4.04
  📊 Filled: 0 | Pending: 0
  💰 Daily P&L: $+0.00

[2026-06-17 10:12] O:7505.50 H:7506.75 L:7504.25 C:7506.50 V:210.0
  📈 Trend: strong_bearish | 🌍 Regime: trending_bearish
  🗺️  Grid: 0.080% | 🔺 7507.00 🔻 7503.00
  📡 RSI: 54.7 | MACD: -2.39 | ATR: 3.91
  📊 Filled: 0 | Pending: 0
  💰 Daily P&L: $+0.00

[2026-06-17 10:13] O:7506.25 H:7507.75 L:7505.50 C:7507.75 V:159.0
  📈 Trend: strong_bearish | 🌍 Regime: trending_bearish
  🗺️  Grid: 0.080% | 🔺 7506.75 🔻 7504.25
  📡 RSI: 57.0 | MACD: -1.99 | ATR: 3.75
  📊 Filled: 0 | Pending: 0
  💰 Daily P&L: $+0.00

[2026-06-17 10:14] O:7507.75 H:7511.50 L:7506.50 C:7510.00 V:371.0
  📈 Trend: strong_bearish | 🌍 Regime: trending_bearish
  🗺️  Grid: 0.080% | 🔺 7507.75 🔻 7505.50
  📡 RSI: 61.1 | MACD: -1.48 | ATR: 3.75
  📊 Filled: 0 | Pending: 0
  💰 Daily P&L: $+0.00

[2026-06-17 10:15] O:7510.00 H:7512.00 L:7507.50 C:7512.00 V:422.0
  📈 Trend: strong_bearish (raw: moderate_bearish) | 🌍 Regime: trending_bearish
  🗺️  Grid: 0.080% | 🔺 7511.50 🔻 7506.50
  📡 RSI: 64.3 | MACD: -0.90 | ATR: 3.89
  📊 Filled: 0 | Pending: 0
  💰 Daily P&L: $+0.00

[2026-06-17 10:16] O:7511.75 H:7513.00 L:7511.25 C:7512.25 V:270.0
  📈 Trend: moderate_bearish | 🌍 Regime: trending_bearish
  🗺️  Grid: 0.080% | 🔺 7512.00 🔻 7507.50
  📡 RSI: 61.7 | MACD: -0.42 | ATR: 3.82
  📊 Filled: 0 | Pending: 0
  💰 Daily P&L: $+0.00

[2026-06-17 10:17] O:7512.00 H:7513.25 L:7509.50 C:7512.75 V:248.0
  📈 Trend: moderate_bearish (raw: moderate_bullish) | 🌍 Regime: trending_bullish
  🗺️  Grid: 0.080% | 🔺 7513.00 🔻 7511.25
  📡 RSI: 59.4 | MACD: 0.00 | ATR: 3.82
  📊 Filled: 0 | Pending: 0
  💰 Daily P&L: $+0.00

[2026-06-17 10:18] O:7512.50 H:7516.50 L:7512.25 C:7514.50 V:553.0
  📈 Trend: moderate_bullish | 🌍 Regime: trending_bullish
  🗺️  Grid: 0.080% | 🔺 7513.25 🔻 7509.50
  📡 RSI: 67.0 | MACD: 0.47 | ATR: 3.75
  📊 Filled: 0 | Pending: 0
  💰 Daily P&L: $+0.00

[2026-06-17 10:19] O:7514.25 H:7514.50 L:7510.75 C:7511.75 V:385.0
  📈 Trend: moderate_bullish | 🌍 Regime: trending_bullish
  🗺️  Grid: 0.080% | 🔺 7516.50 🔻 7512.25
  📡 RSI: 65.7 | MACD: 0.62 | ATR: 3.62
  📊 Filled: 0 | Pending: 0
  💰 Daily P&L: $+0.00

[2026-06-17 10:20] O:7512.00 H:7514.75 L:7510.50 C:7514.00 V:295.0
  📈 Trend: moderate_bullish | 🌍 Regime: trending_bullish
  🗺️  Grid: 0.080% | 🔺 7514.50 🔻 7510.75
  📡 RSI: 64.3 | MACD: 0.90 | ATR: 3.59
  📊 Filled: 0 | Pending: 0
  💰 Daily P&L: $+0.00

[2026-06-17 10:21] O:7514.00 H:7514.75 L:7510.75 C:7511.00 V:170.0
  📈 Trend: moderate_bullish | 🌍 Regime: trending_bullish
  🗺️  Grid: 0.080% | 🔺 7514.75 🔻 7510.50
  📡 RSI: 63.0 | MACD: 0.88 | ATR: 3.62
  📊 Filled: 0 | Pending: 0
  💰 Daily P&L: $+0.00

[2026-06-17 10:22] O:7511.75 H:7512.25 L:7510.00 C:7511.25 V:142.0
  📈 Trend: moderate_bullish | 🌍 Regime: trending_bullish
  🗺️  Grid: 0.080% | 🔺 7514.75 🔻 7510.75
  📡 RSI: 68.8 | MACD: 0.87 | ATR: 3.52
  📊 Filled: 0 | Pending: 0
  💰 Daily P&L: $+0.00

[2026-06-17 10:23] O:7511.00 H:7513.25 L:7509.75 C:7512.25 V:128.0
  📈 Trend: moderate_bullish | 🌍 Regime: trending_bullish
  🗺️  Grid: 0.080% | 🔺 7512.25 🔻 7510.00
  📡 RSI: 74.7 | MACD: 0.93 | ATR: 3.52
  📊 Filled: 0 | Pending: 0
  💰 Daily P&L: $+0.00

[2026-06-17 10:24] O:7512.00 H:7514.00 L:7511.25 C:7512.25 V:144.0
  📈 Trend: moderate_bullish | 🌍 Regime: ranging
  🗺️  Grid: 0.080% | 🔺 7513.25 🔻 7509.75
  📡 RSI: 72.6 | MACD: 0.96 | ATR: 3.48
  📊 Filled: 0 | Pending: 0
  🔲 Regime: RANGING | Range pos: 46% | RSI: 72.6
  💰 Daily P&L: $+0.00

[2026-06-17 10:25] O:7512.25 H:7512.25 L:7510.50 C:7512.00 V:143.0
  📈 Trend: moderate_bullish | 🌍 Regime: trending_bullish
  🗺️  Grid: 0.080% | 🔺 7514.00 🔻 7511.25
  📡 RSI: 68.0 | MACD: 0.96 | ATR: 3.30
  📊 Filled: 0 | Pending: 0
  💰 Daily P&L: $+0.00

[2026-06-17 10:26] O:7512.25 H:7513.75 L:7510.25 C:7511.25 V:155.0
  📈 Trend: moderate_bullish | 🌍 Regime: trending_bullish
  🗺️  Grid: 0.080% | 🔺 7512.25 🔻 7510.50
  📡 RSI: 63.0 | MACD: 0.89 | ATR: 3.38
  📊 Filled: 0 | Pending: 0
  💰 Daily P&L: $+0.00

[2026-06-17 10:27] O:7511.25 H:7512.25 L:7510.25 C:7511.00 V:160.0
  📈 Trend: moderate_bullish (raw: strong_bullish) | 🌍 Regime: trending_bullish
  🗺️  Grid: 0.080% | 🔺 7513.75 🔻 7510.25
  📡 RSI: 59.4 | MACD: 0.81 | ATR: 3.36
  📊 Filled: 0 | Pending: 0
  💰 Daily P&L: $+0.00

[2026-06-17 10:28] O:7510.75 H:7512.75 L:7509.75 C:7511.75 V:161.0
  📈 Trend: strong_bullish | 🌍 Regime: trending_bullish
  🗺️  Grid: 0.080% | 🔺 7512.25 🔻 7510.25
  📡 RSI: 55.6 | MACD: 0.79 | ATR: 3.21
  📊 Filled: 0 | Pending: 0
  💰 Daily P&L: $+0.00

[2026-06-17 10:29] O:7511.75 H:7513.50 L:7511.75 C:7513.50 V:337.0
  📈 Trend: strong_bullish | 🌍 Regime: trending_bullish
  🗺️  Grid: 0.080% | 🔺 7512.75 🔻 7509.75
  📡 RSI: 54.8 | MACD: 0.91 | ATR: 3.02
  📊 Filled: 0 | Pending: 0
  💰 Daily P&L: $+0.00

[2026-06-17 10:30] O:7513.50 H:7514.25 L:7511.50 C:7513.50 V:147.0
  📈 Trend: strong_bullish | 🌍 Regime: ranging
  🗺️  Grid: 0.080% | 🔺 7513.50 🔻 7511.75
  📡 RSI: 54.1 | MACD: 0.99 | ATR: 3.09
  📊 Filled: 0 | Pending: 0
  🔲 Regime: RANGING | Range pos: 49% | RSI: 54.1
  💰 Daily P&L: $+0.00

[2026-06-17 10:31] O:7513.25 H:7514.50 L:7512.75 C:7514.25 V:87.0
  📈 Trend: strong_bullish | 🌍 Regime: ranging
  🗺️  Grid: 0.080% | 🔺 7514.25 🔻 7511.50
  📡 RSI: 54.8 | MACD: 1.10 | ATR: 2.95
  📊 Filled: 0 | Pending: 0
  🔲 Regime: RANGING | Range pos: 51% | RSI: 54.8
  💰 Daily P&L: $+0.00

[2026-06-17 10:32] O:7514.25 H:7516.50 L:7513.75 C:7516.25 V:157.0
  📈 Trend: strong_bullish | 🌍 Regime: ranging
  🗺️  Grid: 0.080% | 🔺 7514.50 🔻 7512.75
  📡 RSI: 55.6 | MACD: 1.33 | ATR: 2.84
  📊 Filled: 0 | Pending: 0
  🔲 Regime: RANGING | Range pos: 55% | RSI: 55.6
  💰 Daily P&L: $+0.00

[2026-06-17 10:33] O:7516.75 H:7519.25 L:7516.25 C:7518.25 V:143.0
  📈 Trend: strong_bullish | 🌍 Regime: ranging
  🗺️  Grid: 0.080% | 🔺 7516.50 🔻 7513.75
  📡 RSI: 71.7 | MACD: 1.66 | ATR: 2.79
  📊 Filled: 0 | Pending: 0
  🔲 Regime: RANGING | Range pos: 60% | RSI: 71.7
  💰 Daily P&L: $+0.00

[2026-06-17 10:34] O:7518.50 H:7521.25 L:7518.25 C:7519.25 V:228.0
  📈 Trend: strong_bullish | 🌍 Regime: ranging
  🗺️  Grid: 0.080% | 🔺 7519.25 🔻 7516.25
  📡 RSI: 69.1 | MACD: 1.98 | ATR: 2.70
  📊 Filled: 0 | Pending: 0
  🔲 Regime: RANGING | Range pos: 62% | RSI: 69.1
  💰 Daily P&L: $+0.00

[2026-06-17 10:35] O:7519.25 H:7520.25 L:7518.00 C:7520.00 V:133.0
  📈 Trend: strong_bullish | 🌍 Regime: ranging
  🗺️  Grid: 0.080% | 🔺 7521.25 🔻 7518.25
  📡 RSI: 89.1 | MACD: 2.27 | ATR: 2.57
  📊 Filled: 0 | Pending: 0
  🔲 Regime: RANGING | Range pos: 64% | RSI: 89.1
  💰 Daily P&L: $+0.00

[2026-06-17 10:36] O:7520.00 H:7520.00 L:7518.25 C:7519.75 V:93.0
  📈 Trend: strong_bullish | 🌍 Regime: ranging
  🗺️  Grid: 0.080% | 🔺 7520.25 🔻 7518.00
  📡 RSI: 87.0 | MACD: 2.45 | ATR: 2.54
  📊 Filled: 0 | Pending: 0
  🔲 Regime: RANGING | Range pos: 63% | RSI: 87.0
  💰 Daily P&L: $+0.00

[2026-06-17 10:37] O:7519.75 H:7519.75 L:7516.75 C:7517.75 V:135.0
  📈 Trend: strong_bullish | 🌍 Regime: ranging
  🗺️  Grid: 0.080% | 🔺 7520.00 🔻 7518.25
  📡 RSI: 72.0 | MACD: 2.40 | ATR: 2.50
  📊 Filled: 0 | Pending: 0
  🔲 Regime: RANGING | Range pos: 59% | RSI: 72.0
  💰 Daily P&L: $+0.00

[2026-06-17 10:38] O:7517.25 H:7521.00 L:7516.75 C:7520.75 V:80.0
  📈 Trend: strong_bullish | 🌍 Regime: ranging
  🗺️  Grid: 0.080% | 🔺 7519.75 🔻 7516.75
  📡 RSI: 77.4 | MACD: 2.57 | ATR: 2.61
  📊 Filled: 0 | Pending: 0
  🔲 Regime: RANGING | Range pos: 66% | RSI: 77.4
  💰 Daily P&L: $+0.00

[2026-06-17 10:39] O:7521.00 H:7521.75 L:7520.00 C:7521.00 V:138.0
  📈 Trend: strong_bullish | 🌍 Regime: ranging
  🗺️  Grid: 0.080% | 🔺 7521.00 🔻 7516.75
  📡 RSI: 79.0 | MACD: 2.70 | ATR: 2.61
  📊 Filled: 0 | Pending: 0
  🔲 Regime: RANGING | Range pos: 66% | RSI: 79.0
  💰 Daily P&L: $+0.00

[2026-06-17 10:40] O:7520.75 H:7521.75 L:7516.50 C:7518.25 V:265.0
  📈 Trend: strong_bullish | 🌍 Regime: ranging
  🗺️  Grid: 0.080% | 🔺 7521.75 🔻 7520.00
  📡 RSI: 70.0 | MACD: 2.55 | ATR: 2.73
  📊 Filled: 0 | Pending: 0
  🔲 Regime: RANGING | Range pos: 60% | RSI: 70.0
  💰 Daily P&L: $+0.00

[2026-06-17 10:41] O:7517.75 H:7517.75 L:7515.50 C:7516.00 V:189.0
  📈 Trend: strong_bullish | 🌍 Regime: ranging
  🗺️  Grid: 0.080% | 🔺 7521.75 🔻 7516.50
  📡 RSI: 62.8 | MACD: 2.23 | ATR: 2.79
  📊 Filled: 0 | Pending: 0
  🔲 Regime: RANGING | Range pos: 55% | RSI: 62.8
  💰 Daily P&L: $+0.00

[2026-06-17 10:42] O:7516.25 H:7518.25 L:7516.25 C:7517.75 V:115.0
  📈 Trend: strong_bullish (raw: moderate_bullish) | 🌍 Regime: ranging
  🗺️  Grid: 0.080% | 🔺 7517.75 🔻 7515.50
  📡 RSI: 64.6 | MACD: 2.08 | ATR: 2.73
  📊 Filled: 0 | Pending: 0
  🔲 Regime: RANGING | Range pos: 59% | RSI: 64.6
  💰 Daily P&L: $+0.00

[2026-06-17 10:43] O:7518.00 H:7519.50 L:7517.50 C:7517.75 V:99.0
  📈 Trend: moderate_bullish | 🌍 Regime: ranging
  🗺️  Grid: 0.080% | 🔺 7518.25 🔻 7516.25
  📡 RSI: 61.3 | MACD: 1.95 | ATR: 2.75
  📊 Filled: 0 | Pending: 0
  🔲 Regime: RANGING | Range pos: 59% | RSI: 61.3
  💰 Daily P&L: $+0.00

[2026-06-17 10:44] O:7517.75 H:7518.25 L:7516.50 C:7517.50 V:61.0
  📈 Trend: moderate_bullish | 🌍 Regime: ranging
  🗺️  Grid: 0.080% | 🔺 7519.50 🔻 7517.50
  📡 RSI: 60.5 | MACD: 1.80 | ATR: 2.68
  📊 Filled: 0 | Pending: 0
  🔲 Regime: RANGING | Range pos: 58% | RSI: 60.5
  💰 Daily P&L: $+0.00

[2026-06-17 10:45] O:7517.75 H:7519.25 L:7516.75 C:7517.25 V:91.0
  📈 Trend: moderate_bullish | 🌍 Regime: ranging
  🗺️  Grid: 0.080% | 🔺 7518.25 🔻 7516.50
  📡 RSI: 58.1 | MACD: 1.65 | ATR: 2.73
  📊 Filled: 0 | Pending: 0
  🔲 Regime: RANGING | Range pos: 58% | RSI: 58.1
  💰 Daily P&L: $+0.00

[2026-06-17 10:46] O:7517.75 H:7518.75 L:7517.25 C:7517.75 V:105.0
  📈 Trend: moderate_bullish | 🌍 Regime: ranging
  🗺️  Grid: 0.080% | 🔺 7519.25 🔻 7516.75
  📡 RSI: 54.4 | MACD: 1.54 | ATR: 2.64
  📊 Filled: 0 | Pending: 0
  🔲 Regime: RANGING | Range pos: 59% | RSI: 54.4
  💰 Daily P&L: $+0.00

[2026-06-17 10:47] O:7517.75 H:7518.25 L:7516.50 C:7517.50 V:119.0
  📈 Trend: moderate_bullish | 🌍 Regime: ranging
  🗺️  Grid: 0.080% | 🔺 7518.75 🔻 7517.25
  📡 RSI: 47.5 | MACD: 1.43 | ATR: 2.55
  📊 Filled: 0 | Pending: 0
  🔲 Regime: RANGING | Range pos: 58% | RSI: 47.5
  💰 Daily P&L: $+0.00

[2026-06-17 10:48] O:7517.25 H:7520.25 L:7517.25 C:7519.25 V:86.0
  📈 Trend: moderate_bullish | 🌍 Regime: ranging
  🗺️  Grid: 0.080% | 🔺 7518.25 🔻 7516.50
  📡 RSI: 50.0 | MACD: 1.46 | ATR: 2.55
  📊 Filled: 0 | Pending: 0
  🔲 Regime: RANGING | Range pos: 62% | RSI: 50.0
  💰 Daily P&L: $+0.00

[2026-06-17 10:49] O:7519.25 H:7521.00 L:7519.25 C:7520.50 V:91.0
  📈 Trend: moderate_bullish | 🌍 Regime: ranging
  🗺️  Grid: 0.080% | 🔺 7520.25 🔻 7517.25
  📡 RSI: 51.5 | MACD: 1.57 | ATR: 2.52
  📊 Filled: 0 | Pending: 0
  🔲 Regime: RANGING | Range pos: 65% | RSI: 51.5
  💰 Daily P&L: $+0.00

[2026-06-17 10:50] O:7520.75 H:7522.25 L:7518.75 C:7520.50 V:101.0
  📈 Trend: moderate_bullish | 🌍 Regime: ranging
  🗺️  Grid: 0.080% | 🔺 7521.00 🔻 7519.25
  📡 RSI: 52.3 | MACD: 1.63 | ATR: 2.64
  📊 Filled: 0 | Pending: 0
  🔲 Regime: RANGING | Range pos: 65% | RSI: 52.3
  💰 Daily P&L: $+0.00

[2026-06-17 10:51] O:7520.50 H:7521.25 L:7519.75 C:7519.75 V:88.0
  📈 Trend: moderate_bullish | 🌍 Regime: ranging
  🗺️  Grid: 0.080% | 🔺 7522.25 🔻 7518.75
  📡 RSI: 56.7 | MACD: 1.61 | ATR: 2.54
  📊 Filled: 0 | Pending: 0
  🔲 Regime: RANGING | Range pos: 63% | RSI: 56.7
  💰 Daily P&L: $+0.00

[2026-06-17 10:52] O:7519.75 H:7519.75 L:7517.50 C:7518.50 V:105.0
  📈 Trend: moderate_bullish | 🌍 Regime: ranging
  🗺️  Grid: 0.080% | 🔺 7521.25 🔻 7519.75
  📡 RSI: 41.5 | MACD: 1.47 | ATR: 2.39
  📊 Filled: 0 | Pending: 0
  🔲 Regime: RANGING | Range pos: 60% | RSI: 41.5
  💰 Daily P&L: $+0.00

[2026-06-17 10:53] O:7518.50 H:7518.75 L:7517.00 C:7517.50 V:74.0
  📈 Trend: moderate_bullish (raw: moderate_bearish) | 🌍 Regime: ranging
  🗺️  Grid: 0.080% | 🔺 7519.75 🔻 7517.50
  📡 RSI: 37.5 | MACD: 1.26 | ATR: 2.39
  📊 Filled: 0 | Pending: 0
  🔲 Regime: RANGING | Range pos: 58% | RSI: 37.5
  💰 Daily P&L: $+0.00

[2026-06-17 10:54] O:7517.25 H:7519.00 L:7517.00 C:7518.25 V:88.0
  📈 Trend: moderate_bearish | 🌍 Regime: ranging
  🗺️  Grid: 0.080% | 🔺 7518.75 🔻 7517.00
  📡 RSI: 50.0 | MACD: 1.15 | ATR: 2.16
  📊 Filled: 0 | Pending: 0
  🔲 Regime: RANGING | Range pos: 60% | RSI: 50.0
  💰 Daily P&L: $+0.00

[2026-06-17 10:55] O:7517.75 H:7518.50 L:7516.75 C:7518.50 V:243.0
  📈 Trend: moderate_bearish | 🌍 Regime: ranging
  🗺️  Grid: 0.080% | 🔺 7519.00 🔻 7517.00
  📡 RSI: 62.5 | MACD: 1.07 | ATR: 2.09
  📊 Filled: 0 | Pending: 0
  🔲 Regime: RANGING | Range pos: 60% | RSI: 62.5
  💰 Daily P&L: $+0.00

[2026-06-17 10:56] O:7518.50 H:7520.25 L:7518.25 C:7519.25 V:94.0
  📈 Trend: moderate_bearish (raw: moderate_bullish) | 🌍 Regime: ranging
  🗺️  Grid: 0.080% | 🔺 7518.50 🔻 7516.75
  📡 RSI: 58.3 | MACD: 1.05 | ATR: 2.07
  📊 Filled: 0 | Pending: 0
  🔲 Regime: RANGING | Range pos: 62% | RSI: 58.3
  💰 Daily P&L: $+0.00

[2026-06-17 10:57] O:7519.50 H:7521.50 L:7519.50 C:7520.25 V:99.0
  📈 Trend: moderate_bearish | 🌍 Regime: ranging
  🗺️  Grid: 0.080% | 🔺 7520.25 🔻 7518.25
  📡 RSI: 62.5 | MACD: 1.10 | ATR: 2.09
  📊 Filled: 0 | Pending: 0
  🔲 Regime: RANGING | Range pos: 65% | RSI: 62.5
  💰 Daily P&L: $+0.00

[2026-06-17 10:58] O:7520.50 H:7521.25 L:7519.50 C:7520.00 V:252.0
  📈 Trend: moderate_bearish | 🌍 Regime: ranging
  🗺️  Grid: 0.080% | 🔺 7521.50 🔻 7519.50
  📡 RSI: 62.5 | MACD: 1.11 | ATR: 2.09
  📊 Filled: 0 | Pending: 0
  🔲 Regime: RANGING | Range pos: 64% | RSI: 62.5
  💰 Daily P&L: $+0.00

[2026-06-17 10:59] O:7520.00 H:7520.00 L:7519.00 C:7519.50 V:52.0
  📈 Trend: moderate_bearish (raw: moderate_bullish) | 🌍 Regime: ranging
  🗺️  Grid: 0.080% | 🔺 7521.25 🔻 7519.50
  📡 RSI: 61.0 | MACD: 1.07 | ATR: 1.98
  📊 Filled: 0 | Pending: 0
  🔲 Regime: RANGING | Range pos: 63% | RSI: 61.0
  💰 Daily P&L: $+0.00

[2026-06-17 11:00] O:7520.00 H:7522.25 L:7520.00 C:7521.75 V:88.0
  📈 Trend: moderate_bullish | 🌍 Regime: ranging
  🗺️  Grid: 0.080% | 🔺 7520.00 🔻 7519.00
  📡 RSI: 66.7 | MACD: 1.20 | ATR: 2.07
  📊 Filled: 0 | Pending: 0
  🔲 Regime: RANGING | Range pos: 68% | RSI: 66.7
  💰 Daily P&L: $+0.00

[2026-06-17 11:01] O:7521.50 H:7521.75 L:7520.25 C:7521.25 V:63.0
  📈 Trend: moderate_bullish (raw: strong_bullish) | 🌍 Regime: ranging
  🗺️  Grid: 0.080% | 🔺 7522.25 🔻 7520.00
  📡 RSI: 65.3 | MACD: 1.25 | ATR: 2.05
  📊 Filled: 0 | Pending: 0
  🔲 Regime: RANGING | Range pos: 67% | RSI: 65.3
  💰 Daily P&L: $+0.00

[2026-06-17 11:02] O:7521.25 H:7522.25 L:7521.25 C:7521.50 V:87.0
  📈 Trend: strong_bullish | 🌍 Regime: ranging
  🗺️  Grid: 0.080% | 🔺 7521.75 🔻 7520.25
  📡 RSI: 60.5 | MACD: 1.29 | ATR: 1.91
  📊 Filled: 0 | Pending: 0
  🔲 Regime: RANGING | Range pos: 67% | RSI: 60.5
  💰 Daily P&L: $+0.00

[2026-06-17 11:03] O:7521.50 H:7523.00 L:7521.50 C:7522.25 V:109.0
  📈 Trend: strong_bullish | 🌍 Regime: ranging
  🗺️  Grid: 0.080% | 🔺 7522.25 🔻 7521.25
  📡 RSI: 58.5 | MACD: 1.37 | ATR: 1.89
  📊 Filled: 0 | Pending: 0
  🔲 Regime: RANGING | Range pos: 69% | RSI: 58.5
  💰 Daily P&L: $+0.00

[2026-06-17 11:04] O:7522.00 H:7522.50 L:7520.25 C:7520.75 V:68.0
  📈 Trend: strong_bullish | 🌍 Regime: ranging
  🗺️  Grid: 0.080% | 🔺 7523.00 🔻 7521.50
  📡 RSI: 51.1 | MACD: 1.30 | ATR: 1.80
  📊 Filled: 0 | Pending: 0
  🔲 Regime: RANGING | Range pos: 66% | RSI: 51.1
  💰 Daily P&L: $+0.00

[2026-06-17 11:05] O:7520.75 H:7521.25 L:7519.25 C:7520.50 V:111.0
  📈 Trend: strong_bullish (raw: moderate_bullish) | 🌍 Regime: ranging
  🗺️  Grid: 0.080% | 🔺 7522.50 🔻 7520.25
  📡 RSI: 53.3 | MACD: 1.21 | ATR: 1.84
  📊 Filled: 0 | Pending: 0
  🔲 Regime: RANGING | Range pos: 65% | RSI: 53.3
  💰 Daily P&L: $+0.00

[2026-06-17 11:06] O:7520.50 H:7521.50 L:7519.75 C:7520.25 V:94.0
  📈 Trend: moderate_bullish | 🌍 Regime: ranging
  🗺️  Grid: 0.080% | 🔺 7521.25 🔻 7519.25
  📡 RSI: 58.5 | MACD: 1.10 | ATR: 1.80
  📊 Filled: 0 | Pending: 0
  🔲 Regime: RANGING | Range pos: 65% | RSI: 58.5
  💰 Daily P&L: $+0.00

[2026-06-17 11:07] O:7519.75 H:7520.75 L:7518.50 C:7520.50 V:78.0
  📈 Trend: moderate_bullish | 🌍 Regime: ranging
  🗺️  Grid: 0.080% | 🔺 7521.50 🔻 7519.75
  📡 RSI: 65.8 | MACD: 1.03 | ATR: 1.84
  📊 Filled: 0 | Pending: 0
  🔲 Regime: RANGING | Range pos: 65% | RSI: 65.8
  💰 Daily P&L: $+0.00

[2026-06-17 11:08] O:7520.50 H:7520.50 L:7519.50 C:7520.25 V:49.0
  📈 Trend: moderate_bullish (raw: moderate_bearish) | 🌍 Regime: ranging
  🗺️  Grid: 0.080% | 🔺 7520.75 🔻 7518.50
  📡 RSI: 61.1 | MACD: 0.94 | ATR: 1.77
  📊 Filled: 0 | Pending: 0
  🔲 Regime: RANGING | Range pos: 65% | RSI: 61.1
  💰 Daily P&L: $+0.00

[2026-06-17 11:09] O:7520.75 H:7520.75 L:7519.25 C:7519.75 V:47.0
  📈 Trend: moderate_bearish | 🌍 Regime: ranging
  🗺️  Grid: 0.080% | 🔺 7520.50 🔻 7519.50
  📡 RSI: 56.8 | MACD: 0.82 | ATR: 1.75
  📊 Filled: 0 | Pending: 0
  🔲 Regime: RANGING | Range pos: 63% | RSI: 56.8
  💰 Daily P&L: $+0.00

[2026-06-17 11:10] O:7519.50 H:7519.75 L:7518.75 C:7518.75 V:77.0
  📈 Trend: moderate_bearish | 🌍 Regime: ranging
  🗺️  Grid: 0.080% | 🔺 7520.75 🔻 7519.25
  📡 RSI: 47.4 | MACD: 0.63 | ATR: 1.68
  📊 Filled: 0 | Pending: 0
  🔲 Regime: RANGING | Range pos: 61% | RSI: 47.4
  💰 Daily P&L: $+0.00

[2026-06-17 11:11] O:7518.75 H:7519.00 L:7517.00 C:7517.00 V:58.0
  📈 Trend: moderate_bearish | 🌍 Regime: ranging
  🗺️  Grid: 0.080% | 🔺 7519.75 🔻 7518.75
  📡 RSI: 34.1 | MACD: 0.34 | ATR: 1.66
  📊 Filled: 0 | Pending: 0
  🔲 Regime: RANGING | Range pos: 57% | RSI: 34.1
  💰 Daily P&L: $+0.00

[2026-06-17 11:12] O:7517.00 H:7518.25 L:7517.00 C:7517.00 V:160.0
  📈 Trend: moderate_bearish | 🌍 Regime: ranging
  🗺️  Grid: 0.080% | 🔺 7519.00 🔻 7517.00
  📡 RSI: 35.0 | MACD: 0.11 | ATR: 1.62
  📊 Filled: 0 | Pending: 0
  🔲 Regime: RANGING | Range pos: 57% | RSI: 35.0
  💰 Daily P&L: $+0.00

[2026-06-17 11:13] O:7516.75 H:7518.25 L:7516.25 C:7518.00 V:133.0
  📈 Trend: moderate_bearish | 🌍 Regime: ranging
  🗺️  Grid: 0.080% | 🔺 7518.25 🔻 7517.00
  📡 RSI: 42.9 | MACD: 0.01 | ATR: 1.70
  📊 Filled: 0 | Pending: 0
  🔲 Regime: RANGING | Range pos: 59% | RSI: 42.9
  💰 Daily P&L: $+0.00

[2026-06-17 11:14] O:7517.75 H:7520.00 L:7517.75 C:7519.75 V:97.0
  📈 Trend: moderate_bearish (raw: moderate_bullish) | 🌍 Regime: ranging
  🗺️  Grid: 0.080% | 🔺 7518.25 🔻 7516.25
  📡 RSI: 40.0 | MACD: 0.06 | ATR: 1.66
  📊 Filled: 0 | Pending: 0
  🔲 Regime: RANGING | Range pos: 63% | RSI: 40.0
  💰 Daily P&L: $+0.00

[2026-06-17 11:15] O:7519.75 H:7520.75 L:7519.00 C:7520.25 V:95.0
  📈 Trend: moderate_bullish | 🌍 Regime: ranging
  🗺️  Grid: 0.080% | 🔺 7520.00 🔻 7517.75
  📡 RSI: 45.0 | MACD: 0.15 | ATR: 1.68
  📊 Filled: 0 | Pending: 0
  🔲 Regime: RANGING | Range pos: 65% | RSI: 45.0
  💰 Daily P&L: $+0.00

[2026-06-17 11:16] O:7520.25 H:7520.50 L:7518.25 C:7519.00 V:79.0
  📈 Trend: moderate_bullish (raw: moderate_bearish) | 🌍 Regime: ranging
  🗺️  Grid: 0.080% | 🔺 7520.75 🔻 7519.00
  📡 RSI: 38.6 | MACD: 0.12 | ATR: 1.77
  📊 Filled: 0 | Pending: 0
  🔲 Regime: RANGING | Range pos: 62% | RSI: 38.6
  💰 Daily P&L: $+0.00

[2026-06-17 11:17] O:7518.75 H:7519.50 L:7518.75 C:7518.75 V:24.0
  📈 Trend: moderate_bearish | 🌍 Regime: ranging
  🗺️  Grid: 0.080% | 🔺 7520.50 🔻 7518.25
  📡 RSI: 33.3 | MACD: 0.07 | ATR: 1.71
  📊 Filled: 0 | Pending: 0
  🔲 Regime: RANGING | Range pos: 61% | RSI: 33.3
  💰 Daily P&L: $+0.00

[2026-06-17 11:18] O:7518.75 H:7522.00 L:7518.75 C:7521.50 V:127.0
  📈 Trend: moderate_bearish (raw: moderate_bullish) | 🌍 Regime: ranging
  🗺️  Grid: 0.080% | 🔺 7519.50 🔻 7518.75
  📡 RSI: 53.2 | MACD: 0.25 | ATR: 1.79
  📊 Filled: 0 | Pending: 0
  🔲 Regime: RANGING | Range pos: 67% | RSI: 53.2
  💰 Daily P&L: $+0.00

[2026-06-17 11:19] O:7521.25 H:7523.00 L:7521.00 C:7523.00 V:50.0
  📈 Trend: moderate_bearish (raw: strong_bullish) | 🌍 Regime: ranging
  🗺️  Grid: 0.080% | 🔺 7522.00 🔻 7518.75
  📡 RSI: 59.6 | MACD: 0.51 | ATR: 1.79
  📊 Filled: 0 | Pending: 0
  🔲 Regime: RANGING | Range pos: 71% | RSI: 59.6
  💰 Daily P&L: $+0.00

[2026-06-17 11:20] O:7523.00 H:7524.00 L:7521.50 C:7521.50 V:60.0
  📈 Trend: strong_bullish | 🌍 Regime: ranging
  🗺️  Grid: 0.080% | 🔺 7523.00 🔻 7521.00
  📡 RSI: 54.4 | MACD: 0.58 | ATR: 1.84
  📊 Filled: 0 | Pending: 0
  🔲 Regime: RANGING | Range pos: 67% | RSI: 54.4
  💰 Daily P&L: $+0.00

[2026-06-17 11:21] O:7521.50 H:7523.25 L:7521.25 C:7522.00 V:36.0
  📈 Trend: strong_bullish | 🌍 Regime: ranging
  🗺️  Grid: 0.080% | 🔺 7524.00 🔻 7521.50
  📡 RSI: 55.2 | MACD: 0.68 | ATR: 1.82
  📊 Filled: 0 | Pending: 0
  🔲 Regime: RANGING | Range pos: 69% | RSI: 55.2
  💰 Daily P&L: $+0.00

[2026-06-17 11:22] O:7522.00 H:7523.25 L:7521.50 C:7523.25 V:53.0
  📈 Trend: strong_bullish | 🌍 Regime: ranging
  🗺️  Grid: 0.080% | 🔺 7523.25 🔻 7521.25
  📡 RSI: 59.7 | MACD: 0.84 | ATR: 1.88
  📊 Filled: 0 | Pending: 0
  🔲 Regime: RANGING | Range pos: 72% | RSI: 59.7
  💰 Daily P&L: $+0.00

[2026-06-17 11:23] O:7523.25 H:7523.75 L:7522.50 C:7523.00 V:46.0
  📈 Trend: strong_bullish | 🌍 Regime: ranging
  🗺️  Grid: 0.080% | 🔺 7523.25 🔻 7521.50
  📡 RSI: 60.7 | MACD: 0.94 | ATR: 1.86
  📊 Filled: 0 | Pending: 0
  🔲 Regime: RANGING | Range pos: 71% | RSI: 60.7
  💰 Daily P&L: $+0.00

[2026-06-17 11:24] O:7522.75 H:7523.25 L:7522.00 C:7523.25 V:51.0
  📈 Trend: strong_bullish | 🌍 Regime: ranging
  🗺️  Grid: 0.080% | 🔺 7523.75 🔻 7522.50
  📡 RSI: 65.5 | MACD: 1.03 | ATR: 1.88
  📊 Filled: 0 | Pending: 0
  🔲 Regime: RANGING | Range pos: 72% | RSI: 65.5
  💰 Daily P&L: $+0.00

[2026-06-17 11:25] O:7523.25 H:7523.25 L:7521.25 C:7522.25 V:61.0
  📈 Trend: strong_bullish | 🌍 Regime: ranging
  🗺️  Grid: 0.080% | 🔺 7523.25 🔻 7522.00
  📡 RSI: 69.1 | MACD: 1.01 | ATR: 1.88
  📊 Filled: 0 | Pending: 0
  🔲 Regime: RANGING | Range pos: 69% | RSI: 69.1
  💰 Daily P&L: $+0.00

[2026-06-17 11:26] O:7522.75 H:7524.00 L:7522.75 C:7523.00 V:56.0
  📈 Trend: strong_bullish | 🌍 Regime: ranging
  🗺️  Grid: 0.080% | 🔺 7523.25 🔻 7521.25
  📡 RSI: 70.7 | MACD: 1.04 | ATR: 1.91
  📊 Filled: 0 | Pending: 0
  🔲 Regime: RANGING | Range pos: 71% | RSI: 70.7
  🚫 Raw trend blocks RANGING SHORT | raw: strong_bullish
  💰 Daily P&L: $+0.00

[2026-06-17 11:27] O:7523.00 H:7523.25 L:7522.00 C:7522.00 V:58.0
  📈 Trend: strong_bullish | 🌍 Regime: ranging
  🗺️  Grid: 0.080% | 🔺 7524.00 🔻 7522.75
  📡 RSI: 63.8 | MACD: 0.97 | ATR: 1.86
  📊 Filled: 0 | Pending: 0
  🔲 Regime: RANGING | Range pos: 69% | RSI: 63.8
  💰 Daily P&L: $+0.00

[2026-06-17 11:28] O:7522.50 H:7523.00 L:7522.00 C:7522.00 V:61.0
  📈 Trend: strong_bullish | 🌍 Regime: ranging
  🗺️  Grid: 0.080% | 🔺 7523.25 🔻 7522.00
  📡 RSI: 58.8 | MACD: 0.90 | ATR: 1.77
  📊 Filled: 0 | Pending: 0
  🔲 Regime: RANGING | Range pos: 69% | RSI: 58.8
  💰 Daily P&L: $+0.00

[2026-06-17 11:29] O:7522.00 H:7522.50 L:7521.00 C:7521.25 V:85.0
  📈 Trend: strong_bullish | 🌍 Regime: ranging
  🗺️  Grid: 0.080% | 🔺 7523.00 🔻 7522.00
  📡 RSI: 53.8 | MACD: 0.78 | ATR: 1.75
  📊 Filled: 0 | Pending: 0
  🔲 Regime: RANGING | Range pos: 67% | RSI: 53.8
  💰 Daily P&L: $+0.00

[2026-06-17 11:30] O:7521.25 H:7522.00 L:7521.00 C:7521.25 V:102.0
  📈 Trend: strong_bullish | 🌍 Regime: ranging
  🗺️  Grid: 0.080% | 🔺 7522.50 🔻 7521.00
  📡 RSI: 59.6 | MACD: 0.68 | ATR: 1.66
  📊 Filled: 0 | Pending: 0
  🔲 Regime: RANGING | Range pos: 67% | RSI: 59.6
  💰 Daily P&L: $+0.00

[2026-06-17 11:31] O:7521.00 H:7521.00 L:7518.25 C:7518.25 V:191.0
  📈 Trend: strong_bullish | 🌍 Regime: ranging
  🗺️  Grid: 0.080% | 🔺 7522.00 🔻 7521.00
  📡 RSI: 48.3 | MACD: 0.35 | ATR: 1.82
  📊 Filled: 0 | Pending: 0
  🔲 Regime: RANGING | Range pos: 60% | RSI: 48.3
  💰 Daily P&L: $+0.00

[2026-06-17 11:32] O:7518.50 H:7519.00 L:7517.00 C:7518.00 V:115.0
  📈 Trend: strong_bullish (raw: moderate_bullish) | 🌍 Regime: ranging
  🗺️  Grid: 0.080% | 🔺 7521.00 🔻 7518.25
  📡 RSI: 35.4 | MACD: 0.07 | ATR: 1.73
  📊 Filled: 0 | Pending: 0
  🔲 Regime: RANGING | Range pos: 59% | RSI: 35.4
  💰 Daily P&L: $+0.00

[2026-06-17 11:33] O:7517.75 H:7518.75 L:7516.75 C:7517.00 V:98.0
  📈 Trend: moderate_bullish | 🌍 Regime: ranging
  🗺️  Grid: 0.080% | 🔺 7519.00 🔻 7517.00
  📡 RSI: 23.9 | MACD: -0.23 | ATR: 1.73
  📊 Filled: 0 | Pending: 0
  🔲 Regime: RANGING | Range pos: 57% | RSI: 23.9
  💰 Daily P&L: $+0.00

[2026-06-17 11:34] O:7517.50 H:7517.75 L:7516.75 C:7517.25 V:35.0
  📈 Trend: moderate_bullish | 🌍 Regime: ranging
  🗺️  Grid: 0.080% | 🔺 7518.75 🔻 7516.75
  📡 RSI: 29.3 | MACD: -0.44 | ATR: 1.62
  📊 Filled: 0 | Pending: 0
  🔲 Regime: RANGING | Range pos: 58% | RSI: 29.3
  💰 Daily P&L: $+0.00

[2026-06-17 11:35] O:7517.00 H:7518.50 L:7516.50 C:7517.75 V:60.0
  📈 Trend: moderate_bullish | 🌍 Regime: ranging
  🗺️  Grid: 0.080% | 🔺 7517.75 🔻 7516.75
  📡 RSI: 29.3 | MACD: -0.56 | ATR: 1.62
  📊 Filled: 0 | Pending: 0
  🔲 Regime: RANGING | Range pos: 59% | RSI: 29.3
  💰 Daily P&L: $+0.00

[2026-06-17 11:36] O:7517.50 H:7517.75 L:7515.25 C:7515.75 V:64.0
  📈 Trend: moderate_bullish | 🌍 Regime: trending_bullish
  🗺️  Grid: 0.080% | 🔺 7518.50 🔻 7516.50
  📡 RSI: 15.9 | MACD: -0.81 | ATR: 1.68
  📊 Filled: 0 | Pending: 0
  💰 Daily P&L: $+0.00

[2026-06-17 11:37] O:7516.00 H:7517.75 L:7515.50 C:7517.50 V:66.0
  📈 Trend: moderate_bullish | 🌍 Regime: trending_bullish
  🗺️  Grid: 0.080% | 🔺 7517.75 🔻 7515.25
  📡 RSI: 28.0 | MACD: -0.86 | ATR: 1.75
  📊 Filled: 0 | Pending: 0
  💰 Daily P&L: $+0.00

[2026-06-17 11:38] O:7517.50 H:7519.25 L:7517.25 C:7519.25 V:67.0
  📈 Trend: moderate_bullish | 🌍 Regime: trending_bullish
  🗺️  Grid: 0.080% | 🔺 7517.75 🔻 7515.50
  📡 RSI: 35.7 | MACD: -0.74 | ATR: 1.80
  📊 Filled: 0 | Pending: 0
  📤 Limit BUY 10 @ 7519.25 submitted (ID: 486)
  ⬆️ LONG ORDER @ 7519.25 | Size: 1.00 | SL: 7515.75 | TP: 7524.75 [10cts]
     Reason: Grid Long (moderate_bullish, RSI: 35.7)
  🔬 SHADOW [long trending]: 🟩 ROBUST WOULD ALLOW
       MACD=PASS (-0.74 vs -0.86, Δ+0.11) | 5m=PASS (1m=moderate_bullish, 5m=sideways)
     ⏳ Order 486 PENDING - awaiting fill confirmation
  💰 Daily P&L: $+0.00
  📋 Order 486 status: Submitted
  ✅ Fill: BOT 1.0 @ 7519.25
  📋 Order 486 status: Submitted
  ✅ Fill: BOT 4.0 @ 7519.25
  📋 Order 486 status: Submitted
  ✅ Fill: BOT 1.0 @ 7519.25
  📋 Order 486 status: Submitted
  ✅ Fill: BOT 4.0 @ 7519.25
  📋 Order 486 status: Filled
  📤 Stop-Limit SELL 10 @ stop:7511.25 / lmt:7507.25 submitted (ID: 487)
  📋 Order 487 status: PreSubmitted
  📤 Limit SELL 10 @ 7524.75 submitted (ID: 488)
  ✅ FILL CONFIRMED: LONG @ 7519.25 (order 486)
     📊 Bracket placed: SL #487 @ 7511.25 | TP #488 @ 7524.75
     Trail activates @ +7.5 pts

[2026-06-17 11:39] O:7519.50 H:7519.75 L:7518.25 C:7518.75 V:58.0
  📈 Trend: moderate_bullish | 🌍 Regime: trending_bullish
  🗺️  Grid: 0.080% | 🔺 7519.25 🔻 7517.25
  📡 RSI: 37.0 | MACD: -0.69 | ATR: 1.77
  📊 Filled: 1 | Pending: 0
  📍 LONG @ 7519.25 | SL: 7511.25 | TP: 7524.75 | P&L: $-250.00 | +7.5 to trail
  💰 Daily P&L: $+0.00
  📋 Order 488 status: Submitted

[2026-06-17 11:40] O:7519.00 H:7519.00 L:7514.00 C:7514.50 V:87.0
  📈 Trend: moderate_bullish | 🌍 Regime: trending_bullish
  🗺️  Grid: 0.080% | 🔺 7519.75 🔻 7518.25
  📡 RSI: 25.0 | MACD: -0.97 | ATR: 2.00
  📊 Filled: 1 | Pending: 0
  📍 LONG @ 7519.25 | SL: 7511.25 | TP: 7524.75 | P&L: $-2,375.00 | +7.0 to trail
  💰 Daily P&L: $+0.00

[2026-06-17 11:41] O:7514.50 H:7515.75 L:7514.25 C:7514.50 V:94.0
  📈 Trend: moderate_bullish (raw: strong_bearish) | 🌍 Regime: trending_bearish
  🗺️  Grid: 0.080% | 🔺 7519.00 🔻 7514.00
  📡 RSI: 26.6 | MACD: -1.19 | ATR: 2.02
  📊 Filled: 1 | Pending: 0
  📍 LONG @ 7519.25 | SL: 7511.25 | TP: 7524.75 | P&L: $-2,375.00 | +7.0 to trail
  💰 Daily P&L: $+0.00

[2026-06-17 11:42] O:7514.75 H:7515.50 L:7514.00 C:7514.50 V:86.0
  📈 Trend: strong_bearish | 🌍 Regime: trending_bearish
  🗺️  Grid: 0.080% | 🔺 7515.75 🔻 7514.25
  📡 RSI: 26.6 | MACD: -1.34 | ATR: 2.05
  📊 Filled: 1 | Pending: 0
  📍 LONG @ 7519.25 | SL: 7511.25 | TP: 7524.75 | P&L: $-2,375.00 | +7.0 to trail
  💰 Daily P&L: $+0.00

[2026-06-17 11:43] O:7514.25 H:7515.50 L:7513.25 C:7515.25 V:93.0
  📈 Trend: strong_bearish | 🌍 Regime: trending_bearish
  🗺️  Grid: 0.080% | 🔺 7515.50 🔻 7514.00
  📡 RSI: 31.2 | MACD: -1.39 | ATR: 2.11
  📊 Filled: 1 | Pending: 0
  📍 LONG @ 7519.25 | SL: 7511.25 | TP: 7524.75 | P&L: $-2,000.00 | +7.0 to trail
  💰 Daily P&L: $+0.00

[2026-06-17 11:44] O:7515.50 H:7517.00 L:7515.50 C:7515.75 V:71.0
  📈 Trend: strong_bearish | 🌍 Regime: trending_bearish
  🗺️  Grid: 0.080% | 🔺 7515.50 🔻 7513.25
  📡 RSI: 33.3 | MACD: -1.37 | ATR: 2.16
  📊 Filled: 1 | Pending: 0
  📍 LONG @ 7519.25 | SL: 7511.25 | TP: 7524.75 | P&L: $-1,750.00 | +7.0 to trail
  💰 Daily P&L: $+0.00

[2026-06-17 11:45] O:7515.75 H:7515.75 L:7513.75 C:7514.50 V:77.0
  📈 Trend: strong_bearish | 🌍 Regime: trending_bearish
  🗺️  Grid: 0.080% | 🔺 7517.00 🔻 7515.50
  📡 RSI: 37.3 | MACD: -1.43 | ATR: 2.09
  📊 Filled: 1 | Pending: 0
  📍 LONG @ 7519.25 | SL: 7511.25 | TP: 7524.75 | P&L: $-2,375.00 | +7.0 to trail
  💰 Daily P&L: $+0.00

[2026-06-17 11:46] O:7515.00 H:7515.25 L:7513.75 C:7514.50 V:105.0
  📈 Trend: strong_bearish | 🌍 Regime: trending_bearish
  🗺️  Grid: 0.080% | 🔺 7515.75 🔻 7513.75
  📡 RSI: 37.9 | MACD: -1.47 | ATR: 2.05
  📊 Filled: 1 | Pending: 0
  📍 LONG @ 7519.25 | SL: 7511.25 | TP: 7524.75 | P&L: $-2,375.00 | +7.0 to trail
  💰 Daily P&L: $+0.00

[2026-06-17 11:47] O:7514.75 H:7516.25 L:7514.50 C:7514.75 V:68.0
  📈 Trend: strong_bearish | 🌍 Regime: trending_bearish
  🗺️  Grid: 0.080% | 🔺 7515.25 🔻 7513.75
  📡 RSI: 41.8 | MACD: -1.46 | ATR: 2.04
  📊 Filled: 1 | Pending: 0
  📍 LONG @ 7519.25 | SL: 7511.25 | TP: 7524.75 | P&L: $-2,250.00 | +7.0 to trail
  💰 Daily P&L: $+0.00

[2026-06-17 11:48] O:7515.00 H:7515.25 L:7513.25 C:7513.25 V:60.0
  📈 Trend: strong_bearish | 🌍 Regime: trending_bearish
  🗺️  Grid: 0.080% | 🔺 7516.25 🔻 7514.50
  📡 RSI: 36.7 | MACD: -1.56 | ATR: 2.11
  📊 Filled: 1 | Pending: 0
  📍 LONG @ 7519.25 | SL: 7511.25 | TP: 7524.75 | P&L: $-3,000.00 | +7.0 to trail
  💰 Daily P&L: $+0.00

[2026-06-17 11:49] O:7513.00 H:7515.50 L:7513.00 C:7514.75 V:70.0
  📈 Trend: strong_bearish | 🌍 Regime: trending_bearish
  🗺️  Grid: 0.080% | 🔺 7515.25 🔻 7513.25
  📡 RSI: 40.6 | MACD: -1.50 | ATR: 2.14
  📊 Filled: 1 | Pending: 0
  📍 LONG @ 7519.25 | SL: 7511.25 | TP: 7524.75 | P&L: $-2,250.00 | +7.0 to trail
  💰 Daily P&L: $+0.00

[2026-06-17 11:50] O:7514.25 H:7514.25 L:7513.50 C:7514.25 V:76.0
  📈 Trend: strong_bearish | 🌍 Regime: trending_bearish
  🗺️  Grid: 0.080% | 🔺 7515.50 🔻 7513.00
  📡 RSI: 44.8 | MACD: -1.47 | ATR: 2.05
  📊 Filled: 1 | Pending: 0
  📍 LONG @ 7519.25 | SL: 7511.25 | TP: 7524.75 | P&L: $-2,500.00 | +7.0 to trail
  💰 Daily P&L: $+0.00

[2026-06-17 11:51] O:7514.25 H:7516.75 L:7514.25 C:7515.25 V:51.0
  📈 Trend: strong_bearish (raw: moderate_bearish) | 🌍 Regime: trending_bearish
  🗺️  Grid: 0.080% | 🔺 7514.25 🔻 7513.50
  📡 RSI: 41.8 | MACD: -1.36 | ATR: 2.07
  📊 Filled: 1 | Pending: 0
  📍 LONG @ 7519.25 | SL: 7511.25 | TP: 7524.75 | P&L: $-2,000.00 | +7.0 to trail
  💰 Daily P&L: $+0.00

[2026-06-17 11:52] O:7515.00 H:7515.50 L:7514.50 C:7515.25 V:31.0
  📈 Trend: moderate_bearish | 🌍 Regime: trending_bearish
  🗺️  Grid: 0.080% | 🔺 7516.75 🔻 7514.25
  📡 RSI: 33.3 | MACD: -1.25 | ATR: 2.00
  📊 Filled: 1 | Pending: 0
  📍 LONG @ 7519.25 | SL: 7511.25 | TP: 7524.75 | P&L: $-2,000.00 | +7.0 to trail
  💰 Daily P&L: $+0.00

[2026-06-17 11:53] O:7515.25 H:7515.25 L:7513.50 C:7513.75 V:48.0
  📈 Trend: moderate_bearish | 🌍 Regime: trending_bearish
  🗺️  Grid: 0.080% | 🔺 7515.50 🔻 7514.50
  📡 RSI: 30.8 | MACD: -1.27 | ATR: 2.02
  📊 Filled: 1 | Pending: 0
  📍 LONG @ 7519.25 | SL: 7511.25 | TP: 7524.75 | P&L: $-2,750.00 | +7.0 to trail
  💰 Daily P&L: $+0.00

[2026-06-17 11:54] O:7514.00 H:7514.75 L:7513.75 C:7513.75 V:56.0
  📈 Trend: moderate_bearish | 🌍 Regime: trending_bearish
  🗺️  Grid: 0.080% | 🔺 7515.25 🔻 7513.50
  📡 RSI: 45.7 | MACD: -1.27 | ATR: 1.73
  📊 Filled: 1 | Pending: 0
  📍 LONG @ 7519.25 | SL: 7511.25 | TP: 7524.75 | P&L: $-2,750.00 | +7.0 to trail
  💰 Daily P&L: $+0.00

[2026-06-17 11:55] O:7514.00 H:7516.75 L:7513.75 C:7515.25 V:242.0
  📈 Trend: moderate_bearish | 🌍 Regime: trending_bearish
  🗺️  Grid: 0.080% | 🔺 7514.75 🔻 7513.75
  📡 RSI: 53.7 | MACD: -1.14 | ATR: 1.84
  📊 Filled: 1 | Pending: 0
  📍 LONG @ 7519.25 | SL: 7511.25 | TP: 7524.75 | P&L: $-2,000.00 | +7.0 to trail
  💰 Daily P&L: $+0.00

[2026-06-17 11:56] O:7515.00 H:7515.25 L:7514.25 C:7514.75 V:63.0
  📈 Trend: moderate_bearish | 🌍 Regime: trending_bearish
  🗺️  Grid: 0.080% | 🔺 7516.75 🔻 7513.75
  📡 RSI: 51.2 | MACD: -1.07 | ATR: 1.80
  📊 Filled: 1 | Pending: 0
  📍 LONG @ 7519.25 | SL: 7511.25 | TP: 7524.75 | P&L: $-2,250.00 | +7.0 to trail
  💰 Daily P&L: $+0.00

[2026-06-17 11:57] O:7515.00 H:7515.25 L:7514.00 C:7514.50 V:33.0
  📈 Trend: moderate_bearish | 🌍 Regime: trending_bearish
  🗺️  Grid: 0.080% | 🔺 7515.25 🔻 7514.25
  📡 RSI: 46.3 | MACD: -1.01 | ATR: 1.73
  📊 Filled: 1 | Pending: 0
  📍 LONG @ 7519.25 | SL: 7511.25 | TP: 7524.75 | P&L: $-2,375.00 | +7.0 to trail
  💰 Daily P&L: $+0.00

[2026-06-17 11:58] O:7515.00 H:7515.00 L:7513.25 C:7514.25 V:61.0
  📈 Trend: moderate_bearish | 🌍 Regime: trending_bearish
  🗺️  Grid: 0.080% | 🔺 7515.25 🔻 7514.00
  📡 RSI: 42.5 | MACD: -0.98 | ATR: 1.73
  📊 Filled: 1 | Pending: 0
  📍 LONG @ 7519.25 | SL: 7511.25 | TP: 7524.75 | P&L: $-2,500.00 | +7.0 to trail
  💰 Daily P&L: $+0.00

[2026-06-17 11:59] O:7513.50 H:7514.25 L:7512.75 C:7513.50 V:64.0
  📈 Trend: moderate_bearish | 🌍 Regime: trending_bearish
  🗺️  Grid: 0.080% | 🔺 7515.00 🔻 7513.25
  📡 RSI: 44.7 | MACD: -1.00 | ATR: 1.70
  📊 Filled: 1 | Pending: 0
  📍 LONG @ 7519.25 | SL: 7511.25 | TP: 7524.75 | P&L: $-2,875.00 | +7.0 to trail
  💰 Daily P&L: $+0.00
  📋 Order 487 status: Submitted
  ✅ Fill: SLD 8.0 @ 7507.25
  📋 Order 487 status: Submitted
  ✅ Fill: SLD 2.0 @ 7507.25
  📋 Order 487 status: Filled

[2026-06-17 12:00] O:7513.75 H:7513.75 L:7511.00 C:7511.25 V:102.0
  📈 Trend: moderate_bearish (raw: strong_bearish) | 🌍 Regime: trending_bearish
  🗺️  Grid: 0.080% | 🔺 7514.25 🔻 7512.75
  📡 RSI: 36.2 | MACD: -1.19 | ATR: 1.79
  📊 Filled: 1 | Pending: 0
  📍 LONG @ 7519.25 | SL: 7511.25 | TP: 7524.75 | P&L: $-4,000.00 | +7.0 to trail
  📋 Order 488 status: PendingCancel
  📋 Order 488 status: Cancelled
  ❌ EXIT LONG @ 7507.25 | Stop Loss
     P&L: -12.00 pts ($-6,000.00) | Daily: $-6,000.00
  ⏸️ Cooldown: 2 bar(s) remaining after exit
  💰 Daily P&L: $-6,000.00

[2026-06-17 12:01] O:7511.75 H:7511.75 L:7509.75 C:7510.25 V:75.0
  📈 Trend: strong_bearish | 🌍 Regime: trending_bearish
  🗺️  Grid: 0.080% | 🔺 7513.75 🔻 7511.00
  📡 RSI: 32.0 | MACD: -1.40 | ATR: 1.80
  📊 Filled: 0 | Pending: 0
  ⏸️ Cooldown: 1 bar(s) remaining after exit
  💰 Daily P&L: $-6,000.00

[2026-06-17 12:02] O:7510.50 H:7510.50 L:7508.75 C:7509.25 V:143.0
  📈 Trend: strong_bearish | 🌍 Regime: trending_bearish
  🗺️  Grid: 0.080% | 🔺 7511.75 🔻 7509.75
  📡 RSI: 33.3 | MACD: -1.63 | ATR: 1.79
  📊 Filled: 0 | Pending: 0
  💰 Daily P&L: $-6,000.00

[2026-06-17 12:03] O:7509.00 H:7509.75 L:7508.00 C:7509.25 V:139.0
  📈 Trend: strong_bearish | 🌍 Regime: trending_bearish
  🗺️  Grid: 0.080% | 🔺 7510.50 🔻 7508.75
  📡 RSI: 23.8 | MACD: -1.79 | ATR: 1.73
  📊 Filled: 0 | Pending: 0
  💰 Daily P&L: $-6,000.00

[2026-06-17 12:04] O:7509.25 H:7510.00 L:7507.00 C:7508.50 V:140.0
  📈 Trend: strong_bearish | 🌍 Regime: trending_bearish
  🗺️  Grid: 0.080% | 🔺 7509.75 🔻 7508.00
  📡 RSI: 23.3 | MACD: -1.96 | ATR: 1.86
  📊 Filled: 0 | Pending: 0
  💰 Daily P&L: $-6,000.00

[2026-06-17 12:05] O:7508.50 H:7508.50 L:7507.00 C:7508.25 V:75.0
  📈 Trend: strong_bearish | 🌍 Regime: trending_bearish
  🗺️  Grid: 0.080% | 🔺 7510.00 🔻 7507.00
  📡 RSI: 15.0 | MACD: -2.09 | ATR: 1.79
  📊 Filled: 0 | Pending: 0
  💰 Daily P&L: $-6,000.00

[2026-06-17 12:06] O:7507.75 H:7510.25 L:7507.50 C:7508.75 V:85.0
  📈 Trend: strong_bearish | 🌍 Regime: trending_bearish
  🗺️  Grid: 0.080% | 🔺 7508.50 🔻 7507.00
  📡 RSI: 19.0 | MACD: -2.12 | ATR: 1.91
  📊 Filled: 0 | Pending: 0
  💰 Daily P&L: $-6,000.00

[2026-06-17 12:07] O:7509.00 H:7509.50 L:7507.25 C:7507.50 V:60.0
  📈 Trend: strong_bearish | 🌍 Regime: trending_bearish
  🗺️  Grid: 0.080% | 🔺 7510.25 🔻 7507.50
  📡 RSI: 19.5 | MACD: -2.23 | ATR: 1.95
  📊 Filled: 0 | Pending: 0
  💰 Daily P&L: $-6,000.00

[2026-06-17 12:08] O:7507.25 H:7508.75 L:7500.00 C:7507.75 V:1007.0
  📈 Trend: strong_bearish | 🌍 Regime: trending_bearish
  🗺️  Grid: 0.080% | 🔺 7509.50 🔻 7507.25
  📡 RSI: 21.4 | MACD: -2.26 | ATR: 2.50
  📊 Filled: 0 | Pending: 0
  💰 Daily P&L: $-6,000.00

[2026-06-17 12:09] O:7507.75 H:7508.25 L:7506.25 C:7508.00 V:163.0
  📈 Trend: strong_bearish | 🌍 Regime: trending_bearish
  🗺️  Grid: 0.080% | 🔺 7508.75 🔻 7500.00
  📡 RSI: 10.8 | MACD: -2.25 | ATR: 2.43
  📊 Filled: 0 | Pending: 0
  💰 Daily P&L: $-6,000.00

[2026-06-17 12:10] O:7508.00 H:7510.25 L:7508.00 C:7508.75 V:222.0
  📈 Trend: strong_bearish | 🌍 Regime: trending_bearish
  🗺️  Grid: 0.080% | 🔺 7508.25 🔻 7506.25
  📡 RSI: 18.4 | MACD: -2.15 | ATR: 2.52
  📊 Filled: 0 | Pending: 0
  💰 Daily P&L: $-6,000.00

[2026-06-17 12:11] O:7508.75 H:7509.75 L:7507.50 C:7508.00 V:75.0
  📈 Trend: strong_bearish | 🌍 Regime: trending_bearish
  🗺️  Grid: 0.080% | 🔺 7510.25 🔻 7508.00
  📡 RSI: 17.5 | MACD: -2.11 | ATR: 2.59
  📊 Filled: 0 | Pending: 0
  💰 Daily P&L: $-6,000.00

[2026-06-17 12:12] O:7507.75 H:7508.75 L:7506.50 C:7507.75 V:51.0
  📈 Trend: strong_bearish | 🌍 Regime: trending_bearish
  🗺️  Grid: 0.080% | 🔺 7509.75 🔻 7507.50
  📡 RSI: 17.5 | MACD: -2.07 | ATR: 2.62
  📊 Filled: 0 | Pending: 0
  💰 Daily P&L: $-6,000.00

[2026-06-17 12:13] O:7508.50 H:7508.75 L:7506.75 C:7507.50 V:76.0
  📈 Trend: strong_bearish | 🌍 Regime: trending_bearish
  🗺️  Grid: 0.080% | 🔺 7508.75 🔻 7506.50
  📡 RSI: 18.4 | MACD: -2.04 | ATR: 2.66
  📊 Filled: 0 | Pending: 0
  💰 Daily P&L: $-6,000.00

[2026-06-17 12:14] O:7507.25 H:7508.25 L:7506.75 C:7506.75 V:62.0
  📈 Trend: strong_bearish | 🌍 Regime: trending_bearish
  🗺️  Grid: 0.080% | 🔺 7508.75 🔻 7506.75
  📡 RSI: 21.9 | MACD: -2.05 | ATR: 2.57
  📊 Filled: 0 | Pending: 0
  💰 Daily P&L: $-6,000.00

[2026-06-17 12:15] O:7506.50 H:7506.50 L:7503.50 C:7503.75 V:242.0
  📈 Trend: strong_bearish | 🌍 Regime: trending_bearish
  🗺️  Grid: 0.080% | 🔺 7508.25 🔻 7506.75
  📡 RSI: 17.5 | MACD: -2.27 | ATR: 2.66
  📊 Filled: 0 | Pending: 0
  💰 Daily P&L: $-6,000.00

[2026-06-17 12:16] O:7503.75 H:7505.25 L:7503.75 C:7504.00 V:136.0
  📈 Trend: strong_bearish | 🌍 Regime: trending_bearish
  🗺️  Grid: 0.080% | 🔺 7506.50 🔻 7503.50
  📡 RSI: 21.6 | MACD: -2.40 | ATR: 2.64
  📊 Filled: 0 | Pending: 0
  💰 Daily P&L: $-6,000.00

[2026-06-17 12:17] O:7504.25 H:7505.50 L:7504.00 C:7504.75 V:153.0
  📈 Trend: strong_bearish | 🌍 Regime: trending_bearish
  🗺️  Grid: 0.080% | 🔺 7505.25 🔻 7503.75
  📡 RSI: 27.5 | MACD: -2.42 | ATR: 2.62
  📊 Filled: 0 | Pending: 0
  💰 Daily P&L: $-6,000.00

[2026-06-17 12:18] O:7504.75 H:7507.00 L:7504.00 C:7507.00 V:92.0
  📈 Trend: strong_bearish | 🌍 Regime: trending_bearish
  🗺️  Grid: 0.080% | 🔺 7505.50 🔻 7504.00
  📡 RSI: 43.5 | MACD: -2.22 | ATR: 2.62
  📊 Filled: 0 | Pending: 0
  💰 Daily P&L: $-6,000.00

[2026-06-17 12:19] O:7507.00 H:7507.75 L:7506.50 C:7507.50 V:80.0
  📈 Trend: strong_bearish | 🌍 Regime: trending_bearish
  🗺️  Grid: 0.080% | 🔺 7507.00 🔻 7504.00
  📡 RSI: 46.8 | MACD: -2.00 | ATR: 2.61
  📊 Filled: 0 | Pending: 0
  💰 Daily P&L: $-6,000.00

[2026-06-17 12:20] O:7507.75 H:7507.75 L:7504.75 C:7507.00 V:83.0
  📈 Trend: strong_bearish | 🌍 Regime: trending_bearish
  🗺️  Grid: 0.080% | 🔺 7507.75 🔻 7506.50
  📡 RSI: 42.6 | MACD: -1.85 | ATR: 2.62
  📊 Filled: 0 | Pending: 0
  💰 Daily P&L: $-6,000.00

[2026-06-17 12:21] O:7507.25 H:7508.75 L:7507.00 C:7508.25 V:80.0
  📈 Trend: strong_bearish | 🌍 Regime: trending_bearish
  🗺️  Grid: 0.080% | 🔺 7507.75 🔻 7504.75
  📡 RSI: 53.2 | MACD: -1.61 | ATR: 2.59
  📊 Filled: 0 | Pending: 0
  💰 Daily P&L: $-6,000.00

[2026-06-17 12:22] O:7508.25 H:7510.75 L:7508.00 C:7509.50 V:126.0
  📈 Trend: strong_bearish (raw: moderate_bearish) | 🌍 Regime: trending_bearish
  🗺️  Grid: 0.080% | 🔺 7508.75 🔻 7507.00
  📡 RSI: 56.9 | MACD: -1.30 | ATR: 2.16
  📊 Filled: 0 | Pending: 0
  💰 Daily P&L: $-6,000.00

[2026-06-17 12:23] O:7509.50 H:7510.25 L:7508.00 C:7508.50 V:72.0
  📈 Trend: strong_bearish | 🌍 Regime: trending_bearish
  🗺️  Grid: 0.080% | 🔺 7510.75 🔻 7508.00
  📡 RSI: 51.9 | MACD: -1.12 | ATR: 2.18
  📊 Filled: 0 | Pending: 0
  💰 Daily P&L: $-6,000.00

[2026-06-17 12:24] O:7508.00 H:7508.25 L:7507.00 C:7507.50 V:45.0
  📈 Trend: strong_bearish | 🌍 Regime: trending_bearish
  🗺️  Grid: 0.080% | 🔺 7510.25 🔻 7508.00
  📡 RSI: 45.5 | MACD: -1.05 | ATR: 2.12
  📊 Filled: 0 | Pending: 0
  💰 Daily P&L: $-6,000.00

[2026-06-17 12:25] O:7508.00 H:7508.00 L:7506.25 C:7507.25 V:63.0
  📈 Trend: strong_bearish | 🌍 Regime: trending_bearish
  🗺️  Grid: 0.080% | 🔺 7508.25 🔻 7507.00
  📡 RSI: 47.2 | MACD: -1.01 | ATR: 2.09
  📊 Filled: 0 | Pending: 0
  💰 Daily P&L: $-6,000.00

[2026-06-17 12:26] O:7508.50 H:7510.25 L:7507.25 C:7510.25 V:81.0
  📈 Trend: strong_bearish (raw: moderate_bearish) | 🌍 Regime: trending_bearish
  🗺️  Grid: 0.080% | 🔺 7508.00 🔻 7506.25
  📡 RSI: 57.8 | MACD: -0.72 | ATR: 2.14
  📊 Filled: 0 | Pending: 0
  💰 Daily P&L: $-6,000.00

[2026-06-17 12:27] O:7510.50 H:7511.75 L:7510.00 C:7510.25 V:78.0
  📈 Trend: moderate_bearish | 🌍 Regime: trending_bearish
  🗺️  Grid: 0.080% | 🔺 7510.25 🔻 7507.25
  📡 RSI: 58.7 | MACD: -0.48 | ATR: 2.12
  📊 Filled: 0 | Pending: 0
  💰 Daily P&L: $-6,000.00

[2026-06-17 12:28] O:7510.25 H:7510.75 L:7508.50 C:7509.50 V:399.0
  📈 Trend: moderate_bearish | 🌍 Regime: trending_bearish
  🗺️  Grid: 0.080% | 🔺 7511.75 🔻 7510.00
  📡 RSI: 58.7 | MACD: -0.36 | ATR: 2.18
  📊 Filled: 0 | Pending: 0
  💰 Daily P&L: $-6,000.00

[2026-06-17 12:29] O:7509.25 H:7510.75 L:7508.50 C:7510.00 V:68.0
  📈 Trend: moderate_bearish | 🌍 Regime: trending_bearish
  🗺️  Grid: 0.080% | 🔺 7510.75 🔻 7508.50
  📡 RSI: 73.6 | MACD: -0.21 | ATR: 2.11
  📊 Filled: 0 | Pending: 0
  💰 Daily P&L: $-6,000.00

[2026-06-17 12:30] O:7509.75 H:7509.75 L:7507.00 C:7507.00 V:64.0
  📈 Trend: moderate_bearish (raw: strong_bearish) | 🌍 Regime: ranging
  🗺️  Grid: 0.080% | 🔺 7510.75 🔻 7508.50
  📡 RSI: 59.4 | MACD: -0.33 | ATR: 2.21
  📊 Filled: 0 | Pending: 0
  🔲 Regime: RANGING | Range pos: 34% | RSI: 59.4
  💰 Daily P&L: $-6,000.00

[2026-06-17 12:31] O:7507.00 H:7507.00 L:7505.50 C:7505.75 V:88.0
  📈 Trend: strong_bearish | 🌍 Regime: ranging
  🗺️  Grid: 0.080% | 🔺 7509.75 🔻 7507.00
  📡 RSI: 53.0 | MACD: -0.53 | ATR: 2.21
  📊 Filled: 0 | Pending: 0
  🔲 Regime: RANGING | Range pos: 31% | RSI: 53.0
  💰 Daily P&L: $-6,000.00

[2026-06-17 12:32] O:7505.50 H:7506.25 L:7504.50 C:7505.50 V:67.0
  📈 Trend: strong_bearish | 🌍 Regime: ranging
  🗺️  Grid: 0.080% | 🔺 7507.00 🔻 7505.50
  📡 RSI: 44.8 | MACD: -0.69 | ATR: 2.12
  📊 Filled: 0 | Pending: 0
  🔲 Regime: RANGING | Range pos: 30% | RSI: 44.8
  💰 Daily P&L: $-6,000.00

[2026-06-17 12:33] O:7505.50 H:7507.75 L:7505.25 C:7507.75 V:62.0
  📈 Trend: strong_bearish (raw: moderate_bearish) | 🌍 Regime: ranging
  🗺️  Grid: 0.080% | 🔺 7506.25 🔻 7504.50
  📡 RSI: 50.8 | MACD: -0.63 | ATR: 2.21
  📊 Filled: 0 | Pending: 0
  🔲 Regime: RANGING | Range pos: 35% | RSI: 50.8
  💰 Daily P&L: $-6,000.00

[2026-06-17 12:34] O:7507.50 H:7507.75 L:7505.50 C:7505.50 V:89.0
  📈 Trend: strong_bearish | 🌍 Regime: ranging
  🗺️  Grid: 0.080% | 🔺 7507.75 🔻 7505.25
  📡 RSI: 45.8 | MACD: -0.76 | ATR: 2.16
  📊 Filled: 0 | Pending: 0
  🔲 Regime: RANGING | Range pos: 30% | RSI: 45.8
  💰 Daily P&L: $-6,000.00

[2026-06-17 12:35] O:7506.00 H:7506.25 L:7505.25 C:7506.25 V:79.0
  📈 Trend: strong_bearish | 🌍 Regime: ranging
  🗺️  Grid: 0.080% | 🔺 7507.75 🔻 7505.50
  📡 RSI: 44.3 | MACD: -0.79 | ATR: 2.11
  📊 Filled: 0 | Pending: 0
  🔲 Regime: RANGING | Range pos: 32% | RSI: 44.3
  💰 Daily P&L: $-6,000.00

[2026-06-17 12:36] O:7506.25 H:7508.75 L:7506.25 C:7508.75 V:48.0
  📈 Trend: strong_bearish (raw: moderate_bearish) | 🌍 Regime: ranging
  🗺️  Grid: 0.080% | 🔺 7506.25 🔻 7505.25
  📡 RSI: 48.0 | MACD: -0.61 | ATR: 2.09
  📊 Filled: 0 | Pending: 0
  🔲 Regime: RANGING | Range pos: 38% | RSI: 48.0
  💰 Daily P&L: $-6,000.00

[2026-06-17 12:37] O:7508.50 H:7510.00 L:7508.50 C:7509.25 V:56.0
  📈 Trend: moderate_bearish | 🌍 Regime: ranging
  🗺️  Grid: 0.080% | 🔺 7508.75 🔻 7506.25
  📡 RSI: 52.1 | MACD: -0.41 | ATR: 2.04
  📊 Filled: 0 | Pending: 0
  🔲 Regime: RANGING | Range pos: 39% | RSI: 52.1
  💰 Daily P&L: $-6,000.00

[2026-06-17 12:38] O:7509.00 H:7511.00 L:7508.25 C:7511.00 V:287.0
  📈 Trend: moderate_bearish | 🌍 Regime: ranging
  🗺️  Grid: 0.080% | 🔺 7510.00 🔻 7508.50
  📡 RSI: 59.2 | MACD: -0.12 | ATR: 2.12
  📊 Filled: 0 | Pending: 0
  🔲 Regime: RANGING | Range pos: 43% | RSI: 59.2
  💰 Daily P&L: $-6,000.00

[2026-06-17 12:39] O:7511.00 H:7511.50 L:7508.50 C:7510.00 V:203.0
  📈 Trend: moderate_bearish (raw: moderate_bullish) | 🌍 Regime: ranging
  🗺️  Grid: 0.080% | 🔺 7511.00 🔻 7508.25
  📡 RSI: 57.0 | MACD: 0.03 | ATR: 2.21
  📊 Filled: 0 | Pending: 0
  🔲 Regime: RANGING | Range pos: 41% | RSI: 57.0
  💰 Daily P&L: $-6,000.00

[2026-06-17 12:40] O:7510.00 H:7510.00 L:7507.50 C:7509.00 V:87.0
  📈 Trend: moderate_bullish | 🌍 Regime: ranging
  🗺️  Grid: 0.080% | 🔺 7511.50 🔻 7508.50
  📡 RSI: 46.5 | MACD: 0.07 | ATR: 2.18
  📊 Filled: 0 | Pending: 0
  🔲 Regime: RANGING | Range pos: 38% | RSI: 46.5
  💰 Daily P&L: $-6,000.00

[2026-06-17 12:41] O:7509.00 H:7510.00 L:7508.25 C:7510.00 V:51.0
  📈 Trend: moderate_bullish | 🌍 Regime: ranging
  🗺️  Grid: 0.080% | 🔺 7510.00 🔻 7507.50
  📡 RSI: 49.3 | MACD: 0.18 | ATR: 2.18
  📊 Filled: 0 | Pending: 0
  🔲 Regime: RANGING | Range pos: 41% | RSI: 49.3
  💰 Daily P&L: $-6,000.00

[2026-06-17 12:42] O:7509.50 H:7510.00 L:7507.75 C:7509.00 V:73.0
  📈 Trend: moderate_bullish | 🌍 Regime: ranging
  🗺️  Grid: 0.080% | 🔺 7510.00 🔻 7508.25
  📡 RSI: 48.7 | MACD: 0.18 | ATR: 2.18
  📊 Filled: 0 | Pending: 0
  🔲 Regime: RANGING | Range pos: 38% | RSI: 48.7
  💰 Daily P&L: $-6,000.00

[2026-06-17 12:43] O:7509.00 H:7509.00 L:7506.25 C:7506.75 V:57.0
  📈 Trend: moderate_bullish (raw: strong_bearish) | 🌍 Regime: ranging
  🗺️  Grid: 0.080% | 🔺 7510.00 🔻 7507.75
  📡 RSI: 42.2 | MACD: 0.01 | ATR: 2.21
  📊 Filled: 0 | Pending: 0
  🔲 Regime: RANGING | Range pos: 33% | RSI: 42.2
  💰 Daily P&L: $-6,000.00

[2026-06-17 12:44] O:7506.50 H:7507.25 L:7506.25 C:7506.75 V:90.0
  📈 Trend: strong_bearish | 🌍 Regime: ranging
  🗺️  Grid: 0.080% | 🔺 7509.00 🔻 7506.25
  📡 RSI: 49.3 | MACD: -0.13 | ATR: 2.07
  📊 Filled: 0 | Pending: 0
  🔲 Regime: RANGING | Range pos: 33% | RSI: 49.3
  💰 Daily P&L: $-6,000.00

[2026-06-17 12:45] O:7507.00 H:7507.75 L:7506.75 C:7507.75 V:65.0
  📈 Trend: strong_bearish | 🌍 Regime: ranging
  🗺️  Grid: 0.080% | 🔺 7507.25 🔻 7506.25
  📡 RSI: 55.7 | MACD: -0.16 | ATR: 2.04
  📊 Filled: 0 | Pending: 0
  🔲 Regime: RANGING | Range pos: 35% | RSI: 55.7
  💰 Daily P&L: $-6,000.00

[2026-06-17 12:46] O:7507.75 H:7508.25 L:7506.50 C:7507.00 V:59.0
  📈 Trend: strong_bearish | 🌍 Regime: ranging
  🗺️  Grid: 0.080% | 🔺 7507.75 🔻 7506.75
  📡 RSI: 54.2 | MACD: -0.24 | ATR: 2.04
  📊 Filled: 0 | Pending: 0
  🔲 Regime: RANGING | Range pos: 34% | RSI: 54.2
  💰 Daily P&L: $-6,000.00

[2026-06-17 12:47] O:7507.00 H:7507.75 L:7506.00 C:7507.00 V:129.0
  📈 Trend: strong_bearish | 🌍 Regime: ranging
  🗺️  Grid: 0.080% | 🔺 7508.25 🔻 7506.50
  📡 RSI: 47.6 | MACD: -0.30 | ATR: 1.98
  📊 Filled: 0 | Pending: 0
  🔲 Regime: RANGING | Range pos: 34% | RSI: 47.6
  💰 Daily P&L: $-6,000.00

[2026-06-17 12:48] O:7507.00 H:7507.50 L:7506.50 C:7507.25 V:63.0
  📈 Trend: strong_bearish | 🌍 Regime: ranging
  🗺️  Grid: 0.080% | 🔺 7507.75 🔻 7506.00
  📡 RSI: 56.4 | MACD: -0.33 | ATR: 1.89
  📊 Filled: 0 | Pending: 0
  🔲 Regime: RANGING | Range pos: 34% | RSI: 56.4
  💰 Daily P&L: $-6,000.00

[2026-06-17 12:49] O:7507.50 H:7510.50 L:7507.50 C:7510.25 V:50.0
  📈 Trend: strong_bearish (raw: moderate_bearish) | 🌍 Regime: ranging
  🗺️  Grid: 0.080% | 🔺 7507.50 🔻 7506.50
  📡 RSI: 62.5 | MACD: -0.10 | ATR: 2.05
  📊 Filled: 0 | Pending: 0
  🔲 Regime: RANGING | Range pos: 41% | RSI: 62.5
  💰 Daily P&L: $-6,000.00

[2026-06-17 12:50] O:7510.00 H:7511.25 L:7509.25 C:7511.25 V:70.0
  📈 Trend: strong_bearish (raw: strong_bullish) | 🌍 Regime: ranging
  🗺️  Grid: 0.080% | 🔺 7510.50 🔻 7507.50
  📡 RSI: 58.6 | MACD: 0.15 | ATR: 2.02
  📊 Filled: 0 | Pending: 0
  🔲 Regime: RANGING | Range pos: 44% | RSI: 58.6
  💰 Daily P&L: $-6,000.00

[2026-06-17 12:51] O:7511.50 H:7514.50 L:7511.00 C:7514.50 V:88.0
  📈 Trend: strong_bullish | 🌍 Regime: ranging
  🗺️  Grid: 0.080% | 🔺 7511.25 🔻 7509.25
  📡 RSI: 65.2 | MACD: 0.61 | ATR: 2.16
  📊 Filled: 0 | Pending: 0
  🔲 Regime: RANGING | Range pos: 51% | RSI: 65.2
  💰 Daily P&L: $-6,000.00

[2026-06-17 12:52] O:7514.25 H:7519.00 L:7514.25 C:7517.50 V:271.0
  📈 Trend: strong_bullish | 🌍 Regime: ranging
  🗺️  Grid: 0.080% | 🔺 7514.50 🔻 7511.00
  📡 RSI: 67.6 | MACD: 1.21 | ATR: 2.30
  📊 Filled: 0 | Pending: 0
  🔲 Regime: RANGING | Range pos: 58% | RSI: 67.6
  💰 Daily P&L: $-6,000.00

[2026-06-17 12:53] O:7517.00 H:7519.75 L:7517.00 C:7519.50 V:121.0
  📈 Trend: strong_bullish | 🌍 Regime: ranging
  🗺️  Grid: 0.080% | 🔺 7519.00 🔻 7514.25
  📡 RSI: 74.4 | MACD: 1.81 | ATR: 2.29
  📊 Filled: 0 | Pending: 0
  🔲 Regime: RANGING | Range pos: 63% | RSI: 74.4
  💰 Daily P&L: $-6,000.00

[2026-06-17 12:54] O:7519.75 H:7519.75 L:7517.50 C:7517.75 V:140.0
  📈 Trend: strong_bullish | 🌍 Regime: ranging
  🗺️  Grid: 0.080% | 🔺 7519.75 🔻 7517.00
  📡 RSI: 71.6 | MACD: 2.13 | ATR: 2.27
  📊 Filled: 0 | Pending: 0
  🔲 Regime: RANGING | Range pos: 59% | RSI: 71.6
  💰 Daily P&L: $-6,000.00

[2026-06-17 12:55] O:7517.75 H:7517.75 L:7515.50 C:7515.50 V:76.0
  📈 Trend: strong_bullish | 🌍 Regime: ranging
  🗺️  Grid: 0.080% | 🔺 7519.75 🔻 7517.50
  📡 RSI: 62.8 | MACD: 2.18 | ATR: 2.30
  📊 Filled: 0 | Pending: 0
  🔲 Regime: RANGING | Range pos: 53% | RSI: 62.8
  💰 Daily P&L: $-6,000.00

[2026-06-17 12:56] O:7516.00 H:7518.25 L:7515.25 C:7518.25 V:109.0
  📈 Trend: strong_bullish | 🌍 Regime: ranging
  🗺️  Grid: 0.080% | 🔺 7517.75 🔻 7515.50
  📡 RSI: 69.9 | MACD: 2.41 | ATR: 2.36
  📊 Filled: 0 | Pending: 0
  🔲 Regime: RANGING | Range pos: 60% | RSI: 69.9
  💰 Daily P&L: $-6,000.00

[2026-06-17 12:57] O:7518.50 H:7518.75 L:7516.75 C:7518.00 V:82.0
  📈 Trend: strong_bullish | 🌍 Regime: ranging
  🗺️  Grid: 0.080% | 🔺 7518.25 🔻 7515.25
  📡 RSI: 76.5 | MACD: 2.54 | ATR: 2.30
  📊 Filled: 0 | Pending: 0
  🔲 Regime: RANGING | Range pos: 59% | RSI: 76.5
  💰 Daily P&L: $-6,000.00

[2026-06-17 12:58] O:7518.00 H:7518.50 L:7517.50 C:7518.50 V:12.0
  📈 Trend: strong_bullish | 🌍 Regime: ranging
  🗺️  Grid: 0.080% | 🔺 7518.75 🔻 7516.75
  📡 RSI: 77.0 | MACD: 2.65 | ATR: 2.30
  📊 Filled: 0 | Pending: 0
  🔲 Regime: RANGING | Range pos: 60% | RSI: 77.0
  💰 Daily P&L: $-6,000.00

[2026-06-17 12:59] O:7518.50 H:7522.00 L:7518.00 C:7522.00 V:212.0
  📈 Trend: strong_bullish | 🌍 Regime: ranging
  🗺️  Grid: 0.080% | 🔺 7518.50 🔻 7517.50
  📡 RSI: 79.4 | MACD: 2.99 | ATR: 2.52
  📊 Filled: 0 | Pending: 0
  🔲 Regime: RANGING | Range pos: 69% | RSI: 79.4
  💰 Daily P&L: $-6,000.00

[2026-06-17 13:00] O:7520.25 H:7520.25 L:7488.50 C:7489.50 V:686.0
  📈 Trend: strong_bullish (raw: moderate_bearish) | 🌍 Regime: ranging
  🗺️  Grid: 0.080% | 🔺 7522.00 🔻 7518.00
  📡 RSI: 34.4 | MACD: 0.63 | ATR: 4.79
  📊 Filled: 0 | Pending: 0
  🔲 Regime: RANGING | Range pos: 2% | RSI: 34.4
  🚫 Raw trend blocks RANGING LONG | raw: moderate_bearish
  💰 Daily P&L: $-6,000.00

[2026-06-17 13:01] O:7488.75 H:7501.75 L:7487.00 C:7491.75 V:1257.0
  📈 Trend: strong_bullish (raw: strong_bearish) | 🌍 Regime: ranging
  🗺️  Grid: 0.092% | 🔺 7520.25 🔻 7488.50
  📡 RSI: 36.9 | MACD: -1.05 | ATR: 5.71
  📊 Filled: 0 | Pending: 0
  🔲 Regime: RANGING | Range pos: 10% | RSI: 36.9
  💰 Daily P&L: $-6,000.00

[2026-06-17 13:02] O:7491.50 H:7493.50 L:7480.25 C:7480.25 V:910.0
  📈 Trend: strong_bearish | 🌍 Regime: ranging
  🗺️  Grid: 0.106% | 🔺 7501.75 🔻 7487.00
  📡 RSI: 30.6 | MACD: -3.27 | ATR: 6.59
  📊 Filled: 0 | Pending: 0
  🔲 Regime: RANGING | Range pos: 0% | RSI: 30.6
  🚫 Raw trend blocks RANGING LONG | raw: strong_bearish
  💰 Daily P&L: $-6,000.00

[2026-06-17 13:03] O:7480.25 H:7482.50 L:7472.00 C:7477.50 V:1368.0
  📈 Trend: strong_bearish | 🌍 Regime: ranging
  🗺️  Grid: 0.114% | 🔺 7493.50 🔻 7480.25
  📡 RSI: 26.4 | MACD: -5.19 | ATR: 7.11
  📊 Filled: 0 | Pending: 0
  🔲 Regime: RANGING | Range pos: 9% | RSI: 26.4
  🚫 Raw trend blocks RANGING LONG | raw: strong_bearish
  💰 Daily P&L: $-6,000.00

[2026-06-17 13:04] O:7477.25 H:7477.25 L:7464.75 C:7465.50 V:1203.0
  📈 Trend: strong_bearish | 🌍 Regime: ranging
  🗺️  Grid: 0.127% | 🔺 7482.50 🔻 7472.00
  📡 RSI: 21.5 | MACD: -7.59 | ATR: 7.88
  📊 Filled: 0 | Pending: 0
  🔲 Regime: RANGING | Range pos: 1% | RSI: 21.5
  🚫 Raw trend blocks RANGING LONG | raw: strong_bearish
  💰 Daily P&L: $-6,000.00

[2026-06-17 13:05] O:7465.25 H:7466.00 L:7448.00 C:7448.50 V:1820.0
  📈 Trend: strong_bearish | 🌍 Regime: ranging
  🗺️  Grid: 0.144% | 🔺 7477.25 🔻 7464.75
  📡 RSI: 14.9 | MACD: -10.74 | ATR: 8.91
  📊 Filled: 0 | Pending: 0
  🔲 Regime: RANGING | Range pos: 1% | RSI: 14.9
  🚫 Raw trend blocks RANGING LONG | raw: strong_bearish
  💰 Daily P&L: $-6,000.00

[2026-06-17 13:06] O:7448.00 H:7466.00 L:7448.00 C:7464.00 V:1478.0
  📈 Trend: strong_bearish | 🌍 Regime: ranging
  🗺️  Grid: 0.158% | 🔺 7466.00 🔻 7448.00
  📡 RSI: 24.9 | MACD: -11.85 | ATR: 9.86
  📊 Filled: 0 | Pending: 0
  🔲 Regime: RANGING | Range pos: 18% | RSI: 24.9
  🚫 Raw trend blocks RANGING LONG | raw: strong_bearish
  💰 Daily P&L: $-6,000.00

[2026-06-17 13:07] O:7463.75 H:7471.50 L:7460.50 C:7468.00 V:1089.0
  📈 Trend: strong_bearish | 🌍 Regime: ranging
  🗺️  Grid: 0.168% | 🔺 7466.00 🔻 7448.00
  📡 RSI: 26.3 | MACD: -12.27 | ATR: 10.45
  📊 Filled: 0 | Pending: 0
  🔲 Regime: RANGING | Range pos: 23% | RSI: 26.3
  🚫 Raw trend blocks RANGING LONG | raw: strong_bearish
  💰 Daily P&L: $-6,000.00

[2026-06-17 13:08] O:7468.50 H:7475.50 L:7467.75 C:7472.50 V:886.0
  📈 Trend: strong_bearish | 🌍 Regime: ranging
  🗺️  Grid: 0.174% | 🔺 7471.50 🔻 7460.50
  📡 RSI: 29.7 | MACD: -12.10 | ATR: 10.84
  📊 Filled: 0 | Pending: 0
  🔲 Regime: RANGING | Range pos: 28% | RSI: 29.7
  🚫 Raw trend blocks RANGING LONG | raw: strong_bearish
  💰 Daily P&L: $-6,000.00

[2026-06-17 13:09] O:7472.50 H:7482.50 L:7471.25 C:7480.25 V:833.0
  📈 Trend: strong_bearish | 🌍 Regime: trending_bearish
  🗺️  Grid: 0.184% | 🔺 7475.50 🔻 7467.75
  📡 RSI: 34.9 | MACD: -11.21 | ATR: 11.48
  📊 Filled: 0 | Pending: 0
  💰 Daily P&L: $-6,000.00

[2026-06-17 13:10] O:7480.00 H:7485.50 L:7476.75 C:7478.25 V:893.0
  📈 Trend: strong_bearish | 🌍 Regime: trending_bearish
  🗺️  Grid: 0.191% | 🔺 7482.50 🔻 7471.25
  📡 RSI: 32.8 | MACD: -10.54 | ATR: 11.89
  📊 Filled: 0 | Pending: 0
  💰 Daily P&L: $-6,000.00

[2026-06-17 13:11] O:7478.50 H:7484.00 L:7478.00 C:7482.50 V:556.0
  📈 Trend: strong_bearish | 🌍 Regime: trending_bearish
  🗺️  Grid: 0.195% | 🔺 7485.50 🔻 7476.75
  📡 RSI: 35.2 | MACD: -9.56 | ATR: 12.18
  📊 Filled: 0 | Pending: 0
  💰 Daily P&L: $-6,000.00

[2026-06-17 13:12] O:7482.50 H:7484.75 L:7478.25 C:7484.75 V:538.0
  📈 Trend: strong_bearish | 🌍 Regime: trending_bearish
  🗺️  Grid: 0.202% | 🔺 7484.00 🔻 7478.00
  📡 RSI: 36.1 | MACD: -8.50 | ATR: 12.57
  📊 Filled: 0 | Pending: 0
  💰 Daily P&L: $-6,000.00

[2026-06-17 13:13] O:7484.50 H:7484.50 L:7475.00 C:7476.00 V:409.0
  📈 Trend: strong_bearish | 🌍 Regime: trending_bearish
  🗺️  Grid: 0.208% | 🔺 7484.75 🔻 7478.25
  📡 RSI: 31.9 | MACD: -8.27 | ATR: 12.98
  📊 Filled: 0 | Pending: 0
  💰 Daily P&L: $-6,000.00

[2026-06-17 13:14] O:7476.25 H:7481.00 L:7473.25 C:7479.50 V:306.0
  📈 Trend: strong_bearish | 🌍 Regime: trending_bearish
  🗺️  Grid: 0.179% | 🔺 7484.50 🔻 7475.00
  📡 RSI: 44.9 | MACD: -7.72 | ATR: 11.14
  📊 Filled: 0 | Pending: 0
  💰 Daily P&L: $-6,000.00

[2026-06-17 13:15] O:7479.25 H:7493.50 L:7479.00 C:7491.50 V:887.0
  📈 Trend: strong_bearish | 🌍 Regime: trending_bearish
  🗺️  Grid: 0.178% | 🔺 7481.00 🔻 7473.25
  📡 RSI: 49.9 | MACD: -6.25 | ATR: 11.12
  📊 Filled: 0 | Pending: 0
  💰 Daily P&L: $-6,000.00

[2026-06-17 13:16] O:7491.25 H:7493.00 L:7488.00 C:7488.75 V:415.0
  📈 Trend: strong_bearish | 🌍 Regime: trending_bearish
  🗺️  Grid: 0.169% | 🔺 7493.50 🔻 7479.00
  📡 RSI: 54.3 | MACD: -5.24 | ATR: 10.54
  📊 Filled: 0 | Pending: 0
  💰 Daily P&L: $-6,000.00

[2026-06-17 13:17] O:7488.50 H:7489.75 L:7484.75 C:7486.25 V:458.0
  📈 Trend: strong_bearish | 🌍 Regime: trending_bearish
  🗺️  Grid: 0.163% | 🔺 7493.00 🔻 7488.00
  📡 RSI: 54.4 | MACD: -4.59 | ATR: 10.14
  📊 Filled: 0 | Pending: 0
  💰 Daily P&L: $-6,000.00

[2026-06-17 13:18] O:7486.75 H:7490.25 L:7486.75 C:7490.00 V:354.0
  📈 Trend: strong_bearish | 🌍 Regime: trending_bearish
  🗺️  Grid: 0.152% | 🔺 7489.75 🔻 7484.75
  📡 RSI: 63.5 | MACD: -3.72 | ATR: 9.52
  📊 Filled: 0 | Pending: 0
  💰 Daily P&L: $-6,000.00

[2026-06-17 13:19] O:7489.75 H:7492.50 L:7488.50 C:7489.50 V:358.0
  📈 Trend: strong_bearish | 🌍 Regime: trending_bearish
  🗺️  Grid: 0.136% | 🔺 7490.25 🔻 7486.75
  📡 RSI: 77.7 | MACD: -3.05 | ATR: 8.52
  📊 Filled: 0 | Pending: 0
  💰 Daily P&L: $-6,000.00

[2026-06-17 13:20] O:7489.75 H:7491.00 L:7482.75 C:7482.75 V:331.0
  📈 Trend: strong_bearish | 🌍 Regime: trending_bearish
  🗺️  Grid: 0.125% | 🔺 7492.50 🔻 7488.50
  📡 RSI: 64.4 | MACD: -3.02 | ATR: 7.82
  📊 Filled: 0 | Pending: 0
  📤 Limit SELL 5 @ 7482.75 submitted (ID: 489)
  📋 Order 489 status: PreSubmitted
  ✅ Fill: SLD 5.0 @ 7483.5
  📋 Order 489 status: Filled
  ⬇️ SHORT ORDER @ 7482.75 | Size: 1.00 | SL: 7498.50 | TP: 7459.25 [HIGH VOL ATR:7.82→5cts]
     Reason: Grid Short (strong_bearish, RSI: 64.4)
  🔬 SHADOW [short trending]: 🟥 ROBUST WOULD BLOCK (1 filter)
       MACD=BLOCK (-3.02 vs -3.05, Δ+0.03) | 5m=PASS (1m=strong_bearish, 5m=sideways)
     ⏳ Order 489 PENDING - awaiting fill confirmation
  💰 Daily P&L: $-6,000.00
  📤 Stop-Limit BUY 5 @ stop:7499.25 / lmt:7503.25 submitted (ID: 490)
  📋 Order 490 status: PreSubmitted
  📤 Limit BUY 5 @ 7460.00 submitted (ID: 491)
  📋 Order 491 status: Submitted
  ✅ FILL CONFIRMED: SHORT @ 7483.50 (order 489)
     📊 Bracket placed: SL #490 @ 7499.25 | TP #491 @ 7460.00
     Trail activates @ +7.5 pts

[2026-06-17 13:21] O:7483.00 H:7486.00 L:7480.50 C:7484.50 V:465.0
  📈 Trend: strong_bearish (raw: moderate_bearish) | 🌍 Regime: trending_bearish
  🗺️  Grid: 0.119% | 🔺 7491.00 🔻 7482.75
  📡 RSI: 63.1 | MACD: -2.82 | ATR: 7.43
  📊 Filled: 1 | Pending: 0
  📍 SHORT @ 7483.50 | SL: 7499.25 | TP: 7460.00 | P&L: $-250.00 | +7.5 to trail
  💰 Daily P&L: $-6,000.00

[2026-06-17 13:22] O:7484.50 H:7485.75 L:7479.50 C:7480.25 V:255.0
  📈 Trend: moderate_bearish | 🌍 Regime: trending_bearish
  🗺️  Grid: 0.117% | 🔺 7486.00 🔻 7480.50
  📡 RSI: 56.2 | MACD: -2.98 | ATR: 7.32
  📊 Filled: 1 | Pending: 0
  📍 SHORT @ 7483.50 | SL: 7499.25 | TP: 7460.00 | P&L: $+812.50 | +4.5 to trail
  💰 Daily P&L: $-6,000.00

[2026-06-17 13:23] O:7480.25 H:7482.50 L:7479.25 C:7480.25 V:255.0
  📈 Trend: moderate_bearish | 🌍 Regime: trending_bearish
  🗺️  Grid: 0.108% | 🔺 7485.75 🔻 7479.50
  📡 RSI: 50.0 | MACD: -3.06 | ATR: 6.75
  📊 Filled: 1 | Pending: 0
  📍 SHORT @ 7483.50 | SL: 7499.25 | TP: 7460.00 | P&L: $+812.50 | +3.5 to trail
  💰 Daily P&L: $-6,000.00

[2026-06-17 13:24] O:7480.00 H:7480.25 L:7473.25 C:7475.00 V:354.0
  📈 Trend: moderate_bearish | 🌍 Regime: trending_bearish
  🗺️  Grid: 0.106% | 🔺 7482.50 🔻 7479.25
  📡 RSI: 47.2 | MACD: -3.52 | ATR: 6.62
  📊 Filled: 1 | Pending: 0
  📍 SHORT @ 7483.50 | SL: 7499.25 | TP: 7460.00 | P&L: $+2,125.00 | +3.2 to trail
  ✏️ Stop order 490 modified → 7474.75 [confirmed]
  🔄 TRAILING ACTIVATED @ +10.25pts | Stop: 7499.25 → 7474.75
  💰 Daily P&L: $-6,000.00

[2026-06-17 13:25] O:7475.00 H:7475.00 L:7467.00 C:7470.50 V:648.0
  📈 Trend: moderate_bearish (raw: strong_bearish) | 🌍 Regime: trending_bearish
  🗺️  Grid: 0.109% | 🔺 7480.25 🔻 7473.25
  📡 RSI: 39.7 | MACD: -4.19 | ATR: 6.77
  📊 Filled: 1 | Pending: 0
  📍 SHORT @ 7483.50 | Trail: 7474.75 | TP: 7460.00 | P&L: $+3,250.00 | 🔒 Trailing
  ✏️ Stop order 490 modified → 7468.50 [confirmed]
  📉 TRAIL UPDATE: Low 7467.00 | Stop: 7474.75 → 7468.50
  💰 Daily P&L: $-6,000.00
  📋 Order 490 status: Submitted
  ✅ Fill: BOT 2.0 @ 7472.5
  📋 Order 490 status: Submitted
  ✅ Fill: BOT 3.0 @ 7472.5
  📋 Order 490 status: Filled

[2026-06-17 13:26] O:7471.00 H:7475.50 L:7470.00 C:7471.75 V:541.0
  📈 Trend: strong_bearish | 🌍 Regime: trending_bearish
  🗺️  Grid: 0.108% | 🔺 7475.00 🔻 7467.00
  📡 RSI: 38.7 | MACD: -4.57 | ATR: 6.70
  📊 Filled: 1 | Pending: 0
  📍 SHORT @ 7483.50 | Trail: 7468.50 | TP: 7460.00 | P&L: $+2,937.50 | 🔒 Trailing
  📋 Order 491 status: PendingCancel
  📋 Order 491 status: Cancelled
  ✅ EXIT SHORT @ 7472.50 | Trailing Stop
     P&L: +11.00 pts ($+2,750.00) | Daily: $-3,250.00
  ⏸️ Cooldown: 2 bar(s) remaining after exit
  💰 Daily P&L: $-3,250.00

[2026-06-17 13:27] O:7471.75 H:7472.75 L:7466.75 C:7469.75 V:496.0
  📈 Trend: strong_bearish | 🌍 Regime: trending_bearish
  🗺️  Grid: 0.103% | 🔺 7475.50 🔻 7470.00
  📡 RSI: 43.8 | MACD: -4.97 | ATR: 6.43
  📊 Filled: 0 | Pending: 0
  ⏸️ Cooldown: 1 bar(s) remaining after exit
  💰 Daily P&L: $-3,250.00

[2026-06-17 13:28] O:7469.75 H:7473.75 L:7469.75 C:7472.50 V:297.0
  📈 Trend: strong_bearish | 🌍 Regime: trending_bearish
  🗺️  Grid: 0.099% | 🔺 7472.75 🔻 7466.75
  📡 RSI: 43.0 | MACD: -5.02 | ATR: 6.16
  📊 Filled: 0 | Pending: 0
  💰 Daily P&L: $-3,250.00

[2026-06-17 13:29] O:7472.25 H:7479.00 L:7472.00 C:7475.75 V:488.0
  📈 Trend: strong_bearish | 🌍 Regime: trending_bearish
  🗺️  Grid: 0.090% | 🔺 7473.75 🔻 7469.75
  📡 RSI: 30.9 | MACD: -4.73 | ATR: 5.62
  📊 Filled: 0 | Pending: 0
  💰 Daily P&L: $-3,250.00

[2026-06-17 13:30] O:7475.75 H:7478.00 L:7471.25 C:7472.75 V:517.0
  📈 Trend: strong_bearish | 🌍 Regime: trending_bearish
  🗺️  Grid: 0.092% | 🔺 7479.00 🔻 7472.00
  📡 RSI: 30.7 | MACD: -4.69 | ATR: 5.75
  📊 Filled: 0 | Pending: 0
  💰 Daily P&L: $-3,250.00

[2026-06-17 13:31] O:7472.50 H:7488.25 L:7472.50 C:7488.25 V:521.0
  📈 Trend: strong_bearish (raw: moderate_bearish) | 🌍 Regime: trending_bearish
  🗺️  Grid: 0.104% | 🔺 7478.00 🔻 7471.25
  📡 RSI: 51.8 | MACD: -3.37 | ATR: 6.52
  📊 Filled: 0 | Pending: 0
  💰 Daily P&L: $-3,250.00

[2026-06-17 13:32] O:7487.25 H:7496.25 L:7469.75 C:7481.00 V:3302.0
  📈 Trend: moderate_bearish | 🌍 Regime: trending_bearish
  🗺️  Grid: 0.130% | 🔺 7488.25 🔻 7472.50
  📡 RSI: 42.2 | MACD: -2.88 | ATR: 8.12
  📊 Filled: 0 | Pending: 0
  💰 Daily P&L: $-3,250.00

[2026-06-17 13:33] O:7480.50 H:7487.25 L:7472.50 C:7475.50 V:1714.0
  📈 Trend: moderate_bearish (raw: strong_bearish) | 🌍 Regime: ranging
  🗺️  Grid: 0.143% | 🔺 7496.25 🔻 7469.75
  📡 RSI: 38.9 | MACD: -2.90 | ATR: 8.89
  📊 Filled: 0 | Pending: 0
  🔲 Regime: RANGING | Range pos: 31% | RSI: 38.9
  💰 Daily P&L: $-3,250.00

[2026-06-17 13:34] O:7475.25 H:7480.75 L:7469.00 C:7470.50 V:1262.0
  📈 Trend: strong_bearish | 🌍 Regime: ranging
  🗺️  Grid: 0.147% | 🔺 7487.25 🔻 7472.50
  📡 RSI: 40.0 | MACD: -3.28 | ATR: 9.14
  📊 Filled: 0 | Pending: 0
  🔲 Regime: RANGING | Range pos: 26% | RSI: 40.0
  💰 Daily P&L: $-3,250.00

[2026-06-17 13:35] O:7470.75 H:7480.25 L:7470.25 C:7476.25 V:842.0
  📈 Trend: strong_bearish | 🌍 Regime: ranging
  🗺️  Grid: 0.152% | 🔺 7480.75 🔻 7469.00
  📡 RSI: 43.7 | MACD: -3.08 | ATR: 9.46
  📊 Filled: 0 | Pending: 0
  🔲 Regime: RANGING | Range pos: 32% | RSI: 43.7
  💰 Daily P&L: $-3,250.00

[2026-06-17 13:36] O:7476.50 H:7488.50 L:7476.00 C:7487.75 V:1182.0
  📈 Trend: strong_bearish (raw: moderate_bearish) | 🌍 Regime: ranging
  🗺️  Grid: 0.159% | 🔺 7480.25 🔻 7470.25
  📡 RSI: 55.2 | MACD: -1.98 | ATR: 9.91
  📊 Filled: 0 | Pending: 0
  🔲 Regime: RANGING | Range pos: 45% | RSI: 55.2
  💰 Daily P&L: $-3,250.00

[2026-06-17 13:37] O:7488.00 H:7490.75 L:7485.50 C:7487.00 V:762.0
  📈 Trend: strong_bearish | 🌍 Regime: ranging
  🗺️  Grid: 0.161% | 🔺 7488.50 🔻 7476.00
  📡 RSI: 54.6 | MACD: -1.15 | ATR: 10.05
  📊 Filled: 0 | Pending: 0
  🔲 Regime: RANGING | Range pos: 45% | RSI: 54.6
  💰 Daily P&L: $-3,250.00

[2026-06-17 13:38] O:7487.00 H:7498.75 L:7486.50 C:7498.25 V:1184.0
  📈 Trend: strong_bearish (raw: moderate_bullish) | 🌍 Regime: ranging
  🗺️  Grid: 0.167% | 🔺 7490.75 🔻 7485.50
  📡 RSI: 64.7 | MACD: 0.42 | ATR: 10.43
  📊 Filled: 0 | Pending: 0
  🔲 Regime: RANGING | Range pos: 57% | RSI: 64.7
  💰 Daily P&L: $-3,250.00

[2026-06-17 13:39] O:7498.25 H:7501.75 L:7492.75 C:7493.75 V:1007.0
  📈 Trend: moderate_bullish | 🌍 Regime: ranging
  🗺️  Grid: 0.168% | 🔺 7498.75 🔻 7486.50
  📡 RSI: 64.7 | MACD: 1.27 | ATR: 10.50
  📊 Filled: 0 | Pending: 0
  🔲 Regime: RANGING | Range pos: 52% | RSI: 64.7
  💰 Daily P&L: $-3,250.00

[2026-06-17 13:40] O:7494.50 H:7499.50 L:7493.75 C:7496.75 V:685.0
  📈 Trend: moderate_bullish | 🌍 Regime: ranging
  🗺️  Grid: 0.168% | 🔺 7501.75 🔻 7492.75
  📡 RSI: 65.4 | MACD: 2.17 | ATR: 10.52
  📊 Filled: 0 | Pending: 0
  🔲 Regime: RANGING | Range pos: 56% | RSI: 65.4
  💰 Daily P&L: $-3,250.00

[2026-06-17 13:41] O:7496.50 H:7502.25 L:7490.25 C:7496.75 V:1062.0
  📈 Trend: moderate_bullish | 🌍 Regime: ranging
  🗺️  Grid: 0.175% | 🔺 7499.50 🔻 7493.75
  📡 RSI: 67.1 | MACD: 2.85 | ATR: 10.95
  📊 Filled: 0 | Pending: 0
  🔲 Regime: RANGING | Range pos: 56% | RSI: 67.1
  💰 Daily P&L: $-3,250.00

[2026-06-17 13:42] O:7496.50 H:7503.25 L:7494.50 C:7501.50 V:980.0
  📈 Trend: moderate_bullish | 🌍 Regime: ranging
  🗺️  Grid: 0.181% | 🔺 7502.25 🔻 7490.25
  📡 RSI: 67.9 | MACD: 3.73 | ATR: 11.29
  📊 Filled: 0 | Pending: 0
  🔲 Regime: RANGING | Range pos: 61% | RSI: 67.9
  💰 Daily P&L: $-3,250.00

[2026-06-17 13:43] O:7501.50 H:7512.75 L:7500.50 C:7510.50 V:1398.0
  📈 Trend: moderate_bullish | 🌍 Regime: ranging
  🗺️  Grid: 0.186% | 🔺 7503.25 🔻 7494.50
  📡 RSI: 70.0 | MACD: 5.09 | ATR: 11.66
  📊 Filled: 0 | Pending: 0
  🔲 Regime: RANGING | Range pos: 71% | RSI: 70.0
  🚫 Raw trend blocks RANGING SHORT | raw: moderate_bullish
  💰 Daily P&L: $-3,250.00

[2026-06-17 13:44] O:7510.50 H:7517.00 L:7508.75 C:7512.50 V:1325.0
  📈 Trend: moderate_bullish | 🌍 Regime: ranging
  🗺️  Grid: 0.188% | 🔺 7512.75 🔻 7500.50
  📡 RSI: 73.2 | MACD: 6.26 | ATR: 11.77
  📊 Filled: 0 | Pending: 0
  🔲 Regime: RANGING | Range pos: 74% | RSI: 73.2
  🚫 Raw trend blocks RANGING SHORT | raw: moderate_bullish
  💰 Daily P&L: $-3,250.00

[2026-06-17 13:45] O:7512.50 H:7513.00 L:7503.75 C:7504.50 V:851.0
  📈 Trend: moderate_bullish (raw: strong_bullish) | 🌍 Regime: ranging
  🗺️  Grid: 0.181% | 🔺 7517.00 🔻 7508.75
  📡 RSI: 60.4 | MACD: 6.47 | ATR: 11.30
  📊 Filled: 0 | Pending: 0
  🔲 Regime: RANGING | Range pos: 65% | RSI: 60.4
  💰 Daily P&L: $-3,250.00

[2026-06-17 13:46] O:7504.50 H:7507.50 L:7499.25 C:7499.75 V:503.0
  📈 Trend: strong_bullish | 🌍 Regime: ranging
  🗺️  Grid: 0.160% | 🔺 7513.00 🔻 7503.75
  📡 RSI: 62.4 | MACD: 6.18 | ATR: 10.00
  📊 Filled: 0 | Pending: 0
  🔲 Regime: RANGING | Range pos: 59% | RSI: 62.4
  💰 Daily P&L: $-3,250.00

[2026-06-17 13:47] O:7500.50 H:7509.25 L:7499.00 C:7508.75 V:775.0
  📈 Trend: strong_bullish | 🌍 Regime: ranging
  🗺️  Grid: 0.155% | 🔺 7507.50 🔻 7499.25
  📡 RSI: 71.0 | MACD: 6.60 | ATR: 9.68
  📊 Filled: 0 | Pending: 0
  🔲 Regime: RANGING | Range pos: 69% | RSI: 71.0
  💰 Daily P&L: $-3,250.00

[2026-06-17 13:48] O:7508.75 H:7508.75 L:7499.75 C:7501.25 V:555.0
  📈 Trend: strong_bullish | 🌍 Regime: ranging
  🗺️  Grid: 0.152% | 🔺 7509.25 🔻 7499.00
  📡 RSI: 68.8 | MACD: 6.25 | ATR: 9.48
  📊 Filled: 0 | Pending: 0
  🔲 Regime: RANGING | Range pos: 61% | RSI: 68.8
  💰 Daily P&L: $-3,250.00

[2026-06-17 13:49] O:7501.75 H:7503.75 L:7500.50 C:7500.50 V:388.0
  📈 Trend: strong_bullish | 🌍 Regime: ranging
  🗺️  Grid: 0.144% | 🔺 7508.75 🔻 7499.75
  📡 RSI: 65.8 | MACD: 5.85 | ATR: 9.00
  📊 Filled: 0 | Pending: 0
  🔲 Regime: RANGING | Range pos: 60% | RSI: 65.8
  💰 Daily P&L: $-3,250.00

[2026-06-17 13:50] O:7501.25 H:7501.50 L:7496.00 C:7498.00 V:485.0
  📈 Trend: strong_bullish | 🌍 Regime: ranging
  🗺️  Grid: 0.136% | 🔺 7503.75 🔻 7500.50
  📡 RSI: 57.6 | MACD: 5.27 | ATR: 8.50
  📊 Filled: 0 | Pending: 0
  🔲 Regime: RANGING | Range pos: 57% | RSI: 57.6
  💰 Daily P&L: $-3,250.00

[2026-06-17 13:51] O:7497.50 H:7500.75 L:7496.50 C:7498.00 V:518.0
  📈 Trend: strong_bullish (raw: moderate_bullish) | 🌍 Regime: ranging
  🗺️  Grid: 0.135% | 🔺 7501.50 🔻 7496.00
  📡 RSI: 58.2 | MACD: 4.76 | ATR: 8.43
  📊 Filled: 0 | Pending: 0
  🔲 Regime: RANGING | Range pos: 57% | RSI: 58.2
  💰 Daily P&L: $-3,250.00

[2026-06-17 13:52] O:7498.25 H:7506.50 L:7497.00 C:7501.25 V:911.0
  📈 Trend: moderate_bullish | 🌍 Regime: ranging
  🗺️  Grid: 0.132% | 🔺 7500.75 🔻 7496.50
  📡 RSI: 52.5 | MACD: 4.56 | ATR: 8.23
  📊 Filled: 0 | Pending: 0
  🔲 Regime: RANGING | Range pos: 61% | RSI: 52.5
  💰 Daily P&L: $-3,250.00

[2026-06-17 13:53] O:7501.25 H:7502.25 L:7495.25 C:7495.75 V:444.0
  📈 Trend: moderate_bullish | 🌍 Regime: ranging
  🗺️  Grid: 0.130% | 🔺 7506.50 🔻 7497.00
  📡 RSI: 51.7 | MACD: 3.91 | ATR: 8.09
  📊 Filled: 0 | Pending: 0
  🔲 Regime: RANGING | Range pos: 55% | RSI: 51.7
  💰 Daily P&L: $-3,250.00

[2026-06-17 13:54] O:7495.50 H:7501.00 L:7495.00 C:7496.50 V:328.0
  📈 Trend: moderate_bullish | 🌍 Regime: ranging
  🗺️  Grid: 0.130% | 🔺 7502.25 🔻 7495.25
  📡 RSI: 49.8 | MACD: 3.42 | ATR: 8.11
  📊 Filled: 0 | Pending: 0
  🔲 Regime: RANGING | Range pos: 55% | RSI: 49.8
  💰 Daily P&L: $-3,250.00

[2026-06-17 13:55] O:7496.25 H:7496.50 L:7485.75 C:7486.00 V:586.0
  📈 Trend: moderate_bullish (raw: moderate_bearish) | 🌍 Regime: ranging
  🗺️  Grid: 0.129% | 🔺 7501.00 🔻 7495.00
  📡 RSI: 42.1 | MACD: 2.16 | ATR: 8.02
  📊 Filled: 0 | Pending: 0
  🔲 Regime: RANGING | Range pos: 43% | RSI: 42.1
  💰 Daily P&L: $-3,250.00

[2026-06-17 13:56] O:7486.25 H:7488.50 L:7480.75 C:7481.50 V:795.0
  📈 Trend: moderate_bearish | 🌍 Regime: ranging
  🗺️  Grid: 0.127% | 🔺 7496.50 🔻 7485.75
  📡 RSI: 35.3 | MACD: 0.79 | ATR: 7.95
  📊 Filled: 0 | Pending: 0
  🔲 Regime: RANGING | Range pos: 38% | RSI: 35.3
  💰 Daily P&L: $-3,250.00

[2026-06-17 13:57] O:7481.50 H:7482.50 L:7473.50 C:7477.50 V:754.0
  📈 Trend: moderate_bearish (raw: strong_bearish) | 🌍 Regime: ranging
  🗺️  Grid: 0.124% | 🔺 7488.50 🔻 7480.75
  📡 RSI: 23.8 | MACD: -0.61 | ATR: 7.71
  📊 Filled: 0 | Pending: 0
  🔲 Regime: RANGING | Range pos: 34% | RSI: 23.8
  💰 Daily P&L: $-3,250.00

[2026-06-17 13:58] O:7477.75 H:7480.75 L:7464.50 C:7465.50 V:942.0
  📈 Trend: strong_bearish | 🌍 Regime: ranging
  🗺️  Grid: 0.133% | 🔺 7482.50 🔻 7473.50
  📡 RSI: 17.8 | MACD: -2.66 | ATR: 8.29
  📊 Filled: 0 | Pending: 0
  🔲 Regime: RANGING | Range pos: 20% | RSI: 17.8
  🚫 Raw trend blocks RANGING LONG | raw: strong_bearish
  💰 Daily P&L: $-3,250.00

[2026-06-17 13:59] O:7465.50 H:7476.25 L:7465.25 C:7472.75 V:1152.0
  📈 Trend: strong_bearish | 🌍 Regime: ranging
  🗺️  Grid: 0.135% | 🔺 7480.75 🔻 7464.50
  📡 RSI: 28.0 | MACD: -3.66 | ATR: 8.41
  📊 Filled: 0 | Pending: 0
  🔲 Regime: RANGING | Range pos: 28% | RSI: 28.0
  🚫 Raw trend blocks RANGING LONG | raw: strong_bearish
  💰 Daily P&L: $-3,250.00

[2026-06-17 14:00] O:7473.25 H:7481.75 L:7471.25 C:7479.25 V:972.0
  📈 Trend: strong_bearish | 🌍 Regime: ranging
  🗺️  Grid: 0.138% | 🔺 7476.25 🔻 7465.25
  📡 RSI: 36.1 | MACD: -3.88 | ATR: 8.57
  📊 Filled: 0 | Pending: 0
  🔲 Regime: RANGING | Range pos: 36% | RSI: 36.1
  💰 Daily P&L: $-3,250.00

[2026-06-17 14:01] O:7478.75 H:7479.75 L:7471.75 C:7474.50 V:616.0
  📈 Trend: strong_bearish | 🌍 Regime: ranging
  🗺️  Grid: 0.135% | 🔺 7481.75 🔻 7471.25
  📡 RSI: 25.4 | MACD: -4.39 | ATR: 8.41
  📊 Filled: 0 | Pending: 0
  🔲 Regime: RANGING | Range pos: 30% | RSI: 25.4
  💰 Daily P&L: $-3,250.00

[2026-06-17 14:02] O:7474.50 H:7485.25 L:7473.50 C:7473.50 V:749.0
  📈 Trend: strong_bearish | 🌍 Regime: ranging
  🗺️  Grid: 0.138% | 🔺 7479.75 🔻 7471.75
  📡 RSI: 28.1 | MACD: -4.82 | ATR: 8.61
  📊 Filled: 0 | Pending: 0
  🔲 Regime: RANGING | Range pos: 29% | RSI: 28.1
  🚫 Raw trend blocks RANGING LONG | raw: strong_bearish
  💰 Daily P&L: $-3,250.00

[2026-06-17 14:03] O:7474.00 H:7478.00 L:7469.50 C:7475.50 V:991.0
  📈 Trend: strong_bearish | 🌍 Regime: ranging
  🗺️  Grid: 0.144% | 🔺 7485.25 🔻 7473.50
  📡 RSI: 30.6 | MACD: -4.94 | ATR: 8.98
  📊 Filled: 0 | Pending: 0
  🔲 Regime: RANGING | Range pos: 31% | RSI: 30.6
  💰 Daily P&L: $-3,250.00

[2026-06-17 14:04] O:7475.50 H:7478.75 L:7470.75 C:7473.75 V:649.0
  📈 Trend: strong_bearish | 🌍 Regime: ranging
  🗺️  Grid: 0.147% | 🔺 7478.00 🔻 7469.50
  📡 RSI: 31.0 | MACD: -5.11 | ATR: 9.16
  📊 Filled: 0 | Pending: 0
  🔲 Regime: RANGING | Range pos: 29% | RSI: 31.0
  🚫 Raw trend blocks RANGING LONG | raw: strong_bearish
  💰 Daily P&L: $-3,250.00

[2026-06-17 14:05] O:7473.75 H:7477.50 L:7469.75 C:7473.75 V:801.0
  📈 Trend: strong_bearish | 🌍 Regime: trending_bearish
  🗺️  Grid: 0.151% | 🔺 7478.75 🔻 7470.75
  📡 RSI: 31.0 | MACD: -5.19 | ATR: 9.41
  📊 Filled: 0 | Pending: 0
  💰 Daily P&L: $-3,250.00

[2026-06-17 14:06] O:7473.25 H:7480.50 L:7472.75 C:7475.00 V:718.0
  📈 Trend: strong_bearish | 🌍 Regime: trending_bearish
  🗺️  Grid: 0.149% | 🔺 7477.50 🔻 7469.75
  📡 RSI: 28.7 | MACD: -5.10 | ATR: 9.29
  📊 Filled: 0 | Pending: 0
  💰 Daily P&L: $-3,250.00

[2026-06-17 14:07] O:7475.25 H:7478.00 L:7472.00 C:7473.00 V:410.0
  📈 Trend: strong_bearish | 🌍 Regime: trending_bearish
  🗺️  Grid: 0.148% | 🔺 7480.50 🔻 7472.75
  📡 RSI: 30.5 | MACD: -5.13 | ATR: 9.21
  📊 Filled: 0 | Pending: 0
  💰 Daily P&L: $-3,250.00

[2026-06-17 14:08] O:7473.00 H:7479.50 L:7472.50 C:7474.25 V:557.0
  📈 Trend: strong_bearish | 🌍 Regime: trending_bearish
  🗺️  Grid: 0.149% | 🔺 7478.00 🔻 7472.00
  📡 RSI: 31.1 | MACD: -4.99 | ATR: 9.29
  📊 Filled: 0 | Pending: 0
  💰 Daily P&L: $-3,250.00

[2026-06-17 14:09] O:7474.75 H:7476.50 L:7469.00 C:7470.25 V:472.0
  📈 Trend: strong_bearish | 🌍 Regime: trending_bearish
  🗺️  Grid: 0.145% | 🔺 7479.50 🔻 7472.50
  📡 RSI: 34.9 | MACD: -5.14 | ATR: 9.05
  📊 Filled: 0 | Pending: 0
  💰 Daily P&L: $-3,250.00

[2026-06-17 14:10] O:7470.50 H:7471.25 L:7464.25 C:7467.00 V:705.0
  📈 Trend: strong_bearish | 🌍 Regime: trending_bearish
  🗺️  Grid: 0.145% | 🔺 7476.50 🔻 7469.00
  📡 RSI: 35.8 | MACD: -5.47 | ATR: 9.00
  📊 Filled: 0 | Pending: 0
  💰 Daily P&L: $-3,250.00

[2026-06-17 14:11] O:7466.25 H:7466.25 L:7457.00 C:7458.75 V:780.0
  📈 Trend: strong_bearish | 🌍 Regime: trending_bearish
  🗺️  Grid: 0.146% | 🔺 7471.25 🔻 7464.25
  📡 RSI: 33.0 | MACD: -6.31 | ATR: 9.07
  📊 Filled: 0 | Pending: 0
  💰 Daily P&L: $-3,250.00

[2026-06-17 14:12] O:7459.25 H:7468.50 L:7457.00 C:7466.75 V:783.0
  📈 Trend: strong_bearish | 🌍 Regime: trending_bearish
  🗺️  Grid: 0.140% | 🔺 7466.25 🔻 7457.00
  📡 RSI: 51.2 | MACD: -6.27 | ATR: 8.73
  📊 Filled: 0 | Pending: 0
  💰 Daily P&L: $-3,250.00

[2026-06-17 14:13] O:7466.50 H:7483.75 L:7466.00 C:7483.25 V:1159.0
  📈 Trend: strong_bearish | 🌍 Regime: trending_bearish
  🗺️  Grid: 0.148% | 🔺 7468.50 🔻 7457.00
  📡 RSI: 58.7 | MACD: -4.84 | ATR: 9.21
  📊 Filled: 0 | Pending: 0
  💰 Daily P&L: $-3,250.00

[2026-06-17 14:14] O:7483.25 H:7483.25 L:7476.75 C:7479.00 V:742.0
  📈 Trend: strong_bearish | 🌍 Regime: trending_bearish
  🗺️  Grid: 0.143% | 🔺 7483.75 🔻 7466.00
  📡 RSI: 49.8 | MACD: -4.01 | ATR: 8.93
  📊 Filled: 0 | Pending: 0
  💰 Daily P&L: $-3,250.00

[2026-06-17 14:15] O:7479.50 H:7480.50 L:7471.25 C:7473.75 V:634.0
  📈 Trend: strong_bearish | 🌍 Regime: trending_bearish
