2026-06-30 18:16:45 | ERROR    | Error 1100, reqId -1: Connectivity between IBKR and Trader Workstation has been lost.
2026-06-30 18:16:54 | ERROR    | Error handling fields: ['10', '504', 'ES', 'FUT', '20260918 08:30:00 US/Central', '0', '', 'CME', 'USD', 'ESU6', 'ES', 'ES', '649180671', '0.25', '50', 'ACTIVETIM,AD,ADJUST,ALERT,ALGO,ALLOC,AVGCOST,BASKET,BENCHPX,COND,CONDORDER,DAY,DEACT,DEACTDIS,DEACTEOD,GAT,GTC,GTD,GTT,HID,ICE,IOC,LIT,LMT,LTH,MIT,MKT,MTL,NGCOMB,NONALGO,OCA,PEGBENCH,SCALE,SCALERST,SNAPMID,SNAPMKT,SNAPREL,STP,STPLMT,TRAIL,TRAILLIT,TRAILLMT,TRAILMIT,WHATIF', 'CME,QBALGO', '1', '11004968', 'E-mini S&P 500', '', '202609', '', '', '', 'US/Central', '20260629:1700-20260630:1600;20260630:1700-20260701:1600;20260701:1700-20260702:1600;20260703:CLOSED;20260704:CLOSED;20260702:1700-20260703:1200;20260705:1700-20260706:1600', '20260630:0830-20260630:1600;20260701:0830-20260701:1600;20260702:0830-20260702:1600;20260703:CLOSED;20260704:CLOSED;20260702:1700-20260703:1200;20260705:1700-20260706:1600', '', '', '0', '2147483647', 'ES', 'IND', '67,67', '20260918', '', '1', '1', '1']
Traceback (most recent call last):
  File "C:\Python312\Lib\site-packages\ib_insync\decoder.py", line 198, in interpret
    handler(fields)
  File "C:\Python312\Lib\site-packages\ib_insync\decoder.py", line 336, in contractDetails
    self.wrapper.contractDetails(int(reqId), cd)
  File "C:\Python312\Lib\site-packages\ib_insync\wrapper.py", line 521, in contractDetails
    self._results[reqId].append(contractDetails)
    ~~~~~~~~~~~~~^^^^^^^
KeyError: 504
2026-06-30 18:16:54 | ERROR    | Error 1102, reqId -1: Connectivity between IBKR and Trader Workstation has been restored - data maintained. All data farms are connected: usfuture; usfarm; euhmds; fundfarm; ushmds; secdefnj.
 V:2625.0
  📈 Trend: sideways (raw: moderate_bullish) | 🌍 Regime: trending_bullish
  🗺️  Grid: 0.080% | 🔺 7536.25 🔻 7534.00
  📡 RSI: 48.0 | MACD: 2.11 | ATR: 3.29
  📊 Filled: 0 | Pending: 0
  💰 Daily P&L: $+0.00

[2026-06-30 09:42] O:7531.50 H:7532.75 L:7529.25 C:7530.25 V:3065.0
  📈 Trend: moderate_bullish | 🌍 Regime: trending_bullish
  🗺️  Grid: 0.080% | 🔺 7537.25 🔻 7531.25
  📡 RSI: 45.6 | MACD: 1.62 | ATR: 3.39
  📊 Filled: 0 | Pending: 0
  💰 Daily P&L: $+0.00

[2026-06-30 09:43] O:7530.25 H:7532.25 L:7529.00 C:7532.25 V:2428.0
  📈 Trend: moderate_bullish (raw: strong_bullish) | 🌍 Regime: trending_bullish
  🗺️  Grid: 0.080% | 🔺 7532.75 🔻 7529.25
  📡 RSI: 41.1 | MACD: 1.37 | ATR: 3.27
  📊 Filled: 0 | Pending: 0
  💰 Daily P&L: $+0.00

[2026-06-30 09:44] O:7532.00 H:7535.75 L:7532.00 C:7535.75 V:2789.0
  📈 Trend: strong_bullish | 🌍 Regime: trending_bullish
  🗺️  Grid: 0.080% | 🔺 7532.25 🔻 7529.00
  📡 RSI: 45.1 | MACD: 1.45 | ATR: 3.34
  📊 Filled: 0 | Pending: 0
  💰 Daily P&L: $+0.00

[2026-06-30 09:45] O:7535.50 H:7535.75 L:7533.50 C:7533.75 V:2140.0
  📈 Trend: strong_bullish | 🌍 Regime: trending_bullish
  🗺️  Grid: 0.080% | 🔺 7535.75 🔻 7532.00
  📡 RSI: 43.0 | MACD: 1.33 | ATR: 3.29
  📊 Filled: 0 | Pending: 0
  💰 Daily P&L: $+0.00

[2026-06-30 09:46] O:7534.00 H:7534.00 L:7528.00 C:7528.25 V:3200.0
  📈 Trend: strong_bullish (raw: moderate_bullish) | 🌍 Regime: trending_bullish
  🗺️  Grid: 0.080% | 🔺 7535.75 🔻 7533.50
  📡 RSI: 34.1 | MACD: 0.78 | ATR: 3.59
  📊 Filled: 0 | Pending: 0
  💰 Daily P&L: $+0.00

[2026-06-30 09:47] O:7528.50 H:7530.50 L:7527.25 C:7527.50 V:3519.0
  📈 Trend: moderate_bullish | 🌍 Regime: trending_bullish
  🗺️  Grid: 0.080% | 🔺 7534.00 🔻 7528.00
  📡 RSI: 26.5 | MACD: 0.28 | ATR: 3.54
  📊 Filled: 0 | Pending: 0
  💰 Daily P&L: $+0.00

[2026-06-30 09:48] O:7527.25 H:7528.75 L:7523.75 C:7525.75 V:3469.0
  📈 Trend: moderate_bullish | 🌍 Regime: trending_bullish
  🗺️  Grid: 0.080% | 🔺 7530.50 🔻 7527.25
  📡 RSI: 27.4 | MACD: -0.25 | ATR: 3.62
  📊 Filled: 0 | Pending: 0
  💰 Daily P&L: $+0.00

[2026-06-30 09:49] O:7525.75 H:7527.50 L:7525.00 C:7526.25 V:2703.0
  📈 Trend: moderate_bullish | 🌍 Regime: trending_bullish
  🗺️  Grid: 0.080% | 🔺 7528.75 🔻 7523.75
  📡 RSI: 28.1 | MACD: -0.63 | ATR: 3.64
  📊 Filled: 0 | Pending: 0
  💰 Daily P&L: $+0.00

[2026-06-30 09:50] O:7526.00 H:7530.00 L:7525.50 C:7527.25 V:4044.0
  📈 Trend: moderate_bullish | 🌍 Regime: trending_bullish
  🗺️  Grid: 0.080% | 🔺 7527.50 🔻 7525.00
  📡 RSI: 32.4 | MACD: -0.84 | ATR: 3.66
  📊 Filled: 0 | Pending: 0
  💰 Daily P&L: $+0.00

[2026-06-30 09:51] O:7527.50 H:7529.75 L:7526.00 C:7528.25 V:1979.0
  📈 Trend: moderate_bullish | 🌍 Regime: trending_bullish
  🗺️  Grid: 0.080% | 🔺 7530.00 🔻 7525.50
  📡 RSI: 40.8 | MACD: -0.91 | ATR: 3.57
  📊 Filled: 0 | Pending: 0
  💰 Daily P&L: $+0.00

[2026-06-30 09:52] O:7528.00 H:7528.25 L:7525.00 C:7525.50 V:2648.0
  📈 Trend: moderate_bullish | 🌍 Regime: trending_bullish
  🗺️  Grid: 0.080% | 🔺 7529.75 🔻 7526.00
  📡 RSI: 34.9 | MACD: -1.17 | ATR: 3.61
  📊 Filled: 0 | Pending: 0
  💰 Daily P&L: $+0.00

[2026-06-30 09:53] O:7525.75 H:7526.75 L:7523.75 C:7524.50 V:2427.0
  📈 Trend: moderate_bullish | 🌍 Regime: trending_bullish
  🗺️  Grid: 0.080% | 🔺 7528.25 🔻 7525.00
  📡 RSI: 31.8 | MACD: -1.45 | ATR: 3.73
  📊 Filled: 0 | Pending: 0
  💰 Daily P&L: $+0.00

[2026-06-30 09:54] O:7524.50 H:7525.25 L:7520.25 C:7521.00 V:3749.0
  📈 Trend: moderate_bullish | 🌍 Regime: trending_bullish
  🗺️  Grid: 0.080% | 🔺 7526.75 🔻 7523.75
  📡 RSI: 26.9 | MACD: -1.93 | ATR: 3.93
  📊 Filled: 0 | Pending: 0
  💰 Daily P&L: $+0.00

[2026-06-30 09:55] O:7521.00 H:7523.00 L:7519.00 C:7522.75 V:4158.0
  📈 Trend: moderate_bullish | 🌍 Regime: trending_bullish
  🗺️  Grid: 0.080% | 🔺 7525.25 🔻 7520.25
  📡 RSI: 34.5 | MACD: -2.14 | ATR: 3.79
  📊 Filled: 0 | Pending: 0
  💰 Daily P&L: $+0.00

[2026-06-30 09:56] O:7522.50 H:7524.50 L:7519.25 C:7521.00 V:3537.0
  📈 Trend: moderate_bullish (raw: strong_bearish) | 🌍 Regime: ranging
  🗺️  Grid: 0.080% | 🔺 7523.00 🔻 7519.00
  📡 RSI: 33.9 | MACD: -2.42 | ATR: 3.91
  📊 Filled: 0 | Pending: 0
  🔲 Regime: RANGING | Range pos: 11% | RSI: 33.9
  🚫 Raw trend blocks RANGING LONG | raw: strong_bearish
  💰 Daily P&L: $+0.00

[2026-06-30 09:57] O:7521.00 H:7522.50 L:7518.00 C:7519.25 V:3468.0
  📈 Trend: strong_bearish | 🌍 Regime: ranging
  🗺️  Grid: 0.080% | 🔺 7524.50 🔻 7519.25
  📡 RSI: 27.2 | MACD: -2.75 | ATR: 4.00
  📊 Filled: 0 | Pending: 0
  🔲 Regime: RANGING | Range pos: 6% | RSI: 27.2
  🚫 Raw trend blocks RANGING LONG | raw: strong_bearish
  💰 Daily P&L: $+0.00

[2026-06-30 09:58] O:7519.00 H:7520.25 L:7516.75 C:7519.25 V:3860.0
  📈 Trend: strong_bearish | 🌍 Regime: ranging
  🗺️  Grid: 0.080% | 🔺 7522.50 🔻 7518.00
  📡 RSI: 17.0 | MACD: -2.98 | ATR: 3.98
  📊 Filled: 0 | Pending: 0
  🔲 Regime: RANGING | Range pos: 12% | RSI: 17.0
  🚫 Raw trend blocks RANGING LONG | raw: strong_bearish
  💰 Daily P&L: $+0.00

[2026-06-30 09:59] O:7519.25 H:7522.25 L:7519.25 C:7520.50 V:2831.0
  📈 Trend: strong_bearish | 🌍 Regime: ranging
  🗺️  Grid: 0.080% | 🔺 7520.25 🔻 7516.75
  📡 RSI: 22.7 | MACD: -3.03 | ATR: 4.04
  📊 Filled: 0 | Pending: 0
  🔲 Regime: RANGING | Range pos: 18% | RSI: 22.7
  🚫 Raw trend blocks RANGING LONG | raw: strong_bearish
  💰 Daily P&L: $+0.00

[2026-06-30 10:00] O:7520.50 H:7524.25 L:7520.00 C:7523.75 V:4512.0
  📈 Trend: strong_bearish | 🌍 Regime: trending_bearish
  🗺️  Grid: 0.080% | 🔺 7522.25 🔻 7519.25
  📡 RSI: 39.8 | MACD: -2.77 | ATR: 3.91
  📊 Filled: 0 | Pending: 0
  💰 Daily P&L: $+0.00

[2026-06-30 10:01] O:7523.75 H:7528.25 L:7523.25 C:7528.00 V:3683.0
  📈 Trend: strong_bearish (raw: moderate_bearish) | 🌍 Regime: ranging
  🗺️  Grid: 0.080% | 🔺 7524.25 🔻 7520.00
  📡 RSI: 51.0 | MACD: -2.20 | ATR: 4.04
  📊 Filled: 0 | Pending: 0
  🔲 Regime: RANGING | Range pos: 55% | RSI: 51.0
  💰 Daily P&L: $+0.00

[2026-06-30 10:02] O:7527.75 H:7530.75 L:7526.50 C:7530.50 V:2787.0
  📈 Trend: moderate_bearish | 🌍 Regime: trending_bearish
  🗺️  Grid: 0.080% | 🔺 7528.25 🔻 7523.25
  📡 RSI: 59.0 | MACD: -1.53 | ATR: 3.98
  📊 Filled: 0 | Pending: 0
  💰 Daily P&L: $+0.00

[2026-06-30 10:03] O:7530.25 H:7530.50 L:7528.00 C:7529.50 V:2564.0
  📈 Trend: moderate_bearish | 🌍 Regime: trending_bearish
  🗺️  Grid: 0.080% | 🔺 7530.75 🔻 7526.50
  📡 RSI: 56.1 | MACD: -1.06 | ATR: 3.98
  📊 Filled: 0 | Pending: 0
  💰 Daily P&L: $+0.00

[2026-06-30 10:04] O:7529.50 H:7530.00 L:7527.50 C:7529.25 V:2114.0
  📈 Trend: moderate_bearish | 🌍 Regime: trending_bearish
  🗺️  Grid: 0.080% | 🔺 7530.50 🔻 7528.00
  📡 RSI: 53.8 | MACD: -0.71 | ATR: 3.84
  📊 Filled: 0 | Pending: 0
  💰 Daily P&L: $+0.00

[2026-06-30 10:05] O:7529.25 H:7529.75 L:7527.25 C:7528.75 V:1816.0
  📈 Trend: moderate_bearish (raw: moderate_bullish) | 🌍 Regime: trending_bullish
  🗺️  Grid: 0.080% | 🔺 7530.00 🔻 7527.50
  📡 RSI: 51.0 | MACD: -0.46 | ATR: 3.75
  📊 Filled: 0 | Pending: 0
  💰 Daily P&L: $+0.00

[2026-06-30 10:06] O:7528.75 H:7529.50 L:7526.25 C:7527.75 V:2295.0
  📈 Trend: moderate_bullish | 🌍 Regime: trending_bullish
  🗺️  Grid: 0.080% | 🔺 7529.75 🔻 7527.25
  📡 RSI: 54.7 | MACD: -0.34 | ATR: 3.75
  📊 Filled: 0 | Pending: 0
  💰 Daily P&L: $+0.00

[2026-06-30 10:07] O:7527.50 H:7528.75 L:7525.50 C:7528.75 V:1818.0
  📈 Trend: moderate_bullish | 🌍 Regime: trending_bullish
  🗺️  Grid: 0.080% | 🔺 7529.50 🔻 7526.25
  📡 RSI: 58.9 | MACD: -0.16 | ATR: 3.77
  📊 Filled: 0 | Pending: 0
  💰 Daily P&L: $+0.00

[2026-06-30 10:08] O:7528.75 H:7532.75 L:7528.75 C:7531.75 V:2407.0
  📈 Trend: moderate_bullish (raw: strong_bullish) | 🌍 Regime: ranging
  🗺️  Grid: 0.080% | 🔺 7528.75 🔻 7525.50
  📡 RSI: 73.1 | MACD: 0.22 | ATR: 3.70
  📊 Filled: 0 | Pending: 0
  🔲 Regime: RANGING | Range pos: 73% | RSI: 73.1
  🚫 Raw trend blocks RANGING SHORT | raw: strong_bullish
  💰 Daily P&L: $+0.00

[2026-06-30 10:09] O:7531.50 H:7532.00 L:7529.75 C:7531.75 V:1861.0
  📈 Trend: strong_bullish | 🌍 Regime: ranging
  🗺️  Grid: 0.080% | 🔺 7532.75 🔻 7528.75
  📡 RSI: 70.9 | MACD: 0.51 | ATR: 3.57
  📊 Filled: 0 | Pending: 0
  🔲 Regime: RANGING | Range pos: 73% | RSI: 70.9
  🚫 Raw trend blocks RANGING SHORT | raw: strong_bullish
  💰 Daily P&L: $+0.00

[2026-06-30 10:10] O:7532.00 H:7533.50 L:7531.00 C:7532.50 V:1898.0
  📈 Trend: strong_bullish | 🌍 Regime: ranging
  🗺️  Grid: 0.080% | 🔺 7532.00 🔻 7529.75
  📡 RSI: 78.0 | MACD: 0.80 | ATR: 3.38
  📊 Filled: 0 | Pending: 0
  🔲 Regime: RANGING | Range pos: 77% | RSI: 78.0
  🚫 Raw trend blocks RANGING SHORT | raw: strong_bullish
  💰 Daily P&L: $+0.00

[2026-06-30 10:11] O:7532.50 H:7533.25 L:7530.75 C:7531.00 V:1513.0
  📈 Trend: strong_bullish | 🌍 Regime: ranging
  🗺️  Grid: 0.080% | 🔺 7533.50 🔻 7531.00
  📡 RSI: 79.0 | MACD: 0.89 | ATR: 3.23
  📊 Filled: 0 | Pending: 0
  🔲 Regime: RANGING | Range pos: 70% | RSI: 79.0
  💰 Daily P&L: $+0.00

[2026-06-30 10:12] O:7531.00 H:7534.25 L:7530.75 C:7533.50 V:1915.0
  📈 Trend: strong_bullish | 🌍 Regime: ranging
  🗺️  Grid: 0.080% | 🔺 7533.25 🔻 7530.75
  📡 RSI: 81.3 | MACD: 1.16 | ATR: 3.23
  📊 Filled: 0 | Pending: 0
  🔲 Regime: RANGING | Range pos: 82% | RSI: 81.3
  🚫 Raw trend blocks RANGING SHORT | raw: strong_bullish
  💰 Daily P&L: $+0.00

[2026-06-30 10:13] O:7533.75 H:7536.50 L:7533.75 C:7536.50 V:2621.0
  📈 Trend: strong_bullish | 🌍 Regime: ranging
  🗺️  Grid: 0.080% | 🔺 7534.25 🔻 7530.75
  📡 RSI: 82.7 | MACD: 1.59 | ATR: 3.23
  📊 Filled: 0 | Pending: 0
  🔲 Regime: RANGING | Range pos: 96% | RSI: 82.7
  🚫 Raw trend blocks RANGING SHORT | raw: strong_bullish
  💰 Daily P&L: $+0.00

[2026-06-30 10:14] O:7536.25 H:7536.75 L:7534.25 C:7535.75 V:1950.0
  📈 Trend: strong_bullish | 🌍 Regime: ranging
  🗺️  Grid: 0.080% | 🔺 7536.50 🔻 7533.75
  📡 RSI: 77.3 | MACD: 1.85 | ATR: 3.11
  📊 Filled: 0 | Pending: 0
  🔲 Regime: RANGING | Range pos: 93% | RSI: 77.3
  🚫 Raw trend blocks RANGING SHORT | raw: strong_bullish
  💰 Daily P&L: $+0.00

[2026-06-30 10:15] O:7535.50 H:7536.25 L:7532.75 C:7533.00 V:2665.0
  📈 Trend: strong_bullish | 🌍 Regime: ranging
  🗺️  Grid: 0.080% | 🔺 7536.75 🔻 7534.25
  📡 RSI: 62.2 | MACD: 1.81 | ATR: 3.00
  📊 Filled: 0 | Pending: 0
  🔲 Regime: RANGING | Range pos: 79% | RSI: 62.2
  💰 Daily P&L: $+0.00

[2026-06-30 10:16] O:7533.25 H:7534.25 L:7532.00 C:7534.00 V:1799.0
  📈 Trend: strong_bullish | 🌍 Regime: trending_bullish
  🗺️  Grid: 0.080% | 🔺 7536.25 🔻 7532.75
  📡 RSI: 59.2 | MACD: 1.85 | ATR: 2.86
  📊 Filled: 0 | Pending: 0
  💰 Daily P&L: $+0.00

[2026-06-30 10:17] O:7533.75 H:7534.00 L:7531.75 C:7532.00 V:1580.0
  📈 Trend: strong_bullish | 🌍 Regime: trending_bullish
  🗺️  Grid: 0.080% | 🔺 7534.25 🔻 7532.00
  📡 RSI: 56.2 | MACD: 1.69 | ATR: 2.84
  📊 Filled: 0 | Pending: 0
  💰 Daily P&L: $+0.00

[2026-06-30 10:18] O:7531.75 H:7533.25 L:7531.50 C:7532.50 V:1770.0
  📈 Trend: strong_bullish | 🌍 Regime: trending_bullish
  🗺️  Grid: 0.080% | 🔺 7534.00 🔻 7531.75
  📡 RSI: 58.0 | MACD: 1.59 | ATR: 2.79
  📊 Filled: 0 | Pending: 0
  💰 Daily P&L: $+0.00

[2026-06-30 10:19] O:7532.50 H:7533.25 L:7531.00 C:7533.00 V:1903.0
  📈 Trend: strong_bullish | 🌍 Regime: trending_bullish
  🗺️  Grid: 0.080% | 🔺 7533.25 🔻 7531.50
  📡 RSI: 60.5 | MACD: 1.53 | ATR: 2.77
  📊 Filled: 0 | Pending: 0
  💰 Daily P&L: $+0.00

[2026-06-30 10:20] O:7533.00 H:7537.75 L:7533.00 C:7537.50 V:2621.0
  📈 Trend: strong_bullish | 🌍 Regime: trending_bullish
  🗺️  Grid: 0.080% | 🔺 7533.25 🔻 7531.00
  📡 RSI: 70.5 | MACD: 1.82 | ATR: 2.88
  📊 Filled: 0 | Pending: 0
  💰 Daily P&L: $+0.00

[2026-06-30 10:21] O:7537.50 H:7537.75 L:7535.25 C:7536.25 V:2020.0
  📈 Trend: strong_bullish | 🌍 Regime: trending_bullish
  🗺️  Grid: 0.080% | 🔺 7537.75 🔻 7533.00
  📡 RSI: 65.6 | MACD: 1.94 | ATR: 2.82
  📊 Filled: 0 | Pending: 0
  💰 Daily P&L: $+0.00

[2026-06-30 10:22] O:7536.25 H:7538.25 L:7536.00 C:7538.00 V:1682.0
  📈 Trend: strong_bullish | 🌍 Regime: trending_bullish
  🗺️  Grid: 0.080% | 🔺 7537.75 🔻 7535.25
  📡 RSI: 63.7 | MACD: 2.14 | ATR: 2.70
  📊 Filled: 0 | Pending: 0
  💰 Daily P&L: $+0.00

[2026-06-30 10:23] O:7538.00 H:7540.00 L:7537.75 C:7538.75 V:2008.0
  📈 Trend: strong_bullish | 🌍 Regime: trending_bullish
  🗺️  Grid: 0.080% | 🔺 7538.25 🔻 7536.00
  📡 RSI: 64.9 | MACD: 2.34 | ATR: 2.70
  📊 Filled: 0 | Pending: 0
  💰 Daily P&L: $+0.00

[2026-06-30 10:24] O:7538.75 H:7540.00 L:7537.50 C:7539.25 V:2061.0
  📈 Trend: strong_bullish | 🌍 Regime: trending_bullish
  🗺️  Grid: 0.080% | 🔺 7540.00 🔻 7537.75
  📡 RSI: 64.5 | MACD: 2.50 | ATR: 2.70
  📊 Filled: 0 | Pending: 0
  💰 Daily P&L: $+0.00

[2026-06-30 10:25] O:7539.25 H:7540.25 L:7538.25 C:7540.25 V:2333.0
  📈 Trend: strong_bullish | 🌍 Regime: trending_bullish
  🗺️  Grid: 0.080% | 🔺 7540.00 🔻 7537.50
  📡 RSI: 70.3 | MACD: 2.69 | ATR: 2.66
  📊 Filled: 0 | Pending: 0
  💰 Daily P&L: $+0.00

[2026-06-30 10:26] O:7540.50 H:7541.00 L:7537.75 C:7541.00 V:1823.0
  📈 Trend: strong_bullish | 🌍 Regime: trending_bullish
  🗺️  Grid: 0.080% | 🔺 7540.25 🔻 7538.25
  📡 RSI: 67.9 | MACD: 2.86 | ATR: 2.64
  📊 Filled: 0 | Pending: 0
  💰 Daily P&L: $+0.00

[2026-06-30 10:27] O:7540.75 H:7541.50 L:7540.00 C:7540.50 V:2160.0
  📈 Trend: strong_bullish | 🌍 Regime: trending_bullish
  🗺️  Grid: 0.080% | 🔺 7541.00 🔻 7537.75
  📡 RSI: 60.8 | MACD: 2.92 | ATR: 2.54
  📊 Filled: 0 | Pending: 0
  💰 Daily P&L: $+0.00

[2026-06-30 10:28] O:7540.50 H:7541.25 L:7538.75 C:7540.25 V:2131.0
  📈 Trend: strong_bullish | 🌍 Regime: trending_bullish
  🗺️  Grid: 0.080% | 🔺 7541.50 🔻 7540.00
  📡 RSI: 62.5 | MACD: 2.92 | ATR: 2.54
  📊 Filled: 0 | Pending: 0
  💰 Daily P&L: $+0.00

[2026-06-30 10:29] O:7540.25 H:7541.50 L:7539.50 C:7540.50 V:1965.0
  📈 Trend: strong_bullish | 🌍 Regime: trending_bullish
  🗺️  Grid: 0.080% | 🔺 7541.25 🔻 7538.75
  📡 RSI: 74.2 | MACD: 2.90 | ATR: 2.43
  📊 Filled: 0 | Pending: 0
  💰 Daily P&L: $+0.00

[2026-06-30 10:30] O:7540.50 H:7541.00 L:7538.25 C:7539.00 V:3226.0
  📈 Trend: strong_bullish | 🌍 Regime: trending_bullish
  🗺️  Grid: 0.080% | 🔺 7541.50 🔻 7539.50
  📡 RSI: 65.6 | MACD: 2.73 | ATR: 2.46
  📊 Filled: 0 | Pending: 0
  💰 Daily P&L: $+0.00

[2026-06-30 10:31] O:7539.25 H:7540.50 L:7538.75 C:7539.00 V:1373.0
  📈 Trend: strong_bullish | 🌍 Regime: trending_bullish
  🗺️  Grid: 0.080% | 🔺 7541.00 🔻 7538.25
  📡 RSI: 75.0 | MACD: 2.57 | ATR: 2.43
  📊 Filled: 0 | Pending: 0
  💰 Daily P&L: $+0.00

[2026-06-30 10:32] O:7539.25 H:7541.00 L:7539.25 C:7540.75 V:1381.0
  📈 Trend: strong_bullish | 🌍 Regime: trending_bullish
  🗺️  Grid: 0.080% | 🔺 7540.50 🔻 7538.75
  📡 RSI: 77.0 | MACD: 2.56 | ATR: 2.45
  📊 Filled: 0 | Pending: 0
  💰 Daily P&L: $+0.00

[2026-06-30 10:33] O:7540.50 H:7541.50 L:7538.75 C:7539.00 V:1550.0
  📈 Trend: strong_bullish | 🌍 Regime: trending_bullish
  🗺️  Grid: 0.080% | 🔺 7541.00 🔻 7539.25
  📡 RSI: 68.2 | MACD: 2.37 | ATR: 2.48
  📊 Filled: 0 | Pending: 0
  💰 Daily P&L: $+0.00

[2026-06-30 10:34] O:7539.00 H:7542.50 L:7538.75 C:7542.25 V:2796.0
  📈 Trend: strong_bullish | 🌍 Regime: trending_bullish
  🗺️  Grid: 0.080% | 🔺 7541.50 🔻 7538.75
  📡 RSI: 65.6 | MACD: 2.46 | ATR: 2.41
  📊 Filled: 0 | Pending: 0
  💰 Daily P&L: $+0.00

[2026-06-30 10:35] O:7542.25 H:7542.75 L:7539.00 C:7539.50 V:2697.0
  📈 Trend: strong_bullish | 🌍 Regime: trending_bullish
  🗺️  Grid: 0.080% | 🔺 7542.50 🔻 7538.75
  📡 RSI: 59.7 | MACD: 2.29 | ATR: 2.50
  📊 Filled: 0 | Pending: 0
  💰 Daily P&L: $+0.00

[2026-06-30 10:36] O:7539.75 H:7539.75 L:7537.75 C:7539.00 V:2204.0
  📈 Trend: strong_bullish | 🌍 Regime: trending_bullish
  🗺️  Grid: 0.080% | 🔺 7542.75 🔻 7539.00
  📡 RSI: 53.2 | MACD: 2.08 | ATR: 2.48
  📊 Filled: 0 | Pending: 0
  💰 Daily P&L: $+0.00

[2026-06-30 10:37] O:7539.00 H:7539.00 L:7537.25 C:7537.75 V:1667.0
  📈 Trend: strong_bullish | 🌍 Regime: trending_bullish
  🗺️  Grid: 0.080% | 🔺 7539.75 🔻 7537.75
  📡 RSI: 46.9 | MACD: 1.80 | ATR: 2.45
  📊 Filled: 0 | Pending: 0
  💰 Daily P&L: $+0.00

[2026-06-30 10:38] O:7537.75 H:7538.00 L:7536.25 C:7536.75 V:1950.0
  📈 Trend: strong_bullish | 🌍 Regime: trending_bullish
  🗺️  Grid: 0.080% | 🔺 7539.00 🔻 7537.25
  📡 RSI: 42.4 | MACD: 1.48 | ATR: 2.39
  📊 Filled: 0 | Pending: 0
  💰 Daily P&L: $+0.00

[2026-06-30 10:39] O:7537.00 H:7537.50 L:7536.50 C:7537.00 V:1011.0
  📈 Trend: strong_bullish (raw: moderate_bullish) | 🌍 Regime: trending_bullish
  🗺️  Grid: 0.080% | 🔺 7538.00 🔻 7536.25
  📡 RSI: 39.7 | MACD: 1.23 | ATR: 2.32
  📊 Filled: 0 | Pending: 0
  💰 Daily P&L: $+0.00

[2026-06-30 10:40] O:7537.00 H:7539.25 L:7536.00 C:7536.25 V:1704.0
  📈 Trend: moderate_bullish | 🌍 Regime: trending_bullish
  🗺️  Grid: 0.080% | 🔺 7537.50 🔻 7536.50
  📡 RSI: 34.9 | MACD: 0.96 | ATR: 2.32
  📊 Filled: 0 | Pending: 0
  💰 Daily P&L: $+0.00

[2026-06-30 10:41] O:7536.50 H:7540.25 L:7535.50 C:7539.50 V:1614.0
  📈 Trend: moderate_bullish (raw: strong_bullish) | 🌍 Regime: trending_bullish
  🗺️  Grid: 0.080% | 🔺 7539.25 🔻 7536.00
  📡 RSI: 47.3 | MACD: 1.00 | ATR: 2.55
  📊 Filled: 0 | Pending: 0
  💰 Daily P&L: $+0.00

[2026-06-30 10:42] O:7539.50 H:7539.50 L:7536.75 C:7538.75 V:1362.0
  📈 Trend: moderate_bullish | 🌍 Regime: trending_bullish
  🗺️  Grid: 0.080% | 🔺 7540.25 🔻 7535.50
  📡 RSI: 46.1 | MACD: 0.95 | ATR: 2.57
  📊 Filled: 0 | Pending: 0
  💰 Daily P&L: $+0.00

[2026-06-30 10:43] O:7538.75 H:7539.00 L:7537.00 C:7537.75 V:1091.0
  📈 Trend: moderate_bullish | 🌍 Regime: trending_bullish
  🗺️  Grid: 0.080% | 🔺 7539.50 🔻 7536.75
  📡 RSI: 43.0 | MACD: 0.83 | ATR: 2.57
  📊 Filled: 0 | Pending: 0
  💰 Daily P&L: $+0.00

[2026-06-30 10:44] O:7537.75 H:7538.50 L:7537.25 C:7537.75 V:1061.0
  📈 Trend: moderate_bullish | 🌍 Regime: trending_bullish
  🗺️  Grid: 0.080% | 🔺 7539.00 🔻 7537.00
  📡 RSI: 46.6 | MACD: 0.72 | ATR: 2.46
  📊 Filled: 0 | Pending: 0
  💰 Daily P&L: $+0.00

[2026-06-30 10:45] O:7537.75 H:7541.25 L:7537.75 C:7541.00 V:1480.0
  📈 Trend: moderate_bullish | 🌍 Regime: trending_bullish
  🗺️  Grid: 0.080% | 🔺 7538.50 🔻 7537.25
  📡 RSI: 54.7 | MACD: 0.89 | ATR: 2.59
  📊 Filled: 0 | Pending: 0
  💰 Daily P&L: $+0.00

[2026-06-30 10:46] O:7541.25 H:7543.50 L:7541.00 C:7543.00 V:2365.0
  📈 Trend: moderate_bullish (raw: strong_bullish) | 🌍 Regime: ranging
  🗺️  Grid: 0.080% | 🔺 7541.25 🔻 7537.75
  📡 RSI: 55.2 | MACD: 1.17 | ATR: 2.62
  📊 Filled: 0 | Pending: 0
  🔲 Regime: RANGING | Range pos: 98% | RSI: 55.2
  💰 Daily P&L: $+0.00

[2026-06-30 10:47] O:7543.00 H:7544.50 L:7542.50 C:7542.75 V:1958.0
  📈 Trend: strong_bullish | 🌍 Regime: ranging
  🗺️  Grid: 0.080% | 🔺 7543.50 🔻 7541.00
  📡 RSI: 59.3 | MACD: 1.36 | ATR: 2.57
  📊 Filled: 0 | Pending: 0
  🔲 Regime: RANGING | Range pos: 94% | RSI: 59.3
  💰 Daily P&L: $+0.00

[2026-06-30 10:48] O:7543.00 H:7543.50 L:7540.75 C:7541.75 V:1696.0
  📈 Trend: strong_bullish | 🌍 Regime: ranging
  🗺️  Grid: 0.080% | 🔺 7544.50 🔻 7542.50
  📡 RSI: 48.6 | MACD: 1.41 | ATR: 2.50
  📊 Filled: 0 | Pending: 0
  🔲 Regime: RANGING | Range pos: 90% | RSI: 48.6
  💰 Daily P&L: $+0.00

[2026-06-30 10:49] O:7541.75 H:7542.25 L:7541.00 C:7541.50 V:1106.0
  📈 Trend: strong_bullish | 🌍 Regime: ranging
  🗺️  Grid: 0.080% | 🔺 7543.50 🔻 7540.75
  📡 RSI: 56.5 | MACD: 1.41 | ATR: 2.32
  📊 Filled: 0 | Pending: 0
  🔲 Regime: RANGING | Range pos: 89% | RSI: 56.5
  💰 Daily P&L: $+0.00

[2026-06-30 10:50] O:7541.50 H:7543.25 L:7541.00 C:7542.00 V:3125.0
  📈 Trend: strong_bullish | 🌍 Regime: ranging
  🗺️  Grid: 0.080% | 🔺 7542.25 🔻 7541.00
  📡 RSI: 59.7 | MACD: 1.44 | ATR: 2.34
  📊 Filled: 0 | Pending: 0
  🔲 Regime: RANGING | Range pos: 91% | RSI: 59.7
  💰 Daily P&L: $+0.00

[2026-06-30 10:51] O:7542.00 H:7542.25 L:7540.25 C:7540.75 V:1764.0
  📈 Trend: strong_bullish | 🌍 Regime: ranging
  🗺️  Grid: 0.080% | 🔺 7543.25 🔻 7541.00
  📡 RSI: 59.7 | MACD: 1.35 | ATR: 2.36
  📊 Filled: 0 | Pending: 0
  🔲 Regime: RANGING | Range pos: 86% | RSI: 59.7
  💰 Daily P&L: $+0.00

[2026-06-30 10:52] O:7541.00 H:7542.50 L:7540.00 C:7542.25 V:1277.0
  📈 Trend: strong_bullish | 🌍 Regime: ranging
  🗺️  Grid: 0.080% | 🔺 7542.25 🔻 7540.25
  📡 RSI: 67.2 | MACD: 1.38 | ATR: 2.41
  📊 Filled: 0 | Pending: 0
  🔲 Regime: RANGING | Range pos: 92% | RSI: 67.2
  💰 Daily P&L: $+0.00

[2026-06-30 10:53] O:7542.25 H:7544.25 L:7542.00 C:7544.00 V:1309.0
  📈 Trend: strong_bullish | 🌍 Regime: ranging
  🗺️  Grid: 0.080% | 🔺 7542.50 🔻 7540.00
  📡 RSI: 70.0 | MACD: 1.52 | ATR: 2.50
  📊 Filled: 0 | Pending: 0
  🔲 Regime: RANGING | Range pos: 98% | RSI: 70.0
  💰 Daily P&L: $+0.00

[2026-06-30 10:54] O:7544.00 H:7545.00 L:7543.50 C:7544.00 V:1444.0
  📈 Trend: strong_bullish | 🌍 Regime: ranging
  🗺️  Grid: 0.080% | 🔺 7544.25 🔻 7542.00
  📡 RSI: 73.1 | MACD: 1.62 | ATR: 2.38
  📊 Filled: 0 | Pending: 0
  🔲 Regime: RANGING | Range pos: 96% | RSI: 73.1
  🚫 Raw trend blocks RANGING SHORT | raw: strong_bullish
  💰 Daily P&L: $+0.00

[2026-06-30 10:55] O:7544.00 H:7546.50 L:7543.25 C:7546.50 V:2588.0
  📈 Trend: strong_bullish | 🌍 Regime: ranging
  🗺️  Grid: 0.080% | 🔺 7545.00 🔻 7543.50
  📡 RSI: 71.9 | MACD: 1.88 | ATR: 2.27
  📊 Filled: 0 | Pending: 0
  🔲 Regime: RANGING | Range pos: 100% | RSI: 71.9
  🚫 Raw trend blocks RANGING SHORT | raw: strong_bullish
  💰 Daily P&L: $+0.00

[2026-06-30 10:56] O:7546.50 H:7547.50 L:7545.75 C:7547.50 V:2066.0
  📈 Trend: strong_bullish | 🌍 Regime: ranging
  🗺️  Grid: 0.080% | 🔺 7546.50 🔻 7543.25
  📡 RSI: 76.9 | MACD: 2.14 | ATR: 2.20
  📊 Filled: 0 | Pending: 0
  🔲 Regime: RANGING | Range pos: 100% | RSI: 76.9
  🚫 Raw trend blocks RANGING SHORT | raw: strong_bullish
  💰 Daily P&L: $+0.00

[2026-06-30 10:57] O:7547.50 H:7547.75 L:7546.50 C:7547.25 V:1583.0
  📈 Trend: strong_bullish | 🌍 Regime: ranging
  🗺️  Grid: 0.080% | 🔺 7547.50 🔻 7545.75
  📡 RSI: 80.6 | MACD: 2.30 | ATR: 2.14
  📊 Filled: 0 | Pending: 0
  🔲 Regime: RANGING | Range pos: 98% | RSI: 80.6
  🚫 Raw trend blocks RANGING SHORT | raw: strong_bullish
  💰 Daily P&L: $+0.00

[2026-06-30 10:58] O:7547.50 H:7547.50 L:7545.50 C:7545.75 V:2054.0
  📈 Trend: strong_bullish | 🌍 Regime: trending_bullish
  🗺️  Grid: 0.080% | 🔺 7547.75 🔻 7546.50
  📡 RSI: 73.5 | MACD: 2.28 | ATR: 2.20
  📊 Filled: 0 | Pending: 0
  💰 Daily P&L: $+0.00

[2026-06-30 10:59] O:7545.75 H:7546.25 L:7544.75 C:7545.75 V:1939.0
  📈 Trend: strong_bullish | 🌍 Regime: trending_bullish
  🗺️  Grid: 0.080% | 🔺 7547.50 🔻 7545.50
  📡 RSI: 67.3 | MACD: 2.24 | ATR: 2.05
  📊 Filled: 0 | Pending: 0
  💰 Daily P&L: $+0.00

[2026-06-30 11:00] O:7545.50 H:7548.50 L:7545.25 C:7547.50 V:2622.0
  📈 Trend: strong_bullish | 🌍 Regime: trending_bullish
  🗺️  Grid: 0.080% | 🔺 7546.25 🔻 7544.75
  📡 RSI: 66.7 | MACD: 2.32 | ATR: 2.11
  📊 Filled: 0 | Pending: 0
  💰 Daily P&L: $+0.00

[2026-06-30 11:01] O:7547.75 H:7549.50 L:7547.50 C:7549.00 V:1657.0
  📈 Trend: strong_bullish | 🌍 Regime: trending_bullish
  🗺️  Grid: 0.080% | 🔺 7548.50 🔻 7545.25
  📡 RSI: 71.2 | MACD: 2.47 | ATR: 2.11
  📊 Filled: 0 | Pending: 0
  💰 Daily P&L: $+0.00

[2026-06-30 11:02] O:7549.00 H:7549.00 L:7547.50 C:7549.00 V:1465.0
  📈 Trend: strong_bullish | 🌍 Regime: trending_bullish
  🗺️  Grid: 0.080% | 🔺 7549.50 🔻 7547.50
  📡 RSI: 76.4 | MACD: 2.57 | ATR: 2.02
  📊 Filled: 0 | Pending: 0
  💰 Daily P&L: $+0.00

[2026-06-30 11:03] O:7549.00 H:7549.25 L:7548.00 C:7548.50 V:1364.0
  📈 Trend: strong_bullish | 🌍 Regime: trending_bullish
  🗺️  Grid: 0.080% | 🔺 7549.00 🔻 7547.50
  📡 RSI: 75.0 | MACD: 2.57 | ATR: 2.02
  📊 Filled: 0 | Pending: 0
  💰 Daily P&L: $+0.00

[2026-06-30 11:04] O:7548.50 H:7548.50 L:7547.00 C:7548.00 V:1185.0
  📈 Trend: strong_bullish | 🌍 Regime: trending_bullish
  🗺️  Grid: 0.080% | 🔺 7549.25 🔻 7548.00
  📡 RSI: 71.4 | MACD: 2.51 | ATR: 1.96
  📊 Filled: 0 | Pending: 0
  💰 Daily P&L: $+0.00

[2026-06-30 11:05] O:7548.25 H:7549.75 L:7547.75 C:7549.25 V:1910.0
  📈 Trend: strong_bullish | 🌍 Regime: trending_bullish
  🗺️  Grid: 0.080% | 🔺 7548.50 🔻 7547.00
  📡 RSI: 80.4 | MACD: 2.53 | ATR: 1.96
  📊 Filled: 0 | Pending: 0
  💰 Daily P&L: $+0.00

[2026-06-30 11:06] O:7549.50 H:7552.25 L:7549.25 C:7552.25 V:2241.0
  📈 Trend: strong_bullish | 🌍 Regime: trending_bullish
  🗺️  Grid: 0.080% | 🔺 7549.75 🔻 7547.75
  📡 RSI: 82.3 | MACD: 2.75 | ATR: 2.00
  📊 Filled: 0 | Pending: 0
  💰 Daily P&L: $+0.00

[2026-06-30 11:07] O:7552.25 H:7552.25 L:7550.25 C:7551.00 V:1575.0
  📈 Trend: strong_bullish | 🌍 Regime: trending_bullish
  🗺️  Grid: 0.080% | 🔺 7552.25 🔻 7549.25
  📡 RSI: 73.3 | MACD: 2.80 | ATR: 1.98
  📊 Filled: 0 | Pending: 0
  💰 Daily P&L: $+0.00

[2026-06-30 11:08] O:7551.00 H:7551.00 L:7548.75 C:7549.00 V:1937.0
  📈 Trend: strong_bullish | 🌍 Regime: trending_bullish
  🗺️  Grid: 0.080% | 🔺 7552.25 🔻 7550.25
  📡 RSI: 64.7 | MACD: 2.64 | ATR: 2.04
  📊 Filled: 0 | Pending: 0
  💰 Daily P&L: $+0.00

[2026-06-30 11:09] O:7549.00 H:7549.00 L:7547.75 C:7548.50 V:1128.0
  📈 Trend: strong_bullish | 🌍 Regime: trending_bullish
  🗺️  Grid: 0.080% | 🔺 7551.00 🔻 7548.75
  📡 RSI: 56.7 | MACD: 2.45 | ATR: 1.89
  📊 Filled: 0 | Pending: 0
  💰 Daily P&L: $+0.00

[2026-06-30 11:10] O:7548.50 H:7550.00 L:7548.50 C:7550.00 V:1275.0
  📈 Trend: strong_bullish | 🌍 Regime: trending_bullish
  🗺️  Grid: 0.080% | 🔺 7549.00 🔻 7547.75
  📡 RSI: 58.1 | MACD: 2.39 | ATR: 1.88
  📊 Filled: 0 | Pending: 0
  💰 Daily P&L: $+0.00

[2026-06-30 11:11] O:7550.00 H:7550.00 L:7548.75 C:7549.50 V:1268.0
  📈 Trend: strong_bullish | 🌍 Regime: trending_bullish
  🗺️  Grid: 0.080% | 🔺 7550.00 🔻 7548.50
  📡 RSI: 57.1 | MACD: 2.28 | ATR: 1.88
  📊 Filled: 0 | Pending: 0
  💰 Daily P&L: $+0.00

[2026-06-30 11:12] O:7549.50 H:7551.00 L:7549.00 C:7549.25 V:1539.0
  📈 Trend: strong_bullish | 🌍 Regime: trending_bullish
  🗺️  Grid: 0.080% | 🔺 7550.00 🔻 7548.75
  📡 RSI: 62.1 | MACD: 2.15 | ATR: 1.88
  📊 Filled: 0 | Pending: 0
  💰 Daily P&L: $+0.00

[2026-06-30 11:13] O:7549.25 H:7549.50 L:7548.00 C:7548.75 V:1087.0
  📈 Trend: strong_bullish | 🌍 Regime: trending_bullish
  🗺️  Grid: 0.080% | 🔺 7551.00 🔻 7549.00
  📡 RSI: 60.0 | MACD: 1.98 | ATR: 1.88
  📊 Filled: 0 | Pending: 0
  💰 Daily P&L: $+0.00

[2026-06-30 11:14] O:7548.75 H:7551.00 L:7548.25 C:7550.50 V:1255.0
  📈 Trend: strong_bullish | 🌍 Regime: trending_bullish
  🗺️  Grid: 0.080% | 🔺 7549.50 🔻 7548.00
  📡 RSI: 60.0 | MACD: 1.96 | ATR: 1.84
  📊 Filled: 0 | Pending: 0
  💰 Daily P&L: $+0.00

[2026-06-30 11:15] O:7550.50 H:7551.25 L:7549.50 C:7551.00 V:1269.0
  📈 Trend: strong_bullish | 🌍 Regime: trending_bullish
  🗺️  Grid: 0.080% | 🔺 7551.00 🔻 7548.25
  📡 RSI: 57.1 | MACD: 1.97 | ATR: 1.82
  📊 Filled: 0 | Pending: 0
  💰 Daily P&L: $+0.00

[2026-06-30 11:16] O:7551.25 H:7555.25 L:7551.00 C:7553.25 V:3162.0
  📈 Trend: strong_bullish | 🌍 Regime: trending_bullish
  🗺️  Grid: 0.080% | 🔺 7551.25 🔻 7549.50
  📡 RSI: 63.1 | MACD: 2.13 | ATR: 2.02
  📊 Filled: 0 | Pending: 0
  💰 Daily P&L: $+0.00

[2026-06-30 11:17] O:7553.25 H:7553.50 L:7552.00 C:7552.50 V:1439.0
  📈 Trend: strong_bullish | 🌍 Regime: trending_bullish
  🗺️  Grid: 0.080% | 🔺 7555.25 🔻 7551.00
  📡 RSI: 62.1 | MACD: 2.17 | ATR: 2.04
  📊 Filled: 0 | Pending: 0
  💰 Daily P&L: $+0.00

[2026-06-30 11:18] O:7552.50 H:7552.50 L:7551.25 C:7552.00 V:1272.0
  📈 Trend: strong_bullish | 🌍 Regime: trending_bullish
  🗺️  Grid: 0.080% | 🔺 7553.50 🔻 7552.00
  📡 RSI: 62.1 | MACD: 2.14 | ATR: 2.02
  📊 Filled: 0 | Pending: 0
  💰 Daily P&L: $+0.00

[2026-06-30 11:19] O:7552.00 H:7552.00 L:7550.75 C:7551.75 V:1459.0
  📈 Trend: strong_bullish | 🌍 Regime: trending_bullish
  🗺️  Grid: 0.080% | 🔺 7552.50 🔻 7551.25
  📡 RSI: 58.1 | MACD: 2.07 | ATR: 1.96
  📊 Filled: 0 | Pending: 0
  💰 Daily P&L: $+0.00

[2026-06-30 11:20] O:7551.75 H:7552.00 L:7550.75 C:7551.25 V:1336.0
  📈 Trend: strong_bullish | 🌍 Regime: trending_bullish
  🗺️  Grid: 0.080% | 🔺 7552.00 🔻 7550.75
  📡 RSI: 46.2 | MACD: 1.95 | ATR: 1.84
  📊 Filled: 0 | Pending: 0
  💰 Daily P&L: $+0.00

[2026-06-30 11:21] O:7551.25 H:7551.50 L:7550.00 C:7550.75 V:1229.0
  📈 Trend: strong_bullish | 🌍 Regime: trending_bullish
  🗺️  Grid: 0.080% | 🔺 7552.00 🔻 7550.75
  📡 RSI: 49.0 | MACD: 1.80 | ATR: 1.80
  📊 Filled: 0 | Pending: 0
  💰 Daily P&L: $+0.00

[2026-06-30 11:22] O:7550.50 H:7552.75 L:7550.50 C:7552.75 V:1394.0
  📈 Trend: strong_bullish | 🌍 Regime: trending_bullish
  🗺️  Grid: 0.080% | 🔺 7551.50 🔻 7550.00
  📡 RSI: 65.3 | MACD: 1.82 | ATR: 1.80
  📊 Filled: 0 | Pending: 0
  💰 Daily P&L: $+0.00

[2026-06-30 11:23] O:7553.00 H:7553.00 L:7551.25 C:7551.50 V:994.0
  📈 Trend: strong_bullish | 🌍 Regime: trending_bullish
  🗺️  Grid: 0.080% | 🔺 7552.75 🔻 7550.50
  📡 RSI: 61.5 | MACD: 1.71 | ATR: 1.84
  📊 Filled: 0 | Pending: 0
  💰 Daily P&L: $+0.00

[2026-06-30 11:24] O:7551.25 H:7552.50 L:7551.00 C:7552.00 V:750.0
  📈 Trend: strong_bullish | 🌍 Regime: trending_bullish
  🗺️  Grid: 0.080% | 🔺 7553.00 🔻 7551.25
  📡 RSI: 58.3 | MACD: 1.65 | ATR: 1.84
  📊 Filled: 0 | Pending: 0
  💰 Daily P&L: $+0.00

[2026-06-30 11:25] O:7552.00 H:7552.00 L:7550.25 C:7551.00 V:1126.0
  📈 Trend: strong_bullish (raw: moderate_bullish) | 🌍 Regime: trending_bullish
  🗺️  Grid: 0.080% | 🔺 7552.50 🔻 7551.00
  📡 RSI: 56.0 | MACD: 1.50 | ATR: 1.88
  📊 Filled: 0 | Pending: 0
  💰 Daily P&L: $+0.00

[2026-06-30 11:26] O:7551.00 H:7552.00 L:7551.00 C:7551.75 V:1050.0
  📈 Trend: strong_bullish | 🌍 Regime: trending_bullish
  🗺️  Grid: 0.080% | 🔺 7552.00 🔻 7550.25
  📡 RSI: 59.6 | MACD: 1.43 | ATR: 1.80
  📊 Filled: 0 | Pending: 0
  💰 Daily P&L: $+0.00

[2026-06-30 11:27] O:7551.75 H:7552.00 L:7550.50 C:7551.25 V:1187.0
  📈 Trend: strong_bullish | 🌍 Regime: trending_bullish
  🗺️  Grid: 0.080% | 🔺 7552.00 🔻 7551.00
  📡 RSI: 59.6 | MACD: 1.31 | ATR: 1.80
  📊 Filled: 0 | Pending: 0
  💰 Daily P&L: $+0.00

[2026-06-30 11:28] O:7551.25 H:7551.50 L:7550.50 C:7550.50 V:880.0
  📈 Trend: strong_bullish | 🌍 Regime: trending_bullish
  🗺️  Grid: 0.080% | 🔺 7552.00 🔻 7550.50
  📡 RSI: 50.0 | MACD: 1.15 | ATR: 1.68
  📊 Filled: 0 | Pending: 0
  💰 Daily P&L: $+0.00

[2026-06-30 11:29] O:7550.75 H:7551.25 L:7550.00 C:7550.50 V:992.0
  📈 Trend: strong_bullish | 🌍 Regime: trending_bullish
  🗺️  Grid: 0.080% | 🔺 7551.50 🔻 7550.50
  📡 RSI: 47.8 | MACD: 1.01 | ATR: 1.64
  📊 Filled: 0 | Pending: 0
  💰 Daily P&L: $+0.00

[2026-06-30 11:30] O:7550.75 H:7551.00 L:7549.25 C:7551.00 V:1508.0
  📈 Trend: strong_bullish | 🌍 Regime: trending_bullish
  🗺️  Grid: 0.080% | 🔺 7551.25 🔻 7550.00
  📡 RSI: 38.5 | MACD: 0.93 | ATR: 1.46
  📊 Filled: 0 | Pending: 0
  💰 Daily P&L: $+0.00

[2026-06-30 11:31] O:7551.00 H:7551.75 L:7549.75 C:7550.50 V:1679.0
  📈 Trend: strong_bullish | 🌍 Regime: trending_bullish
  🗺️  Grid: 0.080% | 🔺 7551.00 🔻 7549.25
  📡 RSI: 39.5 | MACD: 0.81 | ATR: 1.50
  📊 Filled: 0 | Pending: 0
  💰 Daily P&L: $+0.00

[2026-06-30 11:32] O:7550.25 H:7550.50 L:7549.00 C:7549.25 V:1343.0
  📈 Trend: strong_bullish | 🌍 Regime: trending_bullish
  🗺️  Grid: 0.080% | 🔺 7551.75 🔻 7549.75
  📡 RSI: 36.6 | MACD: 0.61 | ATR: 1.52
  📊 Filled: 0 | Pending: 0
  💰 Daily P&L: $+0.00

[2026-06-30 11:33] O:7549.50 H:7550.25 L:7549.00 C:7550.00 V:1071.0
  📈 Trend: strong_bullish (raw: moderate_bullish) | 🌍 Regime: trending_bullish
  🗺️  Grid: 0.080% | 🔺 7550.50 🔻 7549.00
  📡 RSI: 41.9 | MACD: 0.51 | ATR: 1.52
  📊 Filled: 0 | Pending: 0
  💰 Daily P&L: $+0.00

[2026-06-30 11:34] O:7550.00 H:7550.25 L:7548.75 C:7549.75 V:1038.0
  📈 Trend: moderate_bullish | 🌍 Regime: trending_bullish
  🗺️  Grid: 0.080% | 🔺 7550.25 🔻 7549.00
  📡 RSI: 42.9 | MACD: 0.40 | ATR: 1.54
  📊 Filled: 0 | Pending: 0
  💰 Daily P&L: $+0.00

[2026-06-30 11:35] O:7549.75 H:7550.75 L:7548.75 C:7549.00 V:1173.0
  📈 Trend: moderate_bullish | 🌍 Regime: trending_bullish
  🗺️  Grid: 0.080% | 🔺 7550.25 🔻 7548.75
  📡 RSI: 41.9 | MACD: 0.25 | ATR: 1.57
  📊 Filled: 0 | Pending: 0
  💰 Daily P&L: $+0.00

[2026-06-30 11:36] O:7549.25 H:7550.50 L:7549.00 C:7550.25 V:900.0
  📈 Trend: moderate_bullish | 🌍 Regime: trending_bullish
  🗺️  Grid: 0.080% | 🔺 7550.75 🔻 7548.75
  📡 RSI: 37.5 | MACD: 0.24 | ATR: 1.52
  📊 Filled: 0 | Pending: 0
  💰 Daily P&L: $+0.00

[2026-06-30 11:37] O:7550.50 H:7550.50 L:7549.25 C:7550.00 V:876.0
  📈 Trend: moderate_bullish | 🌍 Regime: trending_bullish
  🗺️  Grid: 0.080% | 🔺 7550.50 🔻 7549.00
  📡 RSI: 41.7 | MACD: 0.20 | ATR: 1.48
  📊 Filled: 0 | Pending: 0
  💰 Daily P&L: $+0.00

[2026-06-30 11:38] O:7550.00 H:7551.00 L:7549.75 C:7550.50 V:681.0
  📈 Trend: moderate_bullish | 🌍 Regime: trending_bullish
  🗺️  Grid: 0.080% | 🔺 7550.50 🔻 7549.25
  📡 RSI: 41.7 | MACD: 0.21 | ATR: 1.46
  📊 Filled: 0 | Pending: 0
  💰 Daily P&L: $+0.00

[2026-06-30 11:39] O:7550.75 H:7552.00 L:7550.25 C:7551.75 V:949.0
  📈 Trend: moderate_bullish (raw: strong_bullish) | 🌍 Regime: ranging
  🗺️  Grid: 0.080% | 🔺 7551.00 🔻 7549.75
  📡 RSI: 54.1 | MACD: 0.31 | ATR: 1.46
  📊 Filled: 0 | Pending: 0
  🔲 Regime: RANGING | Range pos: 91% | RSI: 54.1
  💰 Daily P&L: $+0.00

[2026-06-30 11:40] O:7552.00 H:7552.75 L:7551.00 C:7551.25 V:937.0
  📈 Trend: strong_bullish | 🌍 Regime: ranging
  🗺️  Grid: 0.080% | 🔺 7552.00 🔻 7550.25
  📡 RSI: 47.2 | MACD: 0.35 | ATR: 1.52
  📊 Filled: 0 | Pending: 0
  🔲 Regime: RANGING | Range pos: 90% | RSI: 47.2
  💰 Daily P&L: $+0.00

[2026-06-30 11:41] O:7551.25 H:7552.50 L:7551.25 C:7552.25 V:811.0
  📈 Trend: strong_bullish | 🌍 Regime: ranging
  🗺️  Grid: 0.080% | 🔺 7552.75 🔻 7551.00
  📡 RSI: 55.3 | MACD: 0.45 | ATR: 1.50
  📊 Filled: 0 | Pending: 0
  🔲 Regime: RANGING | Range pos: 92% | RSI: 55.3
  💰 Daily P&L: $+0.00

[2026-06-30 11:42] O:7552.25 H:7553.75 L:7552.25 C:7553.50 V:1381.0
  📈 Trend: strong_bullish | 🌍 Regime: ranging
  🗺️  Grid: 0.080% | 🔺 7552.50 🔻 7551.25
  📡 RSI: 65.0 | MACD: 0.63 | ATR: 1.54
  📊 Filled: 0 | Pending: 0
  🔲 Regime: RANGING | Range pos: 95% | RSI: 65.0
  💰 Daily P&L: $+0.00

[2026-06-30 11:43] O:7553.50 H:7553.75 L:7552.25 C:7552.50 V:866.0
  📈 Trend: strong_bullish | 🌍 Regime: ranging
  🗺️  Grid: 0.080% | 🔺 7553.75 🔻 7552.25
  📡 RSI: 59.1 | MACD: 0.68 | ATR: 1.55
  📊 Filled: 0 | Pending: 0
  🔲 Regime: RANGING | Range pos: 93% | RSI: 59.1
  💰 Daily P&L: $+0.00

[2026-06-30 11:44] O:7552.50 H:7553.25 L:7552.25 C:7553.00 V:1039.0
  📈 Trend: strong_bullish | 🌍 Regime: trending_bullish
  🗺️  Grid: 0.080% | 🔺 7553.75 🔻 7552.25
  📡 RSI: 59.1 | MACD: 0.76 | ATR: 1.50
  📊 Filled: 0 | Pending: 0
  💰 Daily P&L: $+0.00

[2026-06-30 11:45] O:7553.25 H:7553.50 L:7552.25 C:7553.00 V:1537.0
  📈 Trend: strong_bullish | 🌍 Regime: trending_bullish
  🗺️  Grid: 0.080% | 🔺 7553.25 🔻 7552.25
  📡 RSI: 61.9 | MACD: 0.80 | ATR: 1.45
  📊 Filled: 0 | Pending: 0
  💰 Daily P&L: $+0.00

[2026-06-30 11:46] O:7553.25 H:7554.00 L:7552.75 C:7553.25 V:1066.0
  📈 Trend: strong_bullish | 🌍 Regime: trending_bullish
  🗺️  Grid: 0.080% | 🔺 7553.50 🔻 7552.25
  📡 RSI: 71.1 | MACD: 0.85 | ATR: 1.43
  📊 Filled: 0 | Pending: 0
  💰 Daily P&L: $+0.00

[2026-06-30 11:47] O:7553.50 H:7553.75 L:7552.75 C:7553.00 V:1002.0
  📈 Trend: strong_bullish | 🌍 Regime: trending_bullish
  🗺️  Grid: 0.080% | 🔺 7554.00 🔻 7552.75
  📡 RSI: 66.7 | MACD: 0.86 | ATR: 1.41
  📊 Filled: 0 | Pending: 0
  💰 Daily P&L: $+0.00

[2026-06-30 11:48] O:7553.25 H:7555.75 L:7552.50 C:7555.00 V:2120.0
  📈 Trend: strong_bullish | 🌍 Regime: trending_bullish
  🗺️  Grid: 0.080% | 🔺 7553.75 🔻 7552.75
  📡 RSI: 74.4 | MACD: 1.02 | ATR: 1.54
  📊 Filled: 0 | Pending: 0
  💰 Daily P&L: $+0.00

[2026-06-30 11:49] O:7555.00 H:7555.75 L:7554.75 C:7555.25 V:1357.0
  📈 Trend: strong_bullish | 🌍 Regime: trending_bullish
  🗺️  Grid: 0.080% | 🔺 7555.75 🔻 7552.50
  📡 RSI: 80.5 | MACD: 1.15 | ATR: 1.46
  📊 Filled: 0 | Pending: 0
  💰 Daily P&L: $+0.00

[2026-06-30 11:50] O:7555.50 H:7556.75 L:7554.00 C:7556.25 V:2591.0
  📈 Trend: strong_bullish | 🌍 Regime: trending_bullish
  🗺️  Grid: 0.080% | 🔺 7555.75 🔻 7554.75
  📡 RSI: 80.0 | MACD: 1.32 | ATR: 1.55
  📊 Filled: 0 | Pending: 0
  💰 Daily P&L: $+0.00

[2026-06-30 11:51] O:7556.50 H:7556.50 L:7555.00 C:7555.50 V:1206.0
  📈 Trend: strong_bullish | 🌍 Regime: trending_bullish
  🗺️  Grid: 0.080% | 🔺 7556.75 🔻 7554.00
  📡 RSI: 76.2 | MACD: 1.38 | ATR: 1.57
  📊 Filled: 0 | Pending: 0
  💰 Daily P&L: $+0.00

[2026-06-30 11:52] O:7555.75 H:7556.75 L:7555.50 C:7556.50 V:1474.0
  📈 Trend: strong_bullish | 🌍 Regime: trending_bullish
  🗺️  Grid: 0.080% | 🔺 7556.50 🔻 7555.00
  📡 RSI: 77.3 | MACD: 1.48 | ATR: 1.57
  📊 Filled: 0 | Pending: 0
  💰 Daily P&L: $+0.00

[2026-06-30 11:53] O:7556.50 H:7557.75 L:7555.50 C:7557.50 V:1224.0
  📈 Trend: strong_bullish | 🌍 Regime: trending_bullish
  🗺️  Grid: 0.080% | 🔺 7556.75 🔻 7555.50
  📡 RSI: 76.7 | MACD: 1.63 | ATR: 1.61
  📊 Filled: 0 | Pending: 0
  💰 Daily P&L: $+0.00

[2026-06-30 11:54] O:7557.50 H:7558.25 L:7557.00 C:7557.25 V:2221.0
  📈 Trend: strong_bullish | 🌍 Regime: trending_bullish
  🗺️  Grid: 0.080% | 🔺 7557.75 🔻 7555.50
  📡 RSI: 78.6 | MACD: 1.71 | ATR: 1.57
  📊 Filled: 0 | Pending: 0
  💰 Daily P&L: $+0.00

[2026-06-30 11:55] O:7557.00 H:7557.75 L:7556.25 C:7556.50 V:1171.0
  📈 Trend: strong_bullish | 🌍 Regime: trending_bullish
  🗺️  Grid: 0.080% | 🔺 7558.25 🔻 7557.00
  📡 RSI: 70.7 | MACD: 1.69 | ATR: 1.59
  📊 Filled: 0 | Pending: 0
  💰 Daily P&L: $+0.00

[2026-06-30 11:56] O:7556.75 H:7557.25 L:7555.75 C:7556.50 V:1115.0
  📈 Trend: strong_bullish | 🌍 Regime: trending_bullish
  🗺️  Grid: 0.080% | 🔺 7557.75 🔻 7556.25
  📡 RSI: 66.7 | MACD: 1.66 | ATR: 1.59
  📊 Filled: 0 | Pending: 0
  💰 Daily P&L: $+0.00

[2026-06-30 11:57] O:7556.75 H:7556.75 L:7556.00 C:7556.00 V:879.0
  📈 Trend: strong_bullish | 🌍 Regime: trending_bullish
  🗺️  Grid: 0.080% | 🔺 7557.25 🔻 7555.75
  📡 RSI: 70.6 | MACD: 1.57 | ATR: 1.54
  📊 Filled: 0 | Pending: 0
  💰 Daily P&L: $+0.00

[2026-06-30 11:58] O:7556.00 H:7556.00 L:7554.25 C:7554.50 V:1636.0
  📈 Trend: strong_bullish | 🌍 Regime: trending_bullish
  🗺️  Grid: 0.080% | 🔺 7556.75 🔻 7556.00
  📡 RSI: 57.9 | MACD: 1.37 | ATR: 1.59
  📊 Filled: 0 | Pending: 0
  💰 Daily P&L: $+0.00

[2026-06-30 11:59] O:7554.75 H:7556.00 L:7554.25 C:7555.75 V:1473.0
  📈 Trend: strong_bullish | 🌍 Regime: trending_bullish
  🗺️  Grid: 0.080% | 🔺 7556.00 🔻 7554.25
  📡 RSI: 62.8 | MACD: 1.29 | ATR: 1.62
  📊 Filled: 0 | Pending: 0
  💰 Daily P&L: $+0.00

[2026-06-30 12:00] O:7555.75 H:7557.25 L:7555.50 C:7556.50 V:1907.0
  📈 Trend: strong_bullish | 🌍 Regime: trending_bullish
  🗺️  Grid: 0.080% | 🔺 7556.00 🔻 7554.25
  📡 RSI: 64.4 | MACD: 1.28 | ATR: 1.66
  📊 Filled: 0 | Pending: 0
  💰 Daily P&L: $+0.00

[2026-06-30 12:01] O:7556.75 H:7556.75 L:7555.50 C:7556.00 V:1328.0
  📈 Trend: strong_bullish | 🌍 Regime: trending_bullish
  🗺️  Grid: 0.080% | 🔺 7557.25 🔻 7555.50
  📡 RSI: 63.0 | MACD: 1.21 | ATR: 1.68
  📊 Filled: 0 | Pending: 0
  💰 Daily P&L: $+0.00

[2026-06-30 12:02] O:7556.25 H:7557.00 L:7556.00 C:7556.50 V:773.0
  📈 Trend: strong_bullish | 🌍 Regime: trending_bullish
  🗺️  Grid: 0.080% | 🔺 7556.75 🔻 7555.50
  📡 RSI: 57.5 | MACD: 1.19 | ATR: 1.52
  📊 Filled: 0 | Pending: 0
  💰 Daily P&L: $+0.00

[2026-06-30 12:03] O:7556.75 H:7558.75 L:7556.50 C:7558.50 V:1403.0
  📈 Trend: strong_bullish | 🌍 Regime: trending_bullish
  🗺️  Grid: 0.080% | 🔺 7557.00 🔻 7556.00
  📡 RSI: 63.8 | MACD: 1.31 | ATR: 1.61
  📊 Filled: 0 | Pending: 0
  💰 Daily P&L: $+0.00

[2026-06-30 12:04] O:7558.75 H:7559.25 L:7557.50 C:7557.50 V:1857.0
  📈 Trend: strong_bullish | 🌍 Regime: trending_bullish
  🗺️  Grid: 0.080% | 🔺 7558.75 🔻 7556.50
  📡 RSI: 55.3 | MACD: 1.32 | ATR: 1.54
  📊 Filled: 0 | Pending: 0
  💰 Daily P&L: $+0.00

[2026-06-30 12:05] O:7557.75 H:7557.75 L:7556.00 C:7557.50 V:1362.0
  📈 Trend: strong_bullish | 🌍 Regime: trending_bullish
  🗺️  Grid: 0.080% | 🔺 7559.25 🔻 7557.50
  📡 RSI: 59.1 | MACD: 1.31 | ATR: 1.55
  📊 Filled: 0 | Pending: 0
  💰 Daily P&L: $+0.00

[2026-06-30 12:06] O:7557.50 H:7557.75 L:7556.75 C:7557.25 V:900.0
  📈 Trend: strong_bullish | 🌍 Regime: trending_bullish
  🗺️  Grid: 0.080% | 🔺 7557.75 🔻 7556.00
  📡 RSI: 53.7 | MACD: 1.26 | ATR: 1.54
  📊 Filled: 0 | Pending: 0
  💰 Daily P&L: $+0.00

[2026-06-30 12:07] O:7557.25 H:7558.50 L:7557.00 C:7558.00 V:981.0
  📈 Trend: strong_bullish | 🌍 Regime: trending_bullish
  🗺️  Grid: 0.080% | 🔺 7557.75 🔻 7556.75
  📡 RSI: 52.5 | MACD: 1.27 | ATR: 1.48
  📊 Filled: 0 | Pending: 0
  💰 Daily P&L: $+0.00

[2026-06-30 12:08] O:7558.25 H:7558.25 L:7557.00 C:7557.75 V:1170.0
  📈 Trend: strong_bullish | 🌍 Regime: trending_bullish
  🗺️  Grid: 0.080% | 🔺 7558.50 🔻 7557.00
  📡 RSI: 52.5 | MACD: 1.25 | ATR: 1.48
  📊 Filled: 0 | Pending: 0
  💰 Daily P&L: $+0.00

[2026-06-30 12:09] O:7558.00 H:7558.00 L:7556.25 C:7556.50 V:935.0
  📈 Trend: strong_bullish | 🌍 Regime: trending_bullish
  🗺️  Grid: 0.080% | 🔺 7558.25 🔻 7557.00
  📡 RSI: 50.0 | MACD: 1.11 | ATR: 1.50
  📊 Filled: 0 | Pending: 0
  💰 Daily P&L: $+0.00

[2026-06-30 12:10] O:7556.75 H:7557.00 L:7555.50 C:7556.50 V:1114.0
  📈 Trend: strong_bullish | 🌍 Regime: trending_bullish
  🗺️  Grid: 0.080% | 🔺 7558.00 🔻 7556.25
  📡 RSI: 50.0 | MACD: 0.99 | ATR: 1.50
  📊 Filled: 0 | Pending: 0
  💰 Daily P&L: $+0.00

[2026-06-30 12:11] O:7556.50 H:7556.75 L:7555.75 C:7556.25 V:737.0
  📈 Trend: strong_bullish (raw: moderate_bullish) | 🌍 Regime: trending_bullish
  🗺️  Grid: 0.080% | 🔺 7557.00 🔻 7555.50
  📡 RSI: 51.2 | MACD: 0.87 | ATR: 1.52
  📊 Filled: 0 | Pending: 0
  💰 Daily P&L: $+0.00

[2026-06-30 12:12] O:7556.50 H:7556.50 L:7555.50 C:7556.00 V:1133.0
  📈 Trend: moderate_bullish | 🌍 Regime: trending_bullish
  🗺️  Grid: 0.080% | 🔺 7556.75 🔻 7555.75
  📡 RSI: 58.3 | MACD: 0.74 | ATR: 1.46
  📊 Filled: 0 | Pending: 0
  💰 Daily P&L: $+0.00

[2026-06-30 12:13] O:7556.00 H:7556.25 L:7554.25 C:7554.50 V:1070.0
  📈 Trend: moderate_bullish | 🌍 Regime: trending_bullish
  🗺️  Grid: 0.080% | 🔺 7556.50 🔻 7555.50
  📡 RSI: 43.2 | MACD: 0.52 | ATR: 1.48
  📊 Filled: 0 | Pending: 0
  💰 Daily P&L: $+0.00

[2026-06-30 12:14] O:7554.50 H:7554.75 L:7553.25 C:7553.75 V:1501.0
  📈 Trend: moderate_bullish | 🌍 Regime: trending_bullish
  🗺️  Grid: 0.080% | 🔺 7556.25 🔻 7554.25
  📡 RSI: 35.1 | MACD: 0.27 | ATR: 1.46
  📊 Filled: 0 | Pending: 0
  💰 Daily P&L: $+0.00

[2026-06-30 12:15] O:7553.50 H:7554.00 L:7552.75 C:7553.00 V:1449.0
  📈 Trend: moderate_bullish | 🌍 Regime: trending_bullish
  🗺️  Grid: 0.080% | 🔺 7554.75 🔻 7553.25
  📡 RSI: 34.2 | MACD: 0.02 | ATR: 1.46
  📊 Filled: 0 | Pending: 0
  💰 Daily P&L: $+0.00

[2026-06-30 12:16] O:7553.00 H:7554.75 L:7552.50 C:7554.75 V:1409.0
  📈 Trend: moderate_bullish | 🌍 Regime: trending_bullish
  🗺️  Grid: 0.080% | 🔺 7554.00 🔻 7552.75
  📡 RSI: 41.9 | MACD: -0.04 | ATR: 1.55
  📊 Filled: 0 | Pending: 0
  💰 Daily P&L: $+0.00

[2026-06-30 12:17] O:7554.75 H:7555.00 L:7553.25 C:7553.50 V:866.0
  📈 Trend: moderate_bullish | 🌍 Regime: trending_bullish
  🗺️  Grid: 0.080% | 🔺 7554.75 🔻 7552.50
  📡 RSI: 25.0 | MACD: -0.19 | ATR: 1.52
  📊 Filled: 0 | Pending: 0
  💰 Daily P&L: $+0.00

[2026-06-30 12:18] O:7553.50 H:7554.25 L:7552.75 C:7553.50 V:980.0
  📈 Trend: moderate_bullish | 🌍 Regime: trending_bullish
  🗺️  Grid: 0.080% | 🔺 7555.00 🔻 7553.25
  📡 RSI: 27.8 | MACD: -0.30 | ATR: 1.50
  📊 Filled: 0 | Pending: 0
  💰 Daily P&L: $+0.00

[2026-06-30 12:19] O:7553.25 H:7554.00 L:7553.00 C:7554.00 V:607.0
  📈 Trend: moderate_bullish | 🌍 Regime: trending_bullish
  🗺️  Grid: 0.080% | 🔺 7554.25 🔻 7552.75
  📡 RSI: 31.6 | MACD: -0.34 | ATR: 1.45
  📊 Filled: 0 | Pending: 0
  💰 Daily P&L: $+0.00

[2026-06-30 12:20] O:7554.00 H:7555.75 L:7553.75 C:7555.75 V:1003.0
  📈 Trend: moderate_bullish | 🌍 Regime: trending_bullish
  🗺️  Grid: 0.080% | 🔺 7554.00 🔻 7553.00
  📡 RSI: 43.2 | MACD: -0.23 | ATR: 1.52
  📊 Filled: 0 | Pending: 0
  💰 Daily P&L: $+0.00

[2026-06-30 12:21] O:7555.75 H:7556.25 L:7554.25 C:7554.50 V:1150.0
  📈 Trend: moderate_bullish | 🌍 Regime: trending_bullish
  🗺️  Grid: 0.080% | 🔺 7555.75 🔻 7553.75
  📡 RSI: 34.8 | MACD: -0.25 | ATR: 1.55
  📊 Filled: 0 | Pending: 0
  💰 Daily P&L: $+0.00

[2026-06-30 12:22] O:7554.50 H:7555.00 L:7553.50 C:7553.75 V:1007.0
  📈 Trend: moderate_bullish | 🌍 Regime: trending_bullish
  🗺️  Grid: 0.080% | 🔺 7556.25 🔻 7554.25
  📡 RSI: 33.3 | MACD: -0.31 | ATR: 1.57
  📊 Filled: 0 | Pending: 0
  💰 Daily P&L: $+0.00

[2026-06-30 12:23] O:7554.00 H:7554.25 L:7553.25 C:7554.25 V:1155.0
  📈 Trend: moderate_bullish | 🌍 Regime: trending_bullish
  🗺️  Grid: 0.080% | 🔺 7555.00 🔻 7553.50
  📡 RSI: 40.0 | MACD: -0.32 | ATR: 1.52
  📊 Filled: 0 | Pending: 0
  💰 Daily P&L: $+0.00

[2026-06-30 12:24] O:7554.25 H:7554.25 L:7553.00 C:7554.25 V:957.0
  📈 Trend: moderate_bullish | 🌍 Regime: trending_bullish
  🗺️  Grid: 0.080% | 🔺 7554.25 🔻 7553.25
  📡 RSI: 40.0 | MACD: -0.33 | ATR: 1.50
  📊 Filled: 0 | Pending: 0
  💰 Daily P&L: $+0.00

[2026-06-30 12:25] O:7554.25 H:7554.75 L:7553.75 C:7554.00 V:702.0
  📈 Trend: moderate_bullish | 🌍 Regime: trending_bullish
  🗺️  Grid: 0.080% | 🔺 7554.25 🔻 7553.00
  📡 RSI: 40.0 | MACD: -0.34 | ATR: 1.50
  📊 Filled: 0 | Pending: 0
  💰 Daily P&L: $+0.00

[2026-06-30 12:26] O:7554.00 H:7554.25 L:7552.50 C:7553.00 V:1267.0
  📈 Trend: moderate_bullish (raw: strong_bearish) | 🌍 Regime: trending_bearish
  🗺️  Grid: 0.080% | 🔺 7554.75 🔻 7553.75
  📡 RSI: 37.5 | MACD: -0.43 | ATR: 1.55
  📊 Filled: 0 | Pending: 0
  💰 Daily P&L: $+0.00

[2026-06-30 12:27] O:7553.00 H:7553.00 L:7551.75 C:7551.75 V:1829.0
  📈 Trend: strong_bearish | 🌍 Regime: trending_bearish
  🗺️  Grid: 0.080% | 🔺 7554.25 🔻 7552.50
  📡 RSI: 38.3 | MACD: -0.60 | ATR: 1.50
  📊 Filled: 0 | Pending: 0
  💰 Daily P&L: $+0.00

[2026-06-30 12:28] O:7551.75 H:7553.00 L:7550.75 C:7552.25 V:2031.0
  📈 Trend: strong_bearish | 🌍 Regime: trending_bearish
  🗺️  Grid: 0.080% | 🔺 7553.00 🔻 7551.75
  📡 RSI: 43.5 | MACD: -0.68 | ATR: 1.55
  📊 Filled: 0 | Pending: 0
  💰 Daily P&L: $+0.00

[2026-06-30 12:29] O:7552.25 H:7552.75 L:7552.00 C:7552.25 V:893.0
  📈 Trend: strong_bearish | 🌍 Regime: trending_bearish
  🗺️  Grid: 0.080% | 🔺 7553.00 🔻 7550.75
  📡 RSI: 46.5 | MACD: -0.74 | ATR: 1.52
  📊 Filled: 0 | Pending: 0
  💰 Daily P&L: $+0.00

[2026-06-30 12:30] O:7552.50 H:7552.75 L:7551.00 C:7551.75 V:1329.0
  📈 Trend: strong_bearish | 🌍 Regime: trending_bearish
  🗺️  Grid: 0.080% | 🔺 7552.75 🔻 7552.00
  📡 RSI: 34.2 | MACD: -0.82 | ATR: 1.48
  📊 Filled: 0 | Pending: 0
  💰 Daily P&L: $+0.00

[2026-06-30 12:31] O:7552.00 H:7552.50 L:7550.50 C:7551.00 V:1027.0
  📈 Trend: strong_bearish | 🌍 Regime: trending_bearish
  🗺️  Grid: 0.080% | 🔺 7552.75 🔻 7551.00
  📡 RSI: 36.1 | MACD: -0.93 | ATR: 1.50
  📊 Filled: 0 | Pending: 0
  💰 Daily P&L: $+0.00

[2026-06-30 12:32] O:7551.00 H:7551.50 L:7550.25 C:7551.00 V:1119.0
  📈 Trend: strong_bearish | 🌍 Regime: trending_bearish
  🗺️  Grid: 0.080% | 🔺 7552.50 🔻 7550.50
  📡 RSI: 36.1 | MACD: -1.00 | ATR: 1.48
  📊 Filled: 0 | Pending: 0
  💰 Daily P&L: $+0.00

[2026-06-30 12:33] O:7551.00 H:7554.00 L:7551.00 C:7554.00 V:1031.0
  📈 Trend: strong_bearish (raw: moderate_bullish) | 🌍 Regime: trending_bullish
  🗺️  Grid: 0.080% | 🔺 7551.50 🔻 7550.25
  📡 RSI: 50.0 | MACD: -0.81 | ATR: 1.62
  📊 Filled: 0 | Pending: 0
  💰 Daily P&L: $+0.00

[2026-06-30 12:34] O:7554.00 H:7554.00 L:7553.00 C:7553.25 V:966.0
  📈 Trend: moderate_bullish | 🌍 Regime: trending_bullish
  🗺️  Grid: 0.080% | 🔺 7554.00 🔻 7551.00
  📡 RSI: 38.1 | MACD: -0.71 | ATR: 1.55
  📊 Filled: 0 | Pending: 0
  💰 Daily P&L: $+0.00

[2026-06-30 12:35] O:7553.00 H:7553.50 L:7552.50 C:7552.75 V:634.0
  📈 Trend: moderate_bullish (raw: moderate_bearish) | 🌍 Regime: trending_bearish
  🗺️  Grid: 0.080% | 🔺 7554.00 🔻 7553.00
  📡 RSI: 41.0 | MACD: -0.67 | ATR: 1.48
  📊 Filled: 0 | Pending: 0
  💰 Daily P&L: $+0.00

[2026-06-30 12:36] O:7553.00 H:7553.00 L:7550.75 C:7551.25 V:1363.0
  📈 Trend: moderate_bullish (raw: strong_bearish) | 🌍 Regime: ranging
  🗺️  Grid: 0.080% | 🔺 7553.50 🔻 7552.50
  📡 RSI: 38.1 | MACD: -0.74 | ATR: 1.54
  📊 Filled: 0 | Pending: 0
  🔲 Regime: RANGING | Range pos: 81% | RSI: 38.1
  💰 Daily P&L: $+0.00

[2026-06-30 12:37] O:7551.25 H:7551.25 L:7550.50 C:7550.50 V:626.0
  📈 Trend: strong_bearish | 🌍 Regime: ranging
  🗺️  Grid: 0.080% | 🔺 7553.00 🔻 7550.75
  📡 RSI: 32.6 | MACD: -0.85 | ATR: 1.52
  📊 Filled: 0 | Pending: 0
  🔲 Regime: RANGING | Range pos: 79% | RSI: 32.6
  💰 Daily P&L: $+0.00

[2026-06-30 12:38] O:7550.75 H:7551.00 L:7549.00 C:7550.25 V:1516.0
  📈 Trend: strong_bearish | 🌍 Regime: ranging
  🗺️  Grid: 0.080% | 🔺 7551.25 🔻 7550.50
  📡 RSI: 31.8 | MACD: -0.95 | ATR: 1.57
  📊 Filled: 0 | Pending: 0
  🔲 Regime: RANGING | Range pos: 79% | RSI: 31.8
  💰 Daily P&L: $+0.00

[2026-06-30 12:39] O:7550.25 H:7550.75 L:7548.50 C:7549.25 V:1375.0
  📈 Trend: strong_bearish | 🌍 Regime: ranging
  🗺️  Grid: 0.080% | 🔺 7551.00 🔻 7549.00
  📡 RSI: 29.8 | MACD: -1.10 | ATR: 1.66
  📊 Filled: 0 | Pending: 0
  🔲 Regime: RANGING | Range pos: 76% | RSI: 29.8
  💰 Daily P&L: $+0.00

[2026-06-30 12:40] O:7549.25 H:7551.00 L:7549.00 C:7550.00 V:1340.0
  📈 Trend: strong_bearish | 🌍 Regime: ranging
  🗺️  Grid: 0.080% | 🔺 7550.75 🔻 7548.50
  📡 RSI: 37.0 | MACD: -1.14 | ATR: 1.68
  📊 Filled: 0 | Pending: 0
  🔲 Regime: RANGING | Range pos: 78% | RSI: 37.0
  💰 Daily P&L: $+0.00

[2026-06-30 12:41] O:7549.75 H:7551.00 L:7549.50 C:7551.00 V:875.0
  📈 Trend: strong_bearish | 🌍 Regime: ranging
  🗺️  Grid: 0.080% | 🔺 7551.00 🔻 7549.00
  📡 RSI: 46.7 | MACD: -1.08 | ATR: 1.70
  📊 Filled: 0 | Pending: 0
  🔲 Regime: RANGING | Range pos: 81% | RSI: 46.7
  💰 Daily P&L: $+0.00

[2026-06-30 12:42] O:7551.00 H:7553.50 L:7550.75 C:7553.00 V:1220.0
  📈 Trend: strong_bearish (raw: moderate_bearish) | 🌍 Regime: ranging
  🗺️  Grid: 0.080% | 🔺 7551.00 🔻 7549.50
  📡 RSI: 52.9 | MACD: -0.86 | ATR: 1.73
  📊 Filled: 0 | Pending: 0
  🔲 Regime: RANGING | Range pos: 85% | RSI: 52.9
  💰 Daily P&L: $+0.00

[2026-06-30 12:43] O:7552.75 H:7552.75 L:7551.75 C:7552.50 V:762.0
  📈 Trend: moderate_bearish | 🌍 Regime: ranging
  🗺️  Grid: 0.080% | 🔺 7553.50 🔻 7550.75
  📡 RSI: 50.9 | MACD: -0.72 | ATR: 1.77
  📊 Filled: 0 | Pending: 0
  🔲 Regime: RANGING | Range pos: 84% | RSI: 50.9
  💰 Daily P&L: $+0.00

[2026-06-30 12:44] O:7552.50 H:7553.50 L:7551.75 C:7553.50 V:751.0
  📈 Trend: moderate_bearish | 🌍 Regime: ranging
  🗺️  Grid: 0.080% | 🔺 7552.75 🔻 7551.75
  📡 RSI: 56.4 | MACD: -0.52 | ATR: 1.77
  📊 Filled: 0 | Pending: 0
  🔲 Regime: RANGING | Range pos: 86% | RSI: 56.4
  💰 Daily P&L: $+0.00

[2026-06-30 12:45] O:7553.50 H:7554.00 L:7551.75 C:7552.00 V:1335.0
  📈 Trend: moderate_bearish | 🌍 Regime: ranging
  🗺️  Grid: 0.080% | 🔺 7553.50 🔻 7551.75
  📡 RSI: 53.4 | MACD: -0.47 | ATR: 1.79
  📊 Filled: 0 | Pending: 0
  🔲 Regime: RANGING | Range pos: 83% | RSI: 53.4
  💰 Daily P&L: $+0.00

[2026-06-30 12:46] O:7551.75 H:7552.75 L:7551.50 C:7552.25 V:998.0
  📈 Trend: moderate_bearish (raw: moderate_bullish) | 🌍 Regime: ranging
  🗺️  Grid: 0.080% | 🔺 7554.00 🔻 7551.75
  📡 RSI: 54.2 | MACD: -0.42 | ATR: 1.79
  📊 Filled: 0 | Pending: 0
  🔲 Regime: RANGING | Range pos: 84% | RSI: 54.2
  💰 Daily P&L: $+0.00

[2026-06-30 12:47] O:7552.25 H:7552.25 L:7550.50 C:7550.75 V:1084.0
  📈 Trend: moderate_bearish | 🌍 Regime: ranging
  🗺️  Grid: 0.080% | 🔺 7552.75 🔻 7551.50
  📡 RSI: 37.7 | MACD: -0.49 | ATR: 1.70
  📊 Filled: 0 | Pending: 0
  🔲 Regime: RANGING | Range pos: 80% | RSI: 37.7
  💰 Daily P&L: $+0.00

[2026-06-30 12:48] O:7550.75 H:7551.75 L:7550.75 C:7551.75 V:731.0
  📈 Trend: moderate_bearish | 🌍 Regime: ranging
  🗺️  Grid: 0.080% | 🔺 7552.25 🔻 7550.50
  📡 RSI: 44.4 | MACD: -0.45 | ATR: 1.70
  📊 Filled: 0 | Pending: 0
  🔲 Regime: RANGING | Range pos: 82% | RSI: 44.4
  💰 Daily P&L: $+0.00

[2026-06-30 12:49] O:7551.75 H:7551.75 L:7550.50 C:7551.25 V:867.0
  📈 Trend: moderate_bearish | 🌍 Regime: ranging
  🗺️  Grid: 0.080% | 🔺 7551.75 🔻 7550.75
  📡 RSI: 44.4 | MACD: -0.47 | ATR: 1.71
  📊 Filled: 0 | Pending: 0
  🔲 Regime: RANGING | Range pos: 81% | RSI: 44.4
  💰 Daily P&L: $+0.00

[2026-06-30 12:50] O:7551.00 H:7551.25 L:7550.25 C:7550.75 V:1031.0
  📈 Trend: moderate_bearish | 🌍 Regime: ranging
  🗺️  Grid: 0.080% | 🔺 7551.75 🔻 7550.50
  📡 RSI: 48.0 | MACD: -0.51 | ATR: 1.62
  📊 Filled: 0 | Pending: 0
  🔲 Regime: RANGING | Range pos: 80% | RSI: 48.0
  💰 Daily P&L: $+0.00

[2026-06-30 12:51] O:7550.75 H:7552.75 L:7550.50 C:7552.00 V:1033.0
  📈 Trend: moderate_bearish (raw: moderate_bullish) | 🌍 Regime: ranging
  🗺️  Grid: 0.080% | 🔺 7551.25 🔻 7550.25
  📡 RSI: 55.8 | MACD: -0.44 | ATR: 1.73
  📊 Filled: 0 | Pending: 0
  🔲 Regime: RANGING | Range pos: 83% | RSI: 55.8
  💰 Daily P&L: $+0.00

[2026-06-30 12:52] O:7551.75 H:7552.25 L:7550.75 C:7551.75 V:784.0
  📈 Trend: moderate_bearish | 🌍 Regime: ranging
  🗺️  Grid: 0.080% | 🔺 7552.75 🔻 7550.50
  📡 RSI: 55.8 | MACD: -0.39 | ATR: 1.70
  📊 Filled: 0 | Pending: 0
  🔲 Regime: RANGING | Range pos: 82% | RSI: 55.8
  💰 Daily P&L: $+0.00

[2026-06-30 12:53] O:7551.75 H:7553.50 L:7551.50 C:7552.50 V:886.0
  📈 Trend: moderate_bearish | 🌍 Regime: ranging
  🗺️  Grid: 0.080% | 🔺 7552.25 🔻 7550.75
  📡 RSI: 62.7 | MACD: -0.30 | ATR: 1.68
  📊 Filled: 0 | Pending: 0
  🔲 Regime: RANGING | Range pos: 84% | RSI: 62.7
  💰 Daily P&L: $+0.00

[2026-06-30 12:54] O:7552.50 H:7552.50 L:7551.50 C:7551.75 V:625.0
  📈 Trend: moderate_bearish | 🌍 Regime: ranging
  🗺️  Grid: 0.080% | 🔺 7553.50 🔻 7551.50
  📡 RSI: 56.9 | MACD: -0.28 | ATR: 1.61
  📊 Filled: 0 | Pending: 0
  🔲 Regime: RANGING | Range pos: 82% | RSI: 56.9
  💰 Daily P&L: $+0.00

[2026-06-30 12:55] O:7552.00 H:7552.25 L:7551.25 C:7551.75 V:699.0
  📈 Trend: moderate_bearish (raw: moderate_bullish) | 🌍 Regime: ranging
  🗺️  Grid: 0.080% | 🔺 7552.50 🔻 7551.50
  📡 RSI: 53.2 | MACD: -0.26 | ATR: 1.57
  📊 Filled: 0 | Pending: 0
  🔲 Regime: RANGING | Range pos: 82% | RSI: 53.2
  💰 Daily P&L: $+0.00

[2026-06-30 12:56] O:7552.00 H:7552.50 L:7551.50 C:7552.00 V:642.0
  📈 Trend: moderate_bullish | 🌍 Regime: ranging
  🗺️  Grid: 0.080% | 🔺 7552.25 🔻 7551.25
  📡 RSI: 45.0 | MACD: -0.22 | ATR: 1.45
  📊 Filled: 0 | Pending: 0
  🔲 Regime: RANGING | Range pos: 83% | RSI: 45.0
  💰 Daily P&L: $+0.00

[2026-06-30 12:57] O:7552.00 H:7553.00 L:7551.50 C:7552.50 V:780.0
  📈 Trend: moderate_bullish | 🌍 Regime: ranging
  🗺️  Grid: 0.080% | 🔺 7552.50 🔻 7551.50
  📡 RSI: 50.0 | MACD: -0.15 | ATR: 1.46
  📊 Filled: 0 | Pending: 0
  🔲 Regime: RANGING | Range pos: 84% | RSI: 50.0
  💰 Daily P&L: $+0.00

[2026-06-30 12:58] O:7552.50 H:7552.50 L:7551.50 C:7552.00 V:667.0
  📈 Trend: moderate_bullish | 🌍 Regime: ranging
  🗺️  Grid: 0.080% | 🔺 7553.00 🔻 7551.50
  📡 RSI: 42.1 | MACD: -0.13 | ATR: 1.41
  📊 Filled: 0 | Pending: 0
  🔲 Regime: RANGING | Range pos: 83% | RSI: 42.1
  💰 Daily P&L: $+0.00

[2026-06-30 12:59] O:7552.00 H:7552.50 L:7551.75 C:7552.00 V:452.0
  📈 Trend: moderate_bullish | 🌍 Regime: ranging
  🗺️  Grid: 0.080% | 🔺 7552.50 🔻 7551.50
  📡 RSI: 50.0 | MACD: -0.12 | ATR: 1.30
  📊 Filled: 0 | Pending: 0
  🔲 Regime: RANGING | Range pos: 83% | RSI: 50.0
  💰 Daily P&L: $+0.00

[2026-06-30 13:00] O:7552.25 H:7553.00 L:7551.25 C:7551.75 V:1704.0
  📈 Trend: moderate_bullish | 🌍 Regime: ranging
  🗺️  Grid: 0.080% | 🔺 7552.50 🔻 7551.75
  📡 RSI: 46.9 | MACD: -0.12 | ATR: 1.34
  📊 Filled: 0 | Pending: 0
  🔲 Regime: RANGING | Range pos: 82% | RSI: 46.9
  💰 Daily P&L: $+0.00

[2026-06-30 13:01] O:7551.75 H:7552.75 L:7551.00 C:7552.50 V:972.0
  📈 Trend: moderate_bullish (raw: moderate_bearish) | 🌍 Regime: ranging
  🗺️  Grid: 0.080% | 🔺 7553.00 🔻 7551.25
  📡 RSI: 62.1 | MACD: -0.07 | ATR: 1.34
  📊 Filled: 0 | Pending: 0
  🔲 Regime: RANGING | Range pos: 84% | RSI: 62.1
  💰 Daily P&L: $+0.00

[2026-06-30 13:02] O:7552.75 H:7555.00 L:7552.50 C:7554.75 V:1731.0
  📈 Trend: moderate_bullish (raw: strong_bullish) | 🌍 Regime: ranging
  🗺️  Grid: 0.080% | 🔺 7552.75 🔻 7551.00
  📡 RSI: 67.6 | MACD: 0.16 | ATR: 1.45
  📊 Filled: 0 | Pending: 0
  🔲 Regime: RANGING | Range pos: 89% | RSI: 67.6
  💰 Daily P&L: $+0.00

[2026-06-30 13:03] O:7555.00 H:7555.50 L:7554.25 C:7554.50 V:1325.0
  📈 Trend: strong_bullish | 🌍 Regime: ranging
  🗺️  Grid: 0.080% | 🔺 7555.00 🔻 7552.50
  📡 RSI: 69.7 | MACD: 0.31 | ATR: 1.45
  📊 Filled: 0 | Pending: 0
  🔲 Regime: RANGING | Range pos: 89% | RSI: 69.7
  💰 Daily P&L: $+0.00

[2026-06-30 13:04] O:7554.75 H:7556.00 L:7553.25 C:7554.00 V:1373.0
  📈 Trend: strong_bullish | 🌍 Regime: ranging
  🗺️  Grid: 0.080% | 🔺 7555.50 🔻 7554.25
  📡 RSI: 69.7 | MACD: 0.39 | ATR: 1.57
  📊 Filled: 0 | Pending: 0
  🔲 Regime: RANGING | Range pos: 88% | RSI: 69.7
  💰 Daily P&L: $+0.00

[2026-06-30 13:05] O:7554.25 H:7554.75 L:7552.50 C:7553.00 V:1064.0
  📈 Trend: strong_bullish | 🌍 Regime: ranging
  🗺️  Grid: 0.080% | 🔺 7556.00 🔻 7553.25
  📡 RSI: 56.2 | MACD: 0.36 | ATR: 1.57
  📊 Filled: 0 | Pending: 0
  🔲 Regime: RANGING | Range pos: 85% | RSI: 56.2
  💰 Daily P&L: $+0.00

[2026-06-30 13:06] O:7553.00 H:7553.50 L:7550.50 C:7551.50 V:2053.0
  📈 Trend: strong_bullish | 🌍 Regime: ranging
  🗺️  Grid: 0.080% | 🔺 7554.75 🔻 7552.50
  📡 RSI: 48.6 | MACD: 0.22 | ATR: 1.68
  📊 Filled: 0 | Pending: 0
  🔲 Regime: RANGING | Range pos: 82% | RSI: 48.6
  💰 Daily P&L: $+0.00

[2026-06-30 13:07] O:7551.25 H:7554.75 L:7551.25 C:7554.75 V:1402.0
  📈 Trend: strong_bullish | 🌍 Regime: ranging
  🗺️  Grid: 0.080% | 🔺 7553.50 🔻 7550.50
  📡 RSI: 59.6 | MACD: 0.37 | ATR: 1.79
  📊 Filled: 0 | Pending: 0
  🔲 Regime: RANGING | Range pos: 89% | RSI: 59.6
  💰 Daily P&L: $+0.00

[2026-06-30 13:08] O:7554.75 H:7555.25 L:7553.50 C:7555.00 V:1064.0
  📈 Trend: strong_bullish | 🌍 Regime: ranging
  🗺️  Grid: 0.080% | 🔺 7554.75 🔻 7551.25
  📡 RSI: 64.4 | MACD: 0.50 | ATR: 1.84
  📊 Filled: 0 | Pending: 0
  🔲 Regime: RANGING | Range pos: 90% | RSI: 64.4
  💰 Daily P&L: $+0.00

[2026-06-30 13:09] O:7555.00 H:7555.25 L:7553.75 C:7554.00 V:799.0
  📈 Trend: strong_bullish | 🌍 Regime: ranging
  🗺️  Grid: 0.080% | 🔺 7555.25 🔻 7553.50
  📡 RSI: 59.2 | MACD: 0.51 | ATR: 1.88
  📊 Filled: 0 | Pending: 0
  🔲 Regime: RANGING | Range pos: 88% | RSI: 59.2
  💰 Daily P&L: $+0.00

[2026-06-30 13:10] O:7553.75 H:7555.50 L:7553.75 C:7554.75 V:786.0
  📈 Trend: strong_bullish | 🌍 Regime: ranging
  🗺️  Grid: 0.080% | 🔺 7555.25 🔻 7553.75
  📡 RSI: 60.8 | MACD: 0.58 | ATR: 1.93
  📊 Filled: 0 | Pending: 0
  🔲 Regime: RANGING | Range pos: 89% | RSI: 60.8
  💰 Daily P&L: $+0.00

[2026-06-30 13:11] O:7555.00 H:7555.00 L:7554.00 C:7554.75 V:929.0
  📈 Trend: strong_bullish | 🌍 Regime: trending_bullish
  🗺️  Grid: 0.080% | 🔺 7555.50 🔻 7553.75
  📡 RSI: 59.2 | MACD: 0.62 | ATR: 1.89
  📊 Filled: 0 | Pending: 0
  💰 Daily P&L: $+0.00

[2026-06-30 13:12] O:7554.50 H:7554.50 L:7553.25 C:7553.75 V:844.0
  📈 Trend: strong_bullish | 🌍 Regime: trending_bullish
  🗺️  Grid: 0.080% | 🔺 7555.00 🔻 7554.00
  📡 RSI: 56.9 | MACD: 0.57 | ATR: 1.93
  📊 Filled: 0 | Pending: 0
  💰 Daily P&L: $+0.00

[2026-06-30 13:13] O:7553.75 H:7555.50 L:7553.25 C:7555.25 V:991.0
  📈 Trend: strong_bullish | 🌍 Regime: trending_bullish
  🗺️  Grid: 0.080% | 🔺 7554.50 🔻 7553.25
  📡 RSI: 61.4 | MACD: 0.65 | ATR: 2.04
  📊 Filled: 0 | Pending: 0
  💰 Daily P&L: $+0.00

[2026-06-30 13:14] O:7555.50 H:7555.75 L:7554.75 C:7555.00 V:685.0
  📈 Trend: strong_bullish | 🌍 Regime: trending_bullish
  🗺️  Grid: 0.080% | 🔺 7555.50 🔻 7553.25
  📡 RSI: 61.4 | MACD: 0.68 | ATR: 1.98
  📊 Filled: 0 | Pending: 0
  💰 Daily P&L: $+0.00

[2026-06-30 13:15] O:7555.25 H:7556.00 L:7554.75 C:7555.00 V:1490.0
  📈 Trend: strong_bullish | 🌍 Regime: trending_bullish
  🗺️  Grid: 0.080% | 🔺 7555.75 🔻 7554.75
  📡 RSI: 59.3 | MACD: 0.69 | ATR: 1.95
  📊 Filled: 0 | Pending: 0
  💰 Daily P&L: $+0.00

[2026-06-30 13:16] O:7555.25 H:7556.00 L:7555.00 C:7555.25 V:763.0
  📈 Trend: strong_bullish | 🌍 Regime: trending_bullish
  🗺️  Grid: 0.080% | 🔺 7556.00 🔻 7554.75
  📡 RSI: 52.2 | MACD: 0.72 | ATR: 1.84
  📊 Filled: 0 | Pending: 0
  💰 Daily P&L: $+0.00

[2026-06-30 13:17] O:7555.25 H:7555.50 L:7554.25 C:7555.00 V:1023.0
  📈 Trend: strong_bullish | 🌍 Regime: trending_bullish
  🗺️  Grid: 0.080% | 🔺 7556.00 🔻 7555.00
  📡 RSI: 52.2 | MACD: 0.71 | ATR: 1.84
  📊 Filled: 0 | Pending: 0
  💰 Daily P&L: $+0.00

[2026-06-30 13:18] O:7555.00 H:7555.75 L:7554.25 C:7555.75 V:795.0
  📈 Trend: strong_bullish | 🌍 Regime: trending_bullish
  🗺️  Grid: 0.080% | 🔺 7555.50 🔻 7554.25
  📡 RSI: 57.4 | MACD: 0.75 | ATR: 1.75
  📊 Filled: 0 | Pending: 0
  💰 Daily P&L: $+0.00

[2026-06-30 13:19] O:7556.00 H:7557.25 L:7555.50 C:7556.75 V:1097.0
  📈 Trend: strong_bullish | 🌍 Regime: trending_bullish
  🗺️  Grid: 0.080% | 🔺 7555.75 🔻 7554.25
  📡 RSI: 66.0 | MACD: 0.86 | ATR: 1.71
  📊 Filled: 0 | Pending: 0
  💰 Daily P&L: $+0.00

[2026-06-30 13:20] O:7557.00 H:7558.00 L:7556.75 C:7557.00 V:1374.0
  📈 Trend: strong_bullish | 🌍 Regime: trending_bullish
  🗺️  Grid: 0.080% | 🔺 7557.25 🔻 7555.50
  📡 RSI: 76.2 | MACD: 0.95 | ATR: 1.59
  📊 Filled: 0 | Pending: 0
  💰 Daily P&L: $+0.00

[2026-06-30 13:21] O:7556.75 H:7558.25 L:7556.50 C:7558.00 V:1190.0
  📈 Trend: strong_bullish | 🌍 Regime: trending_bullish
  🗺️  Grid: 0.080% | 🔺 7558.00 🔻 7556.75
  📡 RSI: 69.7 | MACD: 1.09 | ATR: 1.46
  📊 Filled: 0 | Pending: 0
  💰 Daily P&L: $+0.00

[2026-06-30 13:22] O:7558.00 H:7558.25 L:7556.75 C:7556.75 V:864.0
  📈 Trend: strong_bullish | 🌍 Regime: trending_bullish
  🗺️  Grid: 0.080% | 🔺 7558.25 🔻 7556.50
  📡 RSI: 59.5 | MACD: 1.09 | ATR: 1.45
  📊 Filled: 0 | Pending: 0
  💰 Daily P&L: $+0.00

[2026-06-30 13:23] O:7557.00 H:7557.75 L:7556.50 C:7557.25 V:934.0
  📈 Trend: strong_bullish | 🌍 Regime: trending_bullish
  🗺️  Grid: 0.080% | 🔺 7558.25 🔻 7556.75
  📡 RSI: 68.6 | MACD: 1.12 | ATR: 1.43
  📊 Filled: 0 | Pending: 0
  💰 Daily P&L: $+0.00

[2026-06-30 13:24] O:7557.50 H:7557.50 L:7556.00 C:7556.00 V:773.0
  📈 Trend: strong_bullish | 🌍 Regime: trending_bullish
  🗺️  Grid: 0.080% | 🔺 7557.75 🔻 7556.50
  📡 RSI: 56.8 | MACD: 1.03 | ATR: 1.41
  📊 Filled: 0 | Pending: 0
  💰 Daily P&L: $+0.00

[2026-06-30 13:25] O:7556.25 H:7556.50 L:7555.75 C:7556.00 V:1231.0
  📈 Trend: strong_bullish | 🌍 Regime: trending_bullish
  🗺️  Grid: 0.080% | 🔺 7557.50 🔻 7556.00
  📡 RSI: 56.8 | MACD: 0.94 | ATR: 1.39
  📊 Filled: 0 | Pending: 0
  💰 Daily P&L: $+0.00

[2026-06-30 13:26] O:7556.25 H:7556.50 L:7555.00 C:7555.50 V:1149.0
  📈 Trend: strong_bullish | 🌍 Regime: trending_bullish
  🗺️  Grid: 0.080% | 🔺 7556.50 🔻 7555.75
  📡 RSI: 60.0 | MACD: 0.83 | ATR: 1.39
  📊 Filled: 0 | Pending: 0
  💰 Daily P&L: $+0.00

[2026-06-30 13:27] O:7555.50 H:7555.50 L:7554.50 C:7554.75 V:1073.0
  📈 Trend: strong_bullish (raw: moderate_bullish) | 🌍 Regime: trending_bullish
  🗺️  Grid: 0.080% | 🔺 7556.50 🔻 7555.00
  📡 RSI: 46.9 | MACD: 0.67 | ATR: 1.30
  📊 Filled: 0 | Pending: 0
  💰 Daily P&L: $+0.00

[2026-06-30 13:28] O:7554.75 H:7556.00 L:7554.50 C:7555.00 V:1252.0
  📈 Trend: strong_bullish | 🌍 Regime: trending_bullish
  🗺️  Grid: 0.080% | 🔺 7555.50 🔻 7554.50
  📡 RSI: 50.0 | MACD: 0.56 | ATR: 1.34
  📊 Filled: 0 | Pending: 0
  💰 Daily P&L: $+0.00

[2026-06-30 13:29] O:7555.25 H:7555.50 L:7554.75 C:7555.25 V:799.0
  📈 Trend: strong_bullish | 🌍 Regime: trending_bullish
  🗺️  Grid: 0.080% | 🔺 7556.00 🔻 7554.50
  📡 RSI: 51.5 | MACD: 0.48 | ATR: 1.30
  📊 Filled: 0 | Pending: 0
  💰 Daily P&L: $+0.00

[2026-06-30 13:30] O:7555.50 H:7556.00 L:7553.50 C:7554.00 V:1207.0
  📈 Trend: strong_bullish (raw: moderate_bullish) | 🌍 Regime: ranging
  🗺️  Grid: 0.080% | 🔺 7555.50 🔻 7554.75
  📡 RSI: 43.2 | MACD: 0.32 | ATR: 1.41
  📊 Filled: 0 | Pending: 0
  🔲 Regime: RANGING | Range pos: 88% | RSI: 43.2
  💰 Daily P&L: $+0.00

[2026-06-30 13:31] O:7554.00 H:7554.75 L:7553.50 C:7554.00 V:921.0
  📈 Trend: strong_bullish | 🌍 Regime: ranging
  🗺️  Grid: 0.080% | 🔺 7556.00 🔻 7553.50
  📡 RSI: 44.4 | MACD: 0.18 | ATR: 1.41
  📊 Filled: 0 | Pending: 0
  🔲 Regime: RANGING | Range pos: 88% | RSI: 44.4
  💰 Daily P&L: $+0.00

[2026-06-30 13:32] O:7554.00 H:7555.50 L:7553.75 C:7553.75 V:1150.0
  📈 Trend: strong_bullish (raw: moderate_bullish) | 🌍 Regime: ranging
  🗺️  Grid: 0.080% | 🔺 7554.75 🔻 7553.50
  📡 RSI: 38.2 | MACD: 0.06 | ATR: 1.43
  📊 Filled: 0 | Pending: 0
  🔲 Regime: RANGING | Range pos: 87% | RSI: 38.2
  💰 Daily P&L: $+0.00

[2026-06-30 13:33] O:7553.75 H:7554.25 L:7553.25 C:7554.00 V:813.0
  📈 Trend: moderate_bullish | 🌍 Regime: ranging
  🗺️  Grid: 0.080% | 🔺 7555.50 🔻 7553.75
  📡 RSI: 32.3 | MACD: -0.02 | ATR: 1.38
  📊 Filled: 0 | Pending: 0
  🔲 Regime: RANGING | Range pos: 88% | RSI: 32.3
  💰 Daily P&L: $+0.00

[2026-06-30 13:34] O:7554.00 H:7554.50 L:7553.75 C:7554.25 V:844.0
  📈 Trend: moderate_bullish | 🌍 Regime: ranging
  🗺️  Grid: 0.080% | 🔺 7554.25 🔻 7553.25
  📡 RSI: 32.3 | MACD: -0.06 | ATR: 1.34
  📊 Filled: 0 | Pending: 0
  🔲 Regime: RANGING | Range pos: 88% | RSI: 32.3
  💰 Daily P&L: $+0.00

[2026-06-30 13:35] O:7554.25 H:7555.50 L:7554.25 C:7555.25 V:858.0
  📈 Trend: moderate_bullish | 🌍 Regime: ranging
  🗺️  Grid: 0.080% | 🔺 7554.50 🔻 7553.75
  📡 RSI: 32.3 | MACD: -0.01 | ATR: 1.30
  📊 Filled: 0 | Pending: 0
  🔲 Regime: RANGING | Range pos: 91% | RSI: 32.3
  💰 Daily P&L: $+0.00

[2026-06-30 13:36] O:7555.25 H:7556.00 L:7554.75 C:7555.00 V:827.0
  📈 Trend: moderate_bullish | 🌍 Regime: ranging
  🗺️  Grid: 0.080% | 🔺 7555.50 🔻 7554.25
  📡 RSI: 37.0 | MACD: 0.00 | ATR: 1.29
  📊 Filled: 0 | Pending: 0
  🔲 Regime: RANGING | Range pos: 90% | RSI: 37.0
  💰 Daily P&L: $+0.00

[2026-06-30 13:37] O:7554.75 H:7555.50 L:7554.00 C:7555.25 V:715.0
  📈 Trend: moderate_bullish | 🌍 Regime: ranging
  🗺️  Grid: 0.080% | 🔺 7556.00 🔻 7554.75
  📡 RSI: 34.6 | MACD: 0.04 | ATR: 1.30
  📊 Filled: 0 | Pending: 0
  🔲 Regime: RANGING | Range pos: 91% | RSI: 34.6
  💰 Daily P&L: $+0.00

[2026-06-30 13:38] O:7555.25 H:7555.50 L:7554.50 C:7554.75 V:807.0
  📈 Trend: moderate_bullish | 🌍 Regime: ranging
  🗺️  Grid: 0.080% | 🔺 7555.50 🔻 7554.00
  📡 RSI: 39.1 | MACD: 0.02 | ATR: 1.27
  📊 Filled: 0 | Pending: 0
  🔲 Regime: RANGING | Range pos: 89% | RSI: 39.1
  💰 Daily P&L: $+0.00

[2026-06-30 13:39] O:7555.00 H:7555.25 L:7554.50 C:7554.75 V:680.0
  📈 Trend: moderate_bullish | 🌍 Regime: ranging
  🗺️  Grid: 0.080% | 🔺 7555.50 🔻 7554.50
  📡 RSI: 39.1 | MACD: 0.01 | ATR: 1.27
  📊 Filled: 0 | Pending: 0
  🔲 Regime: RANGING | Range pos: 89% | RSI: 39.1
  💰 Daily P&L: $+0.00

[2026-06-30 13:40] O:7554.75 H:7556.75 L:7554.75 C:7556.75 V:1138.0
  📈 Trend: moderate_bullish (raw: strong_bullish) | 🌍 Regime: ranging
  🗺️  Grid: 0.080% | 🔺 7555.25 🔻 7554.50
  📡 RSI: 58.6 | MACD: 0.16 | ATR: 1.30
  📊 Filled: 0 | Pending: 0
  🔲 Regime: RANGING | Range pos: 94% | RSI: 58.6
  💰 Daily P&L: $+0.00

[2026-06-30 13:41] O:7556.50 H:7557.00 L:7556.25 C:7557.00 V:942.0
  📈 Trend: strong_bullish | 🌍 Regime: ranging
  🗺️  Grid: 0.080% | 🔺 7556.75 🔻 7554.75
  📡 RSI: 66.7 | MACD: 0.30 | ATR: 1.29
  📊 Filled: 0 | Pending: 0
  🔲 Regime: RANGING | Range pos: 95% | RSI: 66.7
  💰 Daily P&L: $+0.00

[2026-06-30 13:42] O:7557.00 H:7557.00 L:7555.75 C:7556.75 V:679.0
  📈 Trend: strong_bullish | 🌍 Regime: ranging
  🗺️  Grid: 0.080% | 🔺 7557.00 🔻 7556.25
  📡 RSI: 63.0 | MACD: 0.38 | ATR: 1.27
  📊 Filled: 0 | Pending: 0
  🔲 Regime: RANGING | Range pos: 94% | RSI: 63.0
  💰 Daily P&L: $+0.00

[2026-06-30 13:43] O:7557.00 H:7558.00 L:7556.75 C:7557.75 V:1456.0
  📈 Trend: strong_bullish | 🌍 Regime: ranging
  🗺️  Grid: 0.080% | 🔺 7557.00 🔻 7555.75
  📡 RSI: 66.7 | MACD: 0.52 | ATR: 1.30
  📊 Filled: 0 | Pending: 0
  🔲 Regime: RANGING | Range pos: 96% | RSI: 66.7
  💰 Daily P&L: $+0.00

[2026-06-30 13:44] O:7558.00 H:7558.25 L:7557.00 C:7557.25 V:968.0
  📈 Trend: strong_bullish | 🌍 Regime: ranging
  🗺️  Grid: 0.080% | 🔺 7558.00 🔻 7556.75
  📡 RSI: 74.1 | MACD: 0.59 | ATR: 1.21
  📊 Filled: 0 | Pending: 0
  🔲 Regime: RANGING | Range pos: 95% | RSI: 74.1
  🚫 Raw trend blocks RANGING SHORT | raw: strong_bullish
  💰 Daily P&L: $+0.00

[2026-06-30 13:45] O:7557.00 H:7557.50 L:7556.00 C:7556.50 V:1466.0
  📈 Trend: strong_bullish | 🌍 Regime: ranging
  🗺️  Grid: 0.080% | 🔺 7558.25 🔻 7557.00
  📡 RSI: 66.7 | MACD: 0.57 | ATR: 1.23
  📊 Filled: 0 | Pending: 0
  🔲 Regime: RANGING | Range pos: 94% | RSI: 66.7
  💰 Daily P&L: $+0.00

[2026-06-30 13:46] O:7556.75 H:7557.00 L:7555.75 C:7556.25 V:1389.0
  📈 Trend: strong_bullish | 🌍 Regime: ranging
  🗺️  Grid: 0.080% | 🔺 7557.50 🔻 7556.00
  📡 RSI: 66.7 | MACD: 0.53 | ATR: 1.20
  📊 Filled: 0 | Pending: 0
  🔲 Regime: RANGING | Range pos: 93% | RSI: 66.7
  💰 Daily P&L: $+0.00

[2026-06-30 13:47] O:7556.25 H:7557.50 L:7556.00 C:7557.25 V:788.0
  📈 Trend: strong_bullish | 🌍 Regime: ranging
  🗺️  Grid: 0.080% | 🔺 7557.00 🔻 7555.75
  📡 RSI: 69.7 | MACD: 0.58 | ATR: 1.23
  📊 Filled: 0 | Pending: 0
  🔲 Regime: RANGING | Range pos: 95% | RSI: 69.7
  💰 Daily P&L: $+0.00

[2026-06-30 13:48] O:7557.25 H:7560.25 L:7557.25 C:7560.25 V:2088.0
  📈 Trend: strong_bullish | 🌍 Regime: ranging
  🗺️  Grid: 0.080% | 🔺 7557.50 🔻 7556.00
  📡 RSI: 77.3 | MACD: 0.84 | ATR: 1.39
  📊 Filled: 0 | Pending: 0
  🔲 Regime: RANGING | Range pos: 100% | RSI: 77.3
  🚫 Raw trend blocks RANGING SHORT | raw: strong_bullish
  💰 Daily P&L: $+0.00

[2026-06-30 13:49] O:7560.25 H:7561.00 L:7559.25 C:7560.75 V:1753.0
  📈 Trend: strong_bullish | 🌍 Regime: ranging
  🗺️  Grid: 0.080% | 🔺 7560.25 🔻 7557.25
  📡 RSI: 76.2 | MACD: 1.08 | ATR: 1.43
  📊 Filled: 0 | Pending: 0
  🔲 Regime: RANGING | Range pos: 99% | RSI: 76.2
  🚫 Raw trend blocks RANGING SHORT | raw: strong_bullish
  💰 Daily P&L: $+0.00

[2026-06-30 13:50] O:7560.75 H:7561.75 L:7560.00 C:7561.50 V:1406.0
  📈 Trend: strong_bullish | 🌍 Regime: ranging
  🗺️  Grid: 0.080% | 🔺 7561.00 🔻 7559.25
  📡 RSI: 79.5 | MACD: 1.32 | ATR: 1.46
  📊 Filled: 0 | Pending: 0
  🔲 Regime: RANGING | Range pos: 99% | RSI: 79.5
  🚫 Raw trend blocks RANGING SHORT | raw: strong_bullish
  💰 Daily P&L: $+0.00

[2026-06-30 13:51] O:7561.75 H:7561.75 L:7559.75 C:7560.50 V:1665.0
  📈 Trend: strong_bullish | 🌍 Regime: ranging
  🗺️  Grid: 0.080% | 🔺 7561.75 🔻 7560.00
  📡 RSI: 72.3 | MACD: 1.40 | ATR: 1.50
  📊 Filled: 0 | Pending: 0
  🔲 Regime: RANGING | Range pos: 97% | RSI: 72.3
  🚫 Raw trend blocks RANGING SHORT | raw: strong_bullish
  💰 Daily P&L: $+0.00

[2026-06-30 13:52] O:7560.25 H:7560.50 L:7559.50 C:7560.00 V:844.0
  📈 Trend: strong_bullish | 🌍 Regime: ranging
  🗺️  Grid: 0.080% | 🔺 7561.75 🔻 7559.75
  📡 RSI: 72.3 | MACD: 1.42 | ATR: 1.50
  📊 Filled: 0 | Pending: 0
  🔲 Regime: RANGING | Range pos: 96% | RSI: 72.3
  🚫 Raw trend blocks RANGING SHORT | raw: strong_bullish
  💰 Daily P&L: $+0.00

[2026-06-30 13:53] O:7559.75 H:7560.75 L:7559.75 C:7560.75 V:1011.0
  📈 Trend: strong_bullish | 🌍 Regime: ranging
  🗺️  Grid: 0.080% | 🔺 7560.50 🔻 7559.50
  📡 RSI: 74.0 | MACD: 1.47 | ATR: 1.52
  📊 Filled: 0 | Pending: 0
  🔲 Regime: RANGING | Range pos: 98% | RSI: 74.0
  🚫 Raw trend blocks RANGING SHORT | raw: strong_bullish
  💰 Daily P&L: $+0.00

[2026-06-30 13:54] O:7560.50 H:7560.50 L:7557.25 C:7558.50 V:2136.0
  📈 Trend: strong_bullish | 🌍 Regime: ranging
  🗺️  Grid: 0.080% | 🔺 7560.75 🔻 7559.75
  📡 RSI: 56.9 | MACD: 1.32 | ATR: 1.62
  📊 Filled: 0 | Pending: 0
  🔲 Regime: RANGING | Range pos: 93% | RSI: 56.9
  💰 Daily P&L: $+0.00

[2026-06-30 13:55] O:7558.75 H:7559.50 L:7558.25 C:7559.00 V:1201.0
  📈 Trend: strong_bullish | 🌍 Regime: ranging
  🗺️  Grid: 0.080% | 🔺 7560.50 🔻 7557.25
  📡 RSI: 57.7 | MACD: 1.22 | ATR: 1.66
  📊 Filled: 0 | Pending: 0
  🔲 Regime: RANGING | Range pos: 94% | RSI: 57.7
  💰 Daily P&L: $+0.00

[2026-06-30 13:56] O:7559.25 H:7560.75 L:7558.75 C:7560.00 V:1410.0
  📈 Trend: strong_bullish | 🌍 Regime: ranging
  🗺️  Grid: 0.080% | 🔺 7559.50 🔻 7558.25
  📡 RSI: 61.8 | MACD: 1.22 | ATR: 1.71
  📊 Filled: 0 | Pending: 0
  🔲 Regime: RANGING | Range pos: 96% | RSI: 61.8
  💰 Daily P&L: $+0.00

[2026-06-30 13:57] O:7560.25 H:7560.75 L:7559.50 C:7560.00 V:823.0
  📈 Trend: strong_bullish | 🌍 Regime: ranging
  🗺️  Grid: 0.080% | 🔺 7560.75 🔻 7558.75
  📡 RSI: 58.8 | MACD: 1.19 | ATR: 1.71
  📊 Filled: 0 | Pending: 0
  🔲 Regime: RANGING | Range pos: 96% | RSI: 58.8
  💰 Daily P&L: $+0.00

[2026-06-30 13:58] O:7560.00 H:7560.25 L:7559.00 C:7559.75 V:959.0
  📈 Trend: strong_bullish | 🌍 Regime: ranging
  🗺️  Grid: 0.080% | 🔺 7560.75 🔻 7559.50
  📡 RSI: 60.0 | MACD: 1.15 | ATR: 1.71
  📊 Filled: 0 | Pending: 0
  🔲 Regime: RANGING | Range pos: 96% | RSI: 60.0
  💰 Daily P&L: $+0.00

[2026-06-30 13:59] O:7559.50 H:7559.75 L:7558.25 C:7558.75 V:1225.0
  📈 Trend: strong_bullish | 🌍 Regime: ranging
  🗺️  Grid: 0.080% | 🔺 7560.25 🔻 7559.00
  📡 RSI: 58.8 | MACD: 1.01 | ATR: 1.71
  📊 Filled: 0 | Pending: 0
  🔲 Regime: RANGING | Range pos: 93% | RSI: 58.8
  💰 Daily P&L: $+0.00

[2026-06-30 14:00] O:7558.75 H:7559.50 L:7558.25 C:7559.00 V:1716.0
  📈 Trend: strong_bullish | 🌍 Regime: trending_bullish
  🗺️  Grid: 0.080% | 🔺 7559.75 🔻 7558.25
  📡 RSI: 60.8 | MACD: 0.92 | ATR: 1.71
  📊 Filled: 0 | Pending: 0
  💰 Daily P&L: $+0.00

[2026-06-30 14:01] O:7559.00 H:7561.00 L:7559.00 C:7560.50 V:1636.0
  📈 Trend: strong_bullish | 🌍 Regime: trending_bullish
  🗺️  Grid: 0.080% | 🔺 7559.50 🔻 7558.25
  📡 RSI: 62.3 | MACD: 0.95 | ATR: 1.75
  📊 Filled: 0 | Pending: 0
  💰 Daily P&L: $+0.00

[2026-06-30 14:02] O:7560.50 H:7561.25 L:7560.25 C:7560.75 V:960.0
  📈 Trend: strong_bullish | 🌍 Regime: trending_bullish
  🗺️  Grid: 0.080% | 🔺 7561.00 🔻 7559.00
  📡 RSI: 52.4 | MACD: 0.99 | ATR: 1.61
  📊 Filled: 0 | Pending: 0
  💰 Daily P&L: $+0.00

[2026-06-30 14:03] O:7560.75 H:7560.75 L:7559.50 C:7560.00 V:878.0
  📈 Trend: strong_bullish | 🌍 Regime: trending_bullish
  🗺️  Grid: 0.080% | 🔺 7561.25 🔻 7560.25
  📡 RSI: 46.5 | MACD: 0.95 | ATR: 1.57
  📊 Filled: 0 | Pending: 0
  💰 Daily P&L: $+0.00

[2026-06-30 14:04] O:7560.00 H:7560.25 L:7559.25 C:7559.50 V:951.0
  📈 Trend: strong_bullish | 🌍 Regime: trending_bullish
  🗺️  Grid: 0.080% | 🔺 7560.75 🔻 7559.50
  📡 RSI: 40.5 | MACD: 0.86 | ATR: 1.52
  📊 Filled: 0 | Pending: 0
  💰 Daily P&L: $+0.00

[2026-06-30 14:05] O:7559.75 H:7560.25 L:7559.25 C:7559.25 V:1002.0
  📈 Trend: strong_bullish | 🌍 Regime: trending_bullish
  🗺️  Grid: 0.080% | 🔺 7560.25 🔻 7559.25
  📡 RSI: 43.6 | MACD: 0.77 | ATR: 1.45
  📊 Filled: 0 | Pending: 0
  💰 Daily P&L: $+0.00

[2026-06-30 14:06] O:7559.25 H:7559.75 L:7558.50 C:7559.00 V:1673.0
  📈 Trend: strong_bullish | 🌍 Regime: trending_bullish
  🗺️  Grid: 0.080% | 🔺 7560.25 🔻 7559.25
  📡 RSI: 44.7 | MACD: 0.66 | ATR: 1.46
  📊 Filled: 0 | Pending: 0
  💰 Daily P&L: $+0.00

[2026-06-30 14:07] O:7559.25 H:7559.75 L:7558.50 C:7559.75 V:946.0
  📈 Trend: strong_bullish (raw: moderate_bullish) | 🌍 Regime: trending_bullish
  🗺️  Grid: 0.080% | 🔺 7559.75 🔻 7558.50
  📡 RSI: 44.7 | MACD: 0.63 | ATR: 1.48
  📊 Filled: 0 | Pending: 0
  💰 Daily P&L: $+0.00

[2026-06-30 14:08] O:7559.75 H:7563.00 L:7559.50 C:7562.50 V:2603.0
  📈 Trend: strong_bullish | 🌍 Regime: trending_bullish
  🗺️  Grid: 0.080% | 🔺 7559.75 🔻 7558.50
  📡 RSI: 70.0 | MACD: 0.82 | ATR: 1.48
  📊 Filled: 0 | Pending: 0
  💰 Daily P&L: $+0.00

[2026-06-30 14:09] O:7562.50 H:7563.25 L:7562.00 C:7562.25 V:1209.0
  📈 Trend: strong_bullish | 🌍 Regime: trending_bullish
  🗺️  Grid: 0.080% | 🔺 7563.00 🔻 7559.50
  📡 RSI: 66.7 | MACD: 0.94 | ATR: 1.48
  📊 Filled: 0 | Pending: 0
  💰 Daily P&L: $+0.00

[2026-06-30 14:10] O:7562.25 H:7562.25 L:7560.50 C:7562.00 V:1640.0
  📈 Trend: strong_bullish | 🌍 Regime: trending_bullish
  🗺️  Grid: 0.080% | 🔺 7563.25 🔻 7562.00
  📡 RSI: 61.1 | MACD: 1.01 | ATR: 1.46
  📊 Filled: 0 | Pending: 0
  💰 Daily P&L: $+0.00

[2026-06-30 14:11] O:7562.00 H:7564.50 L:7561.75 C:7563.00 V:2325.0
  📈 Trend: strong_bullish | 🌍 Regime: trending_bullish
  🗺️  Grid: 0.080% | 🔺 7562.25 🔻 7560.50
  📡 RSI: 65.0 | MACD: 1.12 | ATR: 1.57
  📊 Filled: 0 | Pending: 0
  💰 Daily P&L: $+0.00

[2026-06-30 14:12] O:7563.00 H:7564.00 L:7563.00 C:7563.50 V:1012.0
  📈 Trend: strong_bullish | 🌍 Regime: trending_bullish
  🗺️  Grid: 0.080% | 🔺 7564.50 🔻 7561.75
  📡 RSI: 68.3 | MACD: 1.24 | ATR: 1.55
  📊 Filled: 0 | Pending: 0
  💰 Daily P&L: $+0.00

[2026-06-30 14:13] O:7563.50 H:7564.75 L:7563.25 C:7564.75 V:1235.0
  📈 Trend: strong_bullish | 🌍 Regime: trending_bullish
  🗺️  Grid: 0.080% | 🔺 7564.00 🔻 7563.00
  📡 RSI: 78.6 | MACD: 1.42 | ATR: 1.55
  📊 Filled: 0 | Pending: 0
  💰 Daily P&L: $+0.00

[2026-06-30 14:14] O:7564.50 H:7565.00 L:7564.00 C:7564.50 V:1257.0
  📈 Trend: strong_bullish | 🌍 Regime: trending_bullish
  🗺️  Grid: 0.080% | 🔺 7564.75 🔻 7563.25
  📡 RSI: 76.2 | MACD: 1.53 | ATR: 1.54
  📊 Filled: 0 | Pending: 0
  💰 Daily P&L: $+0.00

[2026-06-30 14:15] O:7564.50 H:7565.00 L:7563.50 C:7564.00 V:1118.0
  📈 Trend: strong_bullish | 🌍 Regime: trending_bullish
  🗺️  Grid: 0.080% | 🔺 7565.00 🔻 7564.00
  📡 RSI: 68.4 | MACD: 1.55 | ATR: 1.50
  📊 Filled: 0 | Pending: 0
  💰 Daily P&L: $+0.00

[2026-06-30 14:16] O:7564.00 H:7565.00 L:7563.75 C:7565.00 V:1240.0
  📈 Trend: strong_bullish | 🌍 Regime: trending_bullish
  🗺️  Grid: 0.080% | 🔺 7565.00 🔻 7563.50
  📡 RSI: 70.7 | MACD: 1.63 | ATR: 1.52
  📊 Filled: 0 | Pending: 0
  💰 Daily P&L: $+0.00

[2026-06-30 14:17] O:7564.75 H:7567.00 L:7564.75 C:7566.25 V:2824.0
  📈 Trend: strong_bullish | 🌍 Regime: trending_bullish
  🗺️  Grid: 0.080% | 🔺 7565.00 🔻 7563.75
  📡 RSI: 79.1 | MACD: 1.77 | ATR: 1.59
  📊 Filled: 0 | Pending: 0
  💰 Daily P&L: $+0.00

[2026-06-30 14:18] O:7566.25 H:7567.75 L:7565.25 C:7565.25 V:2653.0
  📈 Trend: strong_bullish | 🌍 Regime: trending_bullish
  🗺️  Grid: 0.080% | 🔺 7567.00 🔻 7564.75
  📡 RSI: 75.6 | MACD: 1.79 | ATR: 1.70
  📊 Filled: 0 | Pending: 0
  💰 Daily P&L: $+0.00

[2026-06-30 14:19] O:7565.25 H:7566.00 L:7563.25 C:7563.50 V:2422.0
  📈 Trend: strong_bullish | 🌍 Regime: trending_bullish
  🗺️  Grid: 0.080% | 🔺 7567.75 🔻 7565.25
  📡 RSI: 66.7 | MACD: 1.64 | ATR: 1.82
  📊 Filled: 0 | Pending: 0
  💰 Daily P&L: $+0.00

[2026-06-30 14:20] O:7563.75 H:7564.75 L:7563.75 C:7564.50 V:2115.0
  📈 Trend: strong_bullish | 🌍 Regime: trending_bullish
  🗺️  Grid: 0.080% | 🔺 7566.00 🔻 7563.25
  📡 RSI: 70.4 | MACD: 1.58 | ATR: 1.82
  📊 Filled: 0 | Pending: 0
  💰 Daily P&L: $+0.00

[2026-06-30 14:21] O:7564.25 H:7565.25 L:7562.75 C:7562.75 V:1766.0
  📈 Trend: strong_bullish | 🌍 Regime: trending_bullish
  🗺️  Grid: 0.080% | 🔺 7564.75 🔻 7563.75
  📡 RSI: 60.3 | MACD: 1.38 | ATR: 1.91
  📊 Filled: 0 | Pending: 0
  💰 Daily P&L: $+0.00

[2026-06-30 14:22] O:7562.75 H:7564.75 L:7562.00 C:7564.25 V:2237.0
  📈 Trend: strong_bullish | 🌍 Regime: trending_bullish
  🗺️  Grid: 0.080% | 🔺 7565.25 🔻 7562.75
  📡 RSI: 56.6 | MACD: 1.33 | ATR: 1.86
  📊 Filled: 0 | Pending: 0
  💰 Daily P&L: $+0.00

[2026-06-30 14:23] O:7564.25 H:7565.00 L:7564.25 C:7564.75 V:1040.0
  📈 Trend: strong_bullish | 🌍 Regime: trending_bullish
  🗺️  Grid: 0.080% | 🔺 7564.75 🔻 7562.00
  📡 RSI: 59.3 | MACD: 1.31 | ATR: 1.82
  📊 Filled: 0 | Pending: 0
  💰 Daily P&L: $+0.00

[2026-06-30 14:24] O:7564.50 H:7564.75 L:7563.00 C:7563.50 V:1642.0
  📈 Trend: strong_bullish | 🌍 Regime: trending_bullish
  🗺️  Grid: 0.080% | 🔺 7565.00 🔻 7564.25
  📡 RSI: 55.2 | MACD: 1.18 | ATR: 1.82
  📊 Filled: 0 | Pending: 0
  💰 Daily P&L: $+0.00

[2026-06-30 14:25] O:7563.25 H:7564.00 L:7562.75 C:7563.25 V:1316.0
  📈 Trend: strong_bullish | 🌍 Regime: trending_bullish
  🗺️  Grid: 0.080% | 🔺 7564.75 🔻 7563.00
  📡 RSI: 50.9 | MACD: 1.05 | ATR: 1.71
  📊 Filled: 0 | Pending: 0
  💰 Daily P&L: $+0.00

[2026-06-30 14:26] O:7563.50 H:7563.50 L:7562.00 C:7563.00 V:1511.0
  📈 Trend: strong_bullish | 🌍 Regime: trending_bullish
  🗺️  Grid: 0.080% | 🔺 7564.00 🔻 7562.75
  📡 RSI: 48.1 | MACD: 0.91 | ATR: 1.75
  📊 Filled: 0 | Pending: 0
  💰 Daily P&L: $+0.00

[2026-06-30 14:27] O:7563.00 H:7563.50 L:7562.25 C:7563.25 V:1197.0
  📈 Trend: strong_bullish | 🌍 Regime: trending_bullish
  🗺️  Grid: 0.080% | 🔺 7563.50 🔻 7562.00
  📡 RSI: 44.0 | MACD: 0.81 | ATR: 1.73
  📊 Filled: 0 | Pending: 0
  💰 Daily P&L: $+0.00

[2026-06-30 14:28] O:7563.25 H:7563.50 L:7561.25 C:7561.25 V:2493.0
  📈 Trend: strong_bullish (raw: moderate_bullish) | 🌍 Regime: trending_bullish
  🗺️  Grid: 0.080% | 🔺 7563.50 🔻 7562.25
  📡 RSI: 38.6 | MACD: 0.57 | ATR: 1.82
  📊 Filled: 0 | Pending: 0
  💰 Daily P&L: $+0.00

[2026-06-30 14:29] O:7561.25 H:7561.75 L:7560.25 C:7561.50 V:2317.0
  📈 Trend: moderate_bullish | 🌍 Regime: trending_bullish
  🗺️  Grid: 0.080% | 🔺 7563.50 🔻 7561.25
  📡 RSI: 41.1 | MACD: 0.39 | ATR: 1.82
  📊 Filled: 0 | Pending: 0
  💰 Daily P&L: $+0.00

[2026-06-30 14:30] O:7561.50 H:7562.00 L:7560.00 C:7560.25 V:2484.0
  📈 Trend: moderate_bullish | 🌍 Regime: trending_bullish
  🗺️  Grid: 0.080% | 🔺 7561.75 🔻 7560.25
  📡 RSI: 33.3 | MACD: 0.14 | ATR: 1.88
  📊 Filled: 0 | Pending: 0
  🕐 Outside session (14:30 CT) — no entries
  💰 Daily P&L: $+0.00

[2026-06-30 14:31] O:7560.50 H:7561.00 L:7559.25 C:7560.50 V:3184.0
  📈 Trend: moderate_bullish | 🌍 Regime: trending_bullish
  🗺️  Grid: 0.080% | 🔺 7562.00 🔻 7560.00
  📡 RSI: 28.3 | MACD: -0.03 | ATR: 1.84
  📊 Filled: 0 | Pending: 0
  🕐 Outside session (14:31 CT) — no entries
  💰 Daily P&L: $+0.00

[2026-06-30 14:32] O:7560.50 H:7561.75 L:7560.00 C:7560.75 V:2144.0
  📈 Trend: moderate_bullish | 🌍 Regime: trending_bullish
  🗺️  Grid: 0.080% | 🔺 7561.00 🔻 7559.25
  📡 RSI: 32.0 | MACD: -0.14 | ATR: 1.79
  📊 Filled: 0 | Pending: 0
  🕐 Outside session (14:32 CT) — no entries
  💰 Daily P&L: $+0.00

[2026-06-30 14:33] O:7560.50 H:7561.25 L:7560.25 C:7560.50 V:1035.0
  📈 Trend: moderate_bullish | 🌍 Regime: trending_bullish
  🗺️  Grid: 0.080% | 🔺 7561.75 🔻 7560.00
  📡 RSI: 36.4 | MACD: -0.25 | ATR: 1.66
  📊 Filled: 0 | Pending: 0
  🕐 Outside session (14:33 CT) — no entries
  💰 Daily P&L: $+0.00

[2026-06-30 14:34] O:7560.50 H:7560.75 L:7558.50 C:7558.75 V:1955.0
  📈 Trend: moderate_bullish | 🌍 Regime: trending_bullish
  🗺️  Grid: 0.080% | 🔺 7561.25 🔻 7560.25
  📡 RSI: 25.5 | MACD: -0.47 | ATR: 1.73
  📊 Filled: 0 | Pending: 0
  🕐 Outside session (14:34 CT) — no entries
  💰 Daily P&L: $+0.00

[2026-06-30 14:35] O:7558.50 H:7559.00 L:7557.25 C:7557.25 V:2355.0
  📈 Trend: moderate_bullish | 🌍 Regime: trending_bullish
  🗺️  Grid: 0.080% | 🔺 7560.75 🔻 7558.50
  📡 RSI: 26.1 | MACD: -0.76 | ATR: 1.68
  📊 Filled: 0 | Pending: 0
  🕐 Outside session (14:35 CT) — no entries
  💰 Daily P&L: $+0.00

[2026-06-30 14:36] O:7557.00 H:7557.25 L:7555.00 C:7556.00 V:3932.0
  📈 Trend: moderate_bullish | 🌍 Regime: trending_bullish
  🗺️  Grid: 0.080% | 🔺 7559.00 🔻 7557.25
  📡 RSI: 13.3 | MACD: -1.08 | ATR: 1.64
  📊 Filled: 0 | Pending: 0
  🕐 Outside session (14:36 CT) — no entries
  💰 Daily P&L: $+0.00

[2026-06-30 14:37] O:7556.00 H:7556.50 L:7554.50 C:7555.00 V:2213.0
  📈 Trend: moderate_bullish | 🌍 Regime: trending_bullish
  🗺️  Grid: 0.080% | 🔺 7557.25 🔻 7555.00
  📡 RSI: 8.5 | MACD: -1.39 | ATR: 1.73
  📊 Filled: 0 | Pending: 0
  🕐 Outside session (14:37 CT) — no entries
  💰 Daily P&L: $+0.00

[2026-06-30 14:38] O:7554.75 H:7556.75 L:7554.75 C:7555.25 V:2706.0
  📈 Trend: moderate_bullish (raw: strong_bearish) | 🌍 Regime: trending_bearish
  🗺️  Grid: 0.080% | 🔺 7556.50 🔻 7554.50
  📡 RSI: 11.6 | MACD: -1.61 | ATR: 1.75
  📊 Filled: 0 | Pending: 0
  🕐 Outside session (14:38 CT) — no entries
  💰 Daily P&L: $+0.00

[2026-06-30 14:39] O:7555.50 H:7556.75 L:7554.25 C:7556.25 V:2260.0
  📈 Trend: strong_bearish | 🌍 Regime: trending_bearish
  🗺️  Grid: 0.080% | 🔺 7556.75 🔻 7554.75
  📡 RSI: 19.6 | MACD: -1.67 | ATR: 1.84
  📊 Filled: 0 | Pending: 0
  🕐 Outside session (14:39 CT) — no entries
  💰 Daily P&L: $+0.00

[2026-06-30 14:40] O:7556.00 H:7557.75 L:7555.00 C:7555.50 V:3652.0
  📈 Trend: strong_bearish | 🌍 Regime: trending_bearish
  🗺️  Grid: 0.080% | 🔺 7556.75 🔻 7554.25
  📡 RSI: 18.8 | MACD: -1.77 | ATR: 1.93
  📊 Filled: 0 | Pending: 0
  🕐 Outside session (14:40 CT) — no entries
  💰 Daily P&L: $+0.00

[2026-06-30 14:41] O:7555.50 H:7556.50 L:7555.25 C:7556.00 V:1871.0
  📈 Trend: strong_bearish | 🌍 Regime: trending_bearish
  🗺️  Grid: 0.080% | 🔺 7557.75 🔻 7555.00
  📡 RSI: 20.4 | MACD: -1.78 | ATR: 1.93
  📊 Filled: 0 | Pending: 0
  🕐 Outside session (14:41 CT) — no entries
  💰 Daily P&L: $+0.00

[2026-06-30 14:42] O:7555.75 H:7557.00 L:7555.50 C:7556.25 V:1846.0
  📈 Trend: strong_bearish | 🌍 Regime: trending_bearish
  🗺️  Grid: 0.080% | 🔺 7556.50 🔻 7555.25
  📡 RSI: 26.2 | MACD: -1.75 | ATR: 1.88
  📊 Filled: 0 | Pending: 0
  🕐 Outside session (14:42 CT) — no entries
  💰 Daily P&L: $+0.00

[2026-06-30 14:43] O:7556.25 H:7556.50 L:7554.75 C:7555.50 V:1816.0
  📈 Trend: strong_bearish | 🌍 Regime: trending_bearish
  🗺️  Grid: 0.080% | 🔺 7557.00 🔻 7555.50
  📡 RSI: 22.7 | MACD: -1.77 | ATR: 1.89
  📊 Filled: 0 | Pending: 0
  🕐 Outside session (14:43 CT) — no entries
  💰 Daily P&L: $+0.00

[2026-06-30 14:44] O:7555.50 H:7558.25 L:7555.50 C:7558.00 V:1931.0
  📈 Trend: strong_bearish | 🌍 Regime: trending_bearish
  🗺️  Grid: 0.080% | 🔺 7556.50 🔻 7554.75
  📡 RSI: 40.8 | MACD: -1.56 | ATR: 1.95
  📊 Filled: 0 | Pending: 0
  🕐 Outside session (14:44 CT) — no entries
  💰 Daily P&L: $+0.00

[2026-06-30 14:45] O:7558.00 H:7560.25 L:7555.00 C:7555.00 V:4559.0
  📈 Trend: strong_bearish | 🌍 Regime: trending_bearish
  🗺️  Grid: 0.080% | 🔺 7558.25 🔻 7555.50
  📡 RSI: 31.7 | MACD: -1.62 | ATR: 2.20
  📊 Filled: 0 | Pending: 0
  🕐 Outside session (14:45 CT) — no entries
  💰 Daily P&L: $+0.00

[2026-06-30 14:46] O:7555.00 H:7557.00 L:7554.75 C:7556.50 V:2816.0
  📈 Trend: strong_bearish | 🌍 Regime: trending_bearish
  🗺️  Grid: 0.080% | 🔺 7560.25 🔻 7555.00
  📡 RSI: 36.9 | MACD: -1.53 | ATR: 2.23
  📊 Filled: 0 | Pending: 0
  🕐 Outside session (14:46 CT) — no entries
  💰 Daily P&L: $+0.00

[2026-06-30 14:47] O:7556.50 H:7556.75 L:7555.00 C:7555.50 V:1909.0
  📈 Trend: strong_bearish | 🌍 Regime: trending_bearish
  🗺️  Grid: 0.080% | 🔺 7557.00 🔻 7554.75
  📡 RSI: 35.3 | MACD: -1.52 | ATR: 2.29
  📊 Filled: 0 | Pending: 0
  🕐 Outside session (14:47 CT) — no entries
  💰 Daily P&L: $+0.00

[2026-06-30 14:48] O:7555.50 H:7556.50 L:7555.00 C:7556.00 V:1945.0
  📈 Trend: strong_bearish (raw: moderate_bearish) | 🌍 Regime: trending_bearish
  🗺️  Grid: 0.080% | 🔺 7556.75 🔻 7555.00
  📡 RSI: 41.3 | MACD: -1.46 | ATR: 2.23
  📊 Filled: 0 | Pending: 0
  🕐 Outside session (14:48 CT) — no entries
  💰 Daily P&L: $+0.00

[2026-06-30 14:49] O:7556.25 H:7557.00 L:7555.50 C:7555.50 V:2354.0
  📈 Trend: moderate_bearish | 🌍 Regime: trending_bearish
  🗺️  Grid: 0.080% | 🔺 7556.50 🔻 7555.00
  📡 RSI: 44.1 | MACD: -1.43 | ATR: 2.21
  📊 Filled: 0 | Pending: 0
  🕐 Outside session (14:49 CT) — no entries
  💰 Daily P&L: $+0.00

[2026-06-30 14:50] O:7555.25 H:7556.00 L:7553.25 C:7553.50 V:6560.0
  📈 Trend: moderate_bearish (raw: strong_bearish) | 🌍 Regime: trending_bearish
  🗺️  Grid: 0.080% | 🔺 7557.00 🔻 7555.50
  📡 RSI: 41.9 | MACD: -1.55 | ATR: 2.25
  📊 Filled: 0 | Pending: 0
  🕐 Outside session (14:50 CT) — no entries
  💰 Daily P&L: $+0.00

[2026-06-30 14:51] O:7553.50 H:7556.00 L:7553.25 C:7555.50 V:3574.0
  📈 Trend: moderate_bearish | 🌍 Regime: ranging
  🗺️  Grid: 0.080% | 🔺 7556.00 🔻 7553.25
  📡 RSI: 51.5 | MACD: -1.47 | ATR: 2.30
  📊 Filled: 0 | Pending: 0
  🕐 Outside session (14:51 CT) — no entries
  💰 Daily P&L: $+0.00

[2026-06-30 14:52] O:7555.50 H:7557.00 L:7554.75 C:7555.25 V:4379.0
  📈 Trend: moderate_bearish | 🌍 Regime: ranging
  🗺️  Grid: 0.080% | 🔺 7556.00 🔻 7553.25
  📡 RSI: 50.0 | MACD: -1.41 | ATR: 2.32
  📊 Filled: 0 | Pending: 0
  🕐 Outside session (14:52 CT) — no entries
  💰 Daily P&L: $+0.00

[2026-06-30 14:53] O:7555.25 H:7559.75 L:7554.50 C:7559.50 V:5075.0
  📈 Trend: moderate_bearish (raw: moderate_bullish) | 🌍 Regime: ranging
  🗺️  Grid: 0.080% | 🔺 7557.00 🔻 7554.75
  📡 RSI: 58.2 | MACD: -1.01 | ATR: 2.52
  📊 Filled: 0 | Pending: 0
  🕐 Outside session (14:53 CT) — no entries
  💰 Daily P&L: $+0.00

[2026-06-30 14:54] O:7559.25 H:7561.00 L:7558.50 C:7560.25 V:6199.0
  📈 Trend: moderate_bullish | 🌍 Regime: ranging
  🗺️  Grid: 0.080% | 🔺 7559.75 🔻 7554.50
  📡 RSI: 62.0 | MACD: -0.62 | ATR: 2.50
  📊 Filled: 0 | Pending: 0
  🕐 Outside session (14:54 CT) — no entries
  💰 Daily P&L: $+0.00

[2026-06-30 14:55] O:7560.25 H:7564.00 L:7559.50 C:7560.50 V:9434.0
  📈 Trend: moderate_bullish | 🌍 Regime: ranging
  🗺️  Grid: 0.080% | 🔺 7561.00 🔻 7558.50
  📡 RSI: 61.5 | MACD: -0.29 | ATR: 2.73
  📊 Filled: 0 | Pending: 0
  🕐 Outside session (14:55 CT) — no entries
  💰 Daily P&L: $+0.00

[2026-06-30 14:56] O:7560.25 H:7562.00 L:7560.00 C:7561.50 V:6582.0
  📈 Trend: moderate_bullish (raw: strong_bullish) | 🌍 Regime: ranging
  🗺️  Grid: 0.080% | 🔺 7564.00 🔻 7559.50
  📡 RSI: 63.0 | MACD: 0.05 | ATR: 2.77
  📊 Filled: 0 | Pending: 0
  🕐 Outside session (14:56 CT) — no entries
  💰 Daily P&L: $+0.00

[2026-06-30 14:57] O:7561.50 H:7564.00 L:7561.50 C:7562.75 V:9587.0
  📈 Trend: strong_bullish | 🌍 Regime: ranging
  🗺️  Grid: 0.080% | 🔺 7562.00 🔻 7560.00
  📡 RSI: 67.5 | MACD: 0.42 | ATR: 2.82
  📊 Filled: 0 | Pending: 0
  🕐 Outside session (14:57 CT) — no entries
  💰 Daily P&L: $+0.00

[2026-06-30 14:58] O:7562.75 H:7563.75 L:7556.00 C:7556.50 V:24761.0
  📈 Trend: strong_bullish | 🌍 Regime: ranging
  🗺️  Grid: 0.080% | 🔺 7564.00 🔻 7561.50
  📡 RSI: 46.9 | MACD: 0.20 | ATR: 3.18
  📊 Filled: 0 | Pending: 0
  🕐 Outside session (14:58 CT) — no entries
  💰 Daily P&L: $+0.00

[2026-06-30 14:59] O:7556.50 H:7558.75 L:7544.50 C:7545.00 V:133636.0
  📈 Trend: strong_bullish (raw: strong_bearish) | 🌍 Regime: ranging
  🗺️  Grid: 0.080% | 🔺 7563.75 🔻 7556.00
  📡 RSI: 34.8 | MACD: -0.88 | ATR: 3.82
  📊 Filled: 0 | Pending: 0
  🕐 Outside session (14:59 CT) — no entries
  💰 Daily P&L: $+0.00

[2026-06-30 15:00] O:7544.75 H:7550.50 L:7540.75 C:7549.50 V:29133.0
  📈 Trend: strong_bearish | 🌍 Regime: ranging
  🗺️  Grid: 0.080% | 🔺 7558.75 🔻 7544.50
  📡 RSI: 40.3 | MACD: -1.37 | ATR: 4.36
  📊 Filled: 0 | Pending: 0
  🕐 Outside session (15:00 CT) — no entries
  💰 Daily P&L: $+0.00

[2026-06-30 15:01] O:7549.75 H:7552.50 L:7548.25 C:7551.50 V:5508.0
  📈 Trend: strong_bearish | 🌍 Regime: ranging
  🗺️  Grid: 0.080% | 🔺 7550.50 🔻 7540.75
  📡 RSI: 44.6 | MACD: -1.57 | ATR: 4.54
  📊 Filled: 0 | Pending: 0
  🕐 Outside session (15:01 CT) — no entries
  💰 Daily P&L: $+0.00

[2026-06-30 15:02] O:7551.50 H:7551.75 L:7549.50 C:7550.00 V:3728.0
  📈 Trend: strong_bearish | 🌍 Regime: ranging
  🗺️  Grid: 0.080% | 🔺 7552.50 🔻 7548.25
  📡 RSI: 42.1 | MACD: -1.83 | ATR: 4.59
  📊 Filled: 0 | Pending: 0
  🕐 Outside session (15:02 CT) — no entries
  💰 Daily P&L: $+0.00

[2026-06-30 15:03] O:7550.00 H:7551.75 L:7549.00 C:7549.75 V:2431.0
  📈 Trend: strong_bearish | 🌍 Regime: ranging
  🗺️  Grid: 0.080% | 🔺 7551.75 🔻 7549.50
  📡 RSI: 42.4 | MACD: -2.04 | ATR: 4.68
  📊 Filled: 0 | Pending: 0
  🕐 Outside session (15:03 CT) — no entries
  💰 Daily P&L: $+0.00

[2026-06-30 15:04] O:7550.00 H:7552.00 L:7549.25 C:7551.50 V:2894.0
  📈 Trend: strong_bearish | 🌍 Regime: ranging
  🗺️  Grid: 0.080% | 🔺 7551.75 🔻 7549.00
  📡 RSI: 47.3 | MACD: -2.04 | ATR: 4.68
  📊 Filled: 0 | Pending: 0
  🕐 Outside session (15:04 CT) — no entries
  💰 Daily P&L: $+0.00

[2026-06-30 15:05] O:7551.50 H:7553.25 L:7549.25 C:7549.50 V:3366.0
  📈 Trend: strong_bearish | 🌍 Regime: ranging
  🗺️  Grid: 0.080% | 🔺 7552.00 🔻 7549.25
  📡 RSI: 42.0 | MACD: -2.17 | ATR: 4.77
  📊 Filled: 0 | Pending: 0
  🕐 Outside session (15:05 CT) — no entries
  💰 Daily P&L: $+0.00

[2026-06-30 15:06] O:7549.25 H:7550.75 L:7548.00 C:7550.50 V:2230.0
  📈 Trend: strong_bearish | 🌍 Regime: ranging
  🗺️  Grid: 0.080% | 🔺 7553.25 🔻 7549.25
  📡 RSI: 43.8 | MACD: -2.17 | ATR: 4.80
  📊 Filled: 0 | Pending: 0
  🕐 Outside session (15:06 CT) — no entries
  💰 Daily P&L: $+0.00

[2026-06-30 15:07] O:7550.25 H:7551.75 L:7550.00 C:7551.00 V:1583.0
  📈 Trend: strong_bearish | 🌍 Regime: ranging
  🗺️  Grid: 0.080% | 🔺 7550.75 🔻 7548.00
  📡 RSI: 37.7 | MACD: -2.11 | ATR: 4.55
  📊 Filled: 0 | Pending: 0
  🕐 Outside session (15:07 CT) — no entries
  💰 Daily P&L: $+0.00

[2026-06-30 15:08] O:7551.00 H:7551.50 L:7549.00 C:7549.75 V:2023.0
  📈 Trend: strong_bearish | 🌍 Regime: ranging
  🗺️  Grid: 0.080% | 🔺 7551.75 🔻 7550.00
  📡 RSI: 35.0 | MACD: -2.13 | ATR: 4.55
  📊 Filled: 0 | Pending: 0
  🕐 Outside session (15:08 CT) — no entries
  💰 Daily P&L: $+0.00

[2026-06-30 15:09] O:7549.75 H:7550.50 L:7549.50 C:7550.00 V:758.0
  📈 Trend: strong_bearish | 🌍 Regime: ranging
  🗺️  Grid: 0.080% | 🔺 7551.50 🔻 7549.00
  📡 RSI: 35.0 | MACD: -2.11 | ATR: 4.30
  📊 Filled: 0 | Pending: 0
  🕐 Outside session (15:09 CT) — no entries
  💰 Daily P&L: $+0.00

[2026-06-30 15:10] O:7550.00 H:7550.00 L:7548.00 C:7548.50 V:1539.0
  📈 Trend: strong_bearish | 🌍 Regime: trending_bearish
  🗺️  Grid: 0.080% | 🔺 7550.50 🔻 7549.50
  📡 RSI: 31.7 | MACD: -2.18 | ATR: 4.30
  📊 Filled: 0 | Pending: 0
  🕐 Outside session (15:10 CT) — no entries
  💰 Daily P&L: $+0.00

[2026-06-30 15:11] O:7548.75 H:7549.00 L:7542.00 C:7543.00 V:5613.0
  📈 Trend: strong_bearish | 🌍 Regime: trending_bearish
  🗺️  Grid: 0.080% | 🔺 7550.00 🔻 7548.00
  📡 RSI: 25.2 | MACD: -2.66 | ATR: 4.62
  📊 Filled: 0 | Pending: 0
  🕐 Outside session (15:11 CT) — no entries
  💰 Daily P&L: $+0.00

[2026-06-30 15:12] O:7543.25 H:7546.50 L:7543.00 C:7545.00 V:2278.0
  📈 Trend: strong_bearish | 🌍 Regime: trending_bearish
  🗺️  Grid: 0.080% | 🔺 7549.00 🔻 7542.00
  📡 RSI: 33.8 | MACD: -2.84 | ATR: 4.32
  📊 Filled: 0 | Pending: 0
  🕐 Outside session (15:12 CT) — no entries
  💰 Daily P&L: $+0.00

[2026-06-30 15:13] O:7545.00 H:7545.50 L:7543.75 C:7544.75 V:1508.0
  📈 Trend: strong_bearish | 🌍 Regime: ranging
  🗺️  Grid: 0.080% | 🔺 7546.50 🔻 7543.00
  📡 RSI: 49.5 | MACD: -2.97 | ATR: 3.43
  📊 Filled: 0 | Pending: 0
  🕐 Outside session (15:13 CT) — no entries
  💰 Daily P&L: $+0.00

[2026-06-30 15:14] O:7544.75 H:7546.00 L:7544.25 C:7545.25 V:925.0
  📈 Trend: strong_bearish | 🌍 Regime: ranging
  🗺️  Grid: 0.080% | 🔺 7545.50 🔻 7543.75
  📡 RSI: 39.5 | MACD: -3.00 | ATR: 2.86
  📊 Filled: 0 | Pending: 0
  🕐 Outside session (15:14 CT) — no entries
  💰 Daily P&L: $+0.00

[2026-06-30 15:15] O:7545.25 H:7546.50 L:7544.75 C:7545.75 V:829.0
  📈 Trend: strong_bearish | 🌍 Regime: trending_bearish
  🗺️  Grid: 0.080% | 🔺 7546.00 🔻 7544.25
  📡 RSI: 34.7 | MACD: -2.94 | ATR: 2.68
  📊 Filled: 0 | Pending: 0
  🕐 Outside session (15:15 CT) — no entries
  💰 Daily P&L: $+0.00

[2026-06-30 15:16] O:7545.50 H:7545.75 L:7542.50 C:7543.00 V:927.0
  📈 Trend: strong_bearish | 🌍 Regime: trending_bearish
  🗺️  Grid: 0.080% | 🔺 7546.50 🔻 7544.75
  📡 RSI: 32.5 | MACD: -3.09 | ATR: 2.75
  📊 Filled: 0 | Pending: 0
  🕐 Outside session (15:16 CT) — no entries
  💰 Daily P&L: $+0.00

[2026-06-30 15:17] O:7543.00 H:7545.25 L:7543.00 C:7544.25 V:719.0
  📈 Trend: strong_bearish | 🌍 Regime: trending_bearish
  🗺️  Grid: 0.080% | 🔺 7545.75 🔻 7542.50
  📡 RSI: 36.9 | MACD: -3.07 | ATR: 2.71
  📊 Filled: 0 | Pending: 0
  🕐 Outside session (15:17 CT) — no entries
  💰 Daily P&L: $+0.00

[2026-06-30 15:18] O:7544.25 H:7547.00 L:7544.25 C:7545.75 V:598.0
  📈 Trend: strong_bearish | 🌍 Regime: trending_bearish
  🗺️  Grid: 0.080% | 🔺 7545.25 🔻 7543.00
  📡 RSI: 36.1 | MACD: -2.90 | ATR: 2.71
  📊 Filled: 0 | Pending: 0
  🕐 Outside session (15:18 CT) — no entries
  💰 Daily P&L: $+0.00

[2026-06-30 15:19] O:7546.00 H:7546.00 L:7543.75 C:7543.75 V:518.0
  📈 Trend: strong_bearish | 🌍 Regime: trending_bearish
  🗺️  Grid: 0.080% | 🔺 7547.00 🔻 7544.25
  📡 RSI: 36.1 | MACD: -2.89 | ATR: 2.59
  📊 Filled: 0 | Pending: 0
  🕐 Outside session (15:19 CT) — no entries
  💰 Daily P&L: $+0.00

[2026-06-30 15:20] O:7543.75 H:7544.00 L:7543.00 C:7543.25 V:628.0
  📈 Trend: strong_bearish | 🌍 Regime: trending_bearish
  🗺️  Grid: 0.080% | 🔺 7546.00 🔻 7543.75
  📡 RSI: 32.1 | MACD: -2.89 | ATR: 2.46
  📊 Filled: 0 | Pending: 0
  🕐 Outside session (15:20 CT) — no entries
  💰 Daily P&L: $+0.00

[2026-06-30 15:21] O:7543.25 H:7543.50 L:7542.00 C:7543.00 V:599.0
  📈 Trend: strong_bearish | 🌍 Regime: trending_bearish
  🗺️  Grid: 0.080% | 🔺 7544.00 🔻 7543.00
  📡 RSI: 30.0 | MACD: -2.88 | ATR: 2.45
  📊 Filled: 0 | Pending: 0
  🕐 Outside session (15:21 CT) — no entries
  💰 Daily P&L: $+0.00

[2026-06-30 15:22] O:7543.00 H:7543.00 L:7541.00 C:7542.75 V:1090.0
  📈 Trend: strong_bearish | 🌍 Regime: trending_bearish
  🗺️  Grid: 0.080% | 🔺 7543.50 🔻 7542.00
  📡 RSI: 31.6 | MACD: -2.86 | ATR: 2.41
  📊 Filled: 0 | Pending: 0
  🕐 Outside session (15:22 CT) — no entries
  💰 Daily P&L: $+0.00

[2026-06-30 15:23] O:7542.75 H:7543.00 L:7542.25 C:7542.50 V:344.0
  📈 Trend: strong_bearish | 🌍 Regime: trending_bearish
  🗺️  Grid: 0.080% | 🔺 7543.00 🔻 7541.00
  📡 RSI: 30.3 | MACD: -2.83 | ATR: 2.39
  📊 Filled: 0 | Pending: 0
  🕐 Outside session (15:23 CT) — no entries
  💰 Daily P&L: $+0.00

[2026-06-30 15:24] O:7542.50 H:7543.00 L:7542.25 C:7542.75 V:207.0
  📈 Trend: strong_bearish | 🌍 Regime: trending_bearish
  🗺️  Grid: 0.080% | 🔺 7543.00 🔻 7542.25
  📡 RSI: 33.8 | MACD: -2.75 | ATR: 2.30
  📊 Filled: 0 | Pending: 0
  🕐 Outside session (15:24 CT) — no entries
  💰 Daily P&L: $+0.00

[2026-06-30 15:25] O:7542.75 H:7542.75 L:7542.25 C:7542.50 V:270.0
  📈 Trend: strong_bearish | 🌍 Regime: trending_bearish
  🗺️  Grid: 0.080% | 🔺 7543.00 🔻 7542.25
  📡 RSI: 48.0 | MACD: -2.68 | ATR: 1.84
  📊 Filled: 0 | Pending: 0
  🕐 Outside session (15:25 CT) — no entries
  💰 Daily P&L: $+0.00

[2026-06-30 15:26] O:7542.50 H:7543.00 L:7542.50 C:7543.00 V:303.0
  📈 Trend: strong_bearish | 🌍 Regime: trending_bearish
  🗺️  Grid: 0.080% | 🔺 7542.75 🔻 7542.25
  📡 RSI: 40.9 | MACD: -2.55 | ATR: 1.62
  📊 Filled: 0 | Pending: 0
  🕐 Outside session (15:26 CT) — no entries
  💰 Daily P&L: $+0.00

[2026-06-30 15:27] O:7543.00 H:7543.25 L:7542.50 C:7543.25 V:296.0
  📈 Trend: strong_bearish | 🌍 Regime: trending_bearish
  🗺️  Grid: 0.080% | 🔺 7543.00 🔻 7542.50
  📡 RSI: 43.2 | MACD: -2.40 | ATR: 1.55
  📊 Filled: 0 | Pending: 0
  🕐 Outside session (15:27 CT) — no entries
  💰 Daily P&L: $+0.00

[2026-06-30 15:28] O:7543.25 H:7543.50 L:7542.00 C:7542.75 V:303.0
  📈 Trend: strong_bearish | 🌍 Regime: trending_bearish
  🗺️  Grid: 0.080% | 🔺 7543.25 🔻 7542.50
  📡 RSI: 38.6 | MACD: -2.30 | ATR: 1.54
  📊 Filled: 0 | Pending: 0
  🕐 Outside session (15:28 CT) — no entries
  💰 Daily P&L: $+0.00

[2026-06-30 15:29] O:7543.00 H:7543.25 L:7542.50 C:7542.50 V:383.0
  📈 Trend: strong_bearish | 🌍 Regime: trending_bearish
  🗺️  Grid: 0.080% | 🔺 7543.50 🔻 7542.00
  📡 RSI: 34.9 | MACD: -2.21 | ATR: 1.46
  📊 Filled: 0 | Pending: 0
  🕐 Outside session (15:29 CT) — no entries
  💰 Daily P&L: $+0.00

[2026-06-30 15:30] O:7542.75 H:7543.75 L:7542.25 C:7543.50 V:365.0
  📈 Trend: strong_bearish (raw: moderate_bearish) | 🌍 Regime: trending_bearish
  🗺️  Grid: 0.080% | 🔺 7543.25 🔻 7542.50
  📡 RSI: 52.8 | MACD: -2.04 | ATR: 1.34
  📊 Filled: 0 | Pending: 0
  🕐 Outside session (15:30 CT) — no entries
  💰 Daily P&L: $+0.00

[2026-06-30 15:31] O:7543.50 H:7543.50 L:7541.50 C:7541.75 V:478.0
  📈 Trend: strong_bearish | 🌍 Regime: trending_bearish
  🗺️  Grid: 0.080% | 🔺 7543.75 🔻 7542.25
  📡 RSI: 36.8 | MACD: -2.02 | ATR: 1.32
  📊 Filled: 0 | Pending: 0
  🕐 Outside session (15:31 CT) — no entries
  💰 Daily P&L: $+0.00

[2026-06-30 15:32] O:7542.00 H:7542.50 L:7541.75 C:7542.25 V:209.0
  📈 Trend: strong_bearish | 🌍 Regime: trending_bearish
  🗺️  Grid: 0.080% | 🔺 7543.50 🔻 7541.50
  📡 RSI: 29.4 | MACD: -1.94 | ATR: 1.18
  📊 Filled: 0 | Pending: 0
  🕐 Outside session (15:32 CT) — no entries
  💰 Daily P&L: $+0.00

[2026-06-30 15:33] O:7542.25 H:7543.00 L:7542.25 C:7542.50 V:316.0
  📈 Trend: strong_bearish | 🌍 Regime: trending_bearish
  🗺️  Grid: 0.080% | 🔺 7542.50 🔻 7541.75
  📡 RSI: 40.7 | MACD: -1.84 | ATR: 1.07
  📊 Filled: 0 | Pending: 0
  🕐 Outside session (15:33 CT) — no entries
  💰 Daily P&L: $+0.00

[2026-06-30 15:34] O:7542.75 H:7542.75 L:7541.75 C:7542.00 V:214.0
  📈 Trend: strong_bearish | 🌍 Regime: trending_bearish
  🗺️  Grid: 0.080% | 🔺 7543.00 🔻 7542.25
  📡 RSI: 40.7 | MACD: -1.78 | ATR: 1.07
  📊 Filled: 0 | Pending: 0
  🕐 Outside session (15:34 CT) — no entries
  💰 Daily P&L: $+0.00

[2026-06-30 15:35] O:7542.00 H:7542.00 L:7541.50 C:7541.50 V:220.0
  📈 Trend: strong_bearish | 🌍 Regime: trending_bearish
  🗺️  Grid: 0.080% | 🔺 7542.75 🔻 7541.75
  📡 RSI: 39.3 | MACD: -1.75 | ATR: 1.00
  📊 Filled: 0 | Pending: 0
  🕐 Outside session (15:35 CT) — no entries
  💰 Daily P&L: $+0.00

[2026-06-30 15:36] O:7541.50 H:7541.75 L:7541.00 C:7541.50 V:195.0
  📈 Trend: strong_bearish | 🌍 Regime: trending_bearish
  🗺️  Grid: 0.080% | 🔺 7542.00 🔻 7541.50
  📡 RSI: 40.7 | MACD: -1.71 | ATR: 0.91
  📊 Filled: 0 | Pending: 0
  🕐 Outside session (15:36 CT) — no entries
  💰 Daily P&L: $+0.00

[2026-06-30 15:37] O:7541.25 H:7541.50 L:7541.00 C:7541.25 V:239.0
  📈 Trend: strong_bearish | 🌍 Regime: trending_bearish
  🗺️  Grid: 0.080% | 🔺 7541.75 🔻 7541.00
  📡 RSI: 40.7 | MACD: -1.67 | ATR: 0.89
  📊 Filled: 0 | Pending: 0
  🕐 Outside session (15:37 CT) — no entries
  💰 Daily P&L: $+0.00

[2026-06-30 15:38] O:7541.50 H:7542.50 L:7541.50 C:7542.00 V:310.0
  📈 Trend: strong_bearish | 🌍 Regime: trending_bearish
  🗺️  Grid: 0.080% | 🔺 7541.50 🔻 7541.00
  📡 RSI: 44.8 | MACD: -1.57 | ATR: 0.93
  📊 Filled: 0 | Pending: 0
  🕐 Outside session (15:38 CT) — no entries
  💰 Daily P&L: $+0.00

[2026-06-30 15:39] O:7542.00 H:7542.00 L:7541.50 C:7541.50 V:159.0
  📈 Trend: strong_bearish | 🌍 Regime: trending_bearish
  🗺️  Grid: 0.080% | 🔺 7542.50 🔻 7541.50
  📡 RSI: 43.3 | MACD: -1.51 | ATR: 0.93
  📊 Filled: 0 | Pending: 0
  🕐 Outside session (15:39 CT) — no entries
  💰 Daily P&L: $+0.00

[2026-06-30 15:40] O:7541.50 H:7541.50 L:7540.75 C:7541.25 V:233.0
