Logging to: es_bot_20260618_084915.log

============================================================
📈 MODE: SCALP
   • 10 contract(s) max
   • Grid entries only
   • Trailing stop enabled
   • SL: ~8 pts | TP: ~12 pts | Trail activates: +6 pts
   • Best for: Normal sessions, choppy/ranging opens
============================================================
✓ Connected to IBKR (paper) - clientId=10
✓ Front-month contract: ESU6 expiry=20260918

============================================================
Loading historical data for indicator warm-up...
============================================================
→ Fetching historical bars (1 D, 1 min)...
✓ Loaded 890 historical bars

Processing 890 historical bars...

Indicators ready!
  Bars loaded: 890
  Last price: 7558.75
  Trend: moderate_bullish
  RSI: 56.6
  ATR: 2.34
  MACD: 1.93 / Signal: 2.02
  MA: 7556.11 / 7550.66 / 7551.62

------------------------------------------------------------
Account Value: $1,021,520.14
Buying Power: $4,051,970.97
Current Position: 0 contracts
------------------------------------------------------------

============================================================
Starting live 1-minute bar stream...
Strategy is now ACTIVE (SCALP mode)
============================================================

→ Subscribed to 5-second real-time bars (aggregating to 1 min)

[2026-06-18 07:49] O:7558.75 H:7560.00 L:7557.50 C:7559.50 V:344.0
  📈 Trend: sideways (raw: moderate_bullish) | 🌍 Regime: trending_bullish
  🗺️  Grid: 0.080% | 🔺 7559.00 🔻 7557.75
  📡 RSI: 56.6 | MACD: 2.00 | ATR: 2.39
  📊 Filled: 0 | Pending: 0
  🕐 Outside session (07:49 CT) — no entries
  💰 Daily P&L: $+0.00

[2026-06-18 07:50] O:7559.75 H:7560.25 L:7557.75 C:7558.50 V:744.0
  📈 Trend: moderate_bullish | 🌍 Regime: trending_bullish
  🗺️  Grid: 0.080% | 🔺 7560.00 🔻 7557.50
  📡 RSI: 51.3 | MACD: 1.96 | ATR: 2.39
  📊 Filled: 0 | Pending: 0
  🕐 Outside session (07:50 CT) — no entries
  💰 Daily P&L: $+0.00

[2026-06-18 07:51] O:7558.50 H:7559.00 L:7556.50 C:7558.00 V:527.0
  📈 Trend: moderate_bullish | 🌍 Regime: trending_bullish
  🗺️  Grid: 0.080% | 🔺 7560.25 🔻 7557.75
  📡 RSI: 56.5 | MACD: 1.86 | ATR: 2.36
  📊 Filled: 0 | Pending: 0
  🕐 Outside session (07:51 CT) — no entries
  💰 Daily P&L: $+0.00

[2026-06-18 07:52] O:7558.00 H:7558.75 L:7556.50 C:7558.75 V:531.0
  📈 Trend: moderate_bullish (raw: strong_bullish) | 🌍 Regime: trending_bullish
  🗺️  Grid: 0.080% | 🔺 7559.00 🔻 7556.50
  📡 RSI: 64.6 | MACD: 1.83 | ATR: 2.36
  📊 Filled: 0 | Pending: 0
  🕐 Outside session (07:52 CT) — no entries
  💰 Daily P&L: $+0.00

[2026-06-18 07:53] O:7558.75 H:7560.00 L:7557.75 C:7559.75 V:690.0
  📈 Trend: strong_bullish | 🌍 Regime: trending_bullish
  🗺️  Grid: 0.080% | 🔺 7558.75 🔻 7556.50
  📡 RSI: 65.2 | MACD: 1.86 | ATR: 2.41
  📊 Filled: 0 | Pending: 0
  🕐 Outside session (07:53 CT) — no entries
  💰 Daily P&L: $+0.00

[2026-06-18 07:54] O:7559.50 H:7560.00 L:7559.00 C:7559.50 V:281.0
  📈 Trend: strong_bullish | 🌍 Regime: trending_bullish
  🗺️  Grid: 0.080% | 🔺 7560.00 🔻 7557.75
  📡 RSI: 68.3 | MACD: 1.84 | ATR: 2.32
  📊 Filled: 0 | Pending: 0
  🕐 Outside session (07:54 CT) — no entries
  💰 Daily P&L: $+0.00

[2026-06-18 07:55] O:7559.50 H:7561.50 L:7559.25 C:7561.50 V:483.0
  📈 Trend: strong_bullish | 🌍 Regime: trending_bullish
  🗺️  Grid: 0.080% | 🔺 7560.00 🔻 7559.00
  📡 RSI: 60.8 | MACD: 1.97 | ATR: 2.04
  📊 Filled: 0 | Pending: 0
  🕐 Outside session (07:55 CT) — no entries
  💰 Daily P&L: $+0.00

[2026-06-18 07:56] O:7561.50 H:7561.75 L:7559.50 C:7561.00 V:636.0
  📈 Trend: strong_bullish | 🌍 Regime: trending_bullish
  🗺️  Grid: 0.080% | 🔺 7561.50 🔻 7559.25
  📡 RSI: 73.8 | MACD: 2.00 | ATR: 1.98
  📊 Filled: 0 | Pending: 0
  🕐 Outside session (07:56 CT) — no entries
  💰 Daily P&L: $+0.00

[2026-06-18 07:57] O:7561.00 H:7564.50 L:7560.75 C:7563.75 V:1071.0
  📈 Trend: strong_bullish | 🌍 Regime: trending_bullish
  🗺️  Grid: 0.080% | 🔺 7561.75 🔻 7559.50
  📡 RSI: 82.4 | MACD: 2.23 | ATR: 2.11
  📊 Filled: 0 | Pending: 0
  🕐 Outside session (07:57 CT) — no entries
  💰 Daily P&L: $+0.00

[2026-06-18 07:58] O:7563.75 H:7565.00 L:7562.50 C:7562.50 V:713.0
  📈 Trend: strong_bullish | 🌍 Regime: trending_bullish
  🗺️  Grid: 0.080% | 🔺 7564.50 🔻 7560.75
  📡 RSI: 73.6 | MACD: 2.28 | ATR: 2.14
  📊 Filled: 0 | Pending: 0
  🕐 Outside session (07:58 CT) — no entries
  💰 Daily P&L: $+0.00

[2026-06-18 07:59] O:7562.25 H:7562.50 L:7560.00 C:7560.50 V:592.0
  📈 Trend: strong_bullish | 🌍 Regime: trending_bullish
  🗺️  Grid: 0.080% | 🔺 7565.00 🔻 7562.50
  📡 RSI: 62.1 | MACD: 2.13 | ATR: 2.20
  📊 Filled: 0 | Pending: 0
  🕐 Outside session (07:59 CT) — no entries
  💰 Daily P&L: $+0.00

[2026-06-18 08:00] O:7560.50 H:7560.75 L:7558.50 C:7558.75 V:823.0
  📈 Trend: strong_bullish (raw: moderate_bullish) | 🌍 Regime: trending_bullish
  🗺️  Grid: 0.080% | 🔺 7562.50 🔻 7560.00
  📡 RSI: 54.0 | MACD: 1.85 | ATR: 2.25
  📊 Filled: 0 | Pending: 0
  🕐 Outside session (08:00 CT) — no entries
  💰 Daily P&L: $+0.00

[2026-06-18 08:01] O:7559.00 H:7559.00 L:7556.00 C:7556.25 V:887.0
  📈 Trend: strong_bullish | 🌍 Regime: trending_bullish
  🗺️  Grid: 0.080% | 🔺 7560.75 🔻 7558.50
  📡 RSI: 44.3 | MACD: 1.41 | ATR: 2.34
  📊 Filled: 0 | Pending: 0
  🕐 Outside session (08:01 CT) — no entries
  💰 Daily P&L: $+0.00

[2026-06-18 08:02] O:7556.50 H:7557.25 L:7555.25 C:7555.75 V:1117.0
  📈 Trend: strong_bullish | 🌍 Regime: trending_bullish
  🗺️  Grid: 0.080% | 🔺 7559.00 🔻 7556.00
  📡 RSI: 41.4 | MACD: 1.02 | ATR: 2.39
  📊 Filled: 0 | Pending: 0
  🕐 Outside session (08:02 CT) — no entries
  💰 Daily P&L: $+0.00

[2026-06-18 08:03] O:7555.75 H:7555.75 L:7552.00 C:7552.25 V:1510.0
  📈 Trend: strong_bullish (raw: moderate_bullish) | 🌍 Regime: ranging
  🗺️  Grid: 0.080% | 🔺 7557.25 🔻 7555.25
  📡 RSI: 32.1 | MACD: 0.41 | ATR: 2.48
  📊 Filled: 0 | Pending: 0
  🕐 Outside session (08:03 CT) — no entries
  💰 Daily P&L: $+0.00

[2026-06-18 08:04] O:7552.25 H:7552.50 L:7550.50 C:7551.50 V:1667.0
  📈 Trend: moderate_bullish | 🌍 Regime: ranging
  🗺️  Grid: 0.080% | 🔺 7555.75 🔻 7552.00
  📡 RSI: 32.5 | MACD: -0.13 | ATR: 2.45
  📊 Filled: 0 | Pending: 0
  🕐 Outside session (08:04 CT) — no entries
  💰 Daily P&L: $+0.00

[2026-06-18 08:05] O:7551.75 H:7553.50 L:7550.50 C:7552.50 V:1192.0
  📈 Trend: moderate_bullish | 🌍 Regime: ranging
  🗺️  Grid: 0.080% | 🔺 7552.50 🔻 7550.50
  📡 RSI: 36.6 | MACD: -0.47 | ATR: 2.48
  📊 Filled: 0 | Pending: 0
  🕐 Outside session (08:05 CT) — no entries
  💰 Daily P&L: $+0.00

[2026-06-18 08:06] O:7552.75 H:7555.50 L:7552.75 C:7553.50 V:1942.0
  📈 Trend: moderate_bullish | 🌍 Regime: ranging
  🗺️  Grid: 0.080% | 🔺 7553.50 🔻 7550.50
  📡 RSI: 37.3 | MACD: -0.65 | ATR: 2.54
  📊 Filled: 0 | Pending: 0
  🕐 Outside session (08:06 CT) — no entries
  💰 Daily P&L: $+0.00

[2026-06-18 08:07] O:7553.75 H:7555.25 L:7553.25 C:7554.75 V:1037.0
  📈 Trend: moderate_bullish | 🌍 Regime: ranging
  🗺️  Grid: 0.080% | 🔺 7555.50 🔻 7552.75
  📡 RSI: 38.1 | MACD: -0.68 | ATR: 2.52
  📊 Filled: 0 | Pending: 0
  🕐 Outside session (08:07 CT) — no entries
  💰 Daily P&L: $+0.00

[2026-06-18 08:08] O:7554.75 H:7556.00 L:7554.00 C:7556.00 V:1095.0
  📈 Trend: moderate_bullish | 🌍 Regime: ranging
  🗺️  Grid: 0.080% | 🔺 7555.25 🔻 7553.25
  📡 RSI: 42.0 | MACD: -0.60 | ATR: 2.59
  📊 Filled: 0 | Pending: 0
  🕐 Outside session (08:08 CT) — no entries
  💰 Daily P&L: $+0.00

[2026-06-18 08:09] O:7556.00 H:7557.00 L:7554.50 C:7554.50 V:935.0
  📈 Trend: moderate_bullish | 🌍 Regime: ranging
  🗺️  Grid: 0.080% | 🔺 7556.00 🔻 7554.00
  📡 RSI: 33.7 | MACD: -0.65 | ATR: 2.61
  📊 Filled: 0 | Pending: 0
  🕐 Outside session (08:09 CT) — no entries
  💰 Daily P&L: $+0.00

[2026-06-18 08:10] O:7554.50 H:7555.75 L:7553.50 C:7555.50 V:1204.0
  📈 Trend: moderate_bullish | 🌍 Regime: ranging
  🗺️  Grid: 0.080% | 🔺 7557.00 🔻 7554.50
  📡 RSI: 37.5 | MACD: -0.60 | ATR: 2.61
  📊 Filled: 0 | Pending: 0
  🕐 Outside session (08:10 CT) — no entries
  💰 Daily P&L: $+0.00

[2026-06-18 08:11] O:7555.50 H:7559.75 L:7555.50 C:7559.25 V:1582.0
  📈 Trend: moderate_bullish (raw: strong_bullish) | 🌍 Regime: ranging
  🗺️  Grid: 0.080% | 🔺 7555.75 🔻 7553.50
  📡 RSI: 40.2 | MACD: -0.26 | ATR: 2.64
  📊 Filled: 0 | Pending: 0
  🕐 Outside session (08:11 CT) — no entries
  💰 Daily P&L: $+0.00

[2026-06-18 08:12] O:7559.25 H:7560.50 L:7558.25 C:7560.25 V:923.0
  📈 Trend: strong_bullish | 🌍 Regime: ranging
  🗺️  Grid: 0.080% | 🔺 7559.75 🔻 7555.50
  📡 RSI: 45.1 | MACD: 0.09 | ATR: 2.62
  📊 Filled: 0 | Pending: 0
  🕐 Outside session (08:12 CT) — no entries
  💰 Daily P&L: $+0.00

[2026-06-18 08:13] O:7560.50 H:7562.75 L:7560.00 C:7561.25 V:1004.0
  📈 Trend: strong_bullish | 🌍 Regime: ranging
  🗺️  Grid: 0.080% | 🔺 7560.50 🔻 7558.25
  📡 RSI: 51.7 | MACD: 0.45 | ATR: 2.64
  📊 Filled: 0 | Pending: 0
  🕐 Outside session (08:13 CT) — no entries
  💰 Daily P&L: $+0.00

[2026-06-18 08:14] O:7561.25 H:7562.25 L:7560.00 C:7561.75 V:951.0
  📈 Trend: strong_bullish | 🌍 Regime: ranging
  🗺️  Grid: 0.080% | 🔺 7562.75 🔻 7560.00
  📡 RSI: 57.3 | MACD: 0.76 | ATR: 2.64
  📊 Filled: 0 | Pending: 0
  🕐 Outside session (08:14 CT) — no entries
  💰 Daily P&L: $+0.00

[2026-06-18 08:15] O:7561.75 H:7563.50 L:7561.25 C:7561.50 V:1106.0
  📈 Trend: strong_bullish | 🌍 Regime: ranging
  🗺️  Grid: 0.080% | 🔺 7562.25 🔻 7560.00
  📡 RSI: 64.4 | MACD: 0.97 | ATR: 2.59
  📊 Filled: 0 | Pending: 0
  🕐 Outside session (08:15 CT) — no entries
  💰 Daily P&L: $+0.00

[2026-06-18 08:16] O:7561.50 H:7564.50 L:7560.75 C:7563.50 V:1024.0
  📈 Trend: strong_bullish | 🌍 Regime: ranging
  🗺️  Grid: 0.080% | 🔺 7563.50 🔻 7561.25
  📡 RSI: 69.6 | MACD: 1.29 | ATR: 2.71
  📊 Filled: 0 | Pending: 0
  🕐 Outside session (08:16 CT) — no entries
  💰 Daily P&L: $+0.00

[2026-06-18 08:17] O:7563.50 H:7565.75 L:7563.25 C:7565.25 V:1282.0
  📈 Trend: strong_bullish | 🌍 Regime: ranging
  🗺️  Grid: 0.080% | 🔺 7564.50 🔻 7560.75
  📡 RSI: 86.1 | MACD: 1.67 | ATR: 2.62
  📊 Filled: 0 | Pending: 0
  🕐 Outside session (08:17 CT) — no entries
  💰 Daily P&L: $+0.00

[2026-06-18 08:18] O:7565.25 H:7566.25 L:7564.50 C:7564.50 V:866.0
  📈 Trend: strong_bullish | 🌍 Regime: ranging
  🗺️  Grid: 0.080% | 🔺 7565.75 🔻 7563.25
  📡 RSI: 86.1 | MACD: 1.88 | ATR: 2.61
  📊 Filled: 0 | Pending: 0
  🕐 Outside session (08:18 CT) — no entries
  💰 Daily P&L: $+0.00

[2026-06-18 08:19] O:7564.25 H:7564.75 L:7563.25 C:7563.75 V:823.0
  📈 Trend: strong_bullish | 🌍 Regime: ranging
  🗺️  Grid: 0.080% | 🔺 7566.25 🔻 7564.50
  📡 RSI: 81.7 | MACD: 1.97 | ATR: 2.50
  📊 Filled: 0 | Pending: 0
  🕐 Outside session (08:19 CT) — no entries
  💰 Daily P&L: $+0.00

[2026-06-18 08:20] O:7563.75 H:7564.25 L:7563.00 C:7564.00 V:1032.0
  📈 Trend: strong_bullish | 🌍 Regime: ranging
  🗺️  Grid: 0.080% | 🔺 7564.75 🔻 7563.25
  📡 RSI: 80.9 | MACD: 2.03 | ATR: 2.38
  📊 Filled: 0 | Pending: 0
  🕐 Outside session (08:20 CT) — no entries
  💰 Daily P&L: $+0.00

[2026-06-18 08:21] O:7564.00 H:7564.75 L:7563.25 C:7563.75 V:1006.0
  📈 Trend: strong_bullish | 🌍 Regime: ranging
  🗺️  Grid: 0.080% | 🔺 7564.25 🔻 7563.00
  📡 RSI: 78.1 | MACD: 2.04 | ATR: 2.34
  📊 Filled: 0 | Pending: 0
  🕐 Outside session (08:21 CT) — no entries
  💰 Daily P&L: $+0.00

[2026-06-18 08:22] O:7563.50 H:7566.25 L:7563.25 C:7565.50 V:872.0
  📈 Trend: strong_bullish | 🌍 Regime: ranging
  🗺️  Grid: 0.080% | 🔺 7564.75 🔻 7563.25
  📡 RSI: 78.8 | MACD: 2.16 | ATR: 2.41
  📊 Filled: 0 | Pending: 0
  🕐 Outside session (08:22 CT) — no entries
  💰 Daily P&L: $+0.00

[2026-06-18 08:23] O:7565.25 H:7567.75 L:7565.00 C:7567.25 V:1100.0
  📈 Trend: strong_bullish | 🌍 Regime: trending_bullish
  🗺️  Grid: 0.080% | 🔺 7566.25 🔻 7563.25
  📡 RSI: 88.1 | MACD: 2.37 | ATR: 2.43
  📊 Filled: 0 | Pending: 0
  🕐 Outside session (08:23 CT) — no entries
  💰 Daily P&L: $+0.00

[2026-06-18 08:24] O:7567.50 H:7567.50 L:7564.75 C:7565.50 V:1082.0
  📈 Trend: strong_bullish | 🌍 Regime: trending_bullish
  🗺️  Grid: 0.080% | 🔺 7567.75 🔻 7565.00
  📡 RSI: 78.6 | MACD: 2.37 | ATR: 2.46
  📊 Filled: 0 | Pending: 0
  🕐 Outside session (08:24 CT) — no entries
  💰 Daily P&L: $+0.00

[2026-06-18 08:25] O:7565.50 H:7576.50 L:7565.50 C:7576.00 V:5470.0
  📈 Trend: strong_bullish | 🌍 Regime: trending_bullish
  🗺️  Grid: 0.080% | 🔺 7567.50 🔻 7564.75
  📡 RSI: 84.5 | MACD: 3.18 | ATR: 2.95
  📊 Filled: 0 | Pending: 0
  🕐 Outside session (08:25 CT) — no entries
  💰 Daily P&L: $+0.00

[2026-06-18 08:26] O:7576.00 H:7578.50 L:7575.25 C:7576.75 V:3094.0
  📈 Trend: strong_bullish | 🌍 Regime: trending_bullish
  🗺️  Grid: 0.080% | 🔺 7576.50 🔻 7565.50
  📡 RSI: 84.4 | MACD: 3.84 | ATR: 3.02
  📊 Filled: 0 | Pending: 0
  🕐 Outside session (08:26 CT) — no entries
  💰 Daily P&L: $+0.00

[2026-06-18 08:27] O:7576.50 H:7577.00 L:7573.50 C:7577.00 V:3840.0
  📈 Trend: strong_bullish | 🌍 Regime: trending_bullish
  🗺️  Grid: 0.080% | 🔺 7578.50 🔻 7575.25
  📡 RSI: 83.9 | MACD: 4.33 | ATR: 3.07
  📊 Filled: 0 | Pending: 0
  🕐 Outside session (08:27 CT) — no entries
  💰 Daily P&L: $+0.00

[2026-06-18 08:28] O:7577.00 H:7579.00 L:7574.00 C:7576.00 V:4879.0
  📈 Trend: strong_bullish | 🌍 Regime: trending_bullish
  🗺️  Grid: 0.080% | 🔺 7577.00 🔻 7573.50
  📡 RSI: 80.0 | MACD: 4.59 | ATR: 3.27
  📊 Filled: 0 | Pending: 0
  🕐 Outside session (08:28 CT) — no entries
  💰 Daily P&L: $+0.00

[2026-06-18 08:29] O:7576.25 H:7579.75 L:7573.75 C:7577.00 V:7731.0
  📈 Trend: strong_bullish | 🌍 Regime: trending_bullish
  🗺️  Grid: 0.080% | 🔺 7579.00 🔻 7574.00
  📡 RSI: 81.6 | MACD: 4.82 | ATR: 3.54
  📊 Filled: 0 | Pending: 0
  🕐 Outside session (08:29 CT) — no entries
  💰 Daily P&L: $+0.00

[2026-06-18 08:30] O:7577.25 H:7581.50 L:7574.25 C:7576.50 V:22186.0
  📈 Trend: strong_bullish | 🌍 Regime: trending_bullish
  🗺️  Grid: 0.080% | 🔺 7579.75 🔻 7573.75
  📡 RSI: 78.3 | MACD: 4.90 | ATR: 3.79
  📊 Filled: 0 | Pending: 0
  🕐 Outside session (08:30 CT) — no entries
  💰 Daily P&L: $+0.00

[2026-06-18 08:31] O:7576.75 H:7576.75 L:7570.50 C:7573.50 V:10459.0
  📈 Trend: strong_bullish | 🌍 Regime: trending_bullish
  🗺️  Grid: 0.080% | 🔺 7581.50 🔻 7574.25
  📡 RSI: 67.0 | MACD: 4.67 | ATR: 4.05
  📊 Filled: 0 | Pending: 0
  🕐 Outside session (08:31 CT) — no entries
  💰 Daily P&L: $+0.00

[2026-06-18 08:32] O:7573.75 H:7574.25 L:7570.75 C:7573.00 V:6569.0
  📈 Trend: strong_bullish | 🌍 Regime: trending_bullish
  🗺️  Grid: 0.080% | 🔺 7576.75 🔻 7570.50
  📡 RSI: 67.7 | MACD: 4.40 | ATR: 4.18
  📊 Filled: 0 | Pending: 0
  🕐 Outside session (08:32 CT) — no entries
  💰 Daily P&L: $+0.00

[2026-06-18 08:33] O:7573.00 H:7574.00 L:7565.25 C:7565.50 V:6194.0
  📈 Trend: strong_bullish | 🌍 Regime: trending_bullish
  🗺️  Grid: 0.080% | 🔺 7574.25 🔻 7570.75
  📡 RSI: 52.8 | MACD: 3.54 | ATR: 4.70
  📊 Filled: 0 | Pending: 0
  🕐 Outside session (08:33 CT) — no entries
  💰 Daily P&L: $+0.00

[2026-06-18 08:34] O:7565.75 H:7567.50 L:7557.25 C:7557.50 V:7326.0
  📈 Trend: strong_bullish (raw: moderate_bullish) | 🌍 Regime: trending_bullish
  🗺️  Grid: 0.085% | 🔺 7574.00 🔻 7565.25
  📡 RSI: 41.6 | MACD: 2.18 | ATR: 5.34
  📊 Filled: 0 | Pending: 0
  🕐 Outside session (08:34 CT) — no entries
  💰 Daily P&L: $+0.00

[2026-06-18 08:35] O:7557.75 H:7559.25 L:7551.25 C:7552.25 V:9612.0
  📈 Trend: moderate_bullish | 🌍 Regime: trending_bullish
  🗺️  Grid: 0.092% | 🔺 7567.50 🔻 7557.25
  📡 RSI: 36.8 | MACD: 0.68 | ATR: 5.80
  📊 Filled: 0 | Pending: 0
  🕐 Outside session (08:35 CT) — no entries
  💰 Daily P&L: $+0.00

[2026-06-18 08:36] O:7552.25 H:7554.25 L:7543.25 C:7543.50 V:10225.0
  📈 Trend: moderate_bullish | 🌍 Regime: trending_bullish
  🗺️  Grid: 0.101% | 🔺 7559.25 🔻 7551.25
  📡 RSI: 28.2 | MACD: -1.21 | ATR: 6.38
  📊 Filled: 0 | Pending: 0
  🕐 Outside session (08:36 CT) — no entries
  💰 Daily P&L: $+0.00

[2026-06-18 08:37] O:7543.50 H:7547.00 L:7541.50 C:7545.50 V:7719.0
  📈 Trend: moderate_bullish | 🌍 Regime: trending_bullish
  🗺️  Grid: 0.105% | 🔺 7554.25 🔻 7543.25
  📡 RSI: 28.6 | MACD: -2.51 | ATR: 6.57
  📊 Filled: 0 | Pending: 0
  🕐 Outside session (08:37 CT) — no entries
  💰 Daily P&L: $+0.00

[2026-06-18 08:38] O:7545.50 H:7547.75 L:7541.75 C:7543.00 V:7036.0
  📈 Trend: moderate_bullish | 🌍 Regime: trending_bullish
  🗺️  Grid: 0.108% | 🔺 7547.00 🔻 7541.50
  📡 RSI: 28.2 | MACD: -3.70 | ATR: 6.80
  📊 Filled: 0 | Pending: 0
  🕐 Outside session (08:38 CT) — no entries
  💰 Daily P&L: $+0.00

[2026-06-18 08:39] O:7543.00 H:7548.00 L:7541.75 C:7544.00 V:5348.0
  📈 Trend: moderate_bullish | 🌍 Regime: trending_bullish
  🗺️  Grid: 0.103% | 🔺 7547.75 🔻 7541.75
  📡 RSI: 11.9 | MACD: -4.51 | ATR: 6.46
  📊 Filled: 0 | Pending: 0
  🕐 Outside session (08:39 CT) — no entries
  💰 Daily P&L: $+0.00

[2026-06-18 08:40] O:7544.00 H:7544.75 L:7537.00 C:7542.50 V:5721.0
  📈 Trend: moderate_bullish | 🌍 Regime: trending_bullish
  🗺️  Grid: 0.108% | 🔺 7548.00 🔻 7541.75
  📡 RSI: 9.9 | MACD: -5.22 | ATR: 6.79
  📊 Filled: 0 | Pending: 0
  🕐 Outside session (08:40 CT) — no entries
  💰 Daily P&L: $+0.00

[2026-06-18 08:41] O:7542.50 H:7548.75 L:7541.00 C:7544.25 V:6144.0
  📈 Trend: moderate_bullish | 🌍 Regime: trending_bullish
  🗺️  Grid: 0.113% | 🔺 7544.75 🔻 7537.00
  📡 RSI: 13.0 | MACD: -5.57 | ATR: 7.09
  📊 Filled: 0 | Pending: 0
  🕐 Outside session (08:41 CT) — no entries
  💰 Daily P&L: $+0.00

[2026-06-18 08:42] O:7544.25 H:7547.75 L:7543.25 C:7547.00 V:4276.0
  📈 Trend: moderate_bullish | 🌍 Regime: trending_bullish
  🗺️  Grid: 0.112% | 🔺 7548.75 🔻 7541.00
  📡 RSI: 18.5 | MACD: -5.56 | ATR: 7.05
  📊 Filled: 0 | Pending: 0
  🕐 Outside session (08:42 CT) — no entries
  💰 Daily P&L: $+0.00

[2026-06-18 08:43] O:7547.25 H:7549.00 L:7538.25 C:7539.00 V:5089.0
  📈 Trend: moderate_bullish | 🌍 Regime: trending_bullish
  🗺️  Grid: 0.118% | 🔺 7547.75 🔻 7543.25
  📡 RSI: 14.2 | MACD: -6.13 | ATR: 7.39
  📊 Filled: 0 | Pending: 0
  🕐 Outside session (08:43 CT) — no entries
  💰 Daily P&L: $+0.00

[2026-06-18 08:44] O:7539.00 H:7541.25 L:7537.00 C:7538.50 V:5143.0
  📈 Trend: moderate_bullish (raw: strong_bearish) | 🌍 Regime: trending_bearish
  🗺️  Grid: 0.114% | 🔺 7549.00 🔻 7538.25
  📡 RSI: 14.2 | MACD: -6.55 | ATR: 7.18
  📊 Filled: 0 | Pending: 0
  🕐 Outside session (08:44 CT) — no entries
  💰 Daily P&L: $+0.00

[2026-06-18 08:45] O:7538.25 H:7546.75 L:7538.25 C:7543.25 V:7103.0
  📈 Trend: strong_bearish | 🌍 Regime: trending_bearish
  🗺️  Grid: 0.117% | 🔺 7541.25 🔻 7537.00
  📡 RSI: 22.4 | MACD: -6.42 | ATR: 7.34
  📊 Filled: 0 | Pending: 0
  💰 Daily P&L: $+0.00

[2026-06-18 08:46] O:7543.50 H:7544.00 L:7538.75 C:7543.00 V:5479.0
  📈 Trend: strong_bearish | 🌍 Regime: trending_bearish
  🗺️  Grid: 0.119% | 🔺 7546.75 🔻 7538.25
  📡 RSI: 22.5 | MACD: -6.27 | ATR: 7.46
  📊 Filled: 0 | Pending: 0
  💰 Daily P&L: $+0.00

[2026-06-18 08:47] O:7542.75 H:7544.25 L:7535.50 C:7538.00 V:4959.0
  📈 Trend: strong_bearish | 🌍 Regime: trending_bearish
  🗺️  Grid: 0.119% | 🔺 7544.00 🔻 7538.75
  📡 RSI: 23.6 | MACD: -6.48 | ATR: 7.46
  📊 Filled: 0 | Pending: 0
  💰 Daily P&L: $+0.00

[2026-06-18 08:48] O:7538.00 H:7542.75 L:7537.50 C:7539.50 V:4029.0
  📈 Trend: strong_bearish | 🌍 Regime: trending_bearish
  🗺️  Grid: 0.113% | 🔺 7544.25 🔻 7535.50
  📡 RSI: 30.2 | MACD: -6.45 | ATR: 7.11
  📊 Filled: 0 | Pending: 0
  💰 Daily P&L: $+0.00

[2026-06-18 08:49] O:7539.50 H:7550.00 L:7539.25 C:7549.00 V:5100.0
  📈 Trend: strong_bearish | 🌍 Regime: trending_bearish
  🗺️  Grid: 0.116% | 🔺 7542.75 🔻 7537.50
  📡 RSI: 46.7 | MACD: -5.59 | ATR: 7.30
  📊 Filled: 0 | Pending: 0
  💰 Daily P&L: $+0.00

[2026-06-18 08:50] O:7549.25 H:7550.50 L:7544.00 C:7547.25 V:5767.0
  📈 Trend: strong_bearish (raw: moderate_bearish) | 🌍 Regime: trending_bearish
  🗺️  Grid: 0.111% | 🔺 7550.00 🔻 7539.25
  📡 RSI: 54.4 | MACD: -5.00 | ATR: 6.98
  📊 Filled: 0 | Pending: 0
  💰 Daily P&L: $+0.00

[2026-06-18 08:51] O:7547.00 H:7550.75 L:7545.50 C:7550.50 V:5368.0
  📈 Trend: moderate_bearish | 🌍 Regime: trending_bearish
  🗺️  Grid: 0.111% | 🔺 7550.50 🔻 7544.00
  📡 RSI: 55.7 | MACD: -4.21 | ATR: 6.96
  📊 Filled: 0 | Pending: 0
  💰 Daily P&L: $+0.00

[2026-06-18 08:52] O:7550.50 H:7552.25 L:7548.75 C:7551.00 V:3990.0
  📈 Trend: moderate_bearish | 🌍 Regime: trending_bearish
  🗺️  Grid: 0.108% | 🔺 7550.75 🔻 7545.50
  📡 RSI: 59.5 | MACD: -3.51 | ATR: 6.79
  📊 Filled: 0 | Pending: 0
  💰 Daily P&L: $+0.00

[2026-06-18 08:53] O:7551.25 H:7554.75 L:7551.00 C:7552.75 V:3816.0
  📈 Trend: moderate_bearish | 🌍 Regime: trending_bearish
  🗺️  Grid: 0.105% | 🔺 7552.25 🔻 7548.75
  📡 RSI: 60.2 | MACD: -2.79 | ATR: 6.61
  📊 Filled: 0 | Pending: 0
  💰 Daily P&L: $+0.00

[2026-06-18 08:54] O:7552.75 H:7553.50 L:7542.50 C:7543.00 V:5889.0
  📈 Trend: moderate_bearish | 🌍 Regime: trending_bearish
  🗺️  Grid: 0.109% | 🔺 7554.75 🔻 7551.00
  📡 RSI: 50.5 | MACD: -2.96 | ATR: 6.84
  📊 Filled: 0 | Pending: 0
  💰 Daily P&L: $+0.00

[2026-06-18 08:55] O:7543.00 H:7547.50 L:7542.00 C:7544.25 V:4984.0
  📈 Trend: moderate_bearish (raw: moderate_bullish) | 🌍 Regime: trending_bullish
  🗺️  Grid: 0.106% | 🔺 7553.50 🔻 7542.50
  📡 RSI: 50.0 | MACD: -2.96 | ATR: 6.68
  📊 Filled: 0 | Pending: 0
  💰 Daily P&L: $+0.00

[2026-06-18 08:56] O:7544.25 H:7547.00 L:7540.00 C:7541.25 V:4624.0
  📈 Trend: moderate_bearish | 🌍 Regime: trending_bearish
  🗺️  Grid: 0.109% | 🔺 7547.50 🔻 7542.00
  📡 RSI: 44.3 | MACD: -3.17 | ATR: 6.86
  📊 Filled: 0 | Pending: 0
  💰 Daily P&L: $+0.00

[2026-06-18 08:57] O:7541.25 H:7542.25 L:7536.75 C:7539.00 V:4037.0
  📈 Trend: moderate_bearish | 🌍 Regime: trending_bearish
  🗺️  Grid: 0.103% | 🔺 7547.00 🔻 7540.00
  📡 RSI: 50.0 | MACD: -3.48 | ATR: 6.48
  📊 Filled: 0 | Pending: 0
  💰 Daily P&L: $+0.00

[2026-06-18 08:58] O:7539.25 H:7541.00 L:7536.25 C:7538.00 V:3577.0
  📈 Trend: moderate_bearish (raw: strong_bearish) | 🌍 Regime: ranging
  🗺️  Grid: 0.104% | 🔺 7542.25 🔻 7536.75
  📡 RSI: 49.5 | MACD: -3.76 | ATR: 6.52
  📊 Filled: 0 | Pending: 0
  🔲 Regime: RANGING | Range pos: 5% | RSI: 49.5
  💰 Daily P&L: $+0.00

[2026-06-18 08:59] O:7538.00 H:7544.25 L:7535.75 C:7544.00 V:3998.0
  📈 Trend: moderate_bearish (raw: moderate_bullish) | 🌍 Regime: ranging
  🗺️  Grid: 0.104% | 🔺 7541.00 🔻 7536.25
  📡 RSI: 50.8 | MACD: -3.46 | ATR: 6.52
  📊 Filled: 0 | Pending: 0
  🔲 Regime: RANGING | Range pos: 18% | RSI: 50.8
  💰 Daily P&L: $+0.00

[2026-06-18 09:00] O:7544.25 H:7549.50 L:7540.75 C:7548.50 V:6517.0
  📈 Trend: moderate_bullish | 🌍 Regime: ranging
  🗺️  Grid: 0.108% | 🔺 7544.25 🔻 7535.75
  📡 RSI: 55.4 | MACD: -2.82 | ATR: 6.77
  📊 Filled: 0 | Pending: 0
  🔲 Regime: RANGING | Range pos: 28% | RSI: 55.4
  💰 Daily P&L: $+0.00

[2026-06-18 09:01] O:7548.50 H:7550.50 L:7543.50 C:7543.75 V:4320.0
  📈 Trend: moderate_bullish (raw: moderate_bearish) | 🌍 Regime: ranging
  🗺️  Grid: 0.106% | 🔺 7549.50 🔻 7540.75
  📡 RSI: 55.7 | MACD: -2.67 | ATR: 6.64
  📊 Filled: 0 | Pending: 0
  🔲 Regime: RANGING | Range pos: 18% | RSI: 55.7
  💰 Daily P&L: $+0.00

[2026-06-18 09:02] O:7544.00 H:7546.50 L:7543.00 C:7545.25 V:4100.0
  📈 Trend: moderate_bullish | 🌍 Regime: ranging
  🗺️  Grid: 0.104% | 🔺 7550.50 🔻 7543.50
  📡 RSI: 55.7 | MACD: -2.41 | ATR: 6.52
  📊 Filled: 0 | Pending: 0
  🔲 Regime: RANGING | Range pos: 21% | RSI: 55.7
  💰 Daily P&L: $+0.00

[2026-06-18 09:03] O:7545.25 H:7548.75 L:7541.50 C:7547.25 V:4078.0
  📈 Trend: moderate_bullish | 🌍 Regime: ranging
  🗺️  Grid: 0.100% | 🔺 7546.50 🔻 7543.00
  📡 RSI: 48.0 | MACD: -2.01 | ATR: 6.27
  📊 Filled: 0 | Pending: 0
  🔲 Regime: RANGING | Range pos: 26% | RSI: 48.0
  💰 Daily P&L: $+0.00

[2026-06-18 09:04] O:7547.25 H:7548.00 L:7543.50 C:7545.75 V:3483.0
  📈 Trend: moderate_bullish | 🌍 Regime: ranging
  🗺️  Grid: 0.097% | 🔺 7548.75 🔻 7541.50
  📡 RSI: 48.3 | MACD: -1.79 | ATR: 6.12
  📊 Filled: 0 | Pending: 0
  🔲 Regime: RANGING | Range pos: 22% | RSI: 48.3
  💰 Daily P&L: $+0.00

[2026-06-18 09:05] O:7545.75 H:7547.25 L:7543.00 C:7544.75 V:3075.0
  📈 Trend: moderate_bullish | 🌍 Regime: ranging
  🗺️  Grid: 0.096% | 🔺 7548.00 🔻 7543.50
  📡 RSI: 42.9 | MACD: -1.69 | ATR: 6.05
  📊 Filled: 0 | Pending: 0
  🔲 Regime: RANGING | Range pos: 20% | RSI: 42.9
  💰 Daily P&L: $+0.00

[2026-06-18 09:06] O:7544.75 H:7553.75 L:7544.75 C:7552.00 V:5044.0
  📈 Trend: moderate_bullish | 🌍 Regime: ranging
  🗺️  Grid: 0.102% | 🔺 7547.25 🔻 7543.00
  📡 RSI: 51.1 | MACD: -1.00 | ATR: 6.45
  📊 Filled: 0 | Pending: 0
  🔲 Regime: RANGING | Range pos: 36% | RSI: 51.1
  💰 Daily P&L: $+0.00

[2026-06-18 09:07] O:7552.00 H:7556.50 L:7550.50 C:7556.25 V:4923.0
  📈 Trend: moderate_bullish | 🌍 Regime: ranging
  🗺️  Grid: 0.105% | 🔺 7553.75 🔻 7544.75
  📡 RSI: 53.5 | MACD: -0.12 | ATR: 6.61
  📊 Filled: 0 | Pending: 0
  🔲 Regime: RANGING | Range pos: 45% | RSI: 53.5
  💰 Daily P&L: $+0.00

[2026-06-18 09:08] O:7556.25 H:7557.25 L:7552.50 C:7555.00 V:3333.0
  📈 Trend: moderate_bullish (raw: strong_bullish) | 🌍 Regime: ranging
  🗺️  Grid: 0.098% | 🔺 7556.50 🔻 7550.50
  📡 RSI: 64.5 | MACD: 0.48 | ATR: 6.16
  📊 Filled: 0 | Pending: 0
  🔲 Regime: RANGING | Range pos: 42% | RSI: 64.5
  💰 Daily P&L: $+0.00

[2026-06-18 09:09] O:7554.75 H:7558.25 L:7554.50 C:7554.50 V:3156.0
  📈 Trend: strong_bullish | 🌍 Regime: ranging
  🗺️  Grid: 0.096% | 🔺 7557.25 🔻 7552.50
  📡 RSI: 62.6 | MACD: 0.90 | ATR: 6.04
  📊 Filled: 0 | Pending: 0
  🔲 Regime: RANGING | Range pos: 41% | RSI: 62.6
  💰 Daily P&L: $+0.00

[2026-06-18 09:10] O:7554.75 H:7555.50 L:7548.75 C:7549.25 V:4230.0
  📈 Trend: strong_bullish (raw: moderate_bullish) | 🌍 Regime: ranging
  🗺️  Grid: 0.096% | 🔺 7558.25 🔻 7554.50
  📡 RSI: 59.3 | MACD: 0.80 | ATR: 6.02
  📊 Filled: 0 | Pending: 0
  🔲 Regime: RANGING | Range pos: 30% | RSI: 59.3
  💰 Daily P&L: $+0.00

[2026-06-18 09:11] O:7549.25 H:7551.00 L:7548.25 C:7549.00 V:2820.0
  📈 Trend: moderate_bullish | 🌍 Regime: ranging
  🗺️  Grid: 0.093% | 🔺 7555.50 🔻 7548.75
  📡 RSI: 62.2 | MACD: 0.69 | ATR: 5.82
  📊 Filled: 0 | Pending: 0
  🔲 Regime: RANGING | Range pos: 29% | RSI: 62.2
  💰 Daily P&L: $+0.00

[2026-06-18 09:12] O:7549.00 H:7551.75 L:7547.50 C:7549.75 V:2486.0
  📈 Trend: moderate_bullish | 🌍 Regime: ranging
  🗺️  Grid: 0.092% | 🔺 7551.00 🔻 7548.25
  📡 RSI: 64.4 | MACD: 0.66 | ATR: 5.79
  📊 Filled: 0 | Pending: 0
  🔲 Regime: RANGING | Range pos: 31% | RSI: 64.4
  💰 Daily P&L: $+0.00

[2026-06-18 09:13] O:7549.75 H:7551.25 L:7546.00 C:7546.50 V:2434.0
  📈 Trend: moderate_bullish (raw: strong_bullish) | 🌍 Regime: ranging
  🗺️  Grid: 0.088% | 🔺 7551.75 🔻 7547.50
  📡 RSI: 53.3 | MACD: 0.37 | ATR: 5.55
  📊 Filled: 0 | Pending: 0
  🔲 Regime: RANGING | Range pos: 24% | RSI: 53.3
  💰 Daily P&L: $+0.00

[2026-06-18 09:14] O:7546.50 H:7547.25 L:7542.00 C:7545.25 V:4796.0
  📈 Trend: strong_bullish | 🌍 Regime: ranging
  🗺️  Grid: 0.084% | 🔺 7551.25 🔻 7546.00
  📡 RSI: 45.3 | MACD: 0.04 | ATR: 5.30
  📊 Filled: 0 | Pending: 0
  🔲 Regime: RANGING | Range pos: 21% | RSI: 45.3
  💰 Daily P&L: $+0.00

[2026-06-18 09:15] O:7545.00 H:7546.25 L:7539.00 C:7542.50 V:4328.0
  📈 Trend: strong_bullish (raw: moderate_bullish) | 🌍 Regime: ranging
  🗺️  Grid: 0.085% | 🔺 7547.25 🔻 7542.00
  📡 RSI: 48.1 | MACD: -0.44 | ATR: 5.32
  📊 Filled: 0 | Pending: 0
  🔲 Regime: RANGING | Range pos: 15% | RSI: 48.1
  💰 Daily P&L: $+0.00

[2026-06-18 09:16] O:7542.25 H:7555.25 L:7542.25 C:7554.75 V:4805.0
  📈 Trend: strong_bullish | 🌍 Regime: ranging
  🗺️  Grid: 0.095% | 🔺 7546.25 🔻 7539.00
  📡 RSI: 60.9 | MACD: 0.16 | ATR: 6.00
  📊 Filled: 0 | Pending: 0
  🔲 Regime: RANGING | Range pos: 42% | RSI: 60.9
  💰 Daily P&L: $+0.00

[2026-06-18 09:17] O:7554.50 H:7557.25 L:7551.25 C:7556.75 V:3551.0
  📈 Trend: strong_bullish (raw: moderate_bullish) | 🌍 Regime: ranging
  🗺️  Grid: 0.094% | 🔺 7555.25 🔻 7542.25
  📡 RSI: 60.9 | MACD: 0.80 | ATR: 5.91
  📊 Filled: 0 | Pending: 0
  🔲 Regime: RANGING | Range pos: 46% | RSI: 60.9
  💰 Daily P&L: $+0.00

[2026-06-18 09:18] O:7556.50 H:7558.75 L:7554.75 C:7557.25 V:3352.0
  📈 Trend: moderate_bullish | 🌍 Regime: ranging
  🗺️  Grid: 0.093% | 🔺 7557.25 🔻 7551.25
  📡 RSI: 63.5 | MACD: 1.32 | ATR: 5.88
  📊 Filled: 0 | Pending: 0
  🔲 Regime: RANGING | Range pos: 47% | RSI: 63.5
  💰 Daily P&L: $+0.00

[2026-06-18 09:19] O:7557.25 H:7561.50 L:7555.75 C:7558.25 V:4679.0
  📈 Trend: moderate_bullish (raw: strong_bullish) | 🌍 Regime: ranging
  🗺️  Grid: 0.095% | 🔺 7558.75 🔻 7554.75
  📡 RSI: 65.9 | MACD: 1.80 | ATR: 5.98
  📊 Filled: 0 | Pending: 0
  🔲 Regime: RANGING | Range pos: 49% | RSI: 65.9
  💰 Daily P&L: $+0.00

[2026-06-18 09:20] O:7558.25 H:7560.00 L:7554.25 C:7555.50 V:4678.0
  📈 Trend: strong_bullish | 🌍 Regime: ranging
  🗺️  Grid: 0.091% | 🔺 7561.50 🔻 7555.75
  📡 RSI: 54.6 | MACD: 1.93 | ATR: 5.75
  📊 Filled: 0 | Pending: 0
  🔲 Regime: RANGING | Range pos: 43% | RSI: 54.6
  💰 Daily P&L: $+0.00

[2026-06-18 09:21] O:7555.50 H:7559.00 L:7554.00 C:7556.75 V:3425.0
  📈 Trend: strong_bullish | 🌍 Regime: ranging
  🗺️  Grid: 0.090% | 🔺 7560.00 🔻 7554.25
  📡 RSI: 50.7 | MACD: 2.12 | ATR: 5.68
  📊 Filled: 0 | Pending: 0
  🔲 Regime: RANGING | Range pos: 46% | RSI: 50.7
  💰 Daily P&L: $+0.00

[2026-06-18 09:22] O:7556.75 H:7558.25 L:7552.50 C:7557.50 V:3155.0
  📈 Trend: strong_bullish | 🌍 Regime: ranging
  🗺️  Grid: 0.091% | 🔺 7559.00 🔻 7554.00
  📡 RSI: 53.6 | MACD: 2.29 | ATR: 5.75
  📊 Filled: 0 | Pending: 0
  🔲 Regime: RANGING | Range pos: 48% | RSI: 53.6
  💰 Daily P&L: $+0.00

[2026-06-18 09:23] O:7557.50 H:7564.50 L:7557.00 C:7564.25 V:4656.0
  📈 Trend: strong_bullish | 🌍 Regime: ranging
  🗺️  Grid: 0.095% | 🔺 7558.25 🔻 7552.50
  📡 RSI: 62.0 | MACD: 2.95 | ATR: 6.02
  📊 Filled: 0 | Pending: 0
  🔲 Regime: RANGING | Range pos: 62% | RSI: 62.0
  💰 Daily P&L: $+0.00

[2026-06-18 09:24] O:7564.00 H:7566.25 L:7561.25 C:7561.25 V:4381.0
  📈 Trend: strong_bullish | 🌍 Regime: ranging
  🗺️  Grid: 0.094% | 🔺 7564.50 🔻 7557.00
  📡 RSI: 65.6 | MACD: 3.18 | ATR: 5.89
  📊 Filled: 0 | Pending: 0
  🔲 Regime: RANGING | Range pos: 56% | RSI: 65.6
  💰 Daily P&L: $+0.00

[2026-06-18 09:25] O:7561.50 H:7563.25 L:7558.75 C:7563.00 V:3343.0
  📈 Trend: strong_bullish | 🌍 Regime: ranging
  🗺️  Grid: 0.095% | 🔺 7566.25 🔻 7561.25
  📡 RSI: 67.5 | MACD: 3.47 | ATR: 6.02
  📊 Filled: 0 | Pending: 0
  🔲 Regime: RANGING | Range pos: 60% | RSI: 67.5
  💰 Daily P&L: $+0.00

[2026-06-18 09:26] O:7563.00 H:7563.50 L:7556.75 C:7556.75 V:3053.0
  📈 Trend: strong_bullish | 🌍 Regime: ranging
  🗺️  Grid: 0.098% | 🔺 7563.25 🔻 7558.75
  📡 RSI: 57.7 | MACD: 3.16 | ATR: 6.20
  📊 Filled: 0 | Pending: 0
  🔲 Regime: RANGING | Range pos: 46% | RSI: 57.7
  💰 Daily P&L: $+0.00

[2026-06-18 09:27] O:7556.75 H:7557.50 L:7553.00 C:7553.50 V:3495.0
  📈 Trend: strong_bullish (raw: moderate_bullish) | 🌍 Regime: ranging
  🗺️  Grid: 0.098% | 🔺 7563.50 🔻 7556.75
  📡 RSI: 57.7 | MACD: 2.62 | ATR: 6.14
  📊 Filled: 0 | Pending: 0
  🔲 Regime: RANGING | Range pos: 39% | RSI: 57.7
  💰 Daily P&L: $+0.00

[2026-06-18 09:28] O:7553.25 H:7554.25 L:7548.50 C:7550.50 V:4966.0
  📈 Trend: strong_bullish (raw: moderate_bearish) | 🌍 Regime: ranging
  🗺️  Grid: 0.098% | 🔺 7557.50 🔻 7553.00
  📡 RSI: 55.6 | MACD: 1.93 | ATR: 6.18
  📊 Filled: 0 | Pending: 0
  🔲 Regime: RANGING | Range pos: 33% | RSI: 55.6
  💰 Daily P&L: $+0.00

[2026-06-18 09:29] O:7550.50 H:7552.75 L:7548.75 C:7550.50 V:3742.0
  📈 Trend: strong_bullish (raw: moderate_bullish) | 🌍 Regime: ranging
  🗺️  Grid: 0.095% | 🔺 7554.25 🔻 7548.50
  📡 RSI: 59.0 | MACD: 1.37 | ATR: 5.95
  📊 Filled: 0 | Pending: 0
  🔲 Regime: RANGING | Range pos: 33% | RSI: 59.0
  💰 Daily P&L: $+0.00

[2026-06-18 09:30] O:7550.50 H:7551.00 L:7541.25 C:7544.50 V:6195.0
  📈 Trend: strong_bullish (raw: moderate_bearish) | 🌍 Regime: ranging
  🗺️  Grid: 0.091% | 🔺 7552.75 🔻 7548.75
  📡 RSI: 36.6 | MACD: 0.43 | ATR: 5.71
  📊 Filled: 0 | Pending: 0
  🔲 Regime: RANGING | Range pos: 20% | RSI: 36.6
  💰 Daily P&L: $+0.00

[2026-06-18 09:31] O:7544.50 H:7552.25 L:7544.00 C:7551.50 V:4288.0
  📈 Trend: strong_bullish (raw: moderate_bullish) | 🌍 Regime: ranging
  🗺️  Grid: 0.093% | 🔺 7551.00 🔻 7541.25
  📡 RSI: 43.9 | MACD: 0.25 | ATR: 5.88
  📊 Filled: 0 | Pending: 0
  🔲 Regime: RANGING | Range pos: 35% | RSI: 43.9
  💰 Daily P&L: $+0.00

[2026-06-18 09:32] O:7551.25 H:7553.00 L:7545.75 C:7548.25 V:3953.0
  📈 Trend: moderate_bullish | 🌍 Regime: ranging
  🗺️  Grid: 0.097% | 🔺 7552.25 🔻 7544.00
  📡 RSI: 40.2 | MACD: -0.15 | ATR: 6.11
  📊 Filled: 0 | Pending: 0
  🔲 Regime: RANGING | Range pos: 28% | RSI: 40.2
  💰 Daily P&L: $+0.00

[2026-06-18 09:33] O:7548.25 H:7550.50 L:7546.25 C:7549.50 V:2306.0
  📈 Trend: moderate_bullish | 🌍 Regime: ranging
  🗺️  Grid: 0.095% | 🔺 7553.00 🔻 7545.75
  📡 RSI: 40.5 | MACD: -0.36 | ATR: 6.00
  📊 Filled: 0 | Pending: 0
  🔲 Regime: RANGING | Range pos: 30% | RSI: 40.5
  💰 Daily P&L: $+0.00

[2026-06-18 09:34] O:7549.50 H:7555.50 L:7548.75 C:7555.50 V:4039.0
  📈 Trend: moderate_bullish | 🌍 Regime: ranging
  🗺️  Grid: 0.096% | 🔺 7550.50 🔻 7546.25
  📡 RSI: 50.0 | MACD: -0.05 | ATR: 6.07
  📊 Filled: 0 | Pending: 0
  🔲 Regime: RANGING | Range pos: 43% | RSI: 50.0
  💰 Daily P&L: $+0.00

[2026-06-18 09:35] O:7555.50 H:7556.25 L:7552.00 C:7553.25 V:3457.0
  📈 Trend: moderate_bullish (raw: moderate_bearish) | 🌍 Regime: ranging
  🗺️  Grid: 0.096% | 🔺 7555.50 🔻 7548.75
  📡 RSI: 46.5 | MACD: 0.02 | ATR: 6.02
  📊 Filled: 0 | Pending: 0
  🔲 Regime: RANGING | Range pos: 39% | RSI: 46.5
  💰 Daily P&L: $+0.00

[2026-06-18 09:36] O:7553.00 H:7558.75 L:7551.25 C:7556.25 V:4369.0
  📈 Trend: moderate_bearish | 🌍 Regime: ranging
  🗺️  Grid: 0.098% | 🔺 7556.25 🔻 7552.00
  📡 RSI: 48.8 | MACD: 0.31 | ATR: 6.14
  📊 Filled: 0 | Pending: 0
  🔲 Regime: RANGING | Range pos: 45% | RSI: 48.8
  💰 Daily P&L: $+0.00

[2026-06-18 09:37] O:7556.25 H:7561.25 L:7555.75 C:7560.25 V:3433.0
  📈 Trend: moderate_bearish (raw: strong_bullish) | 🌍 Regime: ranging
  🗺️  Grid: 0.095% | 🔺 7558.75 🔻 7551.25
  📡 RSI: 46.0 | MACD: 0.86 | ATR: 6.00
  📊 Filled: 0 | Pending: 0
  🔲 Regime: RANGING | Range pos: 54% | RSI: 46.0
  💰 Daily P&L: $+0.00

[2026-06-18 09:38] O:7560.25 H:7561.50 L:7558.50 C:7561.25 V:3905.0
  📈 Trend: strong_bullish | 🌍 Regime: ranging
  🗺️  Grid: 0.093% | 🔺 7561.25 🔻 7555.75
  📡 RSI: 50.0 | MACD: 1.35 | ATR: 5.86
  📊 Filled: 0 | Pending: 0
  🔲 Regime: RANGING | Range pos: 56% | RSI: 50.0
  💰 Daily P&L: $+0.00

[2026-06-18 09:39] O:7561.25 H:7563.50 L:7559.75 C:7562.50 V:3278.0
  📈 Trend: strong_bullish | 🌍 Regime: ranging
  🗺️  Grid: 0.092% | 🔺 7561.50 🔻 7558.50
  📡 RSI: 49.5 | MACD: 1.83 | ATR: 5.80
  📊 Filled: 0 | Pending: 0
  🔲 Regime: RANGING | Range pos: 59% | RSI: 49.5
  💰 Daily P&L: $+0.00

[2026-06-18 09:40] O:7562.50 H:7564.50 L:7560.25 C:7560.75 V:3744.0
  📈 Trend: strong_bullish | 🌍 Regime: ranging
  🗺️  Grid: 0.089% | 🔺 7563.50 🔻 7559.75
  📡 RSI: 54.7 | MACD: 2.04 | ATR: 5.62
  📊 Filled: 0 | Pending: 0
  🔲 Regime: RANGING | Range pos: 55% | RSI: 54.7
  💰 Daily P&L: $+0.00

[2026-06-18 09:41] O:7561.00 H:7561.25 L:7556.75 C:7557.75 V:4082.0
  📈 Trend: strong_bullish | 🌍 Regime: ranging
  🗺️  Grid: 0.089% | 🔺 7564.50 🔻 7560.25
  📡 RSI: 55.0 | MACD: 1.94 | ATR: 5.62
  📊 Filled: 0 | Pending: 0
  🔲 Regime: RANGING | Range pos: 48% | RSI: 55.0
  💰 Daily P&L: $+0.00

[2026-06-18 09:42] O:7557.50 H:7559.25 L:7555.75 C:7556.50 V:3202.0
  📈 Trend: strong_bullish | 🌍 Regime: ranging
  🗺️  Grid: 0.087% | 🔺 7561.25 🔻 7556.75
  📡 RSI: 57.3 | MACD: 1.74 | ATR: 5.46
  📊 Filled: 0 | Pending: 0
  🔲 Regime: RANGING | Range pos: 46% | RSI: 57.3
  💰 Daily P&L: $+0.00

[2026-06-18 09:43] O:7556.50 H:7560.00 L:7555.75 C:7558.25 V:3506.0
  📈 Trend: strong_bullish | 🌍 Regime: ranging
  🗺️  Grid: 0.087% | 🔺 7559.25 🔻 7555.75
  📡 RSI: 59.1 | MACD: 1.70 | ATR: 5.48
  📊 Filled: 0 | Pending: 0
  🔲 Regime: RANGING | Range pos: 49% | RSI: 59.1
  💰 Daily P&L: $+0.00

[2026-06-18 09:44] O:7558.25 H:7561.50 L:7557.75 C:7558.50 V:3321.0
  📈 Trend: strong_bullish | 🌍 Regime: ranging
  🗺️  Grid: 0.080% | 🔺 7560.00 🔻 7555.75
  📡 RSI: 68.9 | MACD: 1.68 | ATR: 5.05
  📊 Filled: 0 | Pending: 0
  🔲 Regime: RANGING | Range pos: 50% | RSI: 68.9
  💰 Daily P&L: $+0.00

[2026-06-18 09:45] O:7558.50 H:7562.50 L:7558.25 C:7560.75 V:2339.0
  📈 Trend: strong_bullish | 🌍 Regime: ranging
  🗺️  Grid: 0.080% | 🔺 7561.50 🔻 7557.75
  📡 RSI: 64.3 | MACD: 1.82 | ATR: 4.77
  📊 Filled: 0 | Pending: 0
  🔲 Regime: RANGING | Range pos: 55% | RSI: 64.3
  💰 Daily P&L: $+0.00

[2026-06-18 09:46] O:7561.00 H:7565.00 L:7560.25 C:7564.75 V:3046.0
  📈 Trend: strong_bullish | 🌍 Regime: ranging
  🗺️  Grid: 0.080% | 🔺 7562.50 🔻 7558.25
  📡 RSI: 75.0 | MACD: 2.22 | ATR: 4.59
  📊 Filled: 0 | Pending: 0
  🔲 Regime: RANGING | Range pos: 64% | RSI: 75.0
  💰 Daily P&L: $+0.00

[2026-06-18 09:47] O:7564.75 H:7568.00 L:7563.50 C:7566.00 V:3547.0
  📈 Trend: strong_bullish | 🌍 Regime: ranging
  🗺️  Grid: 0.080% | 🔺 7565.00 🔻 7560.25
  📡 RSI: 75.0 | MACD: 2.62 | ATR: 4.61
  📊 Filled: 0 | Pending: 0
  🔲 Regime: RANGING | Range pos: 66% | RSI: 75.0
  💰 Daily P&L: $+0.00

[2026-06-18 09:48] O:7565.75 H:7570.25 L:7565.75 C:7570.00 V:3483.0
  📈 Trend: strong_bullish | 🌍 Regime: ranging
  🗺️  Grid: 0.080% | 🔺 7568.00 🔻 7563.50
  📡 RSI: 73.4 | MACD: 3.21 | ATR: 4.45
  📊 Filled: 0 | Pending: 0
  🔲 Regime: RANGING | Range pos: 75% | RSI: 73.4
  🚫 Raw trend blocks RANGING SHORT | raw: strong_bullish
  💰 Daily P&L: $+0.00

[2026-06-18 09:49] O:7570.00 H:7570.75 L:7568.00 C:7568.50 V:2392.0
  📈 Trend: strong_bullish | 🌍 Regime: ranging
  🗺️  Grid: 0.080% | 🔺 7570.25 🔻 7565.75
  📡 RSI: 75.2 | MACD: 3.53 | ATR: 4.34
  📊 Filled: 0 | Pending: 0
  🔲 Regime: RANGING | Range pos: 72% | RSI: 75.2
  🚫 Raw trend blocks RANGING SHORT | raw: strong_bullish
  💰 Daily P&L: $+0.00

[2026-06-18 09:50] O:7568.50 H:7568.50 L:7564.25 C:7565.00 V:3522.0
  📈 Trend: strong_bullish | 🌍 Regime: ranging
  🗺️  Grid: 0.080% | 🔺 7570.75 🔻 7568.00
  📡 RSI: 64.2 | MACD: 3.45 | ATR: 4.11
  📊 Filled: 0 | Pending: 0
  🔲 Regime: RANGING | Range pos: 64% | RSI: 64.2
  💰 Daily P&L: $+0.00

[2026-06-18 09:51] O:7565.00 H:7565.00 L:7561.25 C:7563.50 V:3871.0
  📈 Trend: strong_bullish | 🌍 Regime: trending_bullish
  🗺️  Grid: 0.080% | 🔺 7568.50 🔻 7564.25
  📡 RSI: 55.8 | MACD: 3.23 | ATR: 3.98
  📊 Filled: 0 | Pending: 0
  💰 Daily P&L: $+0.00

[2026-06-18 09:52] O:7563.75 H:7566.00 L:7561.00 C:7561.00 V:2549.0
  📈 Trend: strong_bullish | 🌍 Regime: trending_bullish
  🗺️  Grid: 0.080% | 🔺 7565.00 🔻 7561.25
  📡 RSI: 49.6 | MACD: 2.83 | ATR: 4.12
  📊 Filled: 0 | Pending: 0
  💰 Daily P&L: $+0.00

[2026-06-18 09:53] O:7561.00 H:7563.00 L:7560.25 C:7561.75 V:3078.0
  📈 Trend: strong_bullish | 🌍 Regime: trending_bullish
  🗺️  Grid: 0.080% | 🔺 7566.00 🔻 7561.00
  📡 RSI: 48.7 | MACD: 2.54 | ATR: 4.05
  📊 Filled: 0 | Pending: 0
  💰 Daily P&L: $+0.00

[2026-06-18 09:54] O:7561.50 H:7565.75 L:7561.50 C:7564.25 V:2185.0
  📈 Trend: strong_bullish | 🌍 Regime: trending_bullish
  🗺️  Grid: 0.080% | 🔺 7563.00 🔻 7560.25
  📡 RSI: 55.8 | MACD: 2.48 | ATR: 4.05
  📊 Filled: 0 | Pending: 0
  💰 Daily P&L: $+0.00

[2026-06-18 09:55] O:7564.25 H:7566.75 L:7564.00 C:7565.00 V:1854.0
  📈 Trend: strong_bullish | 🌍 Regime: trending_bullish
  🗺️  Grid: 0.080% | 🔺 7565.75 🔻 7561.50
  📡 RSI: 63.1 | MACD: 2.46 | ATR: 3.93
  📊 Filled: 0 | Pending: 0
  💰 Daily P&L: $+0.00

[2026-06-18 09:56] O:7565.00 H:7566.25 L:7563.25 C:7565.50 V:1555.0
  📈 Trend: strong_bullish | 🌍 Regime: trending_bullish
  🗺️  Grid: 0.080% | 🔺 7566.75 🔻 7564.00
  📡 RSI: 66.7 | MACD: 2.47 | ATR: 3.89
  📊 Filled: 0 | Pending: 0
  💰 Daily P&L: $+0.00

[2026-06-18 09:57] O:7565.25 H:7566.50 L:7564.50 C:7565.75 V:1593.0
  📈 Trend: strong_bullish | 🌍 Regime: trending_bullish
  🗺️  Grid: 0.080% | 🔺 7566.25 🔻 7563.25
  📡 RSI: 64.7 | MACD: 2.46 | ATR: 3.73
  📊 Filled: 0 | Pending: 0
  💰 Daily P&L: $+0.00

[2026-06-18 09:58] O:7565.75 H:7569.75 L:7565.75 C:7569.25 V:2204.0
  📈 Trend: strong_bullish | 🌍 Regime: trending_bullish
  🗺️  Grid: 0.080% | 🔺 7566.50 🔻 7564.50
  📡 RSI: 68.7 | MACD: 2.70 | ATR: 3.75
  📊 Filled: 0 | Pending: 0
  💰 Daily P&L: $+0.00

[2026-06-18 09:59] O:7569.25 H:7570.50 L:7566.00 C:7566.25 V:2214.0
  📈 Trend: strong_bullish | 🌍 Regime: trending_bullish
  🗺️  Grid: 0.080% | 🔺 7569.75 🔻 7565.75
  📡 RSI: 59.3 | MACD: 2.63 | ATR: 3.77
  📊 Filled: 0 | Pending: 0
  💰 Daily P&L: $+0.00

[2026-06-18 10:00] O:7566.50 H:7567.50 L:7560.00 C:7564.25 V:4518.0
  📈 Trend: strong_bullish | 🌍 Regime: trending_bullish
  🗺️  Grid: 0.080% | 🔺 7570.50 🔻 7566.00
  📡 RSI: 49.1 | MACD: 2.38 | ATR: 3.96
  📊 Filled: 0 | Pending: 0
  💰 Daily P&L: $+0.00

[2026-06-18 10:01] O:7564.00 H:7565.50 L:7561.75 C:7562.25 V:2044.0
  📈 Trend: strong_bullish | 🌍 Regime: trending_bullish
  🗺️  Grid: 0.080% | 🔺 7567.50 🔻 7560.00
  📡 RSI: 43.4 | MACD: 1.99 | ATR: 3.91
  📊 Filled: 0 | Pending: 0
  💰 Daily P&L: $+0.00

[2026-06-18 10:02] O:7562.25 H:7563.25 L:7559.25 C:7560.00 V:3000.0
  📈 Trend: strong_bullish | 🌍 Regime: trending_bullish
  🗺️  Grid: 0.080% | 🔺 7565.50 🔻 7561.75
  📡 RSI: 31.1 | MACD: 1.49 | ATR: 3.88
  📊 Filled: 0 | Pending: 0
  💰 Daily P&L: $+0.00

[2026-06-18 10:03] O:7560.00 H:7561.25 L:7557.25 C:7559.75 V:2752.0
  📈 Trend: strong_bullish | 🌍 Regime: trending_bullish
  🗺️  Grid: 0.080% | 🔺 7563.25 🔻 7559.25
  📡 RSI: 32.7 | MACD: 1.06 | ATR: 3.96
  📊 Filled: 0 | Pending: 0
  💰 Daily P&L: $+0.00

[2026-06-18 10:04] O:7559.75 H:7563.75 L:7559.25 C:7562.50 V:2602.0
  📈 Trend: strong_bullish | 🌍 Regime: trending_bullish
  🗺️  Grid: 0.080% | 🔺 7561.25 🔻 7557.25
  📡 RSI: 44.9 | MACD: 0.93 | ATR: 3.98
  📊 Filled: 0 | Pending: 0
  💰 Daily P&L: $+0.00

[2026-06-18 10:05] O:7562.50 H:7563.00 L:7559.25 C:7560.50 V:2259.0
  📈 Trend: strong_bullish (raw: moderate_bullish) | 🌍 Regime: trending_bullish
  🗺️  Grid: 0.080% | 🔺 7563.75 🔻 7559.25
  📡 RSI: 44.0 | MACD: 0.66 | ATR: 3.98
  📊 Filled: 0 | Pending: 0
  💰 Daily P&L: $+0.00

[2026-06-18 10:06] O:7560.75 H:7564.00 L:7559.75 C:7563.75 V:2107.0
  📈 Trend: moderate_bullish | 🌍 Regime: trending_bullish
  🗺️  Grid: 0.080% | 🔺 7563.00 🔻 7559.25
  📡 RSI: 55.3 | MACD: 0.70 | ATR: 3.93
  📊 Filled: 0 | Pending: 0
  💰 Daily P&L: $+0.00

[2026-06-18 10:07] O:7563.50 H:7564.50 L:7560.75 C:7562.25 V:2044.0
  📈 Trend: moderate_bullish | 🌍 Regime: trending_bullish
  🗺️  Grid: 0.080% | 🔺 7564.00 🔻 7559.75
  📡 RSI: 50.9 | MACD: 0.60 | ATR: 4.00
  📊 Filled: 0 | Pending: 0
  💰 Daily P&L: $+0.00

[2026-06-18 10:08] O:7562.25 H:7564.25 L:7561.50 C:7563.25 V:2043.0
  📈 Trend: moderate_bullish | 🌍 Regime: trending_bullish
  🗺️  Grid: 0.080% | 🔺 7564.50 🔻 7560.75
  📡 RSI: 48.0 | MACD: 0.60 | ATR: 3.89
  📊 Filled: 0 | Pending: 0
  💰 Daily P&L: $+0.00

[2026-06-18 10:09] O:7563.50 H:7563.50 L:7560.75 C:7561.50 V:1471.0
  📈 Trend: moderate_bullish | 🌍 Regime: trending_bullish
  🗺️  Grid: 0.080% | 🔺 7564.25 🔻 7561.50
  📡 RSI: 43.3 | MACD: 0.45 | ATR: 3.89
  📊 Filled: 0 | Pending: 0
  💰 Daily P&L: $+0.00

[2026-06-18 10:10] O:7561.50 H:7564.00 L:7559.75 C:7563.75 V:2135.0
  📈 Trend: moderate_bullish (raw: strong_bullish) | 🌍 Regime: trending_bullish
  🗺️  Grid: 0.080% | 🔺 7563.50 🔻 7560.75
  📡 RSI: 46.8 | MACD: 0.51 | ATR: 3.98
  📊 Filled: 0 | Pending: 0
  💰 Daily P&L: $+0.00

[2026-06-18 10:11] O:7563.75 H:7568.75 L:7563.25 C:7566.25 V:2738.0
  📈 Trend: strong_bullish | 🌍 Regime: trending_bullish
  🗺️  Grid: 0.080% | 🔺 7564.00 🔻 7559.75
  📡 RSI: 50.8 | MACD: 0.74 | ATR: 4.23
  📊 Filled: 0 | Pending: 0
  💰 Daily P&L: $+0.00

[2026-06-18 10:12] O:7566.50 H:7566.75 L:7565.00 C:7565.25 V:1714.0
  📈 Trend: strong_bullish | 🌍 Regime: trending_bullish
  🗺️  Grid: 0.080% | 🔺 7568.75 🔻 7563.25
  📡 RSI: 42.7 | MACD: 0.84 | ATR: 4.07
  📊 Filled: 0 | Pending: 0
  💰 Daily P&L: $+0.00

[2026-06-18 10:13] O:7565.50 H:7566.50 L:7563.50 C:7565.75 V:2220.0
  📈 Trend: strong_bullish | 🌍 Regime: trending_bullish
  🗺️  Grid: 0.080% | 🔺 7566.75 🔻 7565.00
  📡 RSI: 49.0 | MACD: 0.95 | ATR: 3.96
  📊 Filled: 0 | Pending: 0
  💰 Daily P&L: $+0.00

[2026-06-18 10:14] O:7565.75 H:7566.25 L:7559.00 C:7559.00 V:3677.0
  📈 Trend: strong_bullish (raw: moderate_bullish) | 🌍 Regime: trending_bullish
  🗺️  Grid: 0.080% | 🔺 7566.50 🔻 7563.50
  📡 RSI: 41.2 | MACD: 0.49 | ATR: 3.95
  📊 Filled: 0 | Pending: 0
  💰 Daily P&L: $+0.00

[2026-06-18 10:15] O:7559.25 H:7560.50 L:7556.00 C:7560.50 V:3294.0
  📈 Trend: moderate_bullish | 🌍 Regime: trending_bullish
  🗺️  Grid: 0.080% | 🔺 7566.25 🔻 7559.00
  📡 RSI: 47.0 | MACD: 0.24 | ATR: 4.00
  📊 Filled: 0 | Pending: 0
  💰 Daily P&L: $+0.00

[2026-06-18 10:16] O:7560.50 H:7561.50 L:7558.75 C:7559.00 V:1872.0
  📈 Trend: moderate_bullish | 🌍 Regime: trending_bullish
  🗺️  Grid: 0.080% | 🔺 7560.50 🔻 7556.00
  📡 RSI: 48.2 | MACD: -0.08 | ATR: 3.91
  📊 Filled: 0 | Pending: 0
  💰 Daily P&L: $+0.00

[2026-06-18 10:17] O:7559.00 H:7559.50 L:7555.75 C:7556.75 V:2280.0
  📈 Trend: moderate_bullish | 🌍 Regime: trending_bullish
  🗺️  Grid: 0.080% | 🔺 7561.50 🔻 7558.75
  📡 RSI: 45.1 | MACD: -0.51 | ATR: 3.89
  📊 Filled: 0 | Pending: 0
  💰 Daily P&L: $+0.00

[2026-06-18 10:18] O:7556.75 H:7560.50 L:7556.75 C:7557.00 V:2184.0
  📈 Trend: moderate_bullish | 🌍 Regime: trending_bullish
  🗺️  Grid: 0.080% | 🔺 7559.50 🔻 7555.75
  📡 RSI: 40.2 | MACD: -0.82 | ATR: 3.84
  📊 Filled: 0 | Pending: 0
  💰 Daily P&L: $+0.00

[2026-06-18 10:19] O:7556.75 H:7557.00 L:7553.50 C:7554.75 V:2692.0
  📈 Trend: moderate_bullish | 🌍 Regime: trending_bullish
  🗺️  Grid: 0.080% | 🔺 7560.50 🔻 7556.75
  📡 RSI: 39.8 | MACD: -1.23 | ATR: 3.82
  📊 Filled: 0 | Pending: 0
  💰 Daily P&L: $+0.00

[2026-06-18 10:20] O:7554.75 H:7559.25 L:7553.75 C:7558.00 V:2779.0
  📈 Trend: moderate_bullish | 🌍 Regime: trending_bullish
  🗺️  Grid: 0.080% | 🔺 7557.00 🔻 7553.50
  📡 RSI: 39.8 | MACD: -1.28 | ATR: 3.91
  📊 Filled: 0 | Pending: 0
  📤 Limit BUY 10 @ 7558.00 submitted (ID: 498)
  ⬆️ LONG ORDER @ 7558.00 | Size: 1.00 | SL: 7550.25 | TP: 7569.75 [10cts]
     Reason: Grid Long (moderate_bullish, RSI: 39.8)
  🔬 SHADOW [long trending]: 🟥 ROBUST WOULD BLOCK (1 filter)
       MACD=BLOCK (-1.28 vs -1.23, Δ-0.05) | 5m=PASS (1m=moderate_bullish, 5m=sideways)
     ⏳ Order 498 PENDING - awaiting fill confirmation
  💰 Daily P&L: $+0.00
  📋 Order 498 status: Submitted
  ✅ Fill: BOT 1.0 @ 7558.0
  📋 Order 498 status: Submitted
  ✅ Fill: BOT 9.0 @ 7558.0
  📋 Order 498 status: Filled
  📤 Stop-Limit SELL 10 @ stop:7550.00 / lmt:7546.00 submitted (ID: 499)
  📋 Order 499 status: PreSubmitted
  📤 Limit SELL 10 @ 7569.75 submitted (ID: 500)
  📋 Order 500 status: Submitted
  ✅ FILL CONFIRMED: LONG @ 7558.00 (order 498)
     📊 Bracket placed: SL #499 @ 7550.00 | TP #500 @ 7569.75
     Trail activates @ +7.5 pts

[2026-06-18 10:21] O:7558.00 H:7559.00 L:7556.50 C:7556.75 V:1688.0
  📈 Trend: moderate_bullish (raw: strong_bearish) | 🌍 Regime: ranging
  🗺️  Grid: 0.080% | 🔺 7559.25 🔻 7553.75
  📡 RSI: 40.2 | MACD: -1.41 | ATR: 3.82
  📊 Filled: 1 | Pending: 0
  📍 LONG @ 7558.00 | SL: 7550.00 | TP: 7569.75 | P&L: $-625.00 | +7.5 to trail
  💰 Daily P&L: $+0.00

[2026-06-18 10:22] O:7556.75 H:7557.25 L:7554.00 C:7555.25 V:1903.0
  📈 Trend: strong_bearish | 🌍 Regime: ranging
  🗺️  Grid: 0.080% | 🔺 7559.00 🔻 7556.50
  📡 RSI: 36.0 | MACD: -1.61 | ATR: 3.86
  📊 Filled: 1 | Pending: 0
  📍 LONG @ 7558.00 | SL: 7550.00 | TP: 7569.75 | P&L: $-1,375.00 | +6.5 to trail
  💰 Daily P&L: $+0.00

[2026-06-18 10:23] O:7555.50 H:7556.25 L:7551.25 C:7555.50 V:3542.0
  📈 Trend: strong_bearish | 🌍 Regime: ranging
  🗺️  Grid: 0.080% | 🔺 7557.25 🔻 7554.00
  📡 RSI: 38.9 | MACD: -1.73 | ATR: 4.02
  📊 Filled: 1 | Pending: 0
  📍 LONG @ 7558.00 | SL: 7550.00 | TP: 7569.75 | P&L: $-1,250.00 | +6.5 to trail
  💰 Daily P&L: $+0.00

[2026-06-18 10:24] O:7555.50 H:7557.00 L:7553.00 C:7553.75 V:2473.0
  📈 Trend: strong_bearish | 🌍 Regime: ranging
  🗺️  Grid: 0.080% | 🔺 7556.25 🔻 7551.25
  📡 RSI: 31.1 | MACD: -1.94 | ATR: 4.00
  📊 Filled: 1 | Pending: 0
  📍 LONG @ 7558.00 | SL: 7550.00 | TP: 7569.75 | P&L: $-2,125.00 | +6.5 to trail
  💰 Daily P&L: $+0.00

[2026-06-18 10:25] O:7553.50 H:7555.50 L:7552.25 C:7554.00 V:1985.0
  📈 Trend: strong_bearish | 🌍 Regime: trending_bearish
  🗺️  Grid: 0.080% | 🔺 7557.00 🔻 7553.00
  📡 RSI: 24.7 | MACD: -2.07 | ATR: 3.84
  📊 Filled: 1 | Pending: 0
  📍 LONG @ 7558.00 | SL: 7550.00 | TP: 7569.75 | P&L: $-2,000.00 | +6.5 to trail
  💰 Daily P&L: $+0.00

[2026-06-18 10:26] O:7554.00 H:7555.50 L:7552.75 C:7554.75 V:2163.0
  📈 Trend: strong_bearish | 🌍 Regime: trending_bearish
  🗺️  Grid: 0.080% | 🔺 7555.50 🔻 7552.25
  📡 RSI: 28.1 | MACD: -2.08 | ATR: 3.91
  📊 Filled: 1 | Pending: 0
  📍 LONG @ 7558.00 | SL: 7550.00 | TP: 7569.75 | P&L: $-1,625.00 | +6.5 to trail
  💰 Daily P&L: $+0.00

[2026-06-18 10:27] O:7554.75 H:7559.75 L:7554.00 C:7558.75 V:2536.0
  📈 Trend: strong_bearish | 🌍 Regime: trending_bearish
  🗺️  Grid: 0.080% | 🔺 7555.50 🔻 7552.75
  📡 RSI: 37.3 | MACD: -1.75 | ATR: 4.11
  📊 Filled: 1 | Pending: 0
  📍 LONG @ 7558.00 | SL: 7550.00 | TP: 7569.75 | P&L: $+375.00 | +6.5 to trail
  💰 Daily P&L: $+0.00

[2026-06-18 10:28] O:7558.50 H:7559.00 L:7552.50 C:7553.75 V:2531.0
  📈 Trend: strong_bearish | 🌍 Regime: trending_bearish
  🗺️  Grid: 0.080% | 🔺 7559.75 🔻 7554.00
  📡 RSI: 39.8 | MACD: -1.87 | ATR: 4.05
  📊 Filled: 1 | Pending: 0
  📍 LONG @ 7558.00 | SL: 7550.00 | TP: 7569.75 | P&L: $-2,125.00 | +5.8 to trail
  💰 Daily P&L: $+0.00
  ✅ Fill: SLD 9.0 @ 7550.25
  📋 Order 499 status: PreSubmitted
  📋 Order 499 status: Submitted
  ✅ Fill: SLD 1.0 @ 7546.0
  📋 Order 499 status: Filled

[2026-06-18 10:29] O:7553.75 H:7554.50 L:7549.25 C:7551.75 V:4088.0
  📈 Trend: strong_bearish | 🌍 Regime: trending_bearish
  🗺️  Grid: 0.080% | 🔺 7559.00 🔻 7552.50
  📡 RSI: 33.3 | MACD: -2.10 | ATR: 4.11
  📊 Filled: 1 | Pending: 0
  📍 LONG @ 7558.00 | SL: 7550.00 | TP: 7569.75 | P&L: $-3,125.00 | +5.8 to trail
  📋 Order 500 status: PendingCancel
  📋 Order 500 status: Cancelled
  ❌ EXIT LONG @ 7549.82 | Stop Loss
     P&L: -8.18 pts ($-4,087.50) | Daily: $-4,087.50
  ⏸️ Cooldown: 2 bar(s) remaining after exit
  💰 Daily P&L: $-4,087.50

[2026-06-18 10:30] O:7551.50 H:7555.00 L:7549.50 C:7554.75 V:4348.0
  📈 Trend: strong_bearish | 🌍 Regime: trending_bearish
  🗺️  Grid: 0.080% | 🔺 7554.50 🔻 7549.25
  📡 RSI: 42.3 | MACD: -2.02 | ATR: 4.30
  📊 Filled: 0 | Pending: 0
  ⏸️ Cooldown: 1 bar(s) remaining after exit
  💰 Daily P&L: $-4,087.50

[2026-06-18 10:31] O:7554.50 H:7556.25 L:7552.75 C:7553.00 V:2174.0
  📈 Trend: strong_bearish | 🌍 Regime: trending_bearish
  🗺️  Grid: 0.080% | 🔺 7555.00 🔻 7549.50
  📡 RSI: 43.1 | MACD: -2.07 | ATR: 4.29
  📊 Filled: 0 | Pending: 0
  💰 Daily P&L: $-4,087.50

[2026-06-18 10:32] O:7552.75 H:7553.00 L:7550.25 C:7552.00 V:2797.0
  📈 Trend: strong_bearish | 🌍 Regime: trending_bearish
  🗺️  Grid: 0.080% | 🔺 7556.25 🔻 7552.75
  📡 RSI: 41.1 | MACD: -2.17 | ATR: 4.21
  📊 Filled: 0 | Pending: 0
  💰 Daily P&L: $-4,087.50

[2026-06-18 10:33] O:7552.00 H:7552.75 L:7548.00 C:7550.00 V:3771.0
  📈 Trend: strong_bearish | 🌍 Regime: trending_bearish
  🗺️  Grid: 0.080% | 🔺 7553.00 🔻 7550.25
  📡 RSI: 41.4 | MACD: -2.38 | ATR: 4.30
  📊 Filled: 0 | Pending: 0
  💰 Daily P&L: $-4,087.50

[2026-06-18 10:34] O:7549.75 H:7555.50 L:7549.75 C:7553.50 V:3215.0
  📈 Trend: strong_bearish | 🌍 Regime: trending_bearish
  🗺️  Grid: 0.080% | 🔺 7552.75 🔻 7548.00
  📡 RSI: 42.0 | MACD: -2.24 | ATR: 4.32
  📊 Filled: 0 | Pending: 0
  💰 Daily P&L: $-4,087.50

[2026-06-18 10:35] O:7553.50 H:7553.75 L:7548.75 C:7550.00 V:2736.0
  📈 Trend: strong_bearish | 🌍 Regime: trending_bearish
  🗺️  Grid: 0.080% | 🔺 7555.50 🔻 7549.75
  📡 RSI: 38.8 | MACD: -2.38 | ATR: 4.50
  📊 Filled: 0 | Pending: 0
  💰 Daily P&L: $-4,087.50

[2026-06-18 10:36] O:7550.00 H:7550.75 L:7546.25 C:7547.50 V:3137.0
  📈 Trend: strong_bearish | 🌍 Regime: trending_bearish
  🗺️  Grid: 0.080% | 🔺 7553.75 🔻 7548.75
  📡 RSI: 37.6 | MACD: -2.67 | ATR: 4.59
  📊 Filled: 0 | Pending: 0
  💰 Daily P&L: $-4,087.50

[2026-06-18 10:37] O:7547.25 H:7549.25 L:7545.75 C:7548.50 V:2385.0
  📈 Trend: strong_bearish | 🌍 Regime: trending_bearish
  🗺️  Grid: 0.080% | 🔺 7550.75 🔻 7546.25
  📡 RSI: 39.1 | MACD: -2.78 | ATR: 4.48
  📊 Filled: 0 | Pending: 0
  💰 Daily P&L: $-4,087.50

[2026-06-18 10:38] O:7548.50 H:7549.75 L:7541.25 C:7541.25 V:3980.0
  📈 Trend: strong_bearish | 🌍 Regime: trending_bearish
  🗺️  Grid: 0.080% | 🔺 7549.25 🔻 7545.75
  📡 RSI: 33.3 | MACD: -3.41 | ATR: 4.80
  📊 Filled: 0 | Pending: 0
  💰 Daily P&L: $-4,087.50

[2026-06-18 10:39] O:7541.50 H:7547.25 L:7541.00 C:7546.75 V:3467.0
  📈 Trend: strong_bearish | 🌍 Regime: trending_bearish
  🗺️  Grid: 0.080% | 🔺 7549.75 🔻 7541.25
  📡 RSI: 41.5 | MACD: -3.43 | ATR: 5.02
  📊 Filled: 0 | Pending: 0
  💰 Daily P&L: $-4,087.50

[2026-06-18 10:40] O:7546.75 H:7548.00 L:7543.25 C:7547.00 V:2426.0
  📈 Trend: strong_bearish | 🌍 Regime: trending_bearish
  🗺️  Grid: 0.082% | 🔺 7547.25 🔻 7541.00
  📡 RSI: 40.8 | MACD: -3.39 | ATR: 5.16
  📊 Filled: 0 | Pending: 0
  💰 Daily P&L: $-4,087.50

[2026-06-18 10:41] O:7546.75 H:7551.50 L:7546.00 C:7548.00 V:3295.0
  📈 Trend: strong_bearish | 🌍 Regime: trending_bearish
  🗺️  Grid: 0.082% | 🔺 7548.00 🔻 7543.25
  📡 RSI: 36.3 | MACD: -3.24 | ATR: 5.14
  📊 Filled: 0 | Pending: 0
  💰 Daily P&L: $-4,087.50

[2026-06-18 10:42] O:7547.75 H:7550.75 L:7547.25 C:7549.25 V:2033.0
  📈 Trend: strong_bearish | 🌍 Regime: trending_bearish
  🗺️  Grid: 0.080% | 🔺 7551.50 🔻 7546.00
  📡 RSI: 43.7 | MACD: -2.98 | ATR: 4.93
  📊 Filled: 0 | Pending: 0
  💰 Daily P&L: $-4,087.50

[2026-06-18 10:43] O:7549.25 H:7549.75 L:7544.50 C:7546.50 V:2279.0
  📈 Trend: strong_bearish | 🌍 Regime: trending_bearish
  🗺️  Grid: 0.080% | 🔺 7550.75 🔻 7547.25
  📡 RSI: 42.8 | MACD: -2.97 | ATR: 4.93
  📊 Filled: 0 | Pending: 0
  💰 Daily P&L: $-4,087.50

[2026-06-18 10:44] O:7546.75 H:7548.00 L:7544.75 C:7546.00 V:1713.0
  📈 Trend: strong_bearish | 🌍 Regime: trending_bearish
  🗺️  Grid: 0.080% | 🔺 7549.75 🔻 7544.50
  📡 RSI: 37.0 | MACD: -2.96 | ATR: 4.77
  📊 Filled: 0 | Pending: 0
  💰 Daily P&L: $-4,087.50

[2026-06-18 10:45] O:7545.75 H:7546.50 L:7541.75 C:7546.00 V:2795.0
  📈 Trend: strong_bearish (raw: moderate_bearish) | 🌍 Regime: trending_bearish
  🗺️  Grid: 0.080% | 🔺 7548.00 🔻 7544.75
  📡 RSI: 39.1 | MACD: -2.92 | ATR: 4.86
  📊 Filled: 0 | Pending: 0
  💰 Daily P&L: $-4,087.50

[2026-06-18 10:46] O:7546.00 H:7546.75 L:7543.25 C:7544.25 V:2523.0
  📈 Trend: strong_bearish | 🌍 Regime: trending_bearish
  🗺️  Grid: 0.080% | 🔺 7546.50 🔻 7541.75
  📡 RSI: 38.2 | MACD: -3.00 | ATR: 4.91
  📊 Filled: 0 | Pending: 0
  💰 Daily P&L: $-4,087.50

[2026-06-18 10:47] O:7544.00 H:7547.75 L:7541.00 C:7547.25 V:2428.0
  📈 Trend: strong_bearish | 🌍 Regime: trending_bearish
  🗺️  Grid: 0.080% | 🔺 7546.75 🔻 7543.25
  📡 RSI: 45.9 | MACD: -2.78 | ATR: 5.05
  📊 Filled: 0 | Pending: 0
  💰 Daily P&L: $-4,087.50

[2026-06-18 10:48] O:7547.00 H:7548.75 L:7544.75 C:7547.00 V:2049.0
  📈 Trend: strong_bearish | 🌍 Regime: trending_bearish
  🗺️  Grid: 0.080% | 🔺 7547.75 🔻 7541.00
  📡 RSI: 39.3 | MACD: -2.61 | ATR: 4.93
  📊 Filled: 0 | Pending: 0
  💰 Daily P&L: $-4,087.50

[2026-06-18 10:49] O:7546.75 H:7551.00 L:7546.50 C:7549.50 V:3127.0
  📈 Trend: strong_bearish | 🌍 Regime: trending_bearish
  🗺️  Grid: 0.080% | 🔺 7548.75 🔻 7544.75
  📡 RSI: 49.2 | MACD: -2.24 | ATR: 4.89
  📊 Filled: 0 | Pending: 0
  💰 Daily P&L: $-4,087.50

[2026-06-18 10:50] O:7549.25 H:7553.75 L:7549.25 C:7552.75 V:2219.0
  📈 Trend: strong_bearish | 🌍 Regime: trending_bearish
  🗺️  Grid: 0.080% | 🔺 7551.00 🔻 7546.50
  📡 RSI: 58.7 | MACD: -1.66 | ATR: 4.89
  📊 Filled: 0 | Pending: 0
  💰 Daily P&L: $-4,087.50

[2026-06-18 10:51] O:7552.75 H:7555.50 L:7552.50 C:7553.25 V:2690.0
  📈 Trend: strong_bearish (raw: moderate_bearish) | 🌍 Regime: trending_bearish
  🗺️  Grid: 0.080% | 🔺 7553.75 🔻 7549.25
  📡 RSI: 58.0 | MACD: -1.15 | ATR: 4.86
  📊 Filled: 0 | Pending: 0
  💰 Daily P&L: $-4,087.50

[2026-06-18 10:52] O:7553.25 H:7559.00 L:7553.25 C:7557.75 V:2783.0
  📈 Trend: moderate_bearish | 🌍 Regime: trending_bearish
  🗺️  Grid: 0.080% | 🔺 7555.50 🔻 7552.50
  📡 RSI: 80.6 | MACD: -0.38 | ATR: 4.66
  📊 Filled: 0 | Pending: 0
  💰 Daily P&L: $-4,087.50

[2026-06-18 10:53] O:7557.75 H:7561.75 L:7557.25 C:7560.00 V:2887.0
  📈 Trend: moderate_bearish (raw: moderate_bullish) | 🌍 Regime: ranging
  🗺️  Grid: 0.080% | 🔺 7559.00 🔻 7553.25
  📡 RSI: 77.9 | MACD: 0.41 | ATR: 4.54
  📊 Filled: 0 | Pending: 0
  🔲 Regime: RANGING | Range pos: 53% | RSI: 77.9
  💰 Daily P&L: $-4,087.50

[2026-06-18 10:54] O:7560.00 H:7560.00 L:7557.00 C:7557.75 V:2115.0
  📈 Trend: moderate_bullish | 🌍 Regime: ranging
  🗺️  Grid: 0.080% | 🔺 7561.75 🔻 7557.25
  📡 RSI: 70.9 | MACD: 0.84 | ATR: 4.41
  📊 Filled: 0 | Pending: 0
  🔲 Regime: RANGING | Range pos: 48% | RSI: 70.9
  💰 Daily P&L: $-4,087.50

[2026-06-18 10:55] O:7557.75 H:7561.25 L:7557.75 C:7560.75 V:1753.0
  📈 Trend: moderate_bullish | 🌍 Regime: ranging
  🗺️  Grid: 0.080% | 🔺 7560.00 🔻 7557.00
  📡 RSI: 73.0 | MACD: 1.41 | ATR: 4.27
  📊 Filled: 0 | Pending: 0
  🔲 Regime: RANGING | Range pos: 55% | RSI: 73.0
  💰 Daily P&L: $-4,087.50

[2026-06-18 10:56] O:7560.75 H:7562.50 L:7560.00 C:7560.25 V:2506.0
  📈 Trend: moderate_bullish | 🌍 Regime: ranging
  🗺️  Grid: 0.080% | 🔺 7561.25 🔻 7557.75
  📡 RSI: 70.4 | MACD: 1.80 | ATR: 4.20
  📊 Filled: 0 | Pending: 0
  🔲 Regime: RANGING | Range pos: 54% | RSI: 70.4
  💰 Daily P&L: $-4,087.50

[2026-06-18 10:57] O:7560.25 H:7563.00 L:7560.00 C:7561.75 V:2483.0
  📈 Trend: moderate_bullish | 🌍 Regime: ranging
  🗺️  Grid: 0.080% | 🔺 7562.50 🔻 7560.00
  📡 RSI: 79.6 | MACD: 2.20 | ATR: 4.04
  📊 Filled: 0 | Pending: 0
  🔲 Regime: RANGING | Range pos: 57% | RSI: 79.6
  💰 Daily P&L: $-4,087.50

[2026-06-18 10:58] O:7561.50 H:7563.25 L:7561.25 C:7561.75 V:2189.0
  📈 Trend: moderate_bullish | 🌍 Regime: ranging
  🗺️  Grid: 0.080% | 🔺 7563.00 🔻 7560.00
  📡 RSI: 81.2 | MACD: 2.49 | ATR: 3.95
  📊 Filled: 0 | Pending: 0
  🔲 Regime: RANGING | Range pos: 57% | RSI: 81.2
  💰 Daily P&L: $-4,087.50

[2026-06-18 10:59] O:7562.00 H:7562.25 L:7559.75 C:7560.50 V:2578.0
  📈 Trend: moderate_bullish | 🌍 Regime: ranging
  🗺️  Grid: 0.080% | 🔺 7563.25 🔻 7561.25
  📡 RSI: 77.4 | MACD: 2.59 | ATR: 3.79
  📊 Filled: 0 | Pending: 0
  🔲 Regime: RANGING | Range pos: 54% | RSI: 77.4
  💰 Daily P&L: $-4,087.50

[2026-06-18 11:00] O:7560.25 H:7563.75 L:7560.25 C:7562.75 V:3184.0
  📈 Trend: moderate_bullish | 🌍 Regime: ranging
  🗺️  Grid: 0.080% | 🔺 7562.25 🔻 7559.75
  📡 RSI: 84.3 | MACD: 2.82 | ATR: 3.79
  📊 Filled: 0 | Pending: 0
  🔲 Regime: RANGING | Range pos: 59% | RSI: 84.3
  💰 Daily P&L: $-4,087.50

[2026-06-18 11:01] O:7562.50 H:7563.00 L:7558.00 C:7558.25 V:2590.0
  📈 Trend: moderate_bullish (raw: strong_bullish) | 🌍 Regime: ranging
  🗺️  Grid: 0.080% | 🔺 7563.75 🔻 7560.25
  📡 RSI: 69.3 | MACD: 2.61 | ATR: 3.66
  📊 Filled: 0 | Pending: 0
  🔲 Regime: RANGING | Range pos: 49% | RSI: 69.3
  💰 Daily P&L: $-4,087.50

[2026-06-18 11:02] O:7558.25 H:7560.00 L:7557.75 C:7558.25 V:2359.0
  📈 Trend: strong_bullish | 🌍 Regime: ranging
  🗺️  Grid: 0.080% | 🔺 7563.00 🔻 7558.00
  📡 RSI: 69.9 | MACD: 2.42 | ATR: 3.54
  📊 Filled: 0 | Pending: 0
  🔲 Regime: RANGING | Range pos: 49% | RSI: 69.9
  💰 Daily P&L: $-4,087.50

[2026-06-18 11:03] O:7558.25 H:7558.75 L:7556.25 C:7557.75 V:2130.0
  📈 Trend: strong_bullish | 🌍 Regime: ranging
  🗺️  Grid: 0.080% | 🔺 7560.00 🔻 7557.75
  📡 RSI: 65.7 | MACD: 2.19 | ATR: 3.39
  📊 Filled: 0 | Pending: 0
  🔲 Regime: RANGING | Range pos: 48% | RSI: 65.7
  💰 Daily P&L: $-4,087.50

[2026-06-18 11:04] O:7557.75 H:7560.00 L:7556.75 C:7557.50 V:1599.0
  📈 Trend: strong_bullish | 🌍 Regime: ranging
  🗺️  Grid: 0.080% | 🔺 7558.75 🔻 7556.25
  📡 RSI: 60.2 | MACD: 1.98 | ATR: 3.30
  📊 Filled: 0 | Pending: 0
  🔲 Regime: RANGING | Range pos: 48% | RSI: 60.2
  💰 Daily P&L: $-4,087.50

[2026-06-18 11:05] O:7557.25 H:7560.75 L:7556.00 C:7560.25 V:1854.0
  📈 Trend: strong_bullish | 🌍 Regime: ranging
  🗺️  Grid: 0.080% | 🔺 7560.00 🔻 7556.75
  📡 RSI: 63.7 | MACD: 2.00 | ATR: 3.43
  📊 Filled: 0 | Pending: 0
  🔲 Regime: RANGING | Range pos: 54% | RSI: 63.7
  💰 Daily P&L: $-4,087.50

[2026-06-18 11:06] O:7560.00 H:7562.75 L:7559.50 C:7559.75 V:2352.0
  📈 Trend: strong_bullish | 🌍 Regime: ranging
  🗺️  Grid: 0.080% | 🔺 7560.75 🔻 7556.00
  📡 RSI: 54.7 | MACD: 1.96 | ATR: 3.25
  📊 Filled: 0 | Pending: 0
  🔲 Regime: RANGING | Range pos: 53% | RSI: 54.7
  💰 Daily P&L: $-4,087.50

[2026-06-18 11:07] O:7559.75 H:7559.75 L:7555.00 C:7558.25 V:2517.0
  📈 Trend: strong_bullish (raw: moderate_bullish) | 🌍 Regime: ranging
  🗺️  Grid: 0.080% | 🔺 7562.75 🔻 7559.50
  📡 RSI: 45.8 | MACD: 1.79 | ATR: 3.27
  📊 Filled: 0 | Pending: 0
  🔲 Regime: RANGING | Range pos: 49% | RSI: 45.8
  💰 Daily P&L: $-4,087.50

[2026-06-18 11:08] O:7558.00 H:7559.75 L:7557.50 C:7557.75 V:1176.0
  📈 Trend: moderate_bullish | 🌍 Regime: ranging
  🗺️  Grid: 0.080% | 🔺 7559.75 🔻 7555.00
  📡 RSI: 50.0 | MACD: 1.59 | ATR: 3.21
  📊 Filled: 0 | Pending: 0
  🔲 Regime: RANGING | Range pos: 48% | RSI: 50.0
  💰 Daily P&L: $-4,087.50

[2026-06-18 11:09] O:7557.50 H:7559.00 L:7556.75 C:7558.75 V:1705.0
  📈 Trend: moderate_bullish | 🌍 Regime: ranging
  🗺️  Grid: 0.080% | 🔺 7559.75 🔻 7557.50
  📡 RSI: 44.1 | MACD: 1.49 | ATR: 3.12
  📊 Filled: 0 | Pending: 0
  🔲 Regime: RANGING | Range pos: 51% | RSI: 44.1
  💰 Daily P&L: $-4,087.50

[2026-06-18 11:10] O:7558.50 H:7559.25 L:7556.50 C:7557.50 V:1794.0
  📈 Trend: moderate_bullish | 🌍 Regime: ranging
  🗺️  Grid: 0.080% | 🔺 7559.00 🔻 7556.75
  📡 RSI: 42.3 | MACD: 1.31 | ATR: 3.14
  📊 Filled: 0 | Pending: 0
  🔲 Regime: RANGING | Range pos: 48% | RSI: 42.3
  💰 Daily P&L: $-4,087.50

[2026-06-18 11:11] O:7557.50 H:7561.50 L:7557.50 C:7560.25 V:1758.0
  📈 Trend: moderate_bullish | 🌍 Regime: ranging
  🗺️  Grid: 0.080% | 🔺 7559.25 🔻 7556.50
  📡 RSI: 46.1 | MACD: 1.36 | ATR: 3.21
  📊 Filled: 0 | Pending: 0
  🔲 Regime: RANGING | Range pos: 54% | RSI: 46.1
  💰 Daily P&L: $-4,087.50

[2026-06-18 11:12] O:7560.00 H:7561.25 L:7559.00 C:7561.00 V:1323.0
  📈 Trend: moderate_bullish | 🌍 Regime: ranging
  🗺️  Grid: 0.080% | 🔺 7561.50 🔻 7557.50
  📡 RSI: 48.1 | MACD: 1.45 | ATR: 3.23
  📊 Filled: 0 | Pending: 0
  🔲 Regime: RANGING | Range pos: 55% | RSI: 48.1
  💰 Daily P&L: $-4,087.50

[2026-06-18 11:13] O:7561.00 H:7561.00 L:7558.75 C:7560.00 V:1348.0
  📈 Trend: moderate_bullish | 🌍 Regime: ranging
  🗺️  Grid: 0.080% | 🔺 7561.25 🔻 7559.00
  📡 RSI: 48.7 | MACD: 1.42 | ATR: 3.21
  📊 Filled: 0 | Pending: 0
  🔲 Regime: RANGING | Range pos: 53% | RSI: 48.7
  💰 Daily P&L: $-4,087.50

[2026-06-18 11:14] O:7560.00 H:7560.75 L:7558.75 C:7559.75 V:1200.0
  📈 Trend: moderate_bullish (raw: moderate_bearish) | 🌍 Regime: ranging
  🗺️  Grid: 0.080% | 🔺 7561.00 🔻 7558.75
  📡 RSI: 41.4 | MACD: 1.36 | ATR: 3.11
  📊 Filled: 0 | Pending: 0
  🔲 Regime: RANGING | Range pos: 53% | RSI: 41.4
  💰 Daily P&L: $-4,087.50

[2026-06-18 11:15] O:7560.00 H:7560.25 L:7557.50 C:7558.25 V:1714.0
  📈 Trend: moderate_bearish | 🌍 Regime: ranging
  🗺️  Grid: 0.080% | 🔺 7560.75 🔻 7558.75
  📡 RSI: 50.0 | MACD: 1.18 | ATR: 2.95
  📊 Filled: 0 | Pending: 0
  🔲 Regime: RANGING | Range pos: 49% | RSI: 50.0
  💰 Daily P&L: $-4,087.50

[2026-06-18 11:16] O:7558.25 H:7559.50 L:7557.25 C:7557.50 V:1309.0
  📈 Trend: moderate_bearish | 🌍 Regime: ranging
  🗺️  Grid: 0.080% | 🔺 7560.25 🔻 7557.50
  📡 RSI: 47.5 | MACD: 0.97 | ATR: 2.95
  📊 Filled: 0 | Pending: 0
  🔲 Regime: RANGING | Range pos: 48% | RSI: 47.5
  💰 Daily P&L: $-4,087.50

[2026-06-18 11:17] O:7557.75 H:7561.25 L:7557.50 C:7561.00 V:1461.0
  📈 Trend: moderate_bearish | 🌍 Regime: ranging
  🗺️  Grid: 0.080% | 🔺 7559.50 🔻 7557.25
  📡 RSI: 58.9 | MACD: 1.07 | ATR: 3.04
  📊 Filled: 0 | Pending: 0
  🔲 Regime: RANGING | Range pos: 55% | RSI: 58.9
  💰 Daily P&L: $-4,087.50

[2026-06-18 11:18] O:7560.75 H:7562.00 L:7557.75 C:7558.75 V:1614.0
  📈 Trend: moderate_bearish | 🌍 Regime: ranging
  🗺️  Grid: 0.080% | 🔺 7561.25 🔻 7557.50
  📡 RSI: 53.1 | MACD: 0.96 | ATR: 3.11
  📊 Filled: 0 | Pending: 0
  🔲 Regime: RANGING | Range pos: 51% | RSI: 53.1
  💰 Daily P&L: $-4,087.50

[2026-06-18 11:19] O:7558.75 H:7559.75 L:7557.00 C:7559.50 V:1360.0
  📈 Trend: moderate_bearish | 🌍 Regime: ranging
  🗺️  Grid: 0.080% | 🔺 7562.00 🔻 7557.75
  📡 RSI: 47.9 | MACD: 0.92 | ATR: 2.96
  📊 Filled: 0 | Pending: 0
  🔲 Regime: RANGING | Range pos: 52% | RSI: 47.9
  💰 Daily P&L: $-4,087.50

[2026-06-18 11:20] O:7559.50 H:7562.50 L:7559.25 C:7562.25 V:1502.0
  📈 Trend: moderate_bearish (raw: moderate_bullish) | 🌍 Regime: ranging
  🗺️  Grid: 0.080% | 🔺 7559.75 🔻 7557.00
  📡 RSI: 56.1 | MACD: 1.09 | ATR: 2.96
  📊 Filled: 0 | Pending: 0
  🔲 Regime: RANGING | Range pos: 58% | RSI: 56.1
  💰 Daily P&L: $-4,087.50

[2026-06-18 11:21] O:7562.00 H:7566.00 L:7561.50 C:7565.25 V:2359.0
  📈 Trend: moderate_bearish (raw: strong_bullish) | 🌍 Regime: ranging
  🗺️  Grid: 0.080% | 🔺 7562.50 🔻 7559.25
  📡 RSI: 65.9 | MACD: 1.46 | ATR: 2.95
  📊 Filled: 0 | Pending: 0
  🔲 Regime: RANGING | Range pos: 65% | RSI: 65.9
  💰 Daily P&L: $-4,087.50

[2026-06-18 11:22] O:7565.25 H:7566.75 L:7563.00 C:7563.75 V:1741.0
  📈 Trend: strong_bullish | 🌍 Regime: ranging
  🗺️  Grid: 0.080% | 🔺 7566.00 🔻 7561.50
  📡 RSI: 63.0 | MACD: 1.61 | ATR: 3.05
  📊 Filled: 0 | Pending: 0
  🔲 Regime: RANGING | Range pos: 61% | RSI: 63.0
  💰 Daily P&L: $-4,087.50

[2026-06-18 11:23] O:7563.75 H:7565.75 L:7563.25 C:7563.75 V:1556.0
  📈 Trend: strong_bullish | 🌍 Regime: ranging
  🗺️  Grid: 0.080% | 🔺 7566.75 🔻 7563.00
  📡 RSI: 61.4 | MACD: 1.71 | ATR: 3.07
  📊 Filled: 0 | Pending: 0
  🔲 Regime: RANGING | Range pos: 61% | RSI: 61.4
  💰 Daily P&L: $-4,087.50

[2026-06-18 11:24] O:7563.75 H:7564.75 L:7561.75 C:7561.75 V:1820.0
  📈 Trend: strong_bullish | 🌍 Regime: ranging
  🗺️  Grid: 0.080% | 🔺 7565.75 🔻 7563.25
  📡 RSI: 59.3 | MACD: 1.61 | ATR: 3.09
  📊 Filled: 0 | Pending: 0
  🔲 Regime: RANGING | Range pos: 57% | RSI: 59.3
  💰 Daily P&L: $-4,087.50

[2026-06-18 11:25] O:7561.75 H:7563.25 L:7560.75 C:7562.75 V:1359.0
  📈 Trend: strong_bullish | 🌍 Regime: ranging
  🗺️  Grid: 0.080% | 🔺 7564.75 🔻 7561.75
  📡 RSI: 56.0 | MACD: 1.59 | ATR: 2.98
  📊 Filled: 0 | Pending: 0
  🔲 Regime: RANGING | Range pos: 59% | RSI: 56.0
  💰 Daily P&L: $-4,087.50

[2026-06-18 11:26] O:7562.75 H:7565.25 L:7562.25 C:7564.00 V:1093.0
  📈 Trend: strong_bullish | 🌍 Regime: ranging
  🗺️  Grid: 0.080% | 🔺 7563.25 🔻 7560.75
  📡 RSI: 57.0 | MACD: 1.66 | ATR: 3.04
  📊 Filled: 0 | Pending: 0
  🔲 Regime: RANGING | Range pos: 62% | RSI: 57.0
  💰 Daily P&L: $-4,087.50

[2026-06-18 11:27] O:7564.25 H:7564.75 L:7562.75 C:7563.50 V:1188.0
  📈 Trend: strong_bullish | 🌍 Regime: ranging
  🗺️  Grid: 0.080% | 🔺 7565.25 🔻 7562.25
  📡 RSI: 58.3 | MACD: 1.65 | ATR: 3.02
  📊 Filled: 0 | Pending: 0
  🔲 Regime: RANGING | Range pos: 61% | RSI: 58.3
  💰 Daily P&L: $-4,087.50

[2026-06-18 11:28] O:7563.25 H:7564.00 L:7562.25 C:7563.50 V:864.0
  📈 Trend: strong_bullish | 🌍 Regime: ranging
  🗺️  Grid: 0.080% | 🔺 7564.75 🔻 7562.75
  📡 RSI: 59.0 | MACD: 1.63 | ATR: 3.00
  📊 Filled: 0 | Pending: 0
  🔲 Regime: RANGING | Range pos: 61% | RSI: 59.0
  💰 Daily P&L: $-4,087.50

[2026-06-18 11:29] O:7563.50 H:7564.50 L:7563.25 C:7564.00 V:1070.0
  📈 Trend: strong_bullish | 🌍 Regime: ranging
  🗺️  Grid: 0.080% | 🔺 7564.00 🔻 7562.25
  📡 RSI: 64.6 | MACD: 1.63 | ATR: 2.89
  📊 Filled: 0 | Pending: 0
  🔲 Regime: RANGING | Range pos: 62% | RSI: 64.6
  💰 Daily P&L: $-4,087.50

[2026-06-18 11:30] O:7564.25 H:7564.25 L:7562.50 C:7563.25 V:1478.0
  📈 Trend: strong_bullish | 🌍 Regime: ranging
  🗺️  Grid: 0.080% | 🔺 7564.50 🔻 7563.25
  📡 RSI: 64.6 | MACD: 1.56 | ATR: 2.86
  📊 Filled: 0 | Pending: 0
  🔲 Regime: RANGING | Range pos: 60% | RSI: 64.6
  💰 Daily P&L: $-4,087.50

[2026-06-18 11:31] O:7563.50 H:7563.50 L:7560.50 C:7562.50 V:1520.0
  📈 Trend: strong_bullish | 🌍 Regime: ranging
  🗺️  Grid: 0.080% | 🔺 7564.25 🔻 7562.50
  📡 RSI: 54.4 | MACD: 1.42 | ATR: 2.80
  📊 Filled: 0 | Pending: 0
  🔲 Regime: RANGING | Range pos: 59% | RSI: 54.4
  💰 Daily P&L: $-4,087.50

[2026-06-18 11:32] O:7562.50 H:7563.00 L:7561.50 C:7562.00 V:1187.0
  📈 Trend: strong_bullish | 🌍 Regime: ranging
  🗺️  Grid: 0.080% | 🔺 7563.50 🔻 7560.50
  📡 RSI: 60.7 | MACD: 1.26 | ATR: 2.61
  📊 Filled: 0 | Pending: 0
  🔲 Regime: RANGING | Range pos: 58% | RSI: 60.7
  💰 Daily P&L: $-4,087.50

[2026-06-18 11:33] O:7562.00 H:7563.00 L:7560.75 C:7561.50 V:1510.0
  📈 Trend: strong_bullish | 🌍 Regime: ranging
  🗺️  Grid: 0.080% | 🔺 7563.00 🔻 7561.50
  📡 RSI: 56.7 | MACD: 1.07 | ATR: 2.57
  📊 Filled: 0 | Pending: 0
  🔲 Regime: RANGING | Range pos: 57% | RSI: 56.7
  💰 Daily P&L: $-4,087.50

[2026-06-18 11:34] O:7561.50 H:7563.50 L:7560.75 C:7563.00 V:1053.0
  📈 Trend: strong_bullish | 🌍 Regime: ranging
  🗺️  Grid: 0.080% | 🔺 7563.00 🔻 7560.75
  📡 RSI: 52.7 | MACD: 1.04 | ATR: 2.54
  📊 Filled: 0 | Pending: 0
  🔲 Regime: RANGING | Range pos: 60% | RSI: 52.7
  💰 Daily P&L: $-4,087.50

[2026-06-18 11:35] O:7563.00 H:7565.00 L:7561.50 C:7561.50 V:1490.0
  📈 Trend: strong_bullish | 🌍 Regime: ranging
  🗺️  Grid: 0.080% | 🔺 7563.50 🔻 7560.75
  📡 RSI: 34.7 | MACD: 0.88 | ATR: 2.46
  📊 Filled: 0 | Pending: 0
  🔲 Regime: RANGING | Range pos: 57% | RSI: 34.7
  💰 Daily P&L: $-4,087.50

[2026-06-18 11:36] O:7561.75 H:7563.25 L:7561.00 C:7563.25 V:1337.0
  📈 Trend: strong_bullish | 🌍 Regime: ranging
  🗺️  Grid: 0.080% | 🔺 7565.00 🔻 7561.50
  📡 RSI: 48.0 | MACD: 0.88 | ATR: 2.36
  📊 Filled: 0 | Pending: 0
  🔲 Regime: RANGING | Range pos: 60% | RSI: 48.0
  💰 Daily P&L: $-4,087.50

[2026-06-18 11:37] O:7563.25 H:7567.50 L:7563.25 C:7567.00 V:2410.0
  📈 Trend: strong_bullish | 🌍 Regime: ranging
  🗺️  Grid: 0.080% | 🔺 7563.25 🔻 7561.00
  📡 RSI: 60.0 | MACD: 1.18 | ATR: 2.48
  📊 Filled: 0 | Pending: 0
  🔲 Regime: RANGING | Range pos: 68% | RSI: 60.0
  💰 Daily P&L: $-4,087.50

[2026-06-18 11:38] O:7566.75 H:7568.25 L:7566.25 C:7567.75 V:1860.0
  📈 Trend: strong_bullish | 🌍 Regime: ranging
  🗺️  Grid: 0.080% | 🔺 7567.50 🔻 7563.25
  📡 RSI: 70.0 | MACD: 1.45 | ATR: 2.41
  📊 Filled: 0 | Pending: 0
  🔲 Regime: RANGING | Range pos: 70% | RSI: 70.0
  💰 Daily P&L: $-4,087.50

[2026-06-18 11:39] O:7568.00 H:7570.50 L:7568.00 C:7569.50 V:3194.0
  📈 Trend: strong_bullish | 🌍 Regime: ranging
  🗺️  Grid: 0.080% | 🔺 7568.25 🔻 7566.25
  📡 RSI: 71.4 | MACD: 1.79 | ATR: 2.43
  📊 Filled: 0 | Pending: 0
  🔲 Regime: RANGING | Range pos: 74% | RSI: 71.4
  🚫 Raw trend blocks RANGING SHORT | raw: strong_bullish
  💰 Daily P&L: $-4,087.50

[2026-06-18 11:40] O:7569.50 H:7570.00 L:7567.50 C:7568.50 V:1872.0
  📈 Trend: strong_bullish | 🌍 Regime: ranging
  🗺️  Grid: 0.080% | 🔺 7570.50 🔻 7568.00
  📡 RSI: 64.5 | MACD: 1.96 | ATR: 2.39
  📊 Filled: 0 | Pending: 0
  🔲 Regime: RANGING | Range pos: 72% | RSI: 64.5
  💰 Daily P&L: $-4,087.50

[2026-06-18 11:41] O:7568.25 H:7570.25 L:7568.25 C:7569.00 V:1159.0
  📈 Trend: strong_bullish | 🌍 Regime: ranging
  🗺️  Grid: 0.080% | 🔺 7570.00 🔻 7567.50
  📡 RSI: 67.7 | MACD: 2.10 | ATR: 2.39
  📊 Filled: 0 | Pending: 0
  🔲 Regime: RANGING | Range pos: 73% | RSI: 67.7
  💰 Daily P&L: $-4,087.50

[2026-06-18 11:42] O:7569.25 H:7570.00 L:7567.50 C:7568.75 V:1397.0
  📈 Trend: strong_bullish | 🌍 Regime: ranging
  🗺️  Grid: 0.080% | 🔺 7570.25 🔻 7568.25
  📡 RSI: 66.7 | MACD: 2.18 | ATR: 2.45
  📊 Filled: 0 | Pending: 0
  🔲 Regime: RANGING | Range pos: 72% | RSI: 66.7
  💰 Daily P&L: $-4,087.50

[2026-06-18 11:43] O:7568.75 H:7569.75 L:7567.75 C:7568.00 V:1061.0
  📈 Trend: strong_bullish | 🌍 Regime: ranging
  🗺️  Grid: 0.080% | 🔺 7570.00 🔻 7567.50
  📡 RSI: 62.5 | MACD: 2.15 | ATR: 2.50
  📊 Filled: 0 | Pending: 0
  🔲 Regime: RANGING | Range pos: 71% | RSI: 62.5
  💰 Daily P&L: $-4,087.50

[2026-06-18 11:44] O:7568.00 H:7569.50 L:7567.00 C:7567.75 V:1202.0
  📈 Trend: strong_bullish | 🌍 Regime: ranging
  🗺️  Grid: 0.080% | 🔺 7569.75 🔻 7567.75
  📡 RSI: 64.5 | MACD: 2.08 | ATR: 2.55
  📊 Filled: 0 | Pending: 0
  🔲 Regime: RANGING | Range pos: 70% | RSI: 64.5
  💰 Daily P&L: $-4,087.50

[2026-06-18 11:45] O:7567.75 H:7568.50 L:7566.75 C:7567.75 V:1415.0
  📈 Trend: strong_bullish | 🌍 Regime: ranging
  🗺️  Grid: 0.080% | 🔺 7569.50 🔻 7567.00
  📡 RSI: 67.8 | MACD: 2.00 | ATR: 2.46
  📊 Filled: 0 | Pending: 0
  🔲 Regime: RANGING | Range pos: 70% | RSI: 67.8
  💰 Daily P&L: $-4,087.50

[2026-06-18 11:46] O:7567.75 H:7568.25 L:7566.50 C:7566.75 V:1153.0
  📈 Trend: strong_bullish | 🌍 Regime: ranging
  🗺️  Grid: 0.080% | 🔺 7568.50 🔻 7566.75
  📡 RSI: 65.6 | MACD: 1.84 | ATR: 2.48
  📊 Filled: 0 | Pending: 0
  🔲 Regime: RANGING | Range pos: 68% | RSI: 65.6
  💰 Daily P&L: $-4,087.50

[2026-06-18 11:47] O:7566.75 H:7568.00 L:7565.75 C:7567.00 V:1353.0
  📈 Trend: strong_bullish | 🌍 Regime: ranging
  🗺️  Grid: 0.080% | 🔺 7568.25 🔻 7566.50
  📡 RSI: 68.3 | MACD: 1.71 | ATR: 2.48
  📊 Filled: 0 | Pending: 0
  🔲 Regime: RANGING | Range pos: 68% | RSI: 68.3
  💰 Daily P&L: $-4,087.50

[2026-06-18 11:48] O:7567.00 H:7568.25 L:7566.75 C:7567.25 V:1331.0
  📈 Trend: strong_bullish | 🌍 Regime: ranging
  🗺️  Grid: 0.080% | 🔺 7568.00 🔻 7565.75
  📡 RSI: 65.5 | MACD: 1.61 | ATR: 2.39
  📊 Filled: 0 | Pending: 0
  🔲 Regime: RANGING | Range pos: 69% | RSI: 65.5
  💰 Daily P&L: $-4,087.50

[2026-06-18 11:49] O:7567.00 H:7568.00 L:7566.25 C:7567.00 V:1360.0
  📈 Trend: strong_bullish | 🌍 Regime: ranging
  🗺️  Grid: 0.080% | 🔺 7568.25 🔻 7566.75
  📡 RSI: 72.0 | MACD: 1.50 | ATR: 2.27
  📊 Filled: 0 | Pending: 0
  🔲 Regime: RANGING | Range pos: 68% | RSI: 72.0
  💰 Daily P&L: $-4,087.50

[2026-06-18 11:50] O:7567.00 H:7567.25 L:7563.25 C:7564.25 V:1926.0
  📈 Trend: strong_bullish | 🌍 Regime: ranging
  🗺️  Grid: 0.080% | 🔺 7568.00 🔻 7566.25
  📡 RSI: 53.7 | MACD: 1.17 | ATR: 2.39
  📊 Filled: 0 | Pending: 0
  🔲 Regime: RANGING | Range pos: 62% | RSI: 53.7
  💰 Daily P&L: $-4,087.50

[2026-06-18 11:51] O:7564.50 H:7564.50 L:7561.25 C:7561.25 V:1951.0
  📈 Trend: strong_bullish (raw: moderate_bullish) | 🌍 Regime: ranging
  🗺️  Grid: 0.080% | 🔺 7567.25 🔻 7563.25
  📡 RSI: 27.5 | MACD: 0.66 | ATR: 2.32
  📊 Filled: 0 | Pending: 0
  🔲 Regime: RANGING | Range pos: 56% | RSI: 27.5
  💰 Daily P&L: $-4,087.50

[2026-06-18 11:52] O:7561.50 H:7564.50 L:7560.50 C:7563.25 V:1887.0
  📈 Trend: strong_bullish | 🌍 Regime: ranging
  🗺️  Grid: 0.080% | 🔺 7564.50 🔻 7561.25
  📡 RSI: 33.9 | MACD: 0.41 | ATR: 2.46
  📊 Filled: 0 | Pending: 0
  🔲 Regime: RANGING | Range pos: 60% | RSI: 33.9
  💰 Daily P&L: $-4,087.50

[2026-06-18 11:53] O:7563.00 H:7564.25 L:7562.00 C:7563.00 V:1220.0
  📈 Trend: strong_bullish (raw: moderate_bullish) | 🌍 Regime: ranging
  🗺️  Grid: 0.080% | 🔺 7564.50 🔻 7560.50
  📡 RSI: 24.0 | MACD: 0.19 | ATR: 2.43
  📊 Filled: 0 | Pending: 0
  🔲 Regime: RANGING | Range pos: 60% | RSI: 24.0
  💰 Daily P&L: $-4,087.50

[2026-06-18 11:54] O:7563.25 H:7563.25 L:7561.50 C:7561.75 V:1160.0
  📈 Trend: strong_bullish | 🌍 Regime: ranging
  🗺️  Grid: 0.080% | 🔺 7564.25 🔻 7562.00
  📡 RSI: 23.5 | MACD: -0.08 | ATR: 2.38
  📊 Filled: 0 | Pending: 0
  🔲 Regime: RANGING | Range pos: 57% | RSI: 23.5
  💰 Daily P&L: $-4,087.50

[2026-06-18 11:55] O:7562.00 H:7563.00 L:7560.25 C:7560.75 V:1766.0
  📈 Trend: strong_bullish (raw: moderate_bullish) | 🌍 Regime: ranging
  🗺️  Grid: 0.080% | 🔺 7563.25 🔻 7561.50
  📡 RSI: 18.9 | MACD: -0.37 | ATR: 2.43
  📊 Filled: 0 | Pending: 0
  🔲 Regime: RANGING | Range pos: 55% | RSI: 18.9
  💰 Daily P&L: $-4,087.50

[2026-06-18 11:56] O:7561.00 H:7561.75 L:7559.25 C:7560.25 V:2163.0
  📈 Trend: moderate_bullish | 🌍 Regime: ranging
  🗺️  Grid: 0.080% | 🔺 7563.00 🔻 7560.25
  📡 RSI: 18.5 | MACD: -0.64 | ATR: 2.43
  📊 Filled: 0 | Pending: 0
  🔲 Regime: RANGING | Range pos: 54% | RSI: 18.5
  💰 Daily P&L: $-4,087.50

[2026-06-18 11:57] O:7560.25 H:7563.50 L:7560.25 C:7563.25 V:1057.0
  📈 Trend: moderate_bullish | 🌍 Regime: ranging
  🗺️  Grid: 0.080% | 🔺 7561.75 🔻 7559.25
  📡 RSI: 34.9 | MACD: -0.60 | ATR: 2.52
  📊 Filled: 0 | Pending: 0
  🔲 Regime: RANGING | Range pos: 60% | RSI: 34.9
  💰 Daily P&L: $-4,087.50

[2026-06-18 11:58] O:7563.00 H:7564.25 L:7561.50 C:7563.00 V:1214.0
  📈 Trend: moderate_bullish | 🌍 Regime: ranging
  🗺️  Grid: 0.080% | 🔺 7563.50 🔻 7560.25
  📡 RSI: 34.9 | MACD: -0.58 | ATR: 2.54
  📊 Filled: 0 | Pending: 0
  🔲 Regime: RANGING | Range pos: 60% | RSI: 34.9
  💰 Daily P&L: $-4,087.50

[2026-06-18 11:59] O:7562.75 H:7564.25 L:7561.00 C:7564.00 V:1317.0
  📈 Trend: moderate_bullish | 🌍 Regime: ranging
  🗺️  Grid: 0.080% | 🔺 7564.25 🔻 7561.50
  📡 RSI: 38.8 | MACD: -0.48 | ATR: 2.64
  📊 Filled: 0 | Pending: 0
  🔲 Regime: RANGING | Range pos: 62% | RSI: 38.8
  💰 Daily P&L: $-4,087.50

[2026-06-18 12:00] O:7564.00 H:7565.00 L:7561.50 C:7562.00 V:1661.0
  📈 Trend: moderate_bullish | 🌍 Regime: ranging
  🗺️  Grid: 0.080% | 🔺 7564.25 🔻 7561.00
  📡 RSI: 36.6 | MACD: -0.56 | ATR: 2.77
  📊 Filled: 0 | Pending: 0
  🔲 Regime: RANGING | Range pos: 58% | RSI: 36.6
  💰 Daily P&L: $-4,087.50

[2026-06-18 12:01] O:7562.25 H:7563.75 L:7562.25 C:7563.50 V:806.0
  📈 Trend: moderate_bullish | 🌍 Regime: ranging
  🗺️  Grid: 0.080% | 🔺 7565.00 🔻 7561.50
  📡 RSI: 40.8 | MACD: -0.49 | ATR: 2.73
  📊 Filled: 0 | Pending: 0
  🔲 Regime: RANGING | Range pos: 61% | RSI: 40.8
  💰 Daily P&L: $-4,087.50

[2026-06-18 12:02] O:7563.75 H:7568.50 L:7563.50 C:7567.75 V:1569.0
  📈 Trend: moderate_bullish | 🌍 Regime: ranging
  🗺️  Grid: 0.080% | 🔺 7563.75 🔻 7562.25
  📡 RSI: 51.1 | MACD: -0.09 | ATR: 2.98
  📊 Filled: 0 | Pending: 0
  🔲 Regime: RANGING | Range pos: 70% | RSI: 51.1
  💰 Daily P&L: $-4,087.50

[2026-06-18 12:03] O:7568.00 H:7569.50 L:7567.25 C:7568.00 V:1346.0
  📈 Trend: moderate_bullish (raw: strong_bullish) | 🌍 Regime: ranging
  🗺️  Grid: 0.080% | 🔺 7568.50 🔻 7563.50
  📡 RSI: 52.2 | MACD: 0.24 | ATR: 3.02
  📊 Filled: 0 | Pending: 0
  🔲 Regime: RANGING | Range pos: 71% | RSI: 52.2
  💰 Daily P&L: $-4,087.50

[2026-06-18 12:04] O:7567.75 H:7570.00 L:7567.50 C:7569.75 V:1407.0
  📈 Trend: strong_bullish | 🌍 Regime: ranging
  🗺️  Grid: 0.080% | 🔺 7569.50 🔻 7567.25
  📡 RSI: 62.5 | MACD: 0.64 | ATR: 2.91
  📊 Filled: 0 | Pending: 0
  🔲 Regime: RANGING | Range pos: 74% | RSI: 62.5
  💰 Daily P&L: $-4,087.50

[2026-06-18 12:05] O:7569.50 H:7574.00 L:7569.00 C:7573.50 V:2835.0
  📈 Trend: strong_bullish | 🌍 Regime: ranging
  🗺️  Grid: 0.080% | 🔺 7570.00 🔻 7567.50
  📡 RSI: 76.9 | MACD: 1.24 | ATR: 3.04
  📊 Filled: 0 | Pending: 0
  🔲 Regime: RANGING | Range pos: 83% | RSI: 76.9
  🚫 Raw trend blocks RANGING SHORT | raw: strong_bullish
  💰 Daily P&L: $-4,087.50

[2026-06-18 12:06] O:7573.50 H:7574.50 L:7572.50 C:7573.25 V:2236.0
  📈 Trend: strong_bullish | 🌍 Regime: ranging
  🗺️  Grid: 0.080% | 🔺 7574.00 🔻 7569.00
  📡 RSI: 73.8 | MACD: 1.68 | ATR: 2.89
  📊 Filled: 0 | Pending: 0
  🔲 Regime: RANGING | Range pos: 82% | RSI: 73.8
  🚫 Raw trend blocks RANGING SHORT | raw: strong_bullish
  💰 Daily P&L: $-4,087.50

[2026-06-18 12:07] O:7573.25 H:7573.75 L:7572.75 C:7573.25 V:1200.0
  📈 Trend: strong_bullish | 🌍 Regime: ranging
  🗺️  Grid: 0.080% | 🔺 7574.50 🔻 7572.50
  📡 RSI: 74.7 | MACD: 2.00 | ATR: 2.80
  📊 Filled: 0 | Pending: 0
  🔲 Regime: RANGING | Range pos: 82% | RSI: 74.7
  🚫 Raw trend blocks RANGING SHORT | raw: strong_bullish
  💰 Daily P&L: $-4,087.50

[2026-06-18 12:08] O:7573.25 H:7573.50 L:7571.25 C:7572.00 V:1747.0
  📈 Trend: strong_bullish | 🌍 Regime: ranging
  🗺️  Grid: 0.080% | 🔺 7573.75 🔻 7572.75
  📡 RSI: 74.7 | MACD: 2.13 | ATR: 2.84
  📊 Filled: 0 | Pending: 0
  🔲 Regime: RANGING | Range pos: 79% | RSI: 74.7
  🚫 Raw trend blocks RANGING SHORT | raw: strong_bullish
  💰 Daily P&L: $-4,087.50

[2026-06-18 12:09] O:7572.25 H:7574.00 L:7571.75 C:7572.00 V:1178.0
  📈 Trend: strong_bullish | 🌍 Regime: ranging
  🗺️  Grid: 0.080% | 🔺 7573.50 🔻 7571.25
  📡 RSI: 78.5 | MACD: 2.21 | ATR: 2.80
  📊 Filled: 0 | Pending: 0
  🔲 Regime: RANGING | Range pos: 79% | RSI: 78.5
  🚫 Raw trend blocks RANGING SHORT | raw: strong_bullish
  💰 Daily P&L: $-4,087.50

[2026-06-18 12:10] O:7571.75 H:7573.50 L:7571.00 C:7572.25 V:1463.0
  📈 Trend: strong_bullish | 🌍 Regime: ranging
  🗺️  Grid: 0.080% | 🔺 7574.00 🔻 7571.75
  📡 RSI: 80.8 | MACD: 2.27 | ATR: 2.80
  📊 Filled: 0 | Pending: 0
  🔲 Regime: RANGING | Range pos: 80% | RSI: 80.8
  🚫 Raw trend blocks RANGING SHORT | raw: strong_bullish
  💰 Daily P&L: $-4,087.50

[2026-06-18 12:11] O:7572.50 H:7573.75 L:7571.25 C:7573.25 V:1193.0
  📈 Trend: strong_bullish | 🌍 Regime: ranging
  🗺️  Grid: 0.080% | 🔺 7573.50 🔻 7571.00
  📡 RSI: 78.6 | MACD: 2.37 | ATR: 2.75
  📊 Filled: 0 | Pending: 0
  🔲 Regime: RANGING | Range pos: 82% | RSI: 78.6
  🚫 Raw trend blocks RANGING SHORT | raw: strong_bullish
  💰 Daily P&L: $-4,087.50

[2026-06-18 12:12] O:7573.25 H:7575.25 L:7572.00 C:7572.50 V:1699.0
  📈 Trend: strong_bullish | 🌍 Regime: ranging
  🗺️  Grid: 0.080% | 🔺 7573.75 🔻 7571.25
  📡 RSI: 76.4 | MACD: 2.36 | ATR: 2.79
  📊 Filled: 0 | Pending: 0
  🔲 Regime: RANGING | Range pos: 80% | RSI: 76.4
  🚫 Raw trend blocks RANGING SHORT | raw: strong_bullish
  💰 Daily P&L: $-4,087.50

[2026-06-18 12:13] O:7572.50 H:7573.25 L:7572.00 C:7572.50 V:1438.0
  📈 Trend: strong_bullish | 🌍 Regime: ranging
  🗺️  Grid: 0.080% | 🔺 7575.25 🔻 7572.00
  📡 RSI: 75.0 | MACD: 2.32 | ATR: 2.64
  📊 Filled: 0 | Pending: 0
  🔲 Regime: RANGING | Range pos: 80% | RSI: 75.0
  🚫 Raw trend blocks RANGING SHORT | raw: strong_bullish
  💰 Daily P&L: $-4,087.50

[2026-06-18 12:14] O:7572.50 H:7573.75 L:7572.50 C:7573.25 V:847.0
  📈 Trend: strong_bullish | 🌍 Regime: ranging
  🗺️  Grid: 0.080% | 🔺 7573.25 🔻 7572.00
  📡 RSI: 85.7 | MACD: 2.33 | ATR: 2.48
  📊 Filled: 0 | Pending: 0
  🔲 Regime: RANGING | Range pos: 82% | RSI: 85.7
  🚫 Raw trend blocks RANGING SHORT | raw: strong_bullish
  💰 Daily P&L: $-4,087.50

[2026-06-18 12:15] O:7573.25 H:7575.00 L:7572.25 C:7575.00 V:1462.0
  📈 Trend: strong_bullish | 🌍 Regime: ranging
  🗺️  Grid: 0.080% | 🔺 7573.75 🔻 7572.50
  📡 RSI: 85.9 | MACD: 2.45 | ATR: 2.55
  📊 Filled: 0 | Pending: 0
  🔲 Regime: RANGING | Range pos: 86% | RSI: 85.9
  🚫 Raw trend blocks RANGING SHORT | raw: strong_bullish
  💰 Daily P&L: $-4,087.50

[2026-06-18 12:16] O:7575.00 H:7577.75 L:7574.00 C:7577.75 V:2196.0
  📈 Trend: strong_bullish | 🌍 Regime: ranging
  🗺️  Grid: 0.080% | 🔺 7575.00 🔻 7572.25
  📡 RSI: 84.5 | MACD: 2.73 | ATR: 2.46
  📊 Filled: 0 | Pending: 0
  🔲 Regime: RANGING | Range pos: 92% | RSI: 84.5
  🚫 Raw trend blocks RANGING SHORT | raw: strong_bullish
  💰 Daily P&L: $-4,087.50

[2026-06-18 12:17] O:7577.75 H:7579.00 L:7577.00 C:7578.00 V:2144.0
  📈 Trend: strong_bullish | 🌍 Regime: ranging
  🗺️  Grid: 0.080% | 🔺 7577.75 🔻 7574.00
  📡 RSI: 84.5 | MACD: 2.94 | ATR: 2.45
  📊 Filled: 0 | Pending: 0
  🔲 Regime: RANGING | Range pos: 92% | RSI: 84.5
  🚫 Raw trend blocks RANGING SHORT | raw: strong_bullish
  💰 Daily P&L: $-4,087.50

[2026-06-18 12:18] O:7577.75 H:7578.75 L:7577.25 C:7577.75 V:1200.0
  📈 Trend: strong_bullish | 🌍 Regime: ranging
  🗺️  Grid: 0.080% | 🔺 7579.00 🔻 7577.00
  📡 RSI: 80.8 | MACD: 3.05 | ATR: 2.38
  📊 Filled: 0 | Pending: 0
  🔲 Regime: RANGING | Range pos: 92% | RSI: 80.8
  🚫 Raw trend blocks RANGING SHORT | raw: strong_bullish
  💰 Daily P&L: $-4,087.50

[2026-06-18 12:19] O:7577.75 H:7578.25 L:7577.00 C:7577.25 V:1463.0
  📈 Trend: strong_bullish | 🌍 Regime: ranging
  🗺️  Grid: 0.080% | 🔺 7578.75 🔻 7577.25
  📡 RSI: 69.2 | MACD: 3.07 | ATR: 2.11
  📊 Filled: 0 | Pending: 0
  🔲 Regime: RANGING | Range pos: 91% | RSI: 69.2
  💰 Daily P&L: $-4,087.50

[2026-06-18 12:20] O:7577.25 H:7578.25 L:7576.00 C:7577.00 V:1316.0
  📈 Trend: strong_bullish | 🌍 Regime: ranging
  🗺️  Grid: 0.080% | 🔺 7578.25 🔻 7577.00
  📡 RSI: 69.2 | MACD: 3.02 | ATR: 2.12
  📊 Filled: 0 | Pending: 0
  🔲 Regime: RANGING | Range pos: 90% | RSI: 69.2
  💰 Daily P&L: $-4,087.50

[2026-06-18 12:21] O:7577.00 H:7578.50 L:7576.25 C:7576.50 V:1320.0
  📈 Trend: strong_bullish | 🌍 Regime: ranging
  🗺️  Grid: 0.080% | 🔺 7578.25 🔻 7576.00
  📡 RSI: 65.9 | MACD: 2.91 | ATR: 2.21
  📊 Filled: 0 | Pending: 0
  🔲 Regime: RANGING | Range pos: 89% | RSI: 65.9
  💰 Daily P&L: $-4,087.50

[2026-06-18 12:22] O:7576.25 H:7577.00 L:7575.00 C:7576.75 V:1500.0
  📈 Trend: strong_bullish | 🌍 Regime: ranging
  🗺️  Grid: 0.080% | 🔺 7578.50 🔻 7576.25
  📡 RSI: 75.7 | MACD: 2.81 | ATR: 2.20
  📊 Filled: 0 | Pending: 0
  🔲 Regime: RANGING | Range pos: 90% | RSI: 75.7
  🚫 Raw trend blocks RANGING SHORT | raw: strong_bullish
  💰 Daily P&L: $-4,087.50

[2026-06-18 12:23] O:7577.00 H:7577.00 L:7575.25 C:7575.50 V:1216.0
  📈 Trend: strong_bullish | 🌍 Regime: ranging
  🗺️  Grid: 0.080% | 🔺 7577.00 🔻 7575.00
  📡 RSI: 66.7 | MACD: 2.60 | ATR: 2.16
  📊 Filled: 0 | Pending: 0
  🔲 Regime: RANGING | Range pos: 87% | RSI: 66.7
  💰 Daily P&L: $-4,087.50

[2026-06-18 12:24] O:7575.50 H:7576.00 L:7572.25 C:7572.25 V:1715.0
  📈 Trend: strong_bullish (raw: moderate_bullish) | 🌍 Regime: ranging
  🗺️  Grid: 0.080% | 🔺 7577.00 🔻 7575.25
  📡 RSI: 50.0 | MACD: 2.15 | ATR: 2.25
  📊 Filled: 0 | Pending: 0
  🔲 Regime: RANGING | Range pos: 80% | RSI: 50.0
  💰 Daily P&L: $-4,087.50

[2026-06-18 12:25] O:7572.50 H:7573.50 L:7572.25 C:7572.25 V:1207.0
  📈 Trend: moderate_bullish | 🌍 Regime: ranging
  🗺️  Grid: 0.080% | 🔺 7576.00 🔻 7572.25
  📡 RSI: 46.0 | MACD: 1.77 | ATR: 2.16
  📊 Filled: 0 | Pending: 0
  🔲 Regime: RANGING | Range pos: 80% | RSI: 46.0
  💰 Daily P&L: $-4,087.50

[2026-06-18 12:26] O:7572.25 H:7573.75 L:7572.00 C:7572.75 V:1382.0
  📈 Trend: moderate_bullish | 🌍 Regime: ranging
  🗺️  Grid: 0.080% | 🔺 7573.50 🔻 7572.25
  📡 RSI: 51.0 | MACD: 1.49 | ATR: 2.05
  📊 Filled: 0 | Pending: 0
  🔲 Regime: RANGING | Range pos: 81% | RSI: 51.0
  💰 Daily P&L: $-4,087.50

[2026-06-18 12:27] O:7572.75 H:7573.00 L:7571.00 C:7572.75 V:1277.0
  📈 Trend: moderate_bullish (raw: strong_bullish) | 🌍 Regime: ranging
  🗺️  Grid: 0.080% | 🔺 7573.75 🔻 7572.00
  📡 RSI: 51.0 | MACD: 1.26 | ATR: 2.11
  📊 Filled: 0 | Pending: 0
  🔲 Regime: RANGING | Range pos: 81% | RSI: 51.0
  💰 Daily P&L: $-4,087.50

[2026-06-18 12:28] O:7572.75 H:7573.25 L:7571.25 C:7571.50 V:1100.0
  📈 Trend: moderate_bullish | 🌍 Regime: ranging
  🗺️  Grid: 0.080% | 🔺 7573.00 🔻 7571.00
  📡 RSI: 43.1 | MACD: 0.96 | ATR: 2.16
  📊 Filled: 0 | Pending: 0
  🔲 Regime: RANGING | Range pos: 78% | RSI: 43.1
  💰 Daily P&L: $-4,087.50

[2026-06-18 12:29] O:7571.50 H:7573.00 L:7571.50 C:7572.75 V:1102.0
  📈 Trend: moderate_bullish (raw: strong_bullish) | 🌍 Regime: ranging
  🗺️  Grid: 0.080% | 🔺 7573.25 🔻 7571.25
  📡 RSI: 40.8 | MACD: 0.82 | ATR: 2.07
  📊 Filled: 0 | Pending: 0
  🔲 Regime: RANGING | Range pos: 81% | RSI: 40.8
  💰 Daily P&L: $-4,087.50

[2026-06-18 12:30] O:7573.00 H:7575.50 L:7573.00 C:7575.25 V:2141.0
  📈 Trend: strong_bullish | 🌍 Regime: ranging
  🗺️  Grid: 0.080% | 🔺 7573.00 🔻 7571.50
  📡 RSI: 39.6 | MACD: 0.89 | ATR: 2.00
  📊 Filled: 0 | Pending: 0
  🔲 Regime: RANGING | Range pos: 86% | RSI: 39.6
  💰 Daily P&L: $-4,087.50

[2026-06-18 12:31] O:7575.25 H:7577.00 L:7574.75 C:7575.25 V:1455.0
  📈 Trend: strong_bullish | 🌍 Regime: ranging
  🗺️  Grid: 0.080% | 🔺 7575.50 🔻 7573.00
  📡 RSI: 38.3 | MACD: 0.94 | ATR: 2.02
  📊 Filled: 0 | Pending: 0
  🔲 Regime: RANGING | Range pos: 86% | RSI: 38.3
  💰 Daily P&L: $-4,087.50

[2026-06-18 12:32] O:7575.00 H:7575.00 L:7573.25 C:7574.00 V:1058.0
  📈 Trend: strong_bullish | 🌍 Regime: ranging
  🗺️  Grid: 0.080% | 🔺 7577.00 🔻 7574.75
  📡 RSI: 35.3 | MACD: 0.87 | ATR: 2.05
  📊 Filled: 0 | Pending: 0
  🔲 Regime: RANGING | Range pos: 84% | RSI: 35.3
  💰 Daily P&L: $-4,087.50

[2026-06-18 12:33] O:7573.75 H:7574.75 L:7572.75 C:7574.00 V:1110.0
  📈 Trend: strong_bullish | 🌍 Regime: ranging
  🗺️  Grid: 0.080% | 🔺 7575.00 🔻 7573.25
  📡 RSI: 36.7 | MACD: 0.81 | ATR: 2.11
  📊 Filled: 0 | Pending: 0
  🔲 Regime: RANGING | Range pos: 84% | RSI: 36.7
  💰 Daily P&L: $-4,087.50

[2026-06-18 12:34] O:7573.75 H:7576.00 L:7573.50 C:7575.00 V:967.0
  📈 Trend: strong_bullish (raw: moderate_bullish) | 🌍 Regime: ranging
  🗺️  Grid: 0.080% | 🔺 7574.75 🔻 7572.75
  📡 RSI: 42.3 | MACD: 0.83 | ATR: 2.12
  📊 Filled: 0 | Pending: 0
  🔲 Regime: RANGING | Range pos: 86% | RSI: 42.3
  💰 Daily P&L: $-4,087.50

[2026-06-18 12:35] O:7575.00 H:7575.00 L:7573.25 C:7573.25 V:780.0
  📈 Trend: moderate_bullish | 🌍 Regime: ranging
  🗺️  Grid: 0.080% | 🔺 7576.00 🔻 7573.50
  📡 RSI: 38.6 | MACD: 0.69 | ATR: 2.09
  📊 Filled: 0 | Pending: 0
  🔲 Regime: RANGING | Range pos: 82% | RSI: 38.6
  💰 Daily P&L: $-4,087.50

[2026-06-18 12:36] O:7573.25 H:7574.00 L:7572.50 C:7572.75 V:943.0
  📈 Trend: moderate_bullish | 🌍 Regime: ranging
  🗺️  Grid: 0.080% | 🔺 7575.00 🔻 7573.25
  📡 RSI: 36.2 | MACD: 0.54 | ATR: 2.05
  📊 Filled: 0 | Pending: 0
  🔲 Regime: RANGING | Range pos: 81% | RSI: 36.2
  💰 Daily P&L: $-4,087.50

[2026-06-18 12:37] O:7572.75 H:7573.00 L:7571.50 C:7572.00 V:977.0
  📈 Trend: moderate_bullish | 🌍 Regime: ranging
  🗺️  Grid: 0.080% | 🔺 7574.00 🔻 7572.50
  📡 RSI: 37.5 | MACD: 0.35 | ATR: 2.04
  📊 Filled: 0 | Pending: 0
  🔲 Regime: RANGING | Range pos: 79% | RSI: 37.5
  💰 Daily P&L: $-4,087.50

[2026-06-18 12:38] O:7572.00 H:7572.50 L:7571.50 C:7572.50 V:692.0
  📈 Trend: moderate_bullish | 🌍 Regime: ranging
  🗺️  Grid: 0.080% | 🔺 7573.00 🔻 7571.50
  📡 RSI: 51.1 | MACD: 0.24 | ATR: 1.84
  📊 Filled: 0 | Pending: 0
  🔲 Regime: RANGING | Range pos: 80% | RSI: 51.1
  💰 Daily P&L: $-4,087.50

[2026-06-18 12:39] O:7572.50 H:7572.75 L:7569.75 C:7570.25 V:1667.0
  📈 Trend: moderate_bullish | 🌍 Regime: ranging
  🗺️  Grid: 0.080% | 🔺 7572.50 🔻 7571.50
  📡 RSI: 42.6 | MACD: -0.02 | ATR: 1.96
  📊 Filled: 0 | Pending: 0
  🔲 Regime: RANGING | Range pos: 76% | RSI: 42.6
  💰 Daily P&L: $-4,087.50

[2026-06-18 12:40] O:7570.50 H:7572.25 L:7569.75 C:7570.50 V:2079.0
  📈 Trend: moderate_bullish | 🌍 Regime: ranging
  🗺️  Grid: 0.080% | 🔺 7572.75 🔻 7569.75
  📡 RSI: 41.5 | MACD: -0.21 | ATR: 2.02
  📊 Filled: 0 | Pending: 0
  🔲 Regime: RANGING | Range pos: 76% | RSI: 41.5
  💰 Daily P&L: $-4,087.50

[2026-06-18 12:41] O:7570.50 H:7571.00 L:7570.00 C:7570.75 V:842.0
  📈 Trend: moderate_bullish | 🌍 Regime: ranging
  🗺️  Grid: 0.080% | 🔺 7572.25 🔻 7569.75
  📡 RSI: 42.6 | MACD: -0.34 | ATR: 1.95
  📊 Filled: 0 | Pending: 0
  🔲 Regime: RANGING | Range pos: 77% | RSI: 42.6
  💰 Daily P&L: $-4,087.50

[2026-06-18 12:42] O:7570.75 H:7572.25 L:7570.00 C:7570.25 V:1154.0
  📈 Trend: moderate_bullish | 🌍 Regime: ranging
  🗺️  Grid: 0.080% | 🔺 7571.00 🔻 7570.00
  📡 RSI: 45.1 | MACD: -0.48 | ATR: 1.96
  📊 Filled: 0 | Pending: 0
  🔲 Regime: RANGING | Range pos: 76% | RSI: 45.1
  💰 Daily P&L: $-4,087.50

[2026-06-18 12:43] O:7570.25 H:7570.50 L:7569.50 C:7570.00 V:1009.0
  📈 Trend: moderate_bullish | 🌍 Regime: ranging
  🗺️  Grid: 0.080% | 🔺 7572.25 🔻 7570.00
  📡 RSI: 38.3 | MACD: -0.60 | ATR: 1.93
  📊 Filled: 0 | Pending: 0
  🔲 Regime: RANGING | Range pos: 75% | RSI: 38.3
  💰 Daily P&L: $-4,087.50

[2026-06-18 12:44] O:7570.00 H:7572.00 L:7570.00 C:7570.50 V:1076.0
  📈 Trend: moderate_bullish | 🌍 Regime: ranging
  🗺️  Grid: 0.080% | 🔺 7570.50 🔻 7569.50
  📡 RSI: 25.6 | MACD: -0.64 | ATR: 1.88
  📊 Filled: 0 | Pending: 0
  🔲 Regime: RANGING | Range pos: 76% | RSI: 25.6
  💰 Daily P&L: $-4,087.50

[2026-06-18 12:45] O:7570.50 H:7571.75 L:7570.25 C:7571.25 V:689.0
  📈 Trend: moderate_bullish | 🌍 Regime: ranging
  🗺️  Grid: 0.080% | 🔺 7572.00 🔻 7570.00
  📡 RSI: 31.0 | MACD: -0.61 | ATR: 1.82
  📊 Filled: 0 | Pending: 0
  🔲 Regime: RANGING | Range pos: 78% | RSI: 31.0
  💰 Daily P&L: $-4,087.50

[2026-06-18 12:46] O:7571.25 H:7571.50 L:7568.25 C:7569.75 V:1341.0
  📈 Trend: moderate_bullish | 🌍 Regime: ranging
  🗺️  Grid: 0.080% | 🔺 7571.75 🔻 7570.25
  📡 RSI: 30.2 | MACD: -0.70 | ATR: 1.91
  📊 Filled: 0 | Pending: 0
  🔲 Regime: RANGING | Range pos: 74% | RSI: 30.2
  💰 Daily P&L: $-4,087.50

[2026-06-18 12:47] O:7569.75 H:7570.75 L:7569.50 C:7570.50 V:816.0
  📈 Trend: moderate_bullish (raw: strong_bearish) | 🌍 Regime: ranging
  🗺️  Grid: 0.080% | 🔺 7571.50 🔻 7568.25
  📡 RSI: 34.8 | MACD: -0.70 | ATR: 1.86
  📊 Filled: 0 | Pending: 0
  🔲 Regime: RANGING | Range pos: 76% | RSI: 34.8
  💰 Daily P&L: $-4,087.50

[2026-06-18 12:48] O:7570.50 H:7571.00 L:7569.50 C:7570.50 V:870.0
  📈 Trend: strong_bearish | 🌍 Regime: ranging
  🗺️  Grid: 0.080% | 🔺 7570.75 🔻 7569.50
  📡 RSI: 28.6 | MACD: -0.70 | ATR: 1.79
  📊 Filled: 0 | Pending: 0
  🔲 Regime: RANGING | Range pos: 76% | RSI: 28.6
  💰 Daily P&L: $-4,087.50

[2026-06-18 12:49] O:7570.50 H:7570.50 L:7568.50 C:7569.50 V:753.0
  📈 Trend: strong_bearish | 🌍 Regime: ranging
  🗺️  Grid: 0.080% | 🔺 7571.00 🔻 7569.50
  📡 RSI: 30.8 | MACD: -0.77 | ATR: 1.80
  📊 Filled: 0 | Pending: 0
  🔲 Regime: RANGING | Range pos: 74% | RSI: 30.8
  💰 Daily P&L: $-4,087.50

[2026-06-18 12:50] O:7569.50 H:7570.00 L:7568.50 C:7569.25 V:828.0
  📈 Trend: strong_bearish | 🌍 Regime: ranging
  🗺️  Grid: 0.080% | 🔺 7570.50 🔻 7568.50
  📡 RSI: 31.6 | MACD: -0.83 | ATR: 1.80
  📊 Filled: 0 | Pending: 0
  🔲 Regime: RANGING | Range pos: 73% | RSI: 31.6
  💰 Daily P&L: $-4,087.50

[2026-06-18 12:51] O:7569.25 H:7569.50 L:7568.75 C:7568.75 V:827.0
  📈 Trend: strong_bearish | 🌍 Regime: ranging
  🗺️  Grid: 0.080% | 🔺 7570.00 🔻 7568.50
  📡 RSI: 32.4 | MACD: -0.91 | ATR: 1.75
  📊 Filled: 0 | Pending: 0
  🔲 Regime: RANGING | Range pos: 72% | RSI: 32.4
  💰 Daily P&L: $-4,087.50

[2026-06-18 12:52] O:7568.50 H:7571.75 L:7568.50 C:7570.75 V:917.0
  📈 Trend: strong_bearish | 🌍 Regime: ranging
  🗺️  Grid: 0.080% | 🔺 7569.50 🔻 7568.75
  📡 RSI: 41.9 | MACD: -0.80 | ATR: 1.91
  📊 Filled: 0 | Pending: 0
  🔲 Regime: RANGING | Range pos: 77% | RSI: 41.9
  💰 Daily P&L: $-4,087.50

[2026-06-18 12:53] O:7570.75 H:7571.25 L:7570.25 C:7571.00 V:687.0
  📈 Trend: strong_bearish | 🌍 Regime: ranging
  🗺️  Grid: 0.080% | 🔺 7571.75 🔻 7568.50
  📡 RSI: 54.3 | MACD: -0.69 | ATR: 1.77
  📊 Filled: 0 | Pending: 0
  🔲 Regime: RANGING | Range pos: 77% | RSI: 54.3
  💰 Daily P&L: $-4,087.50

[2026-06-18 12:54] O:7571.00 H:7572.75 L:7569.25 C:7569.25 V:1376.0
  📈 Trend: strong_bearish | 🌍 Regime: ranging
  🗺️  Grid: 0.080% | 🔺 7571.25 🔻 7570.25
  📡 RSI: 43.9 | MACD: -0.73 | ATR: 1.84
  📊 Filled: 0 | Pending: 0
  🔲 Regime: RANGING | Range pos: 73% | RSI: 43.9
  💰 Daily P&L: $-4,087.50

[2026-06-18 12:55] O:7569.25 H:7569.50 L:7567.25 C:7567.75 V:1830.0
  📈 Trend: strong_bearish | 🌍 Regime: ranging
  🗺️  Grid: 0.080% | 🔺 7572.75 🔻 7569.25
  📡 RSI: 37.0 | MACD: -0.88 | ATR: 1.93
  📊 Filled: 0 | Pending: 0
  🔲 Regime: RANGING | Range pos: 70% | RSI: 37.0
  💰 Daily P&L: $-4,087.50

[2026-06-18 12:56] O:7567.50 H:7568.75 L:7567.25 C:7568.00 V:910.0
  📈 Trend: strong_bearish | 🌍 Regime: ranging
  🗺️  Grid: 0.080% | 🔺 7569.50 🔻 7567.25
  📡 RSI: 40.0 | MACD: -0.96 | ATR: 1.88
  📊 Filled: 0 | Pending: 0
  🔲 Regime: RANGING | Range pos: 71% | RSI: 40.0
  💰 Daily P&L: $-4,087.50

[2026-06-18 12:57] O:7568.00 H:7569.00 L:7566.75 C:7567.75 V:1069.0
  📈 Trend: strong_bearish | 🌍 Regime: ranging
  🗺️  Grid: 0.080% | 🔺 7568.75 🔻 7567.25
  📡 RSI: 40.0 | MACD: -1.04 | ATR: 1.96
  📊 Filled: 0 | Pending: 0
  🔲 Regime: RANGING | Range pos: 70% | RSI: 40.0
  💰 Daily P&L: $-4,087.50

[2026-06-18 12:58] O:7567.75 H:7568.75 L:7566.75 C:7568.00 V:1313.0
  📈 Trend: strong_bearish | 🌍 Regime: ranging
  🗺️  Grid: 0.080% | 🔺 7569.00 🔻 7566.75
  📡 RSI: 38.6 | MACD: -1.06 | ATR: 1.96
  📊 Filled: 0 | Pending: 0
  🔲 Regime: RANGING | Range pos: 71% | RSI: 38.6
  💰 Daily P&L: $-4,087.50

[2026-06-18 12:59] O:7568.00 H:7569.00 L:7567.00 C:7567.00 V:783.0
  📈 Trend: strong_bearish | 🌍 Regime: ranging
  🗺️  Grid: 0.080% | 🔺 7568.75 🔻 7566.75
  📡 RSI: 31.1 | MACD: -1.15 | ATR: 2.00
  📊 Filled: 0 | Pending: 0
  🔲 Regime: RANGING | Range pos: 68% | RSI: 31.1
  💰 Daily P&L: $-4,087.50

[2026-06-18 13:00] O:7567.00 H:7568.00 L:7564.25 C:7565.00 V:1988.0
  📈 Trend: strong_bearish | 🌍 Regime: ranging
  🗺️  Grid: 0.080% | 🔺 7569.00 🔻 7567.00
  📡 RSI: 29.8 | MACD: -1.37 | ATR: 2.04
  📊 Filled: 0 | Pending: 0
  🔲 Regime: RANGING | Range pos: 64% | RSI: 29.8
  💰 Daily P&L: $-4,087.50

[2026-06-18 13:01] O:7565.00 H:7566.25 L:7564.25 C:7564.50 V:1499.0
  📈 Trend: strong_bearish | 🌍 Regime: ranging
  🗺️  Grid: 0.080% | 🔺 7568.00 🔻 7564.25
  📡 RSI: 23.9 | MACD: -1.56 | ATR: 2.09
  📊 Filled: 0 | Pending: 0
  🔲 Regime: RANGING | Range pos: 63% | RSI: 23.9
  💰 Daily P&L: $-4,087.50

[2026-06-18 13:02] O:7564.50 H:7567.00 L:7564.25 C:7565.50 V:1910.0
  📈 Trend: strong_bearish | 🌍 Regime: ranging
  🗺️  Grid: 0.080% | 🔺 7566.25 🔻 7564.25
  📡 RSI: 30.0 | MACD: -1.61 | ATR: 2.18
  📊 Filled: 0 | Pending: 0
  🔲 Regime: RANGING | Range pos: 65% | RSI: 30.0
  💰 Daily P&L: $-4,087.50

[2026-06-18 13:03] O:7565.25 H:7565.50 L:7562.00 C:7563.25 V:2041.0
  📈 Trend: strong_bearish | 🌍 Regime: ranging
  🗺️  Grid: 0.080% | 🔺 7567.00 🔻 7564.25
  📡 RSI: 27.3 | MACD: -1.82 | ATR: 2.29
  📊 Filled: 0 | Pending: 0
  🔲 Regime: RANGING | Range pos: 60% | RSI: 27.3
  💰 Daily P&L: $-4,087.50

[2026-06-18 13:04] O:7563.00 H:7564.75 L:7562.50 C:7563.25 V:1699.0
  📈 Trend: strong_bearish | 🌍 Regime: ranging
  🗺️  Grid: 0.080% | 🔺 7565.50 🔻 7562.00
  📡 RSI: 27.8 | MACD: -1.96 | ATR: 2.34
  📊 Filled: 0 | Pending: 0
  🔲 Regime: RANGING | Range pos: 60% | RSI: 27.8
  💰 Daily P&L: $-4,087.50

[2026-06-18 13:05] O:7563.50 H:7565.50 L:7562.50 C:7564.50 V:1490.0
  📈 Trend: strong_bearish | 🌍 Regime: ranging
  🗺️  Grid: 0.080% | 🔺 7564.75 🔻 7562.50
  📡 RSI: 35.1 | MACD: -1.94 | ATR: 2.50
  📊 Filled: 0 | Pending: 0
  🔲 Regime: RANGING | Range pos: 63% | RSI: 35.1
  💰 Daily P&L: $-4,087.50

[2026-06-18 13:06] O:7564.50 H:7564.50 L:7562.25 C:7562.25 V:1426.0
  📈 Trend: strong_bearish | 🌍 Regime: ranging
  🗺️  Grid: 0.080% | 🔺 7565.50 🔻 7562.50
  📡 RSI: 20.7 | MACD: -2.09 | ATR: 2.43
  📊 Filled: 0 | Pending: 0
  🔲 Regime: RANGING | Range pos: 58% | RSI: 20.7
  💰 Daily P&L: $-4,087.50

[2026-06-18 13:07] O:7562.25 H:7563.75 L:7562.25 C:7563.50 V:1038.0
  📈 Trend: strong_bearish | 🌍 Regime: ranging
  🗺️  Grid: 0.080% | 🔺 7564.50 🔻 7562.25
  📡 RSI: 25.8 | MACD: -2.08 | ATR: 2.46
  📊 Filled: 0 | Pending: 0
  🔲 Regime: RANGING | Range pos: 61% | RSI: 25.8
  💰 Daily P&L: $-4,087.50

[2026-06-18 13:08] O:7563.50 H:7565.00 L:7562.75 C:7563.75 V:1321.0
  📈 Trend: strong_bearish | 🌍 Regime: ranging
  🗺️  Grid: 0.080% | 🔺 7563.75 🔻 7562.25
  📡 RSI: 30.4 | MACD: -2.03 | ATR: 2.38
  📊 Filled: 0 | Pending: 0
  🔲 Regime: RANGING | Range pos: 61% | RSI: 30.4
  💰 Daily P&L: $-4,087.50

[2026-06-18 13:09] O:7563.75 H:7565.00 L:7562.50 C:7563.25 V:1275.0
  📈 Trend: strong_bearish | 🌍 Regime: ranging
  🗺️  Grid: 0.080% | 🔺 7565.00 🔻 7562.75
  📡 RSI: 32.7 | MACD: -2.01 | ATR: 2.39
  📊 Filled: 0 | Pending: 0
  🔲 Regime: RANGING | Range pos: 60% | RSI: 32.7
  💰 Daily P&L: $-4,087.50

[2026-06-18 13:10] O:7563.25 H:7565.25 L:7562.50 C:7564.25 V:1369.0
  📈 Trend: strong_bearish | 🌍 Regime: ranging
  🗺️  Grid: 0.080% | 🔺 7565.00 🔻 7562.50
  📡 RSI: 36.4 | MACD: -1.89 | ATR: 2.48
  📊 Filled: 0 | Pending: 0
  🔲 Regime: RANGING | Range pos: 62% | RSI: 36.4
  💰 Daily P&L: $-4,087.50

[2026-06-18 13:11] O:7564.25 H:7566.75 L:7564.25 C:7565.75 V:1613.0
  📈 Trend: strong_bearish (raw: moderate_bearish) | 🌍 Regime: ranging
  🗺️  Grid: 0.080% | 🔺 7565.25 🔻 7562.50
  📡 RSI: 43.3 | MACD: -1.65 | ATR: 2.50
  📊 Filled: 0 | Pending: 0
  🔲 Regime: RANGING | Range pos: 66% | RSI: 43.3
  💰 Daily P&L: $-4,087.50

[2026-06-18 13:12] O:7565.75 H:7566.75 L:7565.25 C:7566.50 V:818.0
  📈 Trend: moderate_bearish | 🌍 Regime: ranging
  🗺️  Grid: 0.080% | 🔺 7566.75 🔻 7564.25
  📡 RSI: 45.2 | MACD: -1.39 | ATR: 2.46
  📊 Filled: 0 | Pending: 0
  🔲 Regime: RANGING | Range pos: 67% | RSI: 45.2
  💰 Daily P&L: $-4,087.50

[2026-06-18 13:13] O:7566.50 H:7566.75 L:7564.00 C:7564.25 V:1138.0
  📈 Trend: moderate_bearish | 🌍 Regime: ranging
  🗺️  Grid: 0.080% | 🔺 7566.75 🔻 7565.25
  📡 RSI: 41.8 | MACD: -1.35 | ATR: 2.52
  📊 Filled: 0 | Pending: 0
  🔲 Regime: RANGING | Range pos: 62% | RSI: 41.8
  💰 Daily P&L: $-4,087.50

[2026-06-18 13:14] O:7564.50 H:7565.50 L:7563.25 C:7563.75 V:930.0
  📈 Trend: moderate_bearish | 🌍 Regime: ranging
  🗺️  Grid: 0.080% | 🔺 7566.75 🔻 7564.00
  📡 RSI: 45.9 | MACD: -1.34 | ATR: 2.41
  📊 Filled: 0 | Pending: 0
  🔲 Regime: RANGING | Range pos: 61% | RSI: 45.9
  💰 Daily P&L: $-4,087.50

[2026-06-18 13:15] O:7563.50 H:7563.50 L:7562.00 C:7562.25 V:1476.0
  📈 Trend: moderate_bearish | 🌍 Regime: ranging
  🗺️  Grid: 0.080% | 🔺 7565.50 🔻 7563.25
  📡 RSI: 43.1 | MACD: -1.44 | ATR: 2.39
  📊 Filled: 0 | Pending: 0
  🔲 Regime: RANGING | Range pos: 58% | RSI: 43.1
  💰 Daily P&L: $-4,087.50

[2026-06-18 13:16] O:7562.50 H:7562.75 L:7561.00 C:7561.00 V:1631.0
  📈 Trend: moderate_bearish (raw: strong_bearish) | 🌍 Regime: ranging
  🗺️  Grid: 0.080% | 🔺 7563.50 🔻 7562.00
  📡 RSI: 36.4 | MACD: -1.60 | ATR: 2.32
  📊 Filled: 0 | Pending: 0
  🔲 Regime: RANGING | Range pos: 55% | RSI: 36.4
  💰 Daily P&L: $-4,087.50

[2026-06-18 13:17] O:7561.25 H:7563.75 L:7561.00 C:7563.00 V:1585.0
  📈 Trend: moderate_bearish | 🌍 Regime: ranging
  🗺️  Grid: 0.080% | 🔺 7562.75 🔻 7561.00
  📡 RSI: 49.2 | MACD: -1.54 | ATR: 2.27
  📊 Filled: 0 | Pending: 0
  🔲 Regime: RANGING | Range pos: 60% | RSI: 49.2
  💰 Daily P&L: $-4,087.50

[2026-06-18 13:18] O:7563.25 H:7564.75 L:7562.25 C:7564.75 V:1380.0
  📈 Trend: moderate_bearish | 🌍 Regime: ranging
  🗺️  Grid: 0.080% | 🔺 7563.75 🔻 7561.00
  📡 RSI: 54.2 | MACD: -1.34 | ATR: 2.29
  📊 Filled: 0 | Pending: 0
  🔲 Regime: RANGING | Range pos: 64% | RSI: 54.2
  💰 Daily P&L: $-4,087.50

[2026-06-18 13:19] O:7565.00 H:7565.50 L:7563.00 C:7563.50 V:1188.0
  📈 Trend: moderate_bearish | 🌍 Regime: ranging
  🗺️  Grid: 0.080% | 🔺 7564.75 🔻 7562.25
  📡 RSI: 47.2 | MACD: -1.27 | ATR: 2.25
  📊 Filled: 0 | Pending: 0
  🔲 Regime: RANGING | Range pos: 61% | RSI: 47.2
  💰 Daily P&L: $-4,087.50

[2026-06-18 13:20] O:7563.25 H:7563.75 L:7562.00 C:7563.00 V:1075.0
  📈 Trend: moderate_bearish | 🌍 Regime: ranging
  🗺️  Grid: 0.080% | 🔺 7565.50 🔻 7563.00
  📡 RSI: 52.3 | MACD: -1.24 | ATR: 2.21
  📊 Filled: 0 | Pending: 0
  🔲 Regime: RANGING | Range pos: 60% | RSI: 52.3
  💰 Daily P&L: $-4,087.50

[2026-06-18 13:21] O:7563.00 H:7564.75 L:7562.75 C:7564.25 V:1093.0
  📈 Trend: moderate_bearish | 🌍 Regime: ranging
  🗺️  Grid: 0.080% | 🔺 7563.75 🔻 7562.00
  📡 RSI: 52.3 | MACD: -1.11 | ATR: 2.25
  📊 Filled: 0 | Pending: 0
  🔲 Regime: RANGING | Range pos: 62% | RSI: 52.3
  💰 Daily P&L: $-4,087.50

[2026-06-18 13:22] O:7564.50 H:7566.75 L:7564.00 C:7565.75 V:1929.0
  📈 Trend: moderate_bearish (raw: moderate_bullish) | 🌍 Regime: ranging
  🗺️  Grid: 0.080% | 🔺 7564.75 🔻 7562.75
  📡 RSI: 55.7 | MACD: -0.87 | ATR: 2.29
  📊 Filled: 0 | Pending: 0
  🔲 Regime: RANGING | Range pos: 66% | RSI: 55.7
  💰 Daily P&L: $-4,087.50

[2026-06-18 13:23] O:7565.50 H:7565.75 L:7563.75 C:7565.25 V:1040.0
  📈 Trend: moderate_bullish | 🌍 Regime: ranging
  🗺️  Grid: 0.080% | 🔺 7566.75 🔻 7564.00
  📡 RSI: 55.7 | MACD: -0.71 | ATR: 2.25
  📊 Filled: 0 | Pending: 0
  🔲 Regime: RANGING | Range pos: 65% | RSI: 55.7
  💰 Daily P&L: $-4,087.50

[2026-06-18 13:24] O:7565.25 H:7565.25 L:7563.50 C:7564.25 V:874.0
  📈 Trend: moderate_bullish (raw: moderate_bearish) | 🌍 Regime: ranging
  🗺️  Grid: 0.080% | 🔺 7565.75 🔻 7563.75
  📡 RSI: 50.0 | MACD: -0.66 | ATR: 2.18
  📊 Filled: 0 | Pending: 0
  🔲 Regime: RANGING | Range pos: 62% | RSI: 50.0
  💰 Daily P&L: $-4,087.50

[2026-06-18 13:25] O:7564.25 H:7566.00 L:7564.00 C:7564.50 V:1029.0
  📈 Trend: moderate_bullish | 🌍 Regime: ranging
  🗺️  Grid: 0.080% | 🔺 7565.25 🔻 7563.50
  📡 RSI: 46.2 | MACD: -0.59 | ATR: 2.14
  📊 Filled: 0 | Pending: 0
  🔲 Regime: RANGING | Range pos: 63% | RSI: 46.2
  💰 Daily P&L: $-4,087.50

[2026-06-18 13:26] O:7564.50 H:7564.50 L:7562.75 C:7563.00 V:927.0
  📈 Trend: moderate_bullish (raw: moderate_bearish) | 🌍 Regime: ranging
  🗺️  Grid: 0.080% | 🔺 7566.00 🔻 7564.00
  📡 RSI: 39.7 | MACD: -0.65 | ATR: 2.16
  📊 Filled: 0 | Pending: 0
  🔲 Regime: RANGING | Range pos: 60% | RSI: 39.7
  💰 Daily P&L: $-4,087.50

[2026-06-18 13:27] O:7563.00 H:7565.75 L:7563.00 C:7565.25 V:1370.0
  📈 Trend: moderate_bullish | 🌍 Regime: ranging
  🗺️  Grid: 0.080% | 🔺 7564.50 🔻 7562.75
  📡 RSI: 52.9 | MACD: -0.51 | ATR: 2.16
  📊 Filled: 0 | Pending: 0
  🔲 Regime: RANGING | Range pos: 65% | RSI: 52.9
  💰 Daily P&L: $-4,087.50

[2026-06-18 13:28] O:7565.25 H:7565.25 L:7561.75 C:7563.25 V:1503.0
  📈 Trend: moderate_bullish (raw: moderate_bearish) | 🌍 Regime: ranging
  🗺️  Grid: 0.080% | 🔺 7565.75 🔻 7563.00
  📡 RSI: 48.6 | MACD: -0.55 | ATR: 2.25
  📊 Filled: 0 | Pending: 0
  🔲 Regime: RANGING | Range pos: 60% | RSI: 48.6
  💰 Daily P&L: $-4,087.50

[2026-06-18 13:29] O:7563.25 H:7563.75 L:7562.50 C:7562.75 V:911.0
  📈 Trend: moderate_bearish | 🌍 Regime: ranging
  🗺️  Grid: 0.080% | 🔺 7565.25 🔻 7561.75
  📡 RSI: 51.4 | MACD: -0.62 | ATR: 2.21
  📊 Filled: 0 | Pending: 0
  🔲 Regime: RANGING | Range pos: 59% | RSI: 51.4
  💰 Daily P&L: $-4,087.50

[2026-06-18 13:30] O:7562.75 H:7562.75 L:7561.00 C:7561.75 V:1556.0
  📈 Trend: moderate_bearish (raw: strong_bearish) | 🌍 Regime: ranging
  🗺️  Grid: 0.080% | 🔺 7563.75 🔻 7562.50
  📡 RSI: 52.2 | MACD: -0.74 | ATR: 2.21
  📊 Filled: 0 | Pending: 0
  🔲 Regime: RANGING | Range pos: 57% | RSI: 52.2
  💰 Daily P&L: $-4,087.50

[2026-06-18 13:31] O:7561.50 H:7562.75 L:7561.25 C:7562.25 V:1130.0
  📈 Trend: strong_bearish | 🌍 Regime: ranging
  🗺️  Grid: 0.080% | 🔺 7562.75 🔻 7561.00
  📡 RSI: 47.6 | MACD: -0.79 | ATR: 2.12
  📊 Filled: 0 | Pending: 0
  🔲 Regime: RANGING | Range pos: 58% | RSI: 47.6
  💰 Daily P&L: $-4,087.50

[2026-06-18 13:32] O:7562.25 H:7563.25 L:7561.25 C:7561.75 V:1491.0
  📈 Trend: strong_bearish | 🌍 Regime: ranging
  🗺️  Grid: 0.080% | 🔺 7562.75 🔻 7561.25
  📡 RSI: 39.7 | MACD: -0.86 | ATR: 2.09
  📊 Filled: 0 | Pending: 0
  🔲 Regime: RANGING | Range pos: 57% | RSI: 39.7
  💰 Daily P&L: $-4,087.50

[2026-06-18 13:33] O:7561.75 H:7562.25 L:7560.50 C:7561.50 V:1076.0
  📈 Trend: strong_bearish | 🌍 Regime: ranging
  🗺️  Grid: 0.080% | 🔺 7563.25 🔻 7561.25
  📡 RSI: 42.6 | MACD: -0.93 | ATR: 2.04
  📊 Filled: 0 | Pending: 0
  🔲 Regime: RANGING | Range pos: 57% | RSI: 42.6
  💰 Daily P&L: $-4,087.50

[2026-06-18 13:34] O:7561.25 H:7563.50 L:7561.25 C:7561.75 V:1128.0
  📈 Trend: strong_bearish | 🌍 Regime: ranging
  🗺️  Grid: 0.080% | 🔺 7562.25 🔻 7560.50
  📡 RSI: 45.3 | MACD: -0.95 | ATR: 2.07
  📊 Filled: 0 | Pending: 0
  🔲 Regime: RANGING | Range pos: 57% | RSI: 45.3
  💰 Daily P&L: $-4,087.50

[2026-06-18 13:35] O:7561.50 H:7562.25 L:7560.50 C:7561.50 V:1106.0
  📈 Trend: strong_bearish (raw: moderate_bullish) | 🌍 Regime: ranging
  🗺️  Grid: 0.080% | 🔺 7563.50 🔻 7561.25
  📡 RSI: 38.8 | MACD: -0.98 | ATR: 2.05
  📊 Filled: 0 | Pending: 0
  🔲 Regime: RANGING | Range pos: 57% | RSI: 38.8
  💰 Daily P&L: $-4,087.50

[2026-06-18 13:36] O:7561.25 H:7561.75 L:7559.50 C:7560.25 V:1606.0
  📈 Trend: strong_bearish | 🌍 Regime: ranging
  🗺️  Grid: 0.080% | 🔺 7562.25 🔻 7560.50
  📡 RSI: 27.1 | MACD: -1.08 | ATR: 2.02
  📊 Filled: 0 | Pending: 0
  🔲 Regime: RANGING | Range pos: 54% | RSI: 27.1
  💰 Daily P&L: $-4,087.50

[2026-06-18 13:37] O:7560.50 H:7561.50 L:7560.25 C:7561.00 V:1279.0
  📈 Trend: strong_bearish | 🌍 Regime: ranging
  🗺️  Grid: 0.080% | 🔺 7561.75 🔻 7559.50
  📡 RSI: 32.7 | MACD: -1.10 | ATR: 1.96
  📊 Filled: 0 | Pending: 0
  🔲 Regime: RANGING | Range pos: 55% | RSI: 32.7
  💰 Daily P&L: $-4,087.50

[2026-06-18 13:38] O:7561.00 H:7561.75 L:7559.75 C:7560.50 V:1323.0
  📈 Trend: strong_bearish | 🌍 Regime: ranging
  🗺️  Grid: 0.080% | 🔺 7561.50 🔻 7560.25
  📡 RSI: 34.0 | MACD: -1.13 | ATR: 1.98
  📊 Filled: 0 | Pending: 0
  🔲 Regime: RANGING | Range pos: 54% | RSI: 34.0
  💰 Daily P&L: $-4,087.50

[2026-06-18 13:39] O:7560.25 H:7561.50 L:7559.50 C:7560.25 V:1167.0
  📈 Trend: strong_bearish | 🌍 Regime: ranging
  🗺️  Grid: 0.080% | 🔺 7561.75 🔻 7559.75
  📡 RSI: 31.9 | MACD: -1.17 | ATR: 1.98
  📊 Filled: 0 | Pending: 0
  🔲 Regime: RANGING | Range pos: 54% | RSI: 31.9
  💰 Daily P&L: $-4,087.50

[2026-06-18 13:40] O:7560.25 H:7560.75 L:7559.25 C:7560.25 V:1527.0
  📈 Trend: strong_bearish | 🌍 Regime: ranging
  🗺️  Grid: 0.080% | 🔺 7561.50 🔻 7559.50
  📡 RSI: 36.6 | MACD: -1.19 | ATR: 1.96
  📊 Filled: 0 | Pending: 0
  🔲 Regime: RANGING | Range pos: 54% | RSI: 36.6
  💰 Daily P&L: $-4,087.50

[2026-06-18 13:41] O:7560.00 H:7562.50 L:7559.75 C:7561.75 V:1374.0
  📈 Trend: strong_bearish | 🌍 Regime: ranging
  🗺️  Grid: 0.080% | 🔺 7560.75 🔻 7559.25
  📡 RSI: 31.6 | MACD: -1.06 | ATR: 1.96
  📊 Filled: 0 | Pending: 0
  🔲 Regime: RANGING | Range pos: 57% | RSI: 31.6
  💰 Daily P&L: $-4,087.50

[2026-06-18 13:42] O:7561.75 H:7563.25 L:7561.00 C:7561.25 V:1029.0
  📈 Trend: strong_bearish (raw: moderate_bearish) | 🌍 Regime: ranging
  🗺️  Grid: 0.080% | 🔺 7562.50 🔻 7559.75
  📡 RSI: 37.5 | MACD: -1.00 | ATR: 1.88
  📊 Filled: 0 | Pending: 0
  🔲 Regime: RANGING | Range pos: 56% | RSI: 37.5
  💰 Daily P&L: $-4,087.50

[2026-06-18 13:43] O:7561.25 H:7562.75 L:7561.25 C:7561.50 V:768.0
  📈 Trend: moderate_bearish | 🌍 Regime: ranging
  🗺️  Grid: 0.080% | 🔺 7563.25 🔻 7561.00
  📡 RSI: 41.9 | MACD: -0.91 | ATR: 1.89
  📊 Filled: 0 | Pending: 0
  🔲 Regime: RANGING | Range pos: 57% | RSI: 41.9
  💰 Daily P&L: $-4,087.50

[2026-06-18 13:44] O:7561.50 H:7562.75 L:7561.50 C:7562.75 V:863.0
  📈 Trend: moderate_bearish (raw: strong_bearish) | 🌍 Regime: ranging
  🗺️  Grid: 0.080% | 🔺 7562.75 🔻 7561.25
  📡 RSI: 56.2 | MACD: -0.74 | ATR: 1.86
  📊 Filled: 0 | Pending: 0
  🔲 Regime: RANGING | Range pos: 59% | RSI: 56.2
  💰 Daily P&L: $-4,087.50

[2026-06-18 13:45] O:7562.50 H:7564.00 L:7562.25 C:7563.00 V:1380.0
  📈 Trend: strong_bearish | 🌍 Regime: ranging
  🗺️  Grid: 0.080% | 🔺 7562.75 🔻 7561.50
  📡 RSI: 54.8 | MACD: -0.57 | ATR: 1.88
  📊 Filled: 0 | Pending: 0
  🔲 Regime: RANGING | Range pos: 60% | RSI: 54.8
  💰 Daily P&L: $-4,087.50

[2026-06-18 13:46] O:7563.25 H:7564.50 L:7562.75 C:7563.25 V:1262.0
  📈 Trend: strong_bearish | 🌍 Regime: ranging
  🗺️  Grid: 0.080% | 🔺 7564.00 🔻 7562.25
  📡 RSI: 60.0 | MACD: -0.41 | ATR: 1.86
  📊 Filled: 0 | Pending: 0
  🔲 Regime: RANGING | Range pos: 60% | RSI: 60.0
  💰 Daily P&L: $-4,087.50

[2026-06-18 13:47] O:7563.25 H:7564.25 L:7562.75 C:7563.25 V:1264.0
  📈 Trend: strong_bearish | 🌍 Regime: ranging
  🗺️  Grid: 0.080% | 🔺 7564.50 🔻 7562.75
  📡 RSI: 62.1 | MACD: -0.29 | ATR: 1.84
  📊 Filled: 0 | Pending: 0
  🔲 Regime: RANGING | Range pos: 60% | RSI: 62.1
  💰 Daily P&L: $-4,087.50

[2026-06-18 13:48] O:7563.00 H:7565.50 L:7563.00 C:7564.25 V:1630.0
  📈 Trend: strong_bearish (raw: moderate_bearish) | 🌍 Regime: ranging
  🗺️  Grid: 0.080% | 🔺 7564.25 🔻 7562.75
  📡 RSI: 65.6 | MACD: -0.10 | ATR: 1.86
  📊 Filled: 0 | Pending: 0
  🔲 Regime: RANGING | Range pos: 62% | RSI: 65.6
  💰 Daily P&L: $-4,087.50

[2026-06-18 13:49] O:7564.50 H:7566.00 L:7564.25 C:7565.75 V:1327.0
  📈 Trend: strong_bearish (raw: moderate_bullish) | 🌍 Regime: ranging
  🗺️  Grid: 0.080% | 🔺 7565.50 🔻 7563.00
  📡 RSI: 73.0 | MACD: 0.16 | ATR: 1.86
  📊 Filled: 0 | Pending: 0
  🔲 Regime: RANGING | Range pos: 66% | RSI: 73.0
  💰 Daily P&L: $-4,087.50

[2026-06-18 13:50] O:7565.75 H:7566.00 L:7563.25 C:7564.25 V:1839.0
  📈 Trend: moderate_bullish | 🌍 Regime: ranging
  🗺️  Grid: 0.080% | 🔺 7566.00 🔻 7564.25
  📡 RSI: 71.1 | MACD: 0.25 | ATR: 1.89
  📊 Filled: 0 | Pending: 0
  🔲 Regime: RANGING | Range pos: 62% | RSI: 71.1
  💰 Daily P&L: $-4,087.50

[2026-06-18 13:51] O:7564.25 H:7565.25 L:7563.75 C:7565.00 V:1051.0
  📈 Trend: moderate_bullish | 🌍 Regime: ranging
  🗺️  Grid: 0.080% | 🔺 7566.00 🔻 7563.25
  📡 RSI: 71.1 | MACD: 0.37 | ATR: 1.91
  📊 Filled: 0 | Pending: 0
  🔲 Regime: RANGING | Range pos: 64% | RSI: 71.1
  💰 Daily P&L: $-4,087.50

[2026-06-18 13:52] O:7565.00 H:7567.25 L:7565.00 C:7566.50 V:1831.0
  📈 Trend: moderate_bullish | 🌍 Regime: ranging
  🗺️  Grid: 0.080% | 🔺 7565.25 🔻 7563.75
  📡 RSI: 78.6 | MACD: 0.58 | ATR: 1.93
  📊 Filled: 0 | Pending: 0
  🔲 Regime: RANGING | Range pos: 67% | RSI: 78.6
  💰 Daily P&L: $-4,087.50

[2026-06-18 13:53] O:7566.25 H:7567.25 L:7565.75 C:7566.50 V:1342.0
  📈 Trend: moderate_bullish | 🌍 Regime: ranging
  🗺️  Grid: 0.080% | 🔺 7567.25 🔻 7565.00
  📡 RSI: 80.5 | MACD: 0.74 | ATR: 1.89
  📊 Filled: 0 | Pending: 0
  🔲 Regime: RANGING | Range pos: 67% | RSI: 80.5
  💰 Daily P&L: $-4,087.50

[2026-06-18 13:54] O:7566.50 H:7566.50 L:7564.25 C:7564.50 V:1502.0
  📈 Trend: moderate_bullish | 🌍 Regime: ranging
  🗺️  Grid: 0.080% | 🔺 7567.25 🔻 7565.75
  📡 RSI: 67.3 | MACD: 0.70 | ATR: 1.95
  📊 Filled: 0 | Pending: 0
  🔲 Regime: RANGING | Range pos: 63% | RSI: 67.3
  💰 Daily P&L: $-4,087.50

[2026-06-18 13:55] O:7564.50 H:7565.75 L:7564.00 C:7565.25 V:1407.0
  📈 Trend: moderate_bullish | 🌍 Regime: ranging
  🗺️  Grid: 0.080% | 🔺 7566.50 🔻 7564.25
  📡 RSI: 65.2 | MACD: 0.72 | ATR: 1.88
  📊 Filled: 0 | Pending: 0
  🔲 Regime: RANGING | Range pos: 65% | RSI: 65.2
  💰 Daily P&L: $-4,087.50

[2026-06-18 13:56] O:7565.00 H:7565.00 L:7562.00 C:7562.00 V:1471.0
  📈 Trend: moderate_bullish | 🌍 Regime: ranging
  🗺️  Grid: 0.080% | 🔺 7565.75 🔻 7564.00
  📡 RSI: 52.6 | MACD: 0.47 | ATR: 1.95
  📊 Filled: 0 | Pending: 0
  🔲 Regime: RANGING | Range pos: 58% | RSI: 52.6
  💰 Daily P&L: $-4,087.50

[2026-06-18 13:57] O:7561.75 H:7562.25 L:7560.50 C:7561.25 V:1729.0
  📈 Trend: moderate_bullish (raw: moderate_bearish) | 🌍 Regime: ranging
  🗺️  Grid: 0.080% | 🔺 7565.00 🔻 7562.00
  📡 RSI: 49.2 | MACD: 0.20 | ATR: 1.96
  📊 Filled: 0 | Pending: 0
  🔲 Regime: RANGING | Range pos: 56% | RSI: 49.2
  💰 Daily P&L: $-4,087.50

[2026-06-18 13:58] O:7561.00 H:7562.50 L:7560.50 C:7562.25 V:1486.0
  📈 Trend: moderate_bullish | 🌍 Regime: ranging
  🗺️  Grid: 0.080% | 🔺 7562.25 🔻 7560.50
  📡 RSI: 48.3 | MACD: 0.07 | ATR: 2.02
  📊 Filled: 0 | Pending: 0
  🔲 Regime: RANGING | Range pos: 58% | RSI: 48.3
  💰 Daily P&L: $-4,087.50

[2026-06-18 13:59] O:7562.00 H:7563.25 L:7561.00 C:7561.50 V:1210.0
  📈 Trend: moderate_bullish | 🌍 Regime: ranging
  🗺️  Grid: 0.080% | 🔺 7562.50 🔻 7560.50
  📡 RSI: 45.0 | MACD: -0.09 | ATR: 2.05
  📊 Filled: 0 | Pending: 0
  🔲 Regime: RANGING | Range pos: 57% | RSI: 45.0
  💰 Daily P&L: $-4,087.50

[2026-06-18 14:00] O:7561.50 H:7562.25 L:7559.75 C:7561.00 V:1949.0
  📈 Trend: moderate_bullish (raw: strong_bearish) | 🌍 Regime: ranging
  🗺️  Grid: 0.080% | 🔺 7563.25 🔻 7561.00
  📡 RSI: 42.6 | MACD: -0.25 | ATR: 2.11
  📊 Filled: 0 | Pending: 0
  🔲 Regime: RANGING | Range pos: 55% | RSI: 42.6
  💰 Daily P&L: $-4,087.50

[2026-06-18 14:01] O:7561.00 H:7561.25 L:7559.25 C:7559.50 V:1515.0
  📈 Trend: strong_bearish | 🌍 Regime: ranging
  🗺️  Grid: 0.080% | 🔺 7562.25 🔻 7559.75
  📡 RSI: 38.8 | MACD: -0.50 | ATR: 2.14
  📊 Filled: 0 | Pending: 0
  🔲 Regime: RANGING | Range pos: 52% | RSI: 38.8
  💰 Daily P&L: $-4,087.50

[2026-06-18 14:02] O:7559.50 H:7560.50 L:7557.25 C:7558.00 V:2262.0
  📈 Trend: strong_bearish | 🌍 Regime: ranging
  🗺️  Grid: 0.080% | 🔺 7561.25 🔻 7559.25
  📡 RSI: 31.9 | MACD: -0.81 | ATR: 2.20
  📊 Filled: 0 | Pending: 0
  🔲 Regime: RANGING | Range pos: 49% | RSI: 31.9
  💰 Daily P&L: $-4,087.50

[2026-06-18 14:03] O:7557.75 H:7558.50 L:7556.00 C:7557.50 V:2410.0
  📈 Trend: strong_bearish | 🌍 Regime: ranging
  🗺️  Grid: 0.080% | 🔺 7560.50 🔻 7557.25
  📡 RSI: 24.6 | MACD: -1.08 | ATR: 2.25
  📊 Filled: 0 | Pending: 0
  🔲 Regime: RANGING | Range pos: 48% | RSI: 24.6
  💰 Daily P&L: $-4,087.50

[2026-06-18 14:04] O:7557.25 H:7558.75 L:7556.75 C:7557.25 V:1348.0
  📈 Trend: strong_bearish | 🌍 Regime: ranging
  🗺️  Grid: 0.080% | 🔺 7558.50 🔻 7556.00
  📡 RSI: 26.7 | MACD: -1.30 | ATR: 2.20
  📊 Filled: 0 | Pending: 0
  🔲 Regime: RANGING | Range pos: 47% | RSI: 26.7
  💰 Daily P&L: $-4,087.50

[2026-06-18 14:05] O:7557.25 H:7557.50 L:7556.00 C:7556.75 V:1861.0
  📈 Trend: strong_bearish | 🌍 Regime: ranging
  🗺️  Grid: 0.080% | 🔺 7558.75 🔻 7556.75
  📡 RSI: 22.0 | MACD: -1.50 | ATR: 2.20
  📊 Filled: 0 | Pending: 0
  🔲 Regime: RANGING | Range pos: 46% | RSI: 22.0
  💰 Daily P&L: $-4,087.50

[2026-06-18 14:06] O:7556.75 H:7557.50 L:7555.75 C:7556.25 V:1533.0
  📈 Trend: strong_bearish | 🌍 Regime: ranging
  🗺️  Grid: 0.080% | 🔺 7557.50 🔻 7556.00
  📡 RSI: 12.7 | MACD: -1.67 | ATR: 2.16
  📊 Filled: 0 | Pending: 0
  🔲 Regime: RANGING | Range pos: 45% | RSI: 12.7
  💰 Daily P&L: $-4,087.50

[2026-06-18 14:07] O:7556.25 H:7557.25 L:7556.00 C:7556.75 V:1332.0
  📈 Trend: strong_bearish | 🌍 Regime: ranging
  🗺️  Grid: 0.080% | 🔺 7557.50 🔻 7555.75
  📡 RSI: 15.8 | MACD: -1.75 | ATR: 2.14
  📊 Filled: 0 | Pending: 0
  🔲 Regime: RANGING | Range pos: 46% | RSI: 15.8
  💰 Daily P&L: $-4,087.50

[2026-06-18 14:08] O:7556.50 H:7558.00 L:7556.00 C:7557.50 V:1503.0
  📈 Trend: strong_bearish | 🌍 Regime: trending_bearish
  🗺️  Grid: 0.080% | 🔺 7557.25 🔻 7556.00
  📡 RSI: 23.1 | MACD: -1.74 | ATR: 2.12
  📊 Filled: 0 | Pending: 0
  💰 Daily P&L: $-4,087.50

[2026-06-18 14:09] O:7557.25 H:7558.25 L:7556.25 C:7556.25 V:1389.0
  📈 Trend: strong_bearish | 🌍 Regime: trending_bearish
  🗺️  Grid: 0.080% | 🔺 7558.00 🔻 7556.00
  📡 RSI: 16.7 | MACD: -1.80 | ATR: 2.14
  📊 Filled: 0 | Pending: 0
  💰 Daily P&L: $-4,087.50

[2026-06-18 14:10] O:7556.25 H:7556.50 L:7550.25 C:7553.00 V:5070.0
  📈 Trend: strong_bearish | 🌍 Regime: trending_bearish
  🗺️  Grid: 0.080% | 🔺 7558.25 🔻 7556.25
  📡 RSI: 16.7 | MACD: -2.09 | ATR: 2.36
  📊 Filled: 0 | Pending: 0
  💰 Daily P&L: $-4,087.50

[2026-06-18 14:11] O:7553.00 H:7553.25 L:7549.00 C:7550.50 V:2836.0
  📈 Trend: strong_bearish | 🌍 Regime: trending_bearish
  🗺️  Grid: 0.080% | 🔺 7556.50 🔻 7550.25
  📡 RSI: 14.8 | MACD: -2.50 | ATR: 2.54
  📊 Filled: 0 | Pending: 0
  💰 Daily P&L: $-4,087.50

[2026-06-18 14:12] O:7550.50 H:7551.75 L:7549.25 C:7550.75 V:2161.0
  📈 Trend: strong_bearish | 🌍 Regime: trending_bearish
  🗺️  Grid: 0.080% | 🔺 7553.25 🔻 7549.00
  📡 RSI: 10.3 | MACD: -2.77 | ATR: 2.57
  📊 Filled: 0 | Pending: 0
  💰 Daily P&L: $-4,087.50

[2026-06-18 14:13] O:7550.75 H:7553.00 L:7550.75 C:7552.75 V:1651.0
  📈 Trend: strong_bearish | 🌍 Regime: trending_bearish
  🗺️  Grid: 0.080% | 🔺 7551.75 🔻 7549.25
  📡 RSI: 22.2 | MACD: -2.78 | ATR: 2.57
  📊 Filled: 0 | Pending: 0
  💰 Daily P&L: $-4,087.50

[2026-06-18 14:14] O:7552.75 H:7554.25 L:7551.50 C:7552.25 V:1864.0
  📈 Trend: strong_bearish | 🌍 Regime: trending_bearish
  🗺️  Grid: 0.080% | 🔺 7553.00 🔻 7550.75
  📡 RSI: 22.2 | MACD: -2.81 | ATR: 2.59
  📊 Filled: 0 | Pending: 0
  💰 Daily P&L: $-4,087.50

[2026-06-18 14:15] O:7552.25 H:7554.50 L:7551.25 C:7551.25 V:1733.0
  📈 Trend: strong_bearish | 🌍 Regime: trending_bearish
  🗺️  Grid: 0.080% | 🔺 7554.25 🔻 7551.50
  📡 RSI: 23.0 | MACD: -2.87 | ATR: 2.68
  📊 Filled: 0 | Pending: 0
  💰 Daily P&L: $-4,087.50

[2026-06-18 14:16] O:7551.25 H:7552.25 L:7550.25 C:7550.50 V:1449.0
  📈 Trend: strong_bearish | 🌍 Regime: trending_bearish
  🗺️  Grid: 0.080% | 🔺 7554.50 🔻 7551.25
  📡 RSI: 24.1 | MACD: -2.95 | ATR: 2.59
  📊 Filled: 0 | Pending: 0
  💰 Daily P&L: $-4,087.50

[2026-06-18 14:17] O:7550.50 H:7552.75 L:7550.25 C:7552.00 V:1258.0
  📈 Trend: strong_bearish | 🌍 Regime: trending_bearish
  🗺️  Grid: 0.080% | 🔺 7552.25 🔻 7550.25
  📡 RSI: 32.3 | MACD: -2.86 | ATR: 2.59
  📊 Filled: 0 | Pending: 0
  💰 Daily P&L: $-4,087.50

[2026-06-18 14:18] O:7552.25 H:7552.75 L:7549.50 C:7551.00 V:2682.0
  📈 Trend: strong_bearish | 🌍 Regime: trending_bearish
  🗺️  Grid: 0.080% | 🔺 7552.75 🔻 7550.25
  📡 RSI: 30.8 | MACD: -2.84 | ATR: 2.68
  📊 Filled: 0 | Pending: 0
  💰 Daily P&L: $-4,087.50

[2026-06-18 14:19] O:7551.25 H:7556.50 L:7551.00 C:7556.00 V:2229.0
  📈 Trend: strong_bearish | 🌍 Regime: trending_bearish
  🗺️  Grid: 0.080% | 🔺 7552.75 🔻 7549.50
  📡 RSI: 48.2 | MACD: -2.38 | ATR: 2.96
  📊 Filled: 0 | Pending: 0
  💰 Daily P&L: $-4,087.50

[2026-06-18 14:20] O:7556.00 H:7557.50 L:7555.25 C:7557.25 V:1727.0
  📈 Trend: strong_bearish | 🌍 Regime: trending_bearish
  🗺️  Grid: 0.080% | 🔺 7556.50 🔻 7551.00
  📡 RSI: 52.3 | MACD: -1.90 | ATR: 3.00
  📊 Filled: 0 | Pending: 0
  💰 Daily P&L: $-4,087.50

[2026-06-18 14:21] O:7557.25 H:7558.25 L:7556.25 C:7556.50 V:1553.0
  📈 Trend: strong_bearish | 🌍 Regime: trending_bearish
  🗺️  Grid: 0.080% | 🔺 7557.50 🔻 7555.25
  📡 RSI: 49.4 | MACD: -1.57 | ATR: 3.05
  📊 Filled: 0 | Pending: 0
  💰 Daily P&L: $-4,087.50

[2026-06-18 14:22] O:7556.75 H:7559.25 L:7556.50 C:7558.25 V:1642.0
  📈 Trend: strong_bearish (raw: moderate_bearish) | 🌍 Regime: trending_bearish
  🗺️  Grid: 0.080% | 🔺 7558.25 🔻 7556.25
  📡 RSI: 51.6 | MACD: -1.14 | ATR: 3.11
  📊 Filled: 0 | Pending: 0
  💰 Daily P&L: $-4,087.50

[2026-06-18 14:23] O:7558.50 H:7558.75 L:7557.00 C:7557.25 V:1221.0
  📈 Trend: strong_bearish | 🌍 Regime: trending_bearish
  🗺️  Grid: 0.080% | 🔺 7559.25 🔻 7556.50
  📡 RSI: 52.2 | MACD: -0.88 | ATR: 3.09
  📊 Filled: 0 | Pending: 0
  💰 Daily P&L: $-4,087.50

[2026-06-18 14:24] O:7557.25 H:7558.25 L:7556.00 C:7556.25 V:1575.0
  📈 Trend: strong_bearish | 🌍 Regime: trending_bearish
  🗺️  Grid: 0.080% | 🔺 7558.75 🔻 7557.00
  📡 RSI: 58.0 | MACD: -0.74 | ATR: 2.80
  📊 Filled: 0 | Pending: 0
  💰 Daily P&L: $-4,087.50

[2026-06-18 14:25] O:7556.50 H:7557.50 L:7556.00 C:7557.00 V:1080.0
  📈 Trend: strong_bearish (raw: moderate_bearish) | 🌍 Regime: trending_bearish
  🗺️  Grid: 0.080% | 🔺 7558.25 🔻 7556.00
  📡 RSI: 67.6 | MACD: -0.57 | ATR: 2.61
  📊 Filled: 0 | Pending: 0
  💰 Daily P&L: $-4,087.50

[2026-06-18 14:26] O:7557.25 H:7559.25 L:7557.00 C:7558.25 V:1441.0
  📈 Trend: moderate_bearish | 🌍 Regime: trending_bearish
  🗺️  Grid: 0.080% | 🔺 7557.50 🔻 7556.00
  📡 RSI: 69.2 | MACD: -0.32 | ATR: 2.59
  📊 Filled: 0 | Pending: 0
  💰 Daily P&L: $-4,087.50

[2026-06-18 14:27] O:7558.25 H:7558.50 L:7556.50 C:7556.75 V:1276.0
  📈 Trend: moderate_bearish (raw: strong_bearish) | 🌍 Regime: ranging
  🗺️  Grid: 0.080% | 🔺 7559.25 🔻 7557.00
  📡 RSI: 60.5 | MACD: -0.25 | ATR: 2.57
  📊 Filled: 0 | Pending: 0
  🔲 Regime: RANGING | Range pos: 46% | RSI: 60.5
  💰 Daily P&L: $-4,087.50

[2026-06-18 14:28] O:7556.75 H:7559.00 L:7556.50 C:7557.50 V:1510.0
  📈 Trend: moderate_bearish | 🌍 Regime: ranging
  🗺️  Grid: 0.080% | 🔺 7558.50 🔻 7556.50
  📡 RSI: 63.6 | MACD: -0.13 | ATR: 2.55
  📊 Filled: 0 | Pending: 0
  🔲 Regime: RANGING | Range pos: 48% | RSI: 63.6
  💰 Daily P&L: $-4,087.50

[2026-06-18 14:29] O:7557.75 H:7560.00 L:7557.50 C:7557.75 V:1664.0
  📈 Trend: moderate_bearish | 🌍 Regime: ranging
  🗺️  Grid: 0.080% | 🔺 7559.00 🔻 7556.50
  📡 RSI: 67.6 | MACD: -0.01 | ATR: 2.50
  📊 Filled: 0 | Pending: 0
  🔲 Regime: RANGING | Range pos: 48% | RSI: 67.6
  💰 Daily P&L: $-4,087.50

[2026-06-18 14:30] O:7557.75 H:7558.50 L:7553.75 C:7555.50 V:3809.0
  📈 Trend: moderate_bearish | 🌍 Regime: ranging
  🗺️  Grid: 0.080% | 🔺 7560.00 🔻 7557.50
  📡 RSI: 62.5 | MACD: -0.10 | ATR: 2.70
  📊 Filled: 0 | Pending: 0
  🕐 Outside session (14:30 CT) — no entries
  💰 Daily P&L: $-4,087.50

[2026-06-18 14:31] O:7555.50 H:7557.00 L:7555.00 C:7556.00 V:1730.0
  📈 Trend: moderate_bearish | 🌍 Regime: ranging
  🗺️  Grid: 0.080% | 🔺 7558.50 🔻 7553.75
  📡 RSI: 60.5 | MACD: -0.13 | ATR: 2.66
  📊 Filled: 0 | Pending: 0
  🕐 Outside session (14:31 CT) — no entries
  💰 Daily P&L: $-4,087.50

[2026-06-18 14:32] O:7556.00 H:7556.75 L:7555.25 C:7556.00 V:1658.0
  📈 Trend: moderate_bearish | 🌍 Regime: ranging
  🗺️  Grid: 0.080% | 🔺 7557.00 🔻 7555.00
  📡 RSI: 63.9 | MACD: -0.15 | ATR: 2.54
  📊 Filled: 0 | Pending: 0
  🕐 Outside session (14:32 CT) — no entries
  💰 Daily P&L: $-4,087.50

[2026-06-18 14:33] O:7555.75 H:7558.25 L:7555.00 C:7557.75 V:1883.0
  📈 Trend: moderate_bearish | 🌍 Regime: ranging
  🗺️  Grid: 0.080% | 🔺 7556.75 🔻 7555.25
  📡 RSI: 55.9 | MACD: -0.02 | ATR: 2.38
  📊 Filled: 0 | Pending: 0
  🕐 Outside session (14:33 CT) — no entries
  💰 Daily P&L: $-4,087.50

[2026-06-18 14:34] O:7557.75 H:7560.00 L:7557.25 C:7559.50 V:1961.0
  📈 Trend: moderate_bearish (raw: moderate_bullish) | 🌍 Regime: ranging
  🗺️  Grid: 0.080% | 🔺 7558.25 🔻 7555.00
  📡 RSI: 57.4 | MACD: 0.22 | ATR: 2.41
  📊 Filled: 0 | Pending: 0
  🕐 Outside session (14:34 CT) — no entries
  💰 Daily P&L: $-4,087.50

[2026-06-18 14:35] O:7559.75 H:7563.50 L:7559.50 C:7563.25 V:3343.0
  📈 Trend: moderate_bullish | 🌍 Regime: ranging
  🗺️  Grid: 0.080% | 🔺 7560.00 🔻 7557.25
  📡 RSI: 68.5 | MACD: 0.70 | ATR: 2.55
  📊 Filled: 0 | Pending: 0
  🕐 Outside session (14:35 CT) — no entries
  💰 Daily P&L: $-4,087.50

[2026-06-18 14:36] O:7563.25 H:7565.75 L:7562.75 C:7563.50 V:3168.0
  📈 Trend: moderate_bullish | 🌍 Regime: ranging
  🗺️  Grid: 0.080% | 🔺 7563.50 🔻 7559.50
  📡 RSI: 65.7 | MACD: 1.09 | ATR: 2.57
  📊 Filled: 0 | Pending: 0
  🕐 Outside session (14:36 CT) — no entries
  💰 Daily P&L: $-4,087.50

[2026-06-18 14:37] O:7563.50 H:7564.25 L:7562.25 C:7564.00 V:2110.0
  📈 Trend: moderate_bullish | 🌍 Regime: ranging
  🗺️  Grid: 0.080% | 🔺 7565.75 🔻 7562.75
  📡 RSI: 70.8 | MACD: 1.42 | ATR: 2.59
  📊 Filled: 0 | Pending: 0
  🕐 Outside session (14:37 CT) — no entries
  💰 Daily P&L: $-4,087.50

[2026-06-18 14:38] O:7564.00 H:7564.75 L:7563.00 C:7564.25 V:1684.0
  📈 Trend: moderate_bullish (raw: strong_bullish) | 🌍 Regime: ranging
  🗺️  Grid: 0.080% | 🔺 7564.25 🔻 7562.25
  📡 RSI: 75.8 | MACD: 1.69 | ATR: 2.55
  📊 Filled: 0 | Pending: 0
  🕐 Outside session (14:38 CT) — no entries
  💰 Daily P&L: $-4,087.50

[2026-06-18 14:39] O:7564.00 H:7567.50 L:7563.75 C:7567.25 V:2716.0
  📈 Trend: strong_bullish | 🌍 Regime: ranging
  🗺️  Grid: 0.080% | 🔺 7564.75 🔻 7563.00
  📡 RSI: 78.9 | MACD: 2.12 | ATR: 2.71
  📊 Filled: 0 | Pending: 0
  🕐 Outside session (14:39 CT) — no entries
  💰 Daily P&L: $-4,087.50

[2026-06-18 14:40] O:7567.25 H:7568.75 L:7566.25 C:7566.75 V:3419.0
  📈 Trend: strong_bullish | 🌍 Regime: ranging
  🗺️  Grid: 0.080% | 🔺 7567.50 🔻 7563.75
  📡 RSI: 75.0 | MACD: 2.39 | ATR: 2.73
  📊 Filled: 0 | Pending: 0
  🕐 Outside session (14:40 CT) — no entries
  💰 Daily P&L: $-4,087.50

[2026-06-18 14:41] O:7566.75 H:7568.50 L:7566.50 C:7568.00 V:1856.0
  📈 Trend: strong_bullish | 🌍 Regime: ranging
  🗺️  Grid: 0.080% | 🔺 7568.75 🔻 7566.25
  📡 RSI: 83.6 | MACD: 2.67 | ATR: 2.73
  📊 Filled: 0 | Pending: 0
  🕐 Outside session (14:41 CT) — no entries
  💰 Daily P&L: $-4,087.50

[2026-06-18 14:42] O:7568.00 H:7570.50 L:7568.00 C:7569.00 V:2947.0
  📈 Trend: strong_bullish | 🌍 Regime: ranging
  🗺️  Grid: 0.080% | 🔺 7568.50 🔻 7566.50
  📡 RSI: 83.8 | MACD: 2.94 | ATR: 2.73
  📊 Filled: 0 | Pending: 0
  🕐 Outside session (14:42 CT) — no entries
  💰 Daily P&L: $-4,087.50

[2026-06-18 14:43] O:7569.25 H:7569.25 L:7567.00 C:7568.00 V:2890.0
  📈 Trend: strong_bullish | 🌍 Regime: ranging
  🗺️  Grid: 0.080% | 🔺 7570.50 🔻 7568.00
  📡 RSI: 78.9 | MACD: 3.04 | ATR: 2.71
  📊 Filled: 0 | Pending: 0
  🕐 Outside session (14:43 CT) — no entries
  💰 Daily P&L: $-4,087.50

[2026-06-18 14:44] O:7568.25 H:7571.75 L:7568.25 C:7571.25 V:2971.0
  📈 Trend: strong_bullish | 🌍 Regime: ranging
  🗺️  Grid: 0.080% | 🔺 7569.25 🔻 7567.00
  📡 RSI: 92.0 | MACD: 3.35 | ATR: 2.64
  📊 Filled: 0 | Pending: 0
  🕐 Outside session (14:44 CT) — no entries
  💰 Daily P&L: $-4,087.50

[2026-06-18 14:45] O:7571.00 H:7572.75 L:7568.50 C:7572.25 V:3604.0
  📈 Trend: strong_bullish | 🌍 Regime: ranging
  🗺️  Grid: 0.080% | 🔺 7571.75 🔻 7568.25
  📡 RSI: 92.2 | MACD: 3.63 | ATR: 2.80
  📊 Filled: 0 | Pending: 0
  🕐 Outside session (14:45 CT) — no entries
  💰 Daily P&L: $-4,087.50

[2026-06-18 14:46] O:7572.25 H:7572.75 L:7571.50 C:7572.00 V:2943.0
  📈 Trend: strong_bullish | 🌍 Regime: trending_bullish
  🗺️  Grid: 0.080% | 🔺 7572.75 🔻 7568.50
  📡 RSI: 91.0 | MACD: 3.78 | ATR: 2.79
  📊 Filled: 0 | Pending: 0
  🕐 Outside session (14:46 CT) — no entries
  💰 Daily P&L: $-4,087.50

[2026-06-18 14:47] O:7572.00 H:7573.00 L:7570.75 C:7570.75 V:2504.0
  📈 Trend: strong_bullish | 🌍 Regime: trending_bullish
  🗺️  Grid: 0.080% | 🔺 7572.75 🔻 7571.50
  📡 RSI: 84.2 | MACD: 3.76 | ATR: 2.71
  📊 Filled: 0 | Pending: 0
  🕐 Outside session (14:47 CT) — no entries
  💰 Daily P&L: $-4,087.50

[2026-06-18 14:48] O:7571.00 H:7571.50 L:7568.50 C:7569.00 V:4664.0
  📈 Trend: strong_bullish | 🌍 Regime: trending_bullish
  🗺️  Grid: 0.080% | 🔺 7573.00 🔻 7570.75
  📡 RSI: 75.0 | MACD: 3.57 | ATR: 2.73
  📊 Filled: 0 | Pending: 0
  🕐 Outside session (14:48 CT) — no entries
  💰 Daily P&L: $-4,087.50

[2026-06-18 14:49] O:7569.00 H:7569.25 L:7567.00 C:7568.75 V:3423.0
  📈 Trend: strong_bullish | 🌍 Regime: trending_bullish
  🗺️  Grid: 0.080% | 🔺 7571.50 🔻 7568.50
  📡 RSI: 67.7 | MACD: 3.35 | ATR: 2.61
  📊 Filled: 0 | Pending: 0
  🕐 Outside session (14:49 CT) — no entries
  💰 Daily P&L: $-4,087.50

[2026-06-18 14:50] O:7568.75 H:7574.50 L:7566.00 C:7573.75 V:9246.0
  📈 Trend: strong_bullish | 🌍 Regime: trending_bullish
  🗺️  Grid: 0.080% | 🔺 7569.25 🔻 7567.00
  📡 RSI: 75.3 | MACD: 3.54 | ATR: 3.00
  📊 Filled: 0 | Pending: 0
  🕐 Outside session (14:50 CT) — no entries
  💰 Daily P&L: $-4,087.50

[2026-06-18 14:51] O:7574.00 H:7578.00 L:7573.75 C:7575.75 V:6423.0
  📈 Trend: strong_bullish | 🌍 Regime: trending_bullish
  🗺️  Grid: 0.080% | 🔺 7574.50 🔻 7566.00
  📡 RSI: 77.0 | MACD: 3.81 | ATR: 3.16
  📊 Filled: 0 | Pending: 0
  🕐 Outside session (14:51 CT) — no entries
  💰 Daily P&L: $-4,087.50

[2026-06-18 14:52] O:7575.75 H:7578.00 L:7573.75 C:7574.50 V:5021.0
  📈 Trend: strong_bullish | 🌍 Regime: trending_bullish
  🗺️  Grid: 0.080% | 🔺 7578.00 🔻 7573.75
  📡 RSI: 72.5 | MACD: 3.88 | ATR: 3.34
  📊 Filled: 0 | Pending: 0
  🕐 Outside session (14:52 CT) — no entries
  💰 Daily P&L: $-4,087.50

[2026-06-18 14:53] O:7574.50 H:7576.25 L:7573.50 C:7575.00 V:4475.0
  📈 Trend: strong_bullish | 🌍 Regime: trending_bullish
  🗺️  Grid: 0.080% | 🔺 7578.00 🔻 7573.75
  📡 RSI: 69.1 | MACD: 3.93 | ATR: 3.27
  📊 Filled: 0 | Pending: 0
  🕐 Outside session (14:53 CT) — no entries
  💰 Daily P&L: $-4,087.50

[2026-06-18 14:54] O:7575.25 H:7576.25 L:7572.00 C:7574.50 V:6428.0
  📈 Trend: strong_bullish | 🌍 Regime: trending_bullish
  🗺️  Grid: 0.080% | 🔺 7576.25 🔻 7573.50
  📡 RSI: 69.1 | MACD: 3.88 | ATR: 3.39
  📊 Filled: 0 | Pending: 0
  🕐 Outside session (14:54 CT) — no entries
  💰 Daily P&L: $-4,087.50

[2026-06-18 14:55] O:7574.50 H:7578.50 L:7572.75 C:7576.75 V:8907.0
  📈 Trend: strong_bullish | 🌍 Regime: trending_bullish
  🗺️  Grid: 0.080% | 🔺 7576.25 🔻 7572.00
  📡 RSI: 70.6 | MACD: 3.98 | ATR: 3.66
  📊 Filled: 0 | Pending: 0
  🕐 Outside session (14:55 CT) — no entries
  💰 Daily P&L: $-4,087.50

[2026-06-18 14:56] O:7576.75 H:7577.75 L:7576.00 C:7576.50 V:5032.0
  📈 Trend: strong_bullish | 🌍 Regime: trending_bullish
  🗺️  Grid: 0.080% | 🔺 7578.50 🔻 7572.75
  📡 RSI: 68.3 | MACD: 3.99 | ATR: 3.61
  📊 Filled: 0 | Pending: 0
  🕐 Outside session (14:56 CT) — no entries
  💰 Daily P&L: $-4,087.50

[2026-06-18 14:57] O:7576.50 H:7580.75 L:7575.50 C:7578.75 V:7309.0
  📈 Trend: strong_bullish | 🌍 Regime: trending_bullish
  🗺️  Grid: 0.080% | 🔺 7577.75 🔻 7576.00
  📡 RSI: 74.7 | MACD: 4.14 | ATR: 3.82
  📊 Filled: 0 | Pending: 0
  🕐 Outside session (14:57 CT) — no entries
  💰 Daily P&L: $-4,087.50

[2026-06-18 14:58] O:7578.75 H:7580.75 L:7577.25 C:7578.25 V:8417.0
  📈 Trend: strong_bullish | 🌍 Regime: trending_bullish
  🗺️  Grid: 0.080% | 🔺 7580.75 🔻 7575.50
  📡 RSI: 68.4 | MACD: 4.16 | ATR: 3.80
  📊 Filled: 0 | Pending: 0
  🕐 Outside session (14:58 CT) — no entries
  💰 Daily P&L: $-4,087.50

[2026-06-18 14:59] O:7578.00 H:7580.75 L:7564.50 C:7564.50 V:95363.0
  📈 Trend: strong_bullish (raw: moderate_bearish) | 🌍 Regime: trending_bearish
  🗺️  Grid: 0.080% | 🔺 7580.75 🔻 7577.25
  📡 RSI: 37.8 | MACD: 3.04 | ATR: 4.66
  📊 Filled: 0 | Pending: 0
  🕐 Outside session (14:59 CT) — no entries
  💰 Daily P&L: $-4,087.50

[2026-06-18 15:00] O:7564.50 H:7568.25 L:7562.25 C:7565.75 V:20668.0
  📈 Trend: moderate_bearish | 🌍 Regime: trending_bearish
  🗺️  Grid: 0.080% | 🔺 7580.75 🔻 7564.50
  📡 RSI: 40.5 | MACD: 2.22 | ATR: 5.00
  📊 Filled: 0 | Pending: 0
  🕐 Outside session (15:00 CT) — no entries
  💰 Daily P&L: $-4,087.50

[2026-06-18 15:01] O:7565.75 H:7568.25 L:7565.00 C:7566.25 V:4147.0
  📈 Trend: moderate_bearish | 🌍 Regime: trending_bearish
  🗺️  Grid: 0.080% | 🔺 7568.25 🔻 7562.25
  📡 RSI: 43.0 | MACD: 1.60 | ATR: 5.07
  📊 Filled: 0 | Pending: 0
  🕐 Outside session (15:01 CT) — no entries
  💰 Daily P&L: $-4,087.50

[2026-06-18 15:02] O:7566.25 H:7568.00 L:7566.00 C:7567.25 V:2560.0
  📈 Trend: moderate_bearish | 🌍 Regime: trending_bearish
  🗺️  Grid: 0.080% | 🔺 7568.25 🔻 7565.00
  📡 RSI: 47.2 | MACD: 1.17 | ATR: 5.00
  📊 Filled: 0 | Pending: 0
  🕐 Outside session (15:02 CT) — no entries
  💰 Daily P&L: $-4,087.50

[2026-06-18 15:03] O:7567.50 H:7571.00 L:7567.00 C:7570.75 V:1889.0
  📈 Trend: moderate_bearish | 🌍 Regime: trending_bearish
  🗺️  Grid: 0.081% | 🔺 7568.00 🔻 7566.00
  📡 RSI: 52.9 | MACD: 1.10 | ATR: 5.12
  📊 Filled: 0 | Pending: 0
  🕐 Outside session (15:03 CT) — no entries
  💰 Daily P&L: $-4,087.50

[2026-06-18 15:04] O:7570.75 H:7572.50 L:7569.50 C:7572.50 V:2402.0
  📈 Trend: moderate_bearish (raw: moderate_bullish) | 🌍 Regime: trending_bullish
  🗺️  Grid: 0.080% | 🔺 7571.00 🔻 7567.00
  📡 RSI: 48.0 | MACD: 1.17 | ATR: 4.73
  📊 Filled: 0 | Pending: 0
  🕐 Outside session (15:04 CT) — no entries
  💰 Daily P&L: $-4,087.50

[2026-06-18 15:05] O:7572.25 H:7574.50 L:7572.25 C:7574.50 V:3674.0
  📈 Trend: moderate_bullish | 🌍 Regime: trending_bullish
  🗺️  Grid: 0.080% | 🔺 7572.50 🔻 7569.50
  📡 RSI: 48.0 | MACD: 1.38 | ATR: 4.59
  📊 Filled: 0 | Pending: 0
  🕐 Outside session (15:05 CT) — no entries
  💰 Daily P&L: $-4,087.50

[2026-06-18 15:06] O:7574.50 H:7575.00 L:7573.25 C:7574.00 V:2043.0
  📈 Trend: moderate_bullish | 🌍 Regime: trending_bullish
  🗺️  Grid: 0.080% | 🔺 7574.50 🔻 7572.25
  📡 RSI: 49.2 | MACD: 1.48 | ATR: 4.41
  📊 Filled: 0 | Pending: 0
  🕐 Outside session (15:06 CT) — no entries
  💰 Daily P&L: $-4,087.50

[2026-06-18 15:07] O:7574.00 H:7576.25 L:7573.50 C:7575.50 V:2338.0
  📈 Trend: moderate_bullish (raw: strong_bullish) | 🌍 Regime: trending_bullish
  🗺️  Grid: 0.080% | 🔺 7575.00 🔻 7573.25
  📡 RSI: 50.8 | MACD: 1.66 | ATR: 4.41
  📊 Filled: 0 | Pending: 0
  🕐 Outside session (15:07 CT) — no entries
  💰 Daily P&L: $-4,087.50

[2026-06-18 15:08] O:7575.50 H:7576.00 L:7573.75 C:7575.00 V:1696.0
  📈 Trend: strong_bullish | 🌍 Regime: trending_bullish
  🗺️  Grid: 0.080% | 🔺 7576.25 🔻 7573.50
  📡 RSI: 50.8 | MACD: 1.75 | ATR: 4.27
  📊 Filled: 0 | Pending: 0
  🕐 Outside session (15:08 CT) — no entries
  💰 Daily P&L: $-4,087.50

[2026-06-18 15:09] O:7575.00 H:7575.50 L:7573.25 C:7573.50 V:1517.0
  📈 Trend: strong_bullish (raw: moderate_bullish) | 🌍 Regime: ranging
  🗺️  Grid: 0.080% | 🔺 7576.00 🔻 7573.75
  📡 RSI: 44.7 | MACD: 1.68 | ATR: 4.02
  📊 Filled: 0 | Pending: 0
  🕐 Outside session (15:09 CT) — no entries
  💰 Daily P&L: $-4,087.50

[2026-06-18 15:10] O:7573.50 H:7574.75 L:7572.25 C:7572.75 V:1444.0
  📈 Trend: moderate_bullish | 🌍 Regime: ranging
  🗺️  Grid: 0.080% | 🔺 7575.50 🔻 7573.25
  📡 RSI: 44.0 | MACD: 1.54 | ATR: 4.07
  📊 Filled: 0 | Pending: 0
  🕐 Outside session (15:10 CT) — no entries
  💰 Daily P&L: $-4,087.50

[2026-06-18 15:11] O:7572.75 H:7574.75 L:7572.50 C:7574.25 V:1565.0
  📈 Trend: moderate_bullish | 🌍 Regime: ranging
  🗺️  Grid: 0.080% | 🔺 7574.75 🔻 7572.25
  📡 RSI: 42.6 | MACD: 1.54 | ATR: 3.86
  📊 Filled: 0 | Pending: 0
  🕐 Outside session (15:11 CT) — no entries
  💰 Daily P&L: $-4,087.50

[2026-06-18 15:12] O:7574.50 H:7576.50 L:7574.00 C:7575.00 V:1317.0
  📈 Trend: moderate_bullish | 🌍 Regime: ranging
  🗺️  Grid: 0.080% | 🔺 7574.75 🔻 7572.50
  📡 RSI: 44.7 | MACD: 1.58 | ATR: 3.79
  📊 Filled: 0 | Pending: 0
  🕐 Outside session (15:12 CT) — no entries
  💰 Daily P&L: $-4,087.50

[2026-06-18 15:13] O:7575.00 H:7577.00 L:7575.00 C:7575.25 V:1166.0
  📈 Trend: moderate_bullish (raw: strong_bullish) | 🌍 Regime: ranging
  🗺️  Grid: 0.080% | 🔺 7576.50 🔻 7574.00
  📡 RSI: 81.2 | MACD: 1.61 | ATR: 2.77
  📊 Filled: 0 | Pending: 0
  🕐 Outside session (15:13 CT) — no entries
  💰 Daily P&L: $-4,087.50

[2026-06-18 15:14] O:7575.50 H:7577.50 L:7575.50 C:7576.50 V:1469.0
  📈 Trend: strong_bullish | 🌍 Regime: ranging
  🗺️  Grid: 0.080% | 🔺 7577.00 🔻 7575.00
  📡 RSI: 81.2 | MACD: 1.71 | ATR: 2.50
  📊 Filled: 0 | Pending: 0
  🕐 Outside session (15:14 CT) — no entries
  💰 Daily P&L: $-4,087.50

[2026-06-18 15:15] O:7576.75 H:7577.25 L:7576.50 C:7576.50 V:958.0
  📈 Trend: strong_bullish | 🌍 Regime: ranging
  🗺️  Grid: 0.080% | 🔺 7577.50 🔻 7575.50
  📡 RSI: 80.6 | MACD: 1.78 | ATR: 2.32
  📊 Filled: 0 | Pending: 0
  🕐 Outside session (15:15 CT) — no entries
  💰 Daily P&L: $-4,087.50

[2026-06-18 15:16] O:7576.75 H:7577.50 L:7576.50 C:7576.75 V:819.0
  📈 Trend: strong_bullish | 🌍 Regime: ranging
  🗺️  Grid: 0.080% | 🔺 7577.25 🔻 7576.50
  📡 RSI: 79.7 | MACD: 1.83 | ATR: 2.25
  📊 Filled: 0 | Pending: 0
  🕐 Outside session (15:16 CT) — no entries
  💰 Daily P&L: $-4,087.50

[2026-06-18 15:17] O:7576.75 H:7577.00 L:7575.00 C:7575.50 V:1239.0
  📈 Trend: strong_bullish | 🌍 Regime: ranging
  🗺️  Grid: 0.080% | 🔺 7577.50 🔻 7576.50
  📡 RSI: 67.3 | MACD: 1.75 | ATR: 2.11
  📊 Filled: 0 | Pending: 0
  🕐 Outside session (15:17 CT) — no entries
  💰 Daily P&L: $-4,087.50

[2026-06-18 15:18] O:7575.50 H:7576.00 L:7575.00 C:7575.50 V:665.0
  📈 Trend: strong_bullish | 🌍 Regime: ranging
  🗺️  Grid: 0.080% | 🔺 7577.00 🔻 7575.00
  📡 RSI: 62.5 | MACD: 1.66 | ATR: 1.96
  📊 Filled: 0 | Pending: 0
  🕐 Outside session (15:18 CT) — no entries
  💰 Daily P&L: $-4,087.50

[2026-06-18 15:19] O:7575.75 H:7579.50 L:7575.50 C:7579.25 V:1016.0
  📈 Trend: strong_bullish | 🌍 Regime: ranging
  🗺️  Grid: 0.080% | 🔺 7576.00 🔻 7575.00
  📡 RSI: 67.3 | MACD: 1.88 | ATR: 2.09
  📊 Filled: 0 | Pending: 0
  🕐 Outside session (15:19 CT) — no entries
  💰 Daily P&L: $-4,087.50

[2026-06-18 15:20] O:7579.25 H:7583.00 L:7579.25 C:7580.25 V:1801.0
  📈 Trend: strong_bullish | 🌍 Regime: ranging
  🗺️  Grid: 0.080% | 🔺 7579.50 🔻 7575.50
  📡 RSI: 71.9 | MACD: 2.10 | ATR: 2.23
  📊 Filled: 0 | Pending: 0
  🕐 Outside session (15:20 CT) — no entries
  💰 Daily P&L: $-4,087.50

[2026-06-18 15:21] O:7580.25 H:7580.75 L:7579.25 C:7579.50 V:670.0
  📈 Trend: strong_bullish | 🌍 Regime: ranging
  🗺️  Grid: 0.080% | 🔺 7583.00 🔻 7579.25
  📡 RSI: 64.8 | MACD: 2.20 | ATR: 2.14
  📊 Filled: 0 | Pending: 0
  🕐 Outside session (15:21 CT) — no entries
  💰 Daily P&L: $-4,087.50

[2026-06-18 15:22] O:7579.25 H:7579.50 L:7578.50 C:7578.50 V:611.0
  📈 Trend: strong_bullish | 🌍 Regime: ranging
  🗺️  Grid: 0.080% | 🔺 7580.75 🔻 7579.25
  📡 RSI: 62.5 | MACD: 2.17 | ATR: 2.05
  📊 Filled: 0 | Pending: 0
  🕐 Outside session (15:22 CT) — no entries
  💰 Daily P&L: $-4,087.50

[2026-06-18 15:23] O:7578.50 H:7580.00 L:7578.50 C:7579.00 V:691.0
  📈 Trend: strong_bullish | 🌍 Regime: ranging
  🗺️  Grid: 0.080% | 🔺 7579.50 🔻 7578.50
  📡 RSI: 71.2 | MACD: 2.16 | ATR: 2.00
  📊 Filled: 0 | Pending: 0
  🕐 Outside session (15:23 CT) — no entries
  💰 Daily P&L: $-4,087.50

[2026-06-18 15:24] O:7579.00 H:7579.00 L:7577.50 C:7577.50 V:584.0
  📈 Trend: strong_bullish | 🌍 Regime: trending_bullish
  🗺️  Grid: 0.080% | 🔺 7580.00 🔻 7578.50
  📡 RSI: 67.3 | MACD: 2.01 | ATR: 1.93
  📊 Filled: 0 | Pending: 0
  🕐 Outside session (15:24 CT) — no entries
  💰 Daily P&L: $-4,087.50

[2026-06-18 15:25] O:7577.75 H:7578.75 L:7577.50 C:7578.25 V:540.0
  📈 Trend: strong_bullish | 🌍 Regime: trending_bullish
  🗺️  Grid: 0.080% | 🔺 7579.00 🔻 7577.50
  📡 RSI: 65.4 | MACD: 1.92 | ATR: 1.86
  📊 Filled: 0 | Pending: 0
  🕐 Outside session (15:25 CT) — no entries
  💰 Daily P&L: $-4,087.50

[2026-06-18 15:26] O:7578.25 H:7580.00 L:7578.25 C:7579.25 V:674.0
  📈 Trend: strong_bullish | 🌍 Regime: trending_bullish
  🗺️  Grid: 0.080% | 🔺 7578.75 🔻 7577.50
  📡 RSI: 66.0 | MACD: 1.92 | ATR: 1.80
  📊 Filled: 0 | Pending: 0
  🕐 Outside session (15:26 CT) — no entries
  💰 Daily P&L: $-4,087.50

[2026-06-18 15:27] O:7579.00 H:7579.00 L:7577.25 C:7577.25 V:369.0
  📈 Trend: strong_bullish | 🌍 Regime: trending_bullish
  🗺️  Grid: 0.080% | 🔺 7580.00 🔻 7578.25
  📡 RSI: 56.7 | MACD: 1.73 | ATR: 1.80
  📊 Filled: 0 | Pending: 0
  🕐 Outside session (15:27 CT) — no entries
  💰 Daily P&L: $-4,087.50

[2026-06-18 15:28] O:7577.00 H:7578.00 L:7577.00 C:7577.75 V:283.0
  📈 Trend: strong_bullish | 🌍 Regime: trending_bullish
  🗺️  Grid: 0.080% | 🔺 7579.00 🔻 7577.25
  📡 RSI: 54.4 | MACD: 1.61 | ATR: 1.71
  📊 Filled: 0 | Pending: 0
  🕐 Outside session (15:28 CT) — no entries
  💰 Daily P&L: $-4,087.50

[2026-06-18 15:29] O:7577.75 H:7578.50 L:7577.50 C:7577.50 V:412.0
  📈 Trend: strong_bullish | 🌍 Regime: trending_bullish
  🗺️  Grid: 0.080% | 🔺 7578.00 🔻 7577.00
  📡 RSI: 53.4 | MACD: 1.47 | ATR: 1.73
  📊 Filled: 0 | Pending: 0
  🕐 Outside session (15:29 CT) — no entries
  💰 Daily P&L: $-4,087.50

[2026-06-18 15:30] O:7577.50 H:7578.75 L:7577.25 C:7578.25 V:295.0
  📈 Trend: strong_bullish | 🌍 Regime: trending_bullish
  🗺️  Grid: 0.080% | 🔺 7578.50 🔻 7577.50
  📡 RSI: 55.0 | MACD: 1.40 | ATR: 1.77
  📊 Filled: 0 | Pending: 0
  🕐 Outside session (15:30 CT) — no entries
  💰 Daily P&L: $-4,087.50

[2026-06-18 15:31] O:7578.25 H:7578.75 L:7577.50 C:7578.75 V:455.0
  📈 Trend: strong_bullish | 🌍 Regime: trending_bullish
  🗺️  Grid: 0.080% | 🔺 7578.75 🔻 7577.25
  📡 RSI: 61.4 | MACD: 1.38 | ATR: 1.71
  📊 Filled: 0 | Pending: 0
  🕐 Outside session (15:31 CT) — no entries
  💰 Daily P&L: $-4,087.50

[2026-06-18 15:32] O:7578.50 H:7579.50 L:7578.00 C:7578.00 V:671.0
  📈 Trend: strong_bullish | 🌍 Regime: trending_bullish
  🗺️  Grid: 0.080% | 🔺 7578.75 🔻 7577.50
  📡 RSI: 58.3 | MACD: 1.28 | ATR: 1.75
  📊 Filled: 0 | Pending: 0
  🕐 Outside session (15:32 CT) — no entries
  💰 Daily P&L: $-4,087.50

[2026-06-18 15:33] O:7578.00 H:7578.25 L:7577.00 C:7577.25 V:252.0
  📈 Trend: strong_bullish | 🌍 Regime: trending_bullish
  🗺️  Grid: 0.080% | 🔺 7579.50 🔻 7578.00
  📡 RSI: 41.7 | MACD: 1.13 | ATR: 1.55
  📊 Filled: 0 | Pending: 0
  🕐 Outside session (15:33 CT) — no entries
  💰 Daily P&L: $-4,087.50

[2026-06-18 15:34] O:7577.25 H:7577.25 L:7576.50 C:7576.75 V:295.0
  📈 Trend: strong_bullish | 🌍 Regime: trending_bullish
  🗺️  Grid: 0.080% | 🔺 7578.25 🔻 7577.00
  📡 RSI: 34.8 | MACD: 0.96 | ATR: 1.34
  📊 Filled: 0 | Pending: 0
  🕐 Outside session (15:34 CT) — no entries
  💰 Daily P&L: $-4,087.50

[2026-06-18 15:35] O:7576.75 H:7577.50 L:7576.50 C:7577.25 V:513.0
  📈 Trend: strong_bullish | 🌍 Regime: trending_bullish
  🗺️  Grid: 0.080% | 🔺 7577.25 🔻 7576.50
  📡 RSI: 40.0 | MACD: 0.86 | ATR: 1.30
  📊 Filled: 0 | Pending: 0
  🕐 Outside session (15:35 CT) — no entries
  💰 Daily P&L: $-4,087.50

[2026-06-18 15:36] O:7577.00 H:7577.25 L:7575.25 C:7575.50 V:328.0
  📈 Trend: strong_bullish (raw: moderate_bullish) | 🌍 Regime: trending_bullish
  🗺️  Grid: 0.080% | 🔺 7577.50 🔻 7576.50
  📡 RSI: 37.5 | MACD: 0.63 | ATR: 1.38
  📊 Filled: 0 | Pending: 0
  🕐 Outside session (15:36 CT) — no entries
  💰 Daily P&L: $-4,087.50

[2026-06-18 15:37] O:7575.50 H:7576.00 L:7575.00 C:7575.75 V:335.0
  📈 Trend: strong_bullish | 🌍 Regime: trending_bullish
  🗺️  Grid: 0.080% | 🔺 7577.25 🔻 7575.25
  📡 RSI: 36.2 | MACD: 0.46 | ATR: 1.34
  📊 Filled: 0 | Pending: 0
  🕐 Outside session (15:37 CT) — no entries
  💰 Daily P&L: $-4,087.50

[2026-06-18 15:38] O:7575.75 H:7576.00 L:7575.50 C:7575.50 V:146.0
  📈 Trend: strong_bullish (raw: moderate_bullish) | 🌍 Regime: trending_bullish
  🗺️  Grid: 0.080% | 🔺 7576.00 🔻 7575.00
  📡 RSI: 40.5 | MACD: 0.30 | ATR: 1.27
  📊 Filled: 0 | Pending: 0
  🕐 Outside session (15:38 CT) — no entries
  💰 Daily P&L: $-4,087.50

[2026-06-18 15:39] O:7575.25 H:7575.75 L:7575.00 C:7575.75 V:212.0
  📈 Trend: moderate_bullish | 🌍 Regime: trending_bullish
  🗺️  Grid: 0.080% | 🔺 7576.00 🔻 7575.50
  📡 RSI: 37.5 | MACD: 0.19 | ATR: 1.23
  📊 Filled: 0 | Pending: 0
  🕐 Outside session (15:39 CT) — no entries
  💰 Daily P&L: $-4,087.50

[2026-06-18 15:40] O:7575.75 H:7576.00 L:7575.50 C:7575.75 V:271.0
  📈 Trend: moderate_bullish | 🌍 Regime: trending_bullish
  🗺️  Grid: 0.080% | 🔺 7575.75 🔻 7575.00
  📡 RSI: 30.6 | MACD: 0.11 | ATR: 1.14
  📊 Filled: 0 | Pending: 0
  🕐 Outside session (15:40 CT) — no entries
  💰 Daily P&L: $-4,087.50

[2026-06-18 15:41] O:7575.75 H:7575.75 L:7574.25 C:7574.75 V:290.0
  📈 Trend: moderate_bullish | 🌍 Regime: trending_bullish
  🗺️  Grid: 0.080% | 🔺 7576.00 🔻 7575.50
  📡 RSI: 34.4 | MACD: -0.04 | ATR: 1.11
  📊 Filled: 0 | Pending: 0
  🕐 Outside session (15:41 CT) — no entries
  💰 Daily P&L: $-4,087.50

[2026-06-18 15:42] O:7574.50 H:7575.25 L:7574.00 C:7574.25 V:346.0
  📈 Trend: moderate_bullish | 🌍 Regime: trending_bullish
  🗺️  Grid: 0.080% | 🔺 7575.75 🔻 7574.25
  📡 RSI: 28.1 | MACD: -0.19 | ATR: 1.12
  📊 Filled: 0 | Pending: 0
  🕐 Outside session (15:42 CT) — no entries
  💰 Daily P&L: $-4,087.50

[2026-06-18 15:43] O:7574.25 H:7574.25 L:7572.25 C:7572.75 V:463.0
  📈 Trend: moderate_bullish | 🌍 Regime: trending_bullish
  🗺️  Grid: 0.080% | 🔺 7575.25 🔻 7574.00
  📡 RSI: 24.3 | MACD: -0.43 | ATR: 1.20
  📊 Filled: 0 | Pending: 0
  🕐 Outside session (15:43 CT) — no entries
  💰 Daily P&L: $-4,087.50

[2026-06-18 15:44] O:7572.75 H:7573.50 L:7572.50 C:7573.00 V:283.0
  📈 Trend: moderate_bullish | 🌍 Regime: trending_bullish
  🗺️  Grid: 0.080% | 🔺 7574.25 🔻 7572.25
  📡 RSI: 20.0 | MACD: -0.60 | ATR: 1.16
  📊 Filled: 0 | Pending: 0
  🕐 Outside session (15:44 CT) — no entries
  💰 Daily P&L: $-4,087.50

[2026-06-18 15:45] O:7572.75 H:7573.25 L:7572.25 C:7572.50 V:303.0
  📈 Trend: moderate_bullish | 🌍 Regime: trending_bullish
  🗺️  Grid: 0.080% | 🔺 7573.50 🔻 7572.50
  📡 RSI: 14.3 | MACD: -0.76 | ATR: 1.14
  📊 Filled: 0 | Pending: 0
  🕐 Outside session (15:45 CT) — no entries
  💰 Daily P&L: $-4,087.50

[2026-06-18 15:46] O:7572.75 H:7573.00 L:7572.50 C:7572.75 V:214.0
  📈 Trend: moderate_bullish | 🌍 Regime: trending_bullish
  🗺️  Grid: 0.080% | 🔺 7573.25 🔻 7572.25
  📡 RSI: 18.2 | MACD: -0.85 | ATR: 1.07
  📊 Filled: 0 | Pending: 0
  🕐 Outside session (15:46 CT) — no entries
  💰 Daily P&L: $-4,087.50

[2026-06-18 15:47] O:7572.75 H:7572.75 L:7571.75 C:7571.75 V:315.0
  📈 Trend: moderate_bullish | 🌍 Regime: trending_bullish
  🗺️  Grid: 0.080% | 🔺 7573.00 🔻 7572.50
  📡 RSI: 17.6 | MACD: -1.00 | ATR: 1.05
  📊 Filled: 0 | Pending: 0
  🕐 Outside session (15:47 CT) — no entries
  💰 Daily P&L: $-4,087.50

[2026-06-18 15:48] O:7572.00 H:7572.00 L:7571.50 C:7572.00 V:142.0
  📈 Trend: moderate_bullish | 🌍 Regime: trending_bullish
  🗺️  Grid: 0.080% | 🔺 7572.75 🔻 7571.75
  📡 RSI: 21.2 | MACD: -1.08 | ATR: 1.04
  📊 Filled: 0 | Pending: 0
  🕐 Outside session (15:48 CT) — no entries
  💰 Daily P&L: $-4,087.50

[2026-06-18 15:49] O:7571.75 H:7573.00 L:7571.75 C:7572.25 V:306.0
  📈 Trend: moderate_bullish (raw: strong_bearish) | 🌍 Regime: ranging
  🗺️  Grid: 0.080% | 🔺 7572.00 🔻 7571.50
  📡 RSI: 18.8 | MACD: -1.12 | ATR: 1.05
  📊 Filled: 0 | Pending: 0
  🕐 Outside session (15:49 CT) — no entries
  💰 Daily P&L: $-4,087.50

[2026-06-18 15:50] O:7572.25 H:7572.75 L:7572.00 C:7572.25 V:292.0
  📈 Trend: strong_bearish | 🌍 Regime: ranging
  🗺️  Grid: 0.080% | 🔺 7573.00 🔻 7571.75
  📡 RSI: 24.0 | MACD: -1.13 | ATR: 0.96
  📊 Filled: 0 | Pending: 0
  🕐 Outside session (15:50 CT) — no entries
  💰 Daily P&L: $-4,087.50

[2026-06-18 15:51] O:7572.50 H:7572.75 L:7571.75 C:7572.00 V:264.0
  📈 Trend: strong_bearish | 🌍 Regime: ranging
  🗺️  Grid: 0.080% | 🔺 7572.75 🔻 7572.00
  📡 RSI: 20.0 | MACD: -1.15 | ATR: 0.96
  📊 Filled: 0 | Pending: 0
  🕐 Outside session (15:51 CT) — no entries
  💰 Daily P&L: $-4,087.50

[2026-06-18 15:52] O:7572.00 H:7572.25 L:7571.25 C:7571.25 V:427.0
  📈 Trend: strong_bearish | 🌍 Regime: ranging
  🗺️  Grid: 0.080% | 🔺 7572.75 🔻 7571.75
  📡 RSI: 18.5 | MACD: -1.21 | ATR: 1.00
  📊 Filled: 0 | Pending: 0
  🕐 Outside session (15:52 CT) — no entries
  💰 Daily P&L: $-4,087.50

[2026-06-18 15:53] O:7571.50 H:7571.50 L:7571.00 C:7571.00 V:343.0
  📈 Trend: strong_bearish | 🌍 Regime: ranging
  🗺️  Grid: 0.080% | 🔺 7572.25 🔻 7571.25
  📡 RSI: 14.8 | MACD: -1.26 | ATR: 0.98
  📊 Filled: 0 | Pending: 0
  🕐 Outside session (15:53 CT) — no entries
  💰 Daily P&L: $-4,087.50

[2026-06-18 15:54] O:7571.00 H:7572.25 L:7570.75 C:7572.00 V:422.0
  📈 Trend: strong_bearish | 🌍 Regime: ranging
  🗺️  Grid: 0.080% | 🔺 7571.50 🔻 7571.00
  📡 RSI: 25.8 | MACD: -1.21 | ATR: 1.05
  📊 Filled: 0 | Pending: 0
  🕐 Outside session (15:54 CT) — no entries
  💰 Daily P&L: $-4,087.50

[2026-06-18 15:55] O:7572.25 H:7573.50 L:7571.50 C:7572.75 V:603.0
  📈 Trend: strong_bearish | 🌍 Regime: trending_bearish
  🗺️  Grid: 0.080% | 🔺 7572.25 🔻 7570.75
  📡 RSI: 36.7 | MACD: -1.09 | ATR: 1.09
  📊 Filled: 0 | Pending: 0
  🕐 Outside session (15:55 CT) — no entries
  💰 Daily P&L: $-4,087.50

[2026-06-18 15:56] O:7572.50 H:7573.50 L:7572.50 C:7573.00 V:206.0
  📈 Trend: strong_bearish (raw: moderate_bearish) | 🌍 Regime: trending_bearish
  🗺️  Grid: 0.080% | 🔺 7573.50 🔻 7571.50
  📡 RSI: 41.4 | MACD: -0.97 | ATR: 1.07
  📊 Filled: 0 | Pending: 0
  🕐 Outside session (15:56 CT) — no entries
  💰 Daily P&L: $-4,087.50

[2026-06-18 15:57] O:7573.00 H:7573.00 L:7572.25 C:7572.25 V:162.0
  📈 Trend: moderate_bearish | 🌍 Regime: trending_bearish
  🗺️  Grid: 0.080% | 🔺 7573.50 🔻 7572.50
  📡 RSI: 46.2 | MACD: -0.92 | ATR: 0.98
  📊 Filled: 0 | Pending: 0
  🕐 Outside session (15:57 CT) — no entries
  💰 Daily P&L: $-4,087.50

[2026-06-18 15:58] O:7572.25 H:7574.00 L:7572.25 C:7574.00 V:317.0
  📈 Trend: moderate_bearish | 🌍 Regime: trending_bearish
  🗺️  Grid: 0.080% | 🔺 7573.00 🔻 7572.25
  📡 RSI: 56.2 | MACD: -0.74 | ATR: 1.04
  📊 Filled: 0 | Pending: 0
  🕐 Outside session (15:58 CT) — no entries
  💰 Daily P&L: $-4,087.50

[2026-06-18 15:59] O:7573.75 H:7575.25 L:7573.00 C:7574.75 V:529.0
  📈 Trend: moderate_bearish | 🌍 Regime: trending_bearish
  🗺️  Grid: 0.080% | 🔺 7574.00 🔻 7572.25
  📡 RSI: 63.6 | MACD: -0.52 | ATR: 1.12
  📊 Filled: 0 | Pending: 0
  🕐 Outside session (15:59 CT) — no entries
  💰 Daily P&L: $-4,087.50

[2026-06-18 17:00] O:7576.75 H:7580.00 L:7575.25 C:7577.25 V:557.0
  📈 Trend: moderate_bearish (raw: moderate_bullish) | 🌍 Regime: ranging
  🗺️  Grid: 0.080% | 🔺 7575.25 🔻 7573.00
  📡 RSI: 71.4 | MACD: -0.15 | ATR: 1.46
  📊 Filled: 0 | Pending: 0
  🕐 Outside session (17:00 CT) — no entries
  💰 Daily P&L: $-4,087.50

[2026-06-18 17:01] O:7577.75 H:7578.25 L:7575.75 C:7576.50 V:284.0
  📈 Trend: moderate_bearish (raw: strong_bullish) | 🌍 Regime: ranging
  🗺️  Grid: 0.080% | 🔺 7580.00 🔻 7575.25
  📡 RSI: 73.2 | MACD: 0.09 | ATR: 1.57
  📊 Filled: 0 | Pending: 0
  🕐 Outside session (17:01 CT) — no entries
  💰 Daily P&L: $-4,087.50

[2026-06-18 17:02] O:7576.50 H:7577.75 L:7574.50 C:7574.75 V:162.0
  📈 Trend: strong_bullish | 🌍 Regime: ranging
  🗺️  Grid: 0.080% | 🔺 7578.25 🔻 7575.75
  📡 RSI: 61.7 | MACD: 0.13 | ATR: 1.77
  📊 Filled: 0 | Pending: 0
  🕐 Outside session (17:02 CT) — no entries
  💰 Daily P&L: $-4,087.50

[2026-06-18 17:03] O:7574.50 H:7576.50 L:7574.00 C:7574.75 V:124.0
  📈 Trend: strong_bullish | 🌍 Regime: ranging
  🗺️  Grid: 0.080% | 🔺 7577.75 🔻 7574.50
  📡 RSI: 60.9 | MACD: 0.16 | ATR: 1.86
  📊 Filled: 0 | Pending: 0
  🕐 Outside session (17:03 CT) — no entries
  💰 Daily P&L: $-4,087.50

[2026-06-18 17:04] O:7575.00 H:7575.50 L:7574.00 C:7575.25 V:103.0
  📈 Trend: strong_bullish | 🌍 Regime: ranging
  🗺️  Grid: 0.080% | 🔺 7576.50 🔻 7574.00
  📡 RSI: 62.5 | MACD: 0.22 | ATR: 1.91
  📊 Filled: 0 | Pending: 0
  🕐 Outside session (17:04 CT) — no entries
  💰 Daily P&L: $-4,087.50

[2026-06-18 17:05] O:7575.50 H:7575.75 L:7572.50 C:7574.25 V:173.0
  📈 Trend: strong_bullish | 🌍 Regime: ranging
  🗺️  Grid: 0.080% | 🔺 7575.50 🔻 7574.00
  📡 RSI: 58.8 | MACD: 0.19 | ATR: 2.07
  📊 Filled: 0 | Pending: 0
  🕐 Outside session (17:05 CT) — no entries
  💰 Daily P&L: $-4,087.50

[2026-06-18 17:06] O:7574.25 H:7575.25 L:7573.75 C:7574.00 V:61.0
  📈 Trend: strong_bullish | 🌍 Regime: ranging
  🗺️  Grid: 0.080% | 🔺 7575.75 🔻 7572.50
  📡 RSI: 61.2 | MACD: 0.14 | ATR: 2.11
  📊 Filled: 0 | Pending: 0
  🕐 Outside session (17:06 CT) — no entries
  💰 Daily P&L: $-4,087.50

[2026-06-18 17:07] O:7573.50 H:7574.50 L:7572.00 C:7573.00 V:137.0
  📈 Trend: strong_bullish | 🌍 Regime: ranging
  🗺️  Grid: 0.080% | 🔺 7575.25 🔻 7573.75
  📡 RSI: 57.7 | MACD: 0.03 | ATR: 2.25
  📊 Filled: 0 | Pending: 0
  🕐 Outside session (17:07 CT) — no entries
  💰 Daily P&L: $-4,087.50

[2026-06-18 17:08] O:7573.00 H:7573.75 L:7572.25 C:7573.50 V:66.0
  📈 Trend: strong_bullish (raw: moderate_bullish) | 🌍 Regime: ranging
  🗺️  Grid: 0.080% | 🔺 7574.50 🔻 7572.00
  📡 RSI: 56.0 | MACD: -0.03 | ATR: 2.25
  📊 Filled: 0 | Pending: 0
  🕐 Outside session (17:08 CT) — no entries
  💰 Daily P&L: $-4,087.50

[2026-06-18 17:09] O:7573.00 H:7573.50 L:7572.50 C:7573.25 V:61.0
  📈 Trend: moderate_bullish | 🌍 Regime: ranging
  🗺️  Grid: 0.080% | 🔺 7573.75 🔻 7572.25
  📡 RSI: 52.1 | MACD: -0.09 | ATR: 2.18
  📊 Filled: 0 | Pending: 0
  🕐 Outside session (17:09 CT) — no entries
  💰 Daily P&L: $-4,087.50

[2026-06-18 17:10] O:7573.25 H:7574.50 L:7572.75 C:7574.50 V:110.0
  📈 Trend: moderate_bullish | 🌍 Regime: ranging
  🗺️  Grid: 0.080% | 🔺 7573.50 🔻 7572.50
  📡 RSI: 55.8 | MACD: -0.04 | ATR: 2.23
  📊 Filled: 0 | Pending: 0
  🕐 Outside session (17:10 CT) — no entries
  💰 Daily P&L: $-4,087.50

[2026-06-18 17:11] O:7574.50 H:7574.75 L:7573.00 C:7574.00 V:79.0
  📈 Trend: moderate_bullish | 🌍 Regime: ranging
  🗺️  Grid: 0.080% | 🔺 7574.50 🔻 7572.75
  📡 RSI: 56.9 | MACD: -0.04 | ATR: 2.30
  📊 Filled: 0 | Pending: 0
  🕐 Outside session (17:11 CT) — no entries
  💰 Daily P&L: $-4,087.50

[2026-06-18 17:12] O:7573.75 H:7574.00 L:7573.00 C:7573.25 V:57.0
  📈 Trend: moderate_bullish | 🌍 Regime: ranging
  🗺️  Grid: 0.080% | 🔺 7574.75 🔻 7573.00
  📡 RSI: 46.8 | MACD: -0.09 | ATR: 2.25
  📊 Filled: 0 | Pending: 0
  🕐 Outside session (17:12 CT) — no entries
  💰 Daily P&L: $-4,087.50

[2026-06-18 17:13] O:7573.25 H:7574.00 L:7572.75 C:7574.00 V:56.0
  📈 Trend: moderate_bullish | 🌍 Regime: ranging
  🗺️  Grid: 0.080% | 🔺 7574.00 🔻 7573.00
  📡 RSI: 46.8 | MACD: -0.08 | ATR: 2.18
  📊 Filled: 0 | Pending: 0
  🕐 Outside session (17:13 CT) — no entries
  💰 Daily P&L: $-4,087.50

[2026-06-18 17:14] O:7573.50 H:7573.75 L:7572.75 C:7573.25 V:58.0
  📈 Trend: moderate_bullish | 🌍 Regime: ranging
  🗺️  Grid: 0.080% | 🔺 7574.00 🔻 7572.75
  📡 RSI: 30.0 | MACD: -0.13 | ATR: 1.89
  📊 Filled: 0 | Pending: 0
  🕐 Outside session (17:14 CT) — no entries
  💰 Daily P&L: $-4,087.50

[2026-06-18 17:15] O:7573.00 H:7573.00 L:7572.25 C:7572.25 V:30.0
  📈 Trend: moderate_bullish (raw: strong_bearish) | 🌍 Regime: ranging
  🗺️  Grid: 0.080% | 🔺 7573.75 🔻 7572.75
  📡 RSI: 29.3 | MACD: -0.24 | ATR: 1.79
  📊 Filled: 0 | Pending: 0
  🕐 Outside session (17:15 CT) — no entries
  💰 Daily P&L: $-4,087.50

[2026-06-18 17:16] O:7572.25 H:7572.50 L:7571.25 C:7572.00 V:97.0
  📈 Trend: strong_bearish | 🌍 Regime: ranging
  🗺️  Grid: 0.080% | 🔺 7573.00 🔻 7572.25
  📡 RSI: 34.3 | MACD: -0.35 | ATR: 1.64
  📊 Filled: 0 | Pending: 0
  🕐 Outside session (17:16 CT) — no entries
  💰 Daily P&L: $-4,087.50

[2026-06-18 17:17] O:7571.75 H:7572.25 L:7571.75 C:7572.00 V:7.0
  📈 Trend: strong_bearish | 🌍 Regime: ranging
  🗺️  Grid: 0.080% | 🔺 7572.50 🔻 7571.25
  📡 RSI: 34.3 | MACD: -0.43 | ATR: 1.50
  📊 Filled: 0 | Pending: 0
  🕐 Outside session (17:17 CT) — no entries
  💰 Daily P&L: $-4,087.50

[2026-06-18 17:18] O:7571.75 H:7571.75 L:7570.25 C:7570.25 V:75.0
  📈 Trend: strong_bearish | 🌍 Regime: ranging
  🗺️  Grid: 0.080% | 🔺 7572.25 🔻 7571.75
  📡 RSI: 25.0 | MACD: -0.63 | ATR: 1.52
  📊 Filled: 0 | Pending: 0
  🕐 Outside session (17:18 CT) — no entries
  💰 Daily P&L: $-4,087.50

[2026-06-18 17:19] O:7570.50 H:7570.75 L:7568.50 C:7569.00 V:339.0
  📈 Trend: strong_bearish | 🌍 Regime: ranging
  🗺️  Grid: 0.080% | 🔺 7571.75 🔻 7570.25
  📡 RSI: 24.4 | MACD: -0.87 | ATR: 1.45
  📊 Filled: 0 | Pending: 0
  🕐 Outside session (17:19 CT) — no entries
  💰 Daily P&L: $-4,087.50

[2026-06-18 17:20] O:7569.00 H:7569.00 L:7567.75 C:7568.50 V:121.0
  📈 Trend: strong_bearish | 🌍 Regime: ranging
  🗺️  Grid: 0.080% | 🔺 7570.75 🔻 7568.50
  📡 RSI: 23.8 | MACD: -1.10 | ATR: 1.43
  📊 Filled: 0 | Pending: 0
  🕐 Outside session (17:20 CT) — no entries
  💰 Daily P&L: $-4,087.50

[2026-06-18 17:21] O:7568.50 H:7569.00 L:7567.50 C:7567.50 V:57.0
  📈 Trend: strong_bearish | 🌍 Regime: ranging
  🗺️  Grid: 0.080% | 🔺 7569.00 🔻 7567.75
  📡 RSI: 23.8 | MACD: -1.34 | ATR: 1.36
  📊 Filled: 0 | Pending: 0
  🕐 Outside session (17:21 CT) — no entries
  💰 Daily P&L: $-4,087.50

[2026-06-18 17:22] O:7567.75 H:7568.25 L:7566.75 C:7567.25 V:79.0
  📈 Trend: strong_bearish | 🌍 Regime: ranging
  🗺️  Grid: 0.080% | 🔺 7569.00 🔻 7567.50
  📡 RSI: 19.5 | MACD: -1.53 | ATR: 1.36
  📊 Filled: 0 | Pending: 0
  🕐 Outside session (17:22 CT) — no entries
  💰 Daily P&L: $-4,087.50

[2026-06-18 17:23] O:7567.00 H:7567.25 L:7565.25 C:7566.25 V:106.0
  📈 Trend: strong_bearish | 🌍 Regime: ranging
  🗺️  Grid: 0.080% | 🔺 7568.25 🔻 7566.75
  📡 RSI: 18.2 | MACD: -1.75 | ATR: 1.43
  📊 Filled: 0 | Pending: 0
  🕐 Outside session (17:23 CT) — no entries
  💰 Daily P&L: $-4,087.50

[2026-06-18 17:24] O:7566.25 H:7566.25 L:7565.00 C:7565.75 V:145.0
  📈 Trend: strong_bearish | 🌍 Regime: ranging
  🗺️  Grid: 0.080% | 🔺 7567.25 🔻 7565.25
  📡 RSI: 7.3 | MACD: -1.94 | ATR: 1.39
  📊 Filled: 0 | Pending: 0
  🕐 Outside session (17:24 CT) — no entries
  💰 Daily P&L: $-4,087.50

[2026-06-18 17:25] O:7565.75 H:7567.50 L:7565.50 C:7567.25 V:130.0
  📈 Trend: strong_bearish | 🌍 Regime: ranging
  🗺️  Grid: 0.080% | 🔺 7566.25 🔻 7565.00
  📡 RSI: 20.0 | MACD: -1.94 | ATR: 1.41
  📊 Filled: 0 | Pending: 0
  🕐 Outside session (17:25 CT) — no entries
  💰 Daily P&L: $-4,087.50

[2026-06-18 17:26] O:7567.00 H:7567.75 L:7566.75 C:7567.25 V:63.0
  📈 Trend: strong_bearish | 🌍 Regime: ranging
  🗺️  Grid: 0.080% | 🔺 7567.50 🔻 7565.50
  📡 RSI: 21.4 | MACD: -1.92 | ATR: 1.41
  📊 Filled: 0 | Pending: 0
  🕐 Outside session (17:26 CT) — no entries
  💰 Daily P&L: $-4,087.50

[2026-06-18 17:27] O:7567.25 H:7567.25 L:7565.25 C:7565.50 V:58.0
  📈 Trend: strong_bearish | 🌍 Regime: ranging
  🗺️  Grid: 0.080% | 🔺 7567.75 🔻 7566.75
  📡 RSI: 13.0 | MACD: -2.03 | ATR: 1.46
  📊 Filled: 0 | Pending: 0
  🕐 Outside session (17:27 CT) — no entries
  💰 Daily P&L: $-4,087.50

[2026-06-18 17:28] O:7565.50 H:7566.75 L:7565.50 C:7566.50 V:48.0
  📈 Trend: strong_bearish | 🌍 Regime: ranging
  🗺️  Grid: 0.080% | 🔺 7567.25 🔻 7565.25
  📡 RSI: 21.3 | MACD: -2.01 | ATR: 1.46
  📊 Filled: 0 | Pending: 0
  🕐 Outside session (17:28 CT) — no entries
  💰 Daily P&L: $-4,087.50

[2026-06-18 17:29] O:7566.75 H:7567.00 L:7565.75 C:7566.25 V:77.0
  📈 Trend: strong_bearish | 🌍 Regime: ranging
  🗺️  Grid: 0.080% | 🔺 7566.75 🔻 7565.50
  📡 RSI: 22.7 | MACD: -1.99 | ATR: 1.48
  📊 Filled: 0 | Pending: 0
  🕐 Outside session (17:29 CT) — no entries
  💰 Daily P&L: $-4,087.50

[2026-06-18 17:30] O:7566.50 H:7566.50 L:7564.25 C:7565.00 V:79.0
  📈 Trend: strong_bearish | 🌍 Regime: trending_bearish
  🗺️  Grid: 0.080% | 🔺 7567.00 🔻 7565.75
  📡 RSI: 20.8 | MACD: -2.05 | ATR: 1.55
  📊 Filled: 0 | Pending: 0
  🕐 Outside session (17:30 CT) — no entries
  💰 Daily P&L: $-4,087.50

[2026-06-18 17:31] O:7565.00 H:7565.00 L:7564.25 C:7564.50 V:72.0
  📈 Trend: strong_bearish | 🌍 Regime: trending_bearish
  🗺️  Grid: 0.080% | 🔺 7566.50 🔻 7564.25
  📡 RSI: 20.0 | MACD: -2.11 | ATR: 1.57
  📊 Filled: 0 | Pending: 0
  🕐 Outside session (17:31 CT) — no entries
  💰 Daily P&L: $-4,087.50

[2026-06-18 17:32] O:7564.25 H:7564.50 L:7563.75 C:7564.25 V:69.0
  📈 Trend: strong_bearish | 🌍 Regime: trending_bearish
  🗺️  Grid: 0.080% | 🔺 7565.00 🔻 7564.25
  📡 RSI: 22.7 | MACD: -2.16 | ATR: 1.50
  📊 Filled: 0 | Pending: 0
  🕐 Outside session (17:32 CT) — no entries
  💰 Daily P&L: $-4,087.50

[2026-06-18 17:33] O:7564.25 H:7564.50 L:7563.50 C:7564.00 V:61.0
  📈 Trend: strong_bearish | 🌍 Regime: trending_bearish
  🗺️  Grid: 0.080% | 🔺 7564.50 🔻 7563.75
  📡 RSI: 25.0 | MACD: -2.19 | ATR: 1.41
  📊 Filled: 0 | Pending: 0
  🕐 Outside session (17:33 CT) — no entries
  💰 Daily P&L: $-4,087.50

[2026-06-18 17:34] O:7564.00 H:7564.25 L:7563.75 C:7563.75 V:54.0
  📈 Trend: strong_bearish | 🌍 Regime: trending_bearish
  🗺️  Grid: 0.080% | 🔺 7564.50 🔻 7563.50
  📡 RSI: 25.6 | MACD: -2.21 | ATR: 1.36
  📊 Filled: 0 | Pending: 0
  🕐 Outside session (17:34 CT) — no entries
  💰 Daily P&L: $-4,087.50

[2026-06-18 17:35] O:7563.75 H:7563.75 L:7562.50 C:7562.75 V:144.0
  📈 Trend: strong_bearish | 🌍 Regime: trending_bearish
  🗺️  Grid: 0.080% | 🔺 7564.25 🔻 7563.75
  📡 RSI: 25.6 | MACD: -2.28 | ATR: 1.34
  📊 Filled: 0 | Pending: 0
  🕐 Outside session (17:35 CT) — no entries
  💰 Daily P&L: $-4,087.50

[2026-06-18 17:36] O:7562.75 H:7563.25 L:7562.50 C:7563.00 V:87.0
  📈 Trend: strong_bearish | 🌍 Regime: trending_bearish
  🗺️  Grid: 0.080% | 🔺 7563.75 🔻 7562.50
  📡 RSI: 28.2 | MACD: -2.29 | ATR: 1.29
  📊 Filled: 0 | Pending: 0
  🕐 Outside session (17:36 CT) — no entries
  💰 Daily P&L: $-4,087.50

[2026-06-18 17:37] O:7563.00 H:7563.25 L:7562.25 C:7562.50 V:67.0
  📈 Trend: strong_bearish | 🌍 Regime: trending_bearish
  🗺️  Grid: 0.080% | 🔺 7563.25 🔻 7562.50
  📡 RSI: 29.7 | MACD: -2.31 | ATR: 1.21
  📊 Filled: 0 | Pending: 0
  🕐 Outside session (17:37 CT) — no entries
  💰 Daily P&L: $-4,087.50

[2026-06-18 17:38] O:7562.50 H:7562.75 L:7561.75 C:7561.75 V:95.0
  📈 Trend: strong_bearish | 🌍 Regime: trending_bearish
  🗺️  Grid: 0.080% | 🔺 7563.25 🔻 7562.25
  📡 RSI: 28.9 | MACD: -2.36 | ATR: 1.20
  📊 Filled: 0 | Pending: 0
  🕐 Outside session (17:38 CT) — no entries
  💰 Daily P&L: $-4,087.50

[2026-06-18 17:39] O:7561.75 H:7562.00 L:7561.25 C:7561.25 V:91.0
  📈 Trend: strong_bearish | 🌍 Regime: trending_bearish
  🗺️  Grid: 0.080% | 🔺 7562.75 🔻 7561.75
  📡 RSI: 14.7 | MACD: -2.41 | ATR: 1.11
  📊 Filled: 0 | Pending: 0
  🕐 Outside session (17:39 CT) — no entries
  💰 Daily P&L: $-4,087.50

[2026-06-18 17:40] O:7561.25 H:7561.75 L:7561.00 C:7561.25 V:183.0
  📈 Trend: strong_bearish | 🌍 Regime: trending_bearish
  🗺️  Grid: 0.080% | 🔺 7562.00 🔻 7561.25
  📡 RSI: 14.7 | MACD: -2.43 | ATR: 1.09
  📊 Filled: 0 | Pending: 0
  🕐 Outside session (17:40 CT) — no entries
  💰 Daily P&L: $-4,087.50

[2026-06-18 17:41] O:7561.25 H:7561.75 L:7560.75 C:7561.50 V:82.0
  📈 Trend: strong_bearish | 🌍 Regime: trending_bearish
  🗺️  Grid: 0.080% | 🔺 7561.75 🔻 7561.00
  📡 RSI: 21.4 | MACD: -2.39 | ATR: 1.02
  📊 Filled: 0 | Pending: 0
  🕐 Outside session (17:41 CT) — no entries
  💰 Daily P&L: $-4,087.50

[2026-06-18 17:42] O:7561.75 H:7562.75 L:7561.50 C:7561.50 V:101.0
  📈 Trend: strong_bearish | 🌍 Regime: trending_bearish
  🗺️  Grid: 0.080% | 🔺 7561.75 🔻 7560.75
  📡 RSI: 8.3 | MACD: -2.33 | ATR: 1.02
  📊 Filled: 0 | Pending: 0
  🕐 Outside session (17:42 CT) — no entries
  💰 Daily P&L: $-4,087.50

[2026-06-18 17:43] O:7561.50 H:7561.50 L:7560.50 C:7560.75 V:52.0
  📈 Trend: strong_bearish | 🌍 Regime: trending_bearish
  🗺️  Grid: 0.080% | 🔺 7562.75 🔻 7561.50
  📡 RSI: 7.7 | MACD: -2.32 | ATR: 1.00
  📊 Filled: 0 | Pending: 0
  🕐 Outside session (17:43 CT) — no entries
  💰 Daily P&L: $-4,087.50

[2026-06-18 17:44] O:7560.75 H:7562.00 L:7560.25 C:7561.75 V:119.0
  📈 Trend: strong_bearish (raw: moderate_bearish) | 🌍 Regime: trending_bearish
  🗺️  Grid: 0.080% | 🔺 7561.50 🔻 7560.50
  📡 RSI: 24.0 | MACD: -2.21 | ATR: 0.96
  📊 Filled: 0 | Pending: 0
  🕐 Outside session (17:44 CT) — no entries
  💰 Daily P&L: $-4,087.50

[2026-06-18 17:45] O:7561.75 H:7562.00 L:7561.00 C:7562.00 V:57.0
  📈 Trend: moderate_bearish | 🌍 Regime: trending_bearish
  🗺️  Grid: 0.080% | 🔺 7562.00 🔻 7560.25
  📡 RSI: 29.2 | MACD: -2.07 | ATR: 0.98
  📊 Filled: 0 | Pending: 0
  🕐 Outside session (17:45 CT) — no entries
  💰 Daily P&L: $-4,087.50

[2026-06-18 17:46] O:7562.00 H:7562.00 L:7561.00 C:7561.00 V:29.0
  📈 Trend: moderate_bearish | 🌍 Regime: trending_bearish
  🗺️  Grid: 0.080% | 🔺 7562.00 🔻 7561.00
  📡 RSI: 25.9 | MACD: -2.02 | ATR: 1.00
  📊 Filled: 0 | Pending: 0
  🕐 Outside session (17:46 CT) — no entries
  💰 Daily P&L: $-4,087.50

[2026-06-18 17:47] O:7561.00 H:7561.00 L:7559.50 C:7561.00 V:140.0
  📈 Trend: moderate_bearish | 🌍 Regime: trending_bearish
  🗺️  Grid: 0.080% | 🔺 7562.00 🔻 7561.00
  📡 RSI: 26.9 | MACD: -1.96 | ATR: 1.04
  📊 Filled: 0 | Pending: 0
  🕐 Outside session (17:47 CT) — no entries
  💰 Daily P&L: $-4,087.50

[2026-06-18 17:48] O:7560.50 H:7562.00 L:7560.50 C:7562.00 V:66.0
  📈 Trend: moderate_bearish | 🌍 Regime: trending_bearish
  🗺️  Grid: 0.080% | 🔺 7561.00 🔻 7559.50
  📡 RSI: 37.9 | MACD: -1.81 | ATR: 1.11
  📊 Filled: 0 | Pending: 0
  🕐 Outside session (17:48 CT) — no entries
  💰 Daily P&L: $-4,087.50

[2026-06-18 17:49] O:7562.25 H:7563.25 L:7561.75 C:7563.25 V:91.0
  📈 Trend: moderate_bearish | 🌍 Regime: trending_bearish
  🗺️  Grid: 0.080% | 🔺 7562.00 🔻 7560.50
  📡 RSI: 53.3 | MACD: -1.57 | ATR: 1.12
  📊 Filled: 0 | Pending: 0
  🕐 Outside session (17:49 CT) — no entries
  💰 Daily P&L: $-4,087.50

[2026-06-18 17:50] O:7563.25 H:7563.75 L:7562.50 C:7562.50 V:70.0
  📈 Trend: moderate_bearish | 🌍 Regime: trending_bearish
  🗺️  Grid: 0.080% | 🔺 7563.25 🔻 7561.75
  📡 RSI: 46.9 | MACD: -1.43 | ATR: 1.16
  📊 Filled: 0 | Pending: 0
  🕐 Outside session (17:50 CT) — no entries
  💰 Daily P&L: $-4,087.50

[2026-06-18 17:51] O:7562.75 H:7563.25 L:7562.50 C:7563.00 V:83.0
  📈 Trend: moderate_bearish (raw: strong_bearish) | 🌍 Regime: trending_bearish
  🗺️  Grid: 0.080% | 🔺 7563.75 🔻 7562.50
  📡 RSI: 53.1 | MACD: -1.26 | ATR: 1.14
  📊 Filled: 0 | Pending: 0
  🕐 Outside session (17:51 CT) — no entries
  💰 Daily P&L: $-4,087.50

[2026-06-18 17:52] O:7562.75 H:7563.00 L:7562.00 C:7562.00 V:38.0
  📈 Trend: strong_bearish | 🌍 Regime: trending_bearish
  🗺️  Grid: 0.080% | 🔺 7563.25 🔻 7562.50
  📡 RSI: 51.5 | MACD: -1.19 | ATR: 1.14
  📊 Filled: 0 | Pending: 0
  🕐 Outside session (17:52 CT) — no entries
  💰 Daily P&L: $-4,087.50

[2026-06-18 17:53] O:7562.25 H:7563.25 L:7562.00 C:7563.00 V:53.0
  📈 Trend: strong_bearish | 🌍 Regime: trending_bearish
  🗺️  Grid: 0.080% | 🔺 7563.00 🔻 7562.00
  📡 RSI: 60.0 | MACD: -1.04 | ATR: 1.18
  📊 Filled: 0 | Pending: 0
  🕐 Outside session (17:53 CT) — no entries
  💰 Daily P&L: $-4,087.50

[2026-06-18 17:54] O:7563.25 H:7564.00 L:7562.75 C:7562.75 V:93.0
  📈 Trend: strong_bearish | 🌍 Regime: trending_bearish
  🗺️  Grid: 0.080% | 🔺 7563.25 🔻 7562.00
  📡 RSI: 58.3 | MACD: -0.94 | ATR: 1.21
  📊 Filled: 0 | Pending: 0
  🕐 Outside session (17:54 CT) — no entries
  💰 Daily P&L: $-4,087.50

[2026-06-18 17:55] O:7563.00 H:7563.00 L:7561.50 C:7561.75 V:52.0
  📈 Trend: strong_bearish | 🌍 Regime: trending_bearish
  🗺️  Grid: 0.080% | 🔺 7564.00 🔻 7562.75
  📡 RSI: 51.3 | MACD: -0.92 | ATR: 1.25
  📊 Filled: 0 | Pending: 0
  🕐 Outside session (17:55 CT) — no entries
  💰 Daily P&L: $-4,087.50

[2026-06-18 17:56] O:7561.75 H:7562.25 L:7561.50 C:7562.25 V:46.0
  📈 Trend: strong_bearish | 🌍 Regime: trending_bearish
  🗺️  Grid: 0.080% | 🔺 7563.00 🔻 7561.50
  📡 RSI: 53.7 | MACD: -0.86 | ATR: 1.21
  📊 Filled: 0 | Pending: 0
  🕐 Outside session (17:56 CT) — no entries
  💰 Daily P&L: $-4,087.50

[2026-06-18 17:57] O:7562.00 H:7562.00 L:7561.50 C:7561.75 V:37.0
  📈 Trend: strong_bearish | 🌍 Regime: trending_bearish
  🗺️  Grid: 0.080% | 🔺 7562.25 🔻 7561.50
  📡 RSI: 55.0 | MACD: -0.84 | ATR: 1.20
  📊 Filled: 0 | Pending: 0
  🕐 Outside session (17:57 CT) — no entries
  💰 Daily P&L: $-4,087.50

[2026-06-18 17:58] O:7561.75 H:7561.75 L:7561.00 C:7561.25 V:39.0
  📈 Trend: strong_bearish | 🌍 Regime: trending_bearish
  🗺️  Grid: 0.080% | 🔺 7562.00 🔻 7561.50
  📡 RSI: 47.4 | MACD: -0.86 | ATR: 1.12
  📊 Filled: 0 | Pending: 0
  🕐 Outside session (17:58 CT) — no entries
  💰 Daily P&L: $-4,087.50

[2026-06-18 17:59] O:7561.25 H:7561.50 L:7561.00 C:7561.00 V:73.0
  📈 Trend: strong_bearish | 🌍 Regime: trending_bearish
  🗺️  Grid: 0.080% | 🔺 7561.75 🔻 7561.00
  📡 RSI: 44.7 | MACD: -0.88 | ATR: 1.09
  📊 Filled: 0 | Pending: 0
  🕐 Outside session (17:59 CT) — no entries
  💰 Daily P&L: $-4,087.50

[2026-06-18 18:00] O:7561.25 H:7561.75 L:7560.50 C:7561.75 V:64.0
  📈 Trend: strong_bearish (raw: moderate_bearish) | 🌍 Regime: trending_bearish
  🗺️  Grid: 0.080% | 🔺 7561.50 🔻 7561.00
  📡 RSI: 54.1 | MACD: -0.83 | ATR: 1.11
  📊 Filled: 0 | Pending: 0
  🕐 Outside session (18:00 CT) — no entries
  💰 Daily P&L: $-4,087.50

[2026-06-18 18:01] O:7561.50 H:7562.25 L:7560.50 C:7561.75 V:63.0
  📈 Trend: moderate_bearish | 🌍 Regime: trending_bearish
  🗺️  Grid: 0.080% | 🔺 7561.75 🔻 7560.50
  📡 RSI: 54.1 | MACD: -0.78 | ATR: 1.12
  📊 Filled: 0 | Pending: 0
  🕐 Outside session (18:01 CT) — no entries
  💰 Daily P&L: $-4,087.50

[2026-06-18 18:02] O:7561.75 H:7564.00 L:7561.75 C:7563.50 V:131.0
  📈 Trend: moderate_bearish | 🌍 Regime: trending_bearish
  🗺️  Grid: 0.080% | 🔺 7562.25 🔻 7560.50
  📡 RSI: 57.5 | MACD: -0.59 | ATR: 1.18
  📊 Filled: 0 | Pending: 0
  🕐 Outside session (18:02 CT) — no entries
  💰 Daily P&L: $-4,087.50

[2026-06-18 18:03] O:7563.25 H:7563.25 L:7562.00 C:7562.25 V:81.0
  📈 Trend: moderate_bearish | 🌍 Regime: trending_bearish
  🗺️  Grid: 0.080% | 🔺 7564.00 🔻 7561.75
  📡 RSI: 45.0 | MACD: -0.54 | ATR: 1.18
  📊 Filled: 0 | Pending: 0
  🕐 Outside session (18:03 CT) — no entries
  💰 Daily P&L: $-4,087.50

[2026-06-18 18:04] O:7562.25 H:7563.25 L:7562.25 C:7562.50 V:25.0
  📈 Trend: moderate_bearish | 🌍 Regime: trending_bearish
  🗺️  Grid: 0.080% | 🔺 7563.25 🔻 7562.00
  📡 RSI: 50.0 | MACD: -0.47 | ATR: 1.16
  📊 Filled: 0 | Pending: 0
  🕐 Outside session (18:04 CT) — no entries
  💰 Daily P&L: $-4,087.50

[2026-06-18 18:05] O:7562.25 H:7562.25 L:7561.25 C:7561.75 V:45.0
  📈 Trend: moderate_bearish | 🌍 Regime: trending_bearish
  🗺️  Grid: 0.080% | 🔺 7563.25 🔻 7562.25
  📡 RSI: 43.6 | MACD: -0.47 | ATR: 1.20
  📊 Filled: 0 | Pending: 0
  🕐 Outside session (18:05 CT) — no entries
  💰 Daily P&L: $-4,087.50

[2026-06-18 18:06] O:7561.75 H:7562.00 L:7561.50 C:7562.00 V:16.0
  📈 Trend: moderate_bearish | 🌍 Regime: trending_bearish
  🗺️  Grid: 0.080% | 🔺 7562.25 🔻 7561.25
  📡 RSI: 50.0 | MACD: -0.44 | ATR: 1.16
  📊 Filled: 0 | Pending: 0
  🕐 Outside session (18:06 CT) — no entries
  💰 Daily P&L: $-4,087.50

[2026-06-18 18:07] O:7561.75 H:7561.75 L:7560.50 C:7561.50 V:69.0
  📈 Trend: moderate_bearish (raw: strong_bearish) | 🌍 Regime: trending_bearish
  🗺️  Grid: 0.080% | 🔺 7562.00 🔻 7561.50
  📡 RSI: 41.2 | MACD: -0.46 | ATR: 1.18
  📊 Filled: 0 | Pending: 0
  🕐 Outside session (18:07 CT) — no entries
  💰 Daily P&L: $-4,087.50

[2026-06-18 18:08] O:7561.50 H:7561.50 L:7561.00 C:7561.50 V:32.0
  📈 Trend: strong_bearish | 🌍 Regime: trending_bearish
  🗺️  Grid: 0.080% | 🔺 7561.75 🔻 7560.50
  📡 RSI: 42.4 | MACD: -0.47 | ATR: 1.12
  📊 Filled: 0 | Pending: 0
  🕐 Outside session (18:08 CT) — no entries
  💰 Daily P&L: $-4,087.50

[2026-06-18 18:09] O:7561.50 H:7562.75 L:7561.50 C:7562.50 V:60.0
  📈 Trend: strong_bearish | 🌍 Regime: trending_bearish
  🗺️  Grid: 0.080% | 🔺 7561.50 🔻 7561.00
  📡 RSI: 54.5 | MACD: -0.39 | ATR: 1.11
  📊 Filled: 0 | Pending: 0
  🕐 Outside session (18:09 CT) — no entries
  💰 Daily P&L: $-4,087.50

[2026-06-18 18:10] O:7562.25 H:7564.00 L:7562.25 C:7563.50 V:91.0
  📈 Trend: strong_bearish (raw: moderate_bearish) | 🌍 Regime: ranging
  🗺️  Grid: 0.080% | 🔺 7562.75 🔻 7561.50
  📡 RSI: 57.1 | MACD: -0.24 | ATR: 1.18
  📊 Filled: 0 | Pending: 0
  🕐 Outside session (18:10 CT) — no entries
  💰 Daily P&L: $-4,087.50

[2026-06-18 18:11] O:7563.50 H:7564.00 L:7563.25 C:7563.50 V:54.0
  📈 Trend: moderate_bearish | 🌍 Regime: trending_bearish
  🗺️  Grid: 0.080% | 🔺 7564.00 🔻 7562.25
  📡 RSI: 60.6 | MACD: -0.12 | ATR: 1.18
  📊 Filled: 0 | Pending: 0
  🕐 Outside session (18:11 CT) — no entries
  💰 Daily P&L: $-4,087.50

[2026-06-18 18:12] O:7563.50 H:7563.50 L:7562.50 C:7562.50 V:33.0
  📈 Trend: moderate_bearish (raw: strong_bearish) | 🌍 Regime: ranging
  🗺️  Grid: 0.080% | 🔺 7564.00 🔻 7563.25
  📡 RSI: 57.1 | MACD: -0.11 | ATR: 1.20
  📊 Filled: 0 | Pending: 0
  🕐 Outside session (18:12 CT) — no entries
  💰 Daily P&L: $-4,087.50

[2026-06-18 18:13] O:7562.50 H:7562.75 L:7561.50 C:7561.75 V:37.0
  📈 Trend: strong_bearish | 🌍 Regime: ranging
  🗺️  Grid: 0.080% | 🔺 7563.50 🔻 7562.50
  📡 RSI: 54.1 | MACD: -0.16 | ATR: 1.25
  📊 Filled: 0 | Pending: 0
  🕐 Outside session (18:13 CT) — no entries
  💰 Daily P&L: $-4,087.50

[2026-06-18 18:14] O:7561.50 H:7562.25 L:7561.50 C:7561.50 V:38.0
  📈 Trend: strong_bearish | 🌍 Regime: ranging
  🗺️  Grid: 0.080% | 🔺 7562.75 🔻 7561.50
  📡 RSI: 48.6 | MACD: -0.21 | ATR: 1.21
  📊 Filled: 0 | Pending: 0
  🕐 Outside session (18:14 CT) — no entries
  💰 Daily P&L: $-4,087.50

[2026-06-18 18:15] O:7561.50 H:7562.00 L:7561.25 C:7562.00 V:29.0
  📈 Trend: strong_bearish | 🌍 Regime: ranging
  🗺️  Grid: 0.080% | 🔺 7562.25 🔻 7561.50
  📡 RSI: 51.4 | MACD: -0.21 | ATR: 1.14
  📊 Filled: 0 | Pending: 0
  🕐 Outside session (18:15 CT) — no entries
  💰 Daily P&L: $-4,087.50

[2026-06-18 18:16] O:7562.00 H:7563.00 L:7561.75 C:7562.50 V:26.0
  📈 Trend: strong_bearish (raw: moderate_bearish) | 🌍 Regime: ranging
  🗺️  Grid: 0.080% | 🔺 7562.00 🔻 7561.25
  📡 RSI: 43.8 | MACD: -0.17 | ATR: 1.07
  📊 Filled: 0 | Pending: 0
  🕐 Outside session (18:16 CT) — no entries
  💰 Daily P&L: $-4,087.50

[2026-06-18 18:17] O:7562.50 H:7562.75 L:7561.75 C:7562.50 V:33.0
  📈 Trend: moderate_bearish | 🌍 Regime: ranging
  🗺️  Grid: 0.080% | 🔺 7563.00 🔻 7561.75
  📡 RSI: 51.9 | MACD: -0.14 | ATR: 1.04
  📊 Filled: 0 | Pending: 0
  🕐 Outside session (18:17 CT) — no entries
  💰 Daily P&L: $-4,087.50

[2026-06-18 18:18] O:7562.50 H:7562.75 L:7562.00 C:7562.50 V:35.0
  📈 Trend: moderate_bearish | 🌍 Regime: ranging
  🗺️  Grid: 0.080% | 🔺 7562.75 🔻 7561.75
  📡 RSI: 50.0 | MACD: -0.11 | ATR: 1.02
  📊 Filled: 0 | Pending: 0
  🕐 Outside session (18:18 CT) — no entries
  💰 Daily P&L: $-4,087.50

[2026-06-18 18:19] O:7562.25 H:7562.25 L:7562.00 C:7562.25 V:15.0
  📈 Trend: moderate_bearish | 🌍 Regime: ranging
  🗺️  Grid: 0.080% | 🔺 7562.75 🔻 7562.00
  📡 RSI: 54.2 | MACD: -0.11 | ATR: 0.96
  📊 Filled: 0 | Pending: 0
  🕐 Outside session (18:19 CT) — no entries
  💰 Daily P&L: $-4,087.50

[2026-06-18 18:20] O:7562.25 H:7563.00 L:7562.00 C:7563.00 V:22.0
  📈 Trend: moderate_bearish (raw: moderate_bullish) | 🌍 Regime: ranging
  🗺️  Grid: 0.080% | 🔺 7562.25 🔻 7562.00
  📡 RSI: 57.7 | MACD: -0.04 | ATR: 1.00
  📊 Filled: 0 | Pending: 0
  🕐 Outside session (18:20 CT) — no entries
  💰 Daily P&L: $-4,087.50

[2026-06-18 18:21] O:7563.25 H:7565.00 L:7563.25 C:7564.25 V:136.0
  📈 Trend: moderate_bearish (raw: strong_bullish) | 🌍 Regime: ranging
  🗺️  Grid: 0.080% | 🔺 7563.00 🔻 7562.00
  📡 RSI: 69.0 | MACD: 0.11 | ATR: 1.04
  📊 Filled: 0 | Pending: 0
  🕐 Outside session (18:21 CT) — no entries
  💰 Daily P&L: $-4,087.50

[2026-06-18 18:22] O:7564.25 H:7565.00 L:7564.25 C:7565.00 V:51.0
  📈 Trend: strong_bullish | 🌍 Regime: ranging
  🗺️  Grid: 0.080% | 🔺 7565.00 🔻 7563.25
  📡 RSI: 71.9 | MACD: 0.28 | ATR: 1.05
  📊 Filled: 0 | Pending: 0
  🕐 Outside session (18:22 CT) — no entries
  💰 Daily P&L: $-4,087.50

[2026-06-18 18:23] O:7565.00 H:7566.00 L:7564.75 C:7565.00 V:66.0
  📈 Trend: strong_bullish | 🌍 Regime: ranging
  🗺️  Grid: 0.080% | 🔺 7565.00 🔻 7564.25
  📡 RSI: 67.9 | MACD: 0.42 | ATR: 1.05
  📊 Filled: 0 | Pending: 0
  🕐 Outside session (18:23 CT) — no entries
  💰 Daily P&L: $-4,087.50

[2026-06-18 18:24] O:7564.75 H:7564.75 L:7564.00 C:7564.50 V:37.0
  📈 Trend: strong_bullish | 🌍 Regime: ranging
  🗺️  Grid: 0.080% | 🔺 7566.00 🔻 7564.75
  📡 RSI: 57.7 | MACD: 0.48 | ATR: 1.00
  📊 Filled: 0 | Pending: 0
  🕐 Outside session (18:24 CT) — no entries
  💰 Daily P&L: $-4,087.50

[2026-06-18 18:25] O:7564.25 H:7564.50 L:7563.50 C:7563.50 V:26.0
  📈 Trend: strong_bullish | 🌍 Regime: ranging
  🗺️  Grid: 0.080% | 🔺 7564.75 🔻 7564.00
  📡 RSI: 50.0 | MACD: 0.44 | ATR: 1.02
  📊 Filled: 0 | Pending: 0
  🕐 Outside session (18:25 CT) — no entries
  💰 Daily P&L: $-4,087.50

[2026-06-18 18:26] O:7563.50 H:7563.75 L:7563.00 C:7563.25 V:40.0
  📈 Trend: strong_bullish | 🌍 Regime: ranging
  🗺️  Grid: 0.080% | 🔺 7564.50 🔻 7563.50
  📡 RSI: 55.6 | MACD: 0.39 | ATR: 1.00
  📊 Filled: 0 | Pending: 0
  🕐 Outside session (18:26 CT) — no entries
  💰 Daily P&L: $-4,087.50

[2026-06-18 18:27] O:7563.50 H:7565.00 L:7563.50 C:7565.00 V:41.0
  📈 Trend: strong_bullish | 🌍 Regime: ranging
  🗺️  Grid: 0.080% | 🔺 7563.75 🔻 7563.00
  📡 RSI: 71.0 | MACD: 0.48 | ATR: 1.04
  📊 Filled: 0 | Pending: 0
  🕐 Outside session (18:27 CT) — no entries
  💰 Daily P&L: $-4,087.50

[2026-06-18 18:28] O:7565.00 H:7565.00 L:7564.50 C:7564.50 V:20.0
  📈 Trend: strong_bullish | 🌍 Regime: ranging
  🗺️  Grid: 0.080% | 🔺 7565.00 🔻 7563.50
  📡 RSI: 68.8 | MACD: 0.51 | ATR: 1.02
  📊 Filled: 0 | Pending: 0
  🕐 Outside session (18:28 CT) — no entries
  💰 Daily P&L: $-4,087.50

[2026-06-18 18:29] O:7564.50 H:7564.75 L:7564.00 C:7564.25 V:9.0
  📈 Trend: strong_bullish | 🌍 Regime: ranging
  🗺️  Grid: 0.080% | 🔺 7565.00 🔻 7564.50
  📡 RSI: 64.5 | MACD: 0.50 | ATR: 1.02
  📊 Filled: 0 | Pending: 0
  🕐 Outside session (18:29 CT) — no entries
  💰 Daily P&L: $-4,087.50

[2026-06-18 18:30] O:7564.00 H:7565.25 L:7564.00 C:7565.25 V:71.0
  📈 Trend: strong_bullish | 🌍 Regime: ranging
  🗺️  Grid: 0.080% | 🔺 7564.75 🔻 7564.00
  📡 RSI: 66.7 | MACD: 0.57 | ATR: 1.02
  📊 Filled: 0 | Pending: 0
  🕐 Outside session (18:30 CT) — no entries
  💰 Daily P&L: $-4,087.50

[2026-06-18 18:31] O:7565.25 H:7565.25 L:7562.75 C:7563.25 V:75.0
  📈 Trend: strong_bullish | 🌍 Regime: ranging
  🗺️  Grid: 0.080% | 🔺 7565.25 🔻 7564.00
  📡 RSI: 53.7 | MACD: 0.46 | ATR: 1.12
  📊 Filled: 0 | Pending: 0
  🕐 Outside session (18:31 CT) — no entries
  💰 Daily P&L: $-4,087.50

[2026-06-18 18:32] O:7563.50 H:7564.75 L:7563.50 C:7564.75 V:39.0
  📈 Trend: strong_bullish | 🌍 Regime: trending_bullish
  🗺️  Grid: 0.080% | 🔺 7565.25 🔻 7562.75
  📡 RSI: 59.6 | MACD: 0.49 | ATR: 1.18
  📊 Filled: 0 | Pending: 0
  🕐 Outside session (18:32 CT) — no entries
  💰 Daily P&L: $-4,087.50

[2026-06-18 18:33] O:7564.75 H:7564.75 L:7564.00 C:7564.25 V:19.0
  📈 Trend: strong_bullish | 🌍 Regime: trending_bullish
  🗺️  Grid: 0.080% | 🔺 7564.75 🔻 7563.50
  📡 RSI: 58.3 | MACD: 0.47 | ATR: 1.20
  📊 Filled: 0 | Pending: 0
  🕐 Outside session (18:33 CT) — no entries
  💰 Daily P&L: $-4,087.50

[2026-06-18 18:34] O:7564.25 H:7564.75 L:7563.50 C:7564.75 V:29.0
  📈 Trend: strong_bullish | 🌍 Regime: trending_bullish
  🗺️  Grid: 0.080% | 🔺 7564.75 🔻 7564.00
  📡 RSI: 57.4 | MACD: 0.48 | ATR: 1.21
  📊 Filled: 0 | Pending: 0
  🕐 Outside session (18:34 CT) — no entries
  💰 Daily P&L: $-4,087.50

[2026-06-18 18:35] O:7564.50 H:7565.50 L:7564.50 C:7565.25 V:94.0
  📈 Trend: strong_bullish | 🌍 Regime: trending_bullish
  🗺️  Grid: 0.080% | 🔺 7564.75 🔻 7563.50
  📡 RSI: 54.5 | MACD: 0.53 | ATR: 1.14
  📊 Filled: 0 | Pending: 0
  🕐 Outside session (18:35 CT) — no entries
  💰 Daily P&L: $-4,087.50

[2026-06-18 18:36] O:7565.25 H:7565.25 L:7564.00 C:7564.50 V:52.0
  📈 Trend: strong_bullish | 🌍 Regime: trending_bullish
  🗺️  Grid: 0.080% | 🔺 7565.50 🔻 7564.50
  📡 RSI: 47.7 | MACD: 0.50 | ATR: 1.18
  📊 Filled: 0 | Pending: 0
  🕐 Outside session (18:36 CT) — no entries
  💰 Daily P&L: $-4,087.50

[2026-06-18 18:37] O:7564.50 H:7565.25 L:7564.50 C:7565.25 V:24.0
  📈 Trend: strong_bullish | 🌍 Regime: trending_bullish
  🗺️  Grid: 0.080% | 🔺 7565.25 🔻 7564.00
  📡 RSI: 51.1 | MACD: 0.53 | ATR: 1.14
  📊 Filled: 0 | Pending: 0
  🕐 Outside session (18:37 CT) — no entries
  💰 Daily P&L: $-4,087.50

[2026-06-18 18:38] O:7565.00 H:7567.25 L:7565.00 C:7566.75 V:99.0
  📈 Trend: strong_bullish | 🌍 Regime: trending_bullish
  🗺️  Grid: 0.080% | 🔺 7565.25 🔻 7564.50
  📡 RSI: 58.8 | MACD: 0.67 | ATR: 1.23
  📊 Filled: 0 | Pending: 0
  🕐 Outside session (18:38 CT) — no entries
  💰 Daily P&L: $-4,087.50

[2026-06-18 18:39] O:7566.50 H:7566.50 L:7565.50 C:7566.00 V:59.0
  📈 Trend: strong_bullish | 🌍 Regime: trending_bullish
  🗺️  Grid: 0.080% | 🔺 7567.25 🔻 7565.00
  📡 RSI: 60.0 | MACD: 0.71 | ATR: 1.25
  📊 Filled: 0 | Pending: 0
  🕐 Outside session (18:39 CT) — no entries
  💰 Daily P&L: $-4,087.50

[2026-06-18 18:40] O:7566.25 H:7566.25 L:7565.75 C:7565.75 V:23.0
  📈 Trend: strong_bullish | 🌍 Regime: trending_bullish
  🗺️  Grid: 0.080% | 🔺 7566.50 🔻 7565.50
  📡 RSI: 60.0 | MACD: 0.71 | ATR: 1.23
  📊 Filled: 0 | Pending: 0
  🕐 Outside session (18:40 CT) — no entries
  💰 Daily P&L: $-4,087.50

[2026-06-18 18:41] O:7565.75 H:7565.75 L:7565.25 C:7565.75 V:19.0
  📈 Trend: strong_bullish | 🌍 Regime: trending_bullish
  🗺️  Grid: 0.080% | 🔺 7566.25 🔻 7565.75
  📡 RSI: 53.5 | MACD: 0.71 | ATR: 1.14
  📊 Filled: 0 | Pending: 0
  🕐 Outside session (18:41 CT) — no entries
  💰 Daily P&L: $-4,087.50

[2026-06-18 18:42] O:7566.00 H:7566.50 L:7565.25 C:7565.50 V:32.0
  📈 Trend: strong_bullish | 🌍 Regime: trending_bullish
  🗺️  Grid: 0.080% | 🔺 7565.75 🔻 7565.25
  📡 RSI: 54.8 | MACD: 0.68 | ATR: 1.20
  📊 Filled: 0 | Pending: 0
  🕐 Outside session (18:42 CT) — no entries
  💰 Daily P&L: $-4,087.50

[2026-06-18 18:43] O:7565.25 H:7565.25 L:7564.50 C:7564.75 V:43.0
  📈 Trend: strong_bullish (raw: moderate_bullish) | 🌍 Regime: trending_bullish
  🗺️  Grid: 0.080% | 🔺 7566.50 🔻 7565.25
  📡 RSI: 52.3 | MACD: 0.58 | ATR: 1.21
  📊 Filled: 0 | Pending: 0
  🕐 Outside session (18:43 CT) — no entries
  💰 Daily P&L: $-4,087.50

[2026-06-18 18:44] O:7564.75 H:7565.75 L:7564.75 C:7565.75 V:12.0
  📈 Trend: moderate_bullish | 🌍 Regime: trending_bullish
  🗺️  Grid: 0.080% | 🔺 7565.25 🔻 7564.50
  📡 RSI: 52.3 | MACD: 0.59 | ATR: 1.20
  📊 Filled: 0 | Pending: 0
  🕐 Outside session (18:44 CT) — no entries
  💰 Daily P&L: $-4,087.50

[2026-06-18 18:45] O:7565.50 H:7565.50 L:7564.75 C:7565.25 V:42.0
  📈 Trend: moderate_bullish | 🌍 Regime: trending_bullish
  🗺️  Grid: 0.080% | 🔺 7565.75 🔻 7564.75
  📡 RSI: 60.5 | MACD: 0.54 | ATR: 1.09
  📊 Filled: 0 | Pending: 0
  🕐 Outside session (18:45 CT) — no entries
  💰 Daily P&L: $-4,087.50

[2026-06-18 18:46] O:7565.00 H:7566.50 L:7565.00 C:7566.50 V:68.0
  📈 Trend: moderate_bullish | 🌍 Regime: trending_bullish
  🗺️  Grid: 0.080% | 🔺 7565.50 🔻 7564.75
  📡 RSI: 59.5 | MACD: 0.60 | ATR: 1.09
  📊 Filled: 0 | Pending: 0
  🕐 Outside session (18:46 CT) — no entries
  💰 Daily P&L: $-4,087.50

[2026-06-18 18:47] O:7566.50 H:7566.75 L:7565.75 C:7566.25 V:50.0
  📈 Trend: moderate_bullish (raw: strong_bullish) | 🌍 Regime: trending_bullish
  🗺️  Grid: 0.080% | 🔺 7566.50 🔻 7565.00
  📡 RSI: 61.1 | MACD: 0.61 | ATR: 1.11
  📊 Filled: 0 | Pending: 0
  🕐 Outside session (18:47 CT) — no entries
  💰 Daily P&L: $-4,087.50

[2026-06-18 18:48] O:7566.50 H:7567.50 L:7566.00 C:7566.00 V:115.0
  📈 Trend: strong_bullish | 🌍 Regime: trending_bullish
  🗺️  Grid: 0.080% | 🔺 7566.75 🔻 7565.75
  📡 RSI: 57.1 | MACD: 0.60 | ATR: 1.12
  📊 Filled: 0 | Pending: 0
  🕐 Outside session (18:48 CT) — no entries
  💰 Daily P&L: $-4,087.50

[2026-06-18 18:49] O:7566.00 H:7566.25 L:7565.50 C:7565.75 V:23.0
  📈 Trend: strong_bullish (raw: moderate_bullish) | 🌍 Regime: trending_bullish
  🗺️  Grid: 0.080% | 🔺 7567.50 🔻 7566.00
  📡 RSI: 52.9 | MACD: 0.57 | ATR: 1.11
  📊 Filled: 0 | Pending: 0
  🕐 Outside session (18:49 CT) — no entries
  💰 Daily P&L: $-4,087.50

[2026-06-18 18:50] O:7566.00 H:7567.50 L:7565.75 C:7567.25 V:81.0
  📈 Trend: strong_bullish | 🌍 Regime: ranging
  🗺️  Grid: 0.080% | 🔺 7566.25 🔻 7565.50
  📡 RSI: 64.9 | MACD: 0.65 | ATR: 1.14
  📊 Filled: 0 | Pending: 0
  🕐 Outside session (18:50 CT) — no entries
  💰 Daily P&L: $-4,087.50

[2026-06-18 18:51] O:7567.25 H:7567.25 L:7566.25 C:7566.50 V:68.0
  📈 Trend: strong_bullish | 🌍 Regime: ranging
  🗺️  Grid: 0.080% | 🔺 7567.50 🔻 7565.75
  📡 RSI: 56.8 | MACD: 0.65 | ATR: 1.16
  📊 Filled: 0 | Pending: 0
  🕐 Outside session (18:51 CT) — no entries
  💰 Daily P&L: $-4,087.50

[2026-06-18 18:52] O:7566.00 H:7566.50 L:7565.75 C:7566.25 V:31.0
  📈 Trend: strong_bullish | 🌍 Regime: ranging
  🗺️  Grid: 0.080% | 🔺 7567.25 🔻 7566.25
  📡 RSI: 46.9 | MACD: 0.62 | ATR: 1.05
  📊 Filled: 0 | Pending: 0
  🕐 Outside session (18:52 CT) — no entries
  💰 Daily P&L: $-4,087.50

[2026-06-18 18:53] O:7566.25 H:7567.00 L:7566.00 C:7567.00 V:35.0
  📈 Trend: strong_bullish | 🌍 Regime: ranging
  🗺️  Grid: 0.080% | 🔺 7566.50 🔻 7565.75
  📡 RSI: 56.2 | MACD: 0.65 | ATR: 1.04
  📊 Filled: 0 | Pending: 0
  🕐 Outside session (18:53 CT) — no entries
  💰 Daily P&L: $-4,087.50

[2026-06-18 18:54] O:7567.00 H:7567.75 L:7566.50 C:7567.50 V:44.0
  📈 Trend: strong_bullish | 🌍 Regime: ranging
  🗺️  Grid: 0.080% | 🔺 7567.00 🔻 7566.00
  📡 RSI: 60.6 | MACD: 0.71 | ATR: 1.09
  📊 Filled: 0 | Pending: 0
  🕐 Outside session (18:54 CT) — no entries
  💰 Daily P&L: $-4,087.50

[2026-06-18 18:55] O:7567.25 H:7568.25 L:7567.25 C:7567.50 V:43.0
  📈 Trend: strong_bullish | 🌍 Regime: ranging
  🗺️  Grid: 0.080% | 🔺 7567.75 🔻 7566.50
  📡 RSI: 60.6 | MACD: 0.74 | ATR: 1.12
  📊 Filled: 0 | Pending: 0
  🕐 Outside session (18:55 CT) — no entries
  💰 Daily P&L: $-4,087.50

[2026-06-18 18:56] O:7567.50 H:7568.00 L:7566.00 C:7566.50 V:77.0
  📈 Trend: strong_bullish | 🌍 Regime: ranging
  🗺️  Grid: 0.080% | 🔺 7568.25 🔻 7567.25
  📡 RSI: 55.6 | MACD: 0.68 | ATR: 1.18
  📊 Filled: 0 | Pending: 0
  🕐 Outside session (18:56 CT) — no entries
  💰 Daily P&L: $-4,087.50

[2026-06-18 18:57] O:7566.50 H:7566.75 L:7566.25 C:7566.50 V:15.0
  📈 Trend: strong_bullish (raw: moderate_bearish) | 🌍 Regime: ranging
  🗺️  Grid: 0.080% | 🔺 7568.00 🔻 7566.00
  📡 RSI: 60.6 | MACD: 0.63 | ATR: 1.14
  📊 Filled: 0 | Pending: 0
  🕐 Outside session (18:57 CT) — no entries
  💰 Daily P&L: $-4,087.50

[2026-06-18 18:58] O:7566.25 H:7566.75 L:7566.25 C:7566.50 V:29.0
  📈 Trend: strong_bullish (raw: moderate_bullish) | 🌍 Regime: ranging
  🗺️  Grid: 0.080% | 🔺 7566.75 🔻 7566.25
  📡 RSI: 55.2 | MACD: 0.58 | ATR: 1.11
  📊 Filled: 0 | Pending: 0
  🕐 Outside session (18:58 CT) — no entries
  💰 Daily P&L: $-4,087.50

[2026-06-18 18:59] O:7566.50 H:7566.75 L:7565.75 C:7565.75 V:59.0
  📈 Trend: strong_bullish (raw: moderate_bearish) | 🌍 Regime: ranging
  🗺️  Grid: 0.080% | 🔺 7566.75 🔻 7566.25
  📡 RSI: 53.3 | MACD: 0.47 | ATR: 1.11
  📊 Filled: 0 | Pending: 0
  🕐 Outside session (18:59 CT) — no entries
  💰 Daily P&L: $-4,087.50

📅 New trading day. Previous day P&L: $-4,087.50

[2026-06-18 19:00] O:7565.50 H:7565.75 L:7561.75 C:7562.00 V:280.0
  📈 Trend: moderate_bearish | 🌍 Regime: ranging
  🗺️  Grid: 0.080% | 🔺 7566.75 🔻 7565.75
  📡 RSI: 27.5 | MACD: 0.09 | ATR: 1.29
  📊 Filled: 0 | Pending: 0
  🕐 Outside session (19:00 CT) — no entries
  💰 Daily P&L: $+0.00

[2026-06-18 19:01] O:7562.50 H:7564.00 L:7561.50 C:7562.50 V:187.0
  📈 Trend: moderate_bearish (raw: strong_bearish) | 🌍 Regime: ranging
  🗺️  Grid: 0.080% | 🔺 7565.75 🔻 7561.75
  📡 RSI: 31.7 | MACD: -0.18 | ATR: 1.39
  📊 Filled: 0 | Pending: 0
  🕐 Outside session (19:01 CT) — no entries
  💰 Daily P&L: $+0.00

[2026-06-18 19:02] O:7562.75 H:7564.50 L:7562.00 C:7563.50 V:111.0
  📈 Trend: strong_bearish | 🌍 Regime: ranging
  🗺️  Grid: 0.080% | 🔺 7564.00 🔻 7561.50
  📡 RSI: 38.6 | MACD: -0.30 | ATR: 1.46
  📊 Filled: 0 | Pending: 0
  🕐 Outside session (19:02 CT) — no entries
  💰 Daily P&L: $+0.00

[2026-06-18 19:03] O:7563.75 H:7564.25 L:7563.00 C:7563.25 V:55.0
  📈 Trend: strong_bearish | 🌍 Regime: ranging
  🗺️  Grid: 0.080% | 🔺 7564.50 🔻 7562.00
  📡 RSI: 38.6 | MACD: -0.42 | ATR: 1.50
  📊 Filled: 0 | Pending: 0
  🕐 Outside session (19:03 CT) — no entries
  💰 Daily P&L: $+0.00

[2026-06-18 19:04] O:7563.00 H:7563.25 L:7561.50 C:7563.00 V:91.0
  📈 Trend: strong_bearish | 🌍 Regime: ranging
  🗺️  Grid: 0.080% | 🔺 7564.25 🔻 7563.00
  📡 RSI: 28.2 | MACD: -0.52 | ATR: 1.50
  📊 Filled: 0 | Pending: 0
  🕐 Outside session (19:04 CT) — no entries
  💰 Daily P&L: $+0.00

[2026-06-18 19:05] O:7563.25 H:7564.50 L:7562.50 C:7564.50 V:122.0
  📈 Trend: strong_bearish | 🌍 Regime: ranging
  🗺️  Grid: 0.080% | 🔺 7563.25 🔻 7561.50
  📡 RSI: 40.5 | MACD: -0.48 | ATR: 1.57
  📊 Filled: 0 | Pending: 0
  🕐 Outside session (19:05 CT) — no entries
  💰 Daily P&L: $+0.00

[2026-06-18 19:06] O:7564.00 H:7564.50 L:7561.75 C:7561.75 V:170.0
  📈 Trend: strong_bearish | 🌍 Regime: ranging
  🗺️  Grid: 0.080% | 🔺 7564.50 🔻 7562.50
  📡 RSI: 32.7 | MACD: -0.66 | ATR: 1.71
  📊 Filled: 0 | Pending: 0
  🕐 Outside session (19:06 CT) — no entries
  💰 Daily P&L: $+0.00

[2026-06-18 19:07] O:7561.75 H:7562.25 L:7560.25 C:7560.25 V:125.0
  📈 Trend: strong_bearish | 🌍 Regime: ranging
  🗺️  Grid: 0.080% | 🔺 7564.50 🔻 7561.75
  📡 RSI: 25.5 | MACD: -0.91 | ATR: 1.79
  📊 Filled: 0 | Pending: 0
  🕐 Outside session (19:07 CT) — no entries
  💰 Daily P&L: $+0.00

[2026-06-18 19:08] O:7560.25 H:7561.00 L:7559.00 C:7559.50 V:265.0
  📈 Trend: strong_bearish | 🌍 Regime: ranging
  🗺️  Grid: 0.080% | 🔺 7562.25 🔻 7560.25
  📡 RSI: 21.4 | MACD: -1.16 | ATR: 1.84
  📊 Filled: 0 | Pending: 0
  🕐 Outside session (19:08 CT) — no entries
  💰 Daily P&L: $+0.00

[2026-06-18 19:09] O:7559.75 H:7561.75 L:7559.75 C:7561.00 V:90.0
  📈 Trend: strong_bearish | 🌍 Regime: ranging
  🗺️  Grid: 0.080% | 🔺 7561.00 🔻 7559.00
  📡 RSI: 29.0 | MACD: -1.22 | ATR: 1.93
  📊 Filled: 0 | Pending: 0
  🕐 Outside session (19:09 CT) — no entries
  💰 Daily P&L: $+0.00

[2026-06-18 19:10] O:7561.25 H:7561.75 L:7560.25 C:7560.75 V:104.0
  📈 Trend: strong_bearish | 🌍 Regime: ranging
  🗺️  Grid: 0.080% | 🔺 7561.75 🔻 7559.75
  📡 RSI: 30.5 | MACD: -1.28 | ATR: 1.89
  📊 Filled: 0 | Pending: 0
  🕐 Outside session (19:10 CT) — no entries
  💰 Daily P&L: $+0.00

[2026-06-18 19:11] O:7560.50 H:7560.75 L:7558.00 C:7558.75 V:153.0
  📈 Trend: strong_bearish | 🌍 Regime: ranging
  🗺️  Grid: 0.080% | 🔺 7561.75 🔻 7560.25
  📡 RSI: 26.9 | MACD: -1.46 | ATR: 2.05
  📊 Filled: 0 | Pending: 0
  🕐 Outside session (19:11 CT) — no entries
  💰 Daily P&L: $+0.00

[2026-06-18 19:12] O:7558.25 H:7558.25 L:7556.50 C:7556.75 V:281.0
  📈 Trend: strong_bearish | 🌍 Regime: ranging
  🗺️  Grid: 0.080% | 🔺 7560.75 🔻 7558.00
  📡 RSI: 24.0 | MACD: -1.75 | ATR: 2.18
  📊 Filled: 0 | Pending: 0
  🕐 Outside session (19:12 CT) — no entries
  💰 Daily P&L: $+0.00

[2026-06-18 19:13] O:7557.00 H:7557.50 L:7556.00 C:7557.50 V:148.0
  📈 Trend: strong_bearish | 🌍 Regime: ranging
  🗺️  Grid: 0.080% | 🔺 7558.25 🔻 7556.50
  📡 RSI: 28.0 | MACD: -1.90 | ATR: 2.21
  📊 Filled: 0 | Pending: 0
  🕐 Outside session (19:13 CT) — no entries
  💰 Daily P&L: $+0.00

[2026-06-18 19:14] O:7557.50 H:7558.25 L:7557.00 C:7557.25 V:62.0
  📈 Trend: strong_bearish | 🌍 Regime: ranging
  🗺️  Grid: 0.080% | 🔺 7557.50 🔻 7556.00
  📡 RSI: 34.4 | MACD: -2.01 | ATR: 2.02
  📊 Filled: 0 | Pending: 0
  🕐 Outside session (19:14 CT) — no entries
  💰 Daily P&L: $+0.00

[2026-06-18 19:15] O:7557.50 H:7560.25 L:7557.00 C:7560.25 V:333.0
  📈 Trend: strong_bearish | 🌍 Regime: ranging
  🗺️  Grid: 0.080% | 🔺 7558.25 🔻 7557.00
  📡 RSI: 43.7 | MACD: -1.84 | ATR: 2.07
  📊 Filled: 0 | Pending: 0
  🕐 Outside session (19:15 CT) — no entries
  💰 Daily P&L: $+0.00

[2026-06-18 19:16] O:7560.00 H:7560.75 L:7559.00 C:7559.75 V:305.0
  📈 Trend: strong_bearish | 🌍 Regime: ranging
  🗺️  Grid: 0.080% | 🔺 7560.25 🔻 7557.00
  📡 RSI: 39.1 | MACD: -1.72 | ATR: 2.02
  📊 Filled: 0 | Pending: 0
  🕐 Outside session (19:16 CT) — no entries
  💰 Daily P&L: $+0.00

[2026-06-18 19:17] O:7559.50 H:7560.25 L:7558.50 C:7559.75 V:181.0
  📈 Trend: strong_bearish | 🌍 Regime: trending_bearish
  🗺️  Grid: 0.080% | 🔺 7560.75 🔻 7559.00
  📡 RSI: 39.7 | MACD: -1.61 | ATR: 2.05
  📊 Filled: 0 | Pending: 0
  🕐 Outside session (19:17 CT) — no entries
  💰 Daily P&L: $+0.00

[2026-06-18 19:18] O:7559.75 H:7560.25 L:7558.25 C:7558.75 V:157.0
  📈 Trend: strong_bearish | 🌍 Regime: trending_bearish
  🗺️  Grid: 0.080% | 🔺 7560.25 🔻 7558.50
  📡 RSI: 38.0 | MACD: -1.59 | ATR: 2.07
  📊 Filled: 0 | Pending: 0
  🕐 Outside session (19:18 CT) — no entries
  💰 Daily P&L: $+0.00

[2026-06-18 19:19] O:7558.75 H:7561.00 L:7558.50 C:7560.25 V:116.0
  📈 Trend: strong_bearish | 🌍 Regime: trending_bearish
  🗺️  Grid: 0.080% | 🔺 7560.25 🔻 7558.25
  📡 RSI: 38.0 | MACD: -1.43 | ATR: 2.11
  📊 Filled: 0 | Pending: 0
  🕐 Outside session (19:19 CT) — no entries
  💰 Daily P&L: $+0.00

[2026-06-18 19:20] O:7560.25 H:7560.50 L:7559.50 C:7559.50 V:156.0
  📈 Trend: strong_bearish | 🌍 Regime: trending_bearish
  🗺️  Grid: 0.080% | 🔺 7561.00 🔻 7558.50
  📡 RSI: 42.9 | MACD: -1.35 | ATR: 1.98
  📊 Filled: 0 | Pending: 0
  🕐 Outside session (19:20 CT) — no entries
  💰 Daily P&L: $+0.00

[2026-06-18 19:21] O:7559.25 H:7559.25 L:7556.50 C:7558.00 V:158.0
  📈 Trend: strong_bearish | 🌍 Regime: trending_bearish
  🗺️  Grid: 0.080% | 🔺 7560.50 🔻 7559.50
  📡 RSI: 42.9 | MACD: -1.39 | ATR: 2.05
  📊 Filled: 0 | Pending: 0
  🕐 Outside session (19:21 CT) — no entries
  💰 Daily P&L: $+0.00

[2026-06-18 19:22] O:7558.25 H:7559.25 L:7557.75 C:7557.75 V:140.0
  📈 Trend: strong_bearish | 🌍 Regime: trending_bearish
  🗺️  Grid: 0.080% | 🔺 7559.25 🔻 7556.50
  📡 RSI: 44.3 | MACD: -1.43 | ATR: 2.02
  📊 Filled: 0 | Pending: 0
  🕐 Outside session (19:22 CT) — no entries
  💰 Daily P&L: $+0.00

[2026-06-18 19:23] O:7557.50 H:7559.50 L:7557.00 C:7559.00 V:106.0
  📈 Trend: strong_bearish | 🌍 Regime: trending_bearish
  🗺️  Grid: 0.080% | 🔺 7559.25 🔻 7557.75
  📡 RSI: 43.3 | MACD: -1.34 | ATR: 2.04
  📊 Filled: 0 | Pending: 0
  🕐 Outside session (19:23 CT) — no entries
  💰 Daily P&L: $+0.00

[2026-06-18 19:24] O:7559.00 H:7560.25 L:7559.00 C:7559.25 V:86.0
  📈 Trend: strong_bearish | 🌍 Regime: trending_bearish
  🗺️  Grid: 0.080% | 🔺 7559.50 🔻 7557.00
  📡 RSI: 45.0 | MACD: -1.24 | ATR: 2.02
  📊 Filled: 0 | Pending: 0
  🕐 Outside session (19:24 CT) — no entries
  💰 Daily P&L: $+0.00

[2026-06-18 19:25] O:7559.50 H:7560.50 L:7558.75 C:7560.50 V:126.0
  📈 Trend: strong_bearish | 🌍 Regime: trending_bearish
  🗺️  Grid: 0.080% | 🔺 7560.25 🔻 7559.00
  📡 RSI: 56.1 | MACD: -1.04 | ATR: 1.95
  📊 Filled: 0 | Pending: 0
  🕐 Outside session (19:25 CT) — no entries
  💰 Daily P&L: $+0.00

[2026-06-18 19:26] O:7560.25 H:7561.75 L:7560.00 C:7560.50 V:166.0
  📈 Trend: strong_bearish (raw: moderate_bearish) | 🌍 Regime: trending_bearish
  🗺️  Grid: 0.080% | 🔺 7560.50 🔻 7558.75
  📡 RSI: 65.3 | MACD: -0.88 | ATR: 1.91
  📊 Filled: 0 | Pending: 0
  🕐 Outside session (19:26 CT) — no entries
  💰 Daily P&L: $+0.00

[2026-06-18 19:27] O:7560.50 H:7560.50 L:7559.50 C:7559.75 V:49.0
  📈 Trend: moderate_bearish | 🌍 Regime: trending_bearish
  🗺️  Grid: 0.080% | 🔺 7561.75 🔻 7560.00
  📡 RSI: 59.2 | MACD: -0.80 | ATR: 1.88
  📊 Filled: 0 | Pending: 0
  🕐 Outside session (19:27 CT) — no entries
  💰 Daily P&L: $+0.00

[2026-06-18 19:28] O:7560.50 H:7561.50 L:7560.50 C:7561.00 V:90.0
  📈 Trend: moderate_bearish (raw: strong_bearish) | 🌍 Regime: trending_bearish
  🗺️  Grid: 0.080% | 🔺 7560.50 🔻 7559.50
  📡 RSI: 64.2 | MACD: -0.63 | ATR: 1.91
  📊 Filled: 0 | Pending: 0
  🕐 Outside session (19:28 CT) — no entries
  💰 Daily P&L: $+0.00

[2026-06-18 19:29] O:7561.00 H:7561.25 L:7559.25 C:7559.50 V:77.0
  📈 Trend: strong_bearish | 🌍 Regime: trending_bearish
  🗺️  Grid: 0.080% | 🔺 7561.50 🔻 7560.50
  📡 RSI: 46.8 | MACD: -0.60 | ATR: 1.82
  📊 Filled: 0 | Pending: 0
  🕐 Outside session (19:29 CT) — no entries
  💰 Daily P&L: $+0.00

[2026-06-18 19:30] O:7559.75 H:7561.25 L:7559.50 C:7560.50 V:83.0
  📈 Trend: strong_bearish (raw: moderate_bearish) | 🌍 Regime: ranging
  🗺️  Grid: 0.080% | 🔺 7561.25 🔻 7559.25
  📡 RSI: 53.1 | MACD: -0.50 | ATR: 1.82
  📊 Filled: 0 | Pending: 0
  🕐 Outside session (19:30 CT) — no entries
  💰 Daily P&L: $+0.00

[2026-06-18 19:31] O:7560.75 H:7560.75 L:7559.50 C:7560.00 V:60.0
  📈 Trend: moderate_bearish | 🌍 Regime: ranging
  🗺️  Grid: 0.080% | 🔺 7561.25 🔻 7559.50
  📡 RSI: 51.0 | MACD: -0.45 | ATR: 1.79
  📊 Filled: 0 | Pending: 0
  🕐 Outside session (19:31 CT) — no entries
  💰 Daily P&L: $+0.00

[2026-06-18 19:32] O:7560.25 H:7561.00 L:7560.25 C:7560.50 V:62.0
  📈 Trend: moderate_bearish | 🌍 Regime: ranging
  🗺️  Grid: 0.080% | 🔺 7560.75 🔻 7559.50
  📡 RSI: 57.1 | MACD: -0.37 | ATR: 1.71
  📊 Filled: 0 | Pending: 0
  🕐 Outside session (19:32 CT) — no entries
  💰 Daily P&L: $+0.00

[2026-06-18 19:33] O:7560.25 H:7560.50 L:7559.75 C:7560.00 V:36.0
  📈 Trend: moderate_bearish | 🌍 Regime: ranging
  🗺️  Grid: 0.080% | 🔺 7561.00 🔻 7560.25
  📡 RSI: 48.9 | MACD: -0.34 | ATR: 1.59
  📊 Filled: 0 | Pending: 0
  🕐 Outside session (19:33 CT) — no entries
  💰 Daily P&L: $+0.00

[2026-06-18 19:34] O:7560.25 H:7561.25 L:7560.25 C:7561.00 V:45.0
  📈 Trend: moderate_bearish | 🌍 Regime: ranging
  🗺️  Grid: 0.080% | 🔺 7560.50 🔻 7559.75
  📡 RSI: 56.5 | MACD: -0.24 | ATR: 1.61
  📊 Filled: 0 | Pending: 0
  🕐 Outside session (19:34 CT) — no entries
  💰 Daily P&L: $+0.00

[2026-06-18 19:35] O:7561.00 H:7561.00 L:7559.75 C:7560.25 V:94.0
  📈 Trend: moderate_bearish | 🌍 Regime: ranging
  🗺️  Grid: 0.080% | 🔺 7561.25 🔻 7560.25
  📡 RSI: 60.5 | MACD: -0.21 | ATR: 1.48
  📊 Filled: 0 | Pending: 0
  🕐 Outside session (19:35 CT) — no entries
  💰 Daily P&L: $+0.00

[2026-06-18 19:36] O:7560.25 H:7560.75 L:7558.50 C:7559.50 V:102.0
  📈 Trend: moderate_bearish (raw: strong_bearish) | 🌍 Regime: ranging
  🗺️  Grid: 0.080% | 🔺 7561.00 🔻 7559.75
  📡 RSI: 57.8 | MACD: -0.25 | ATR: 1.54
  📊 Filled: 0 | Pending: 0
  🕐 Outside session (19:36 CT) — no entries
  💰 Daily P&L: $+0.00

[2026-06-18 19:37] O:7559.75 H:7559.75 L:7556.75 C:7557.50 V:151.0
  📈 Trend: strong_bearish | 🌍 Regime: ranging
  🗺️  Grid: 0.080% | 🔺 7560.75 🔻 7558.50
  📡 RSI: 43.8 | MACD: -0.44 | ATR: 1.57
  📊 Filled: 0 | Pending: 0
  🕐 Outside session (19:37 CT) — no entries
  💰 Daily P&L: $+0.00

[2026-06-18 19:38] O:7558.00 H:7558.50 L:7557.50 C:7558.50 V:40.0
  📈 Trend: strong_bearish | 🌍 Regime: ranging
  🗺️  Grid: 0.080% | 🔺 7559.75 🔻 7556.75
  📡 RSI: 47.1 | MACD: -0.50 | ATR: 1.55
  📊 Filled: 0 | Pending: 0
  🕐 Outside session (19:38 CT) — no entries
  💰 Daily P&L: $+0.00

[2026-06-18 19:39] O:7558.50 H:7558.75 L:7557.50 C:7558.75 V:50.0
  📈 Trend: strong_bearish | 🌍 Regime: ranging
  🗺️  Grid: 0.080% | 🔺 7558.50 🔻 7557.50
  📡 RSI: 42.6 | MACD: -0.52 | ATR: 1.52
  📊 Filled: 0 | Pending: 0
  🕐 Outside session (19:39 CT) — no entries
  💰 Daily P&L: $+0.00

[2026-06-18 19:40] O:7558.75 H:7558.75 L:7557.75 C:7557.75 V:33.0
